1520616724.357818 0.000000 0.000000 0.000000 0.000000 0.000000 0.000000 1.000000
1520616724.407773 -0.526553 -0.489929 0.694775 0.000605 0.000691 -0.003749 0.999993
1520616724.457775 -0.911520 -0.724529 1.587390 0.001923 0.000034 -0.009138 0.999956
1520616724.507776 -1.128014 -0.930053 2.541796 0.000689 -0.004001 -0.011335 0.999928
1520616724.557778 -1.631779 -1.326051 3.309525 -0.001385 -0.008777 -0.016480 0.999825
1520616724.607779 -2.347321 -1.297555 4.007512 -0.001871 -0.012667 -0.015096 0.999804
1520616724.657781 -3.121527 -1.588670 4.569525 -0.000977 -0.014330 -0.020906 0.999678
1520616724.707782 -3.905969 -1.938885 4.057666 0.004624 -0.017394 -0.026919 0.999476
1520616724.757784 -3.424143 -2.234697 4.882492 0.011722 -0.019909 -0.030936 0.999254
1520616724.807789 -3.590742 -1.648831 5.675592 0.018837 -0.020204 -0.028910 0.999200
1520616724.857790 -3.587528 -1.318925 6.619600 0.024058 -0.012950 -0.036559 0.998958
1520616724.907792 -2.654117 -1.177086 6.290016 0.023802 -0.015298 -0.038226 0.998868
1520616724.957895 -2.372740 -2.122593 6.126172 0.020783 -0.015217 -0.040724 0.998838
1520616725.007795 -3.198202 -2.673989 6.005447 0.015613 -0.011120 -0.044274 0.998836
1520616725.057796 -2.498874 -2.690810 5.290844 0.013422 -0.012706 -0.041619 0.998963
1520616725.107798 -2.520609 -2.570858 4.298303 0.009075 -0.015234 -0.039407 0.999066
1520616725.157799 -2.827018 -1.632235 4.139873 0.010851 -0.014321 -0.037994 0.999116
1520616725.207801 -2.609407 -1.127755 4.975424 0.010851 -0.014321 -0.037994 0.999116
1520616725.257856 -3.119314 -1.056140 5.832668 0.010851 -0.014321 -0.037994 0.999116
1520616725.307858 -3.537596 -0.610478 5.041197 0.012923 -0.014630 -0.036257 0.999152
1520616725.357859 -4.234085 -0.540381 5.755333 0.019013 -0.013970 -0.034768 0.999117
1520616725.407861 -3.448318 -1.043620 5.395722 0.025463 -0.012417 -0.034956 0.998987
1520616725.457864 -2.773296 -0.905071 4.671050 0.032630 -0.011085 -0.037946 0.998685
1520616725.507864 -2.435048 -0.879229 3.730348 0.038107 -0.009105 -0.040717 0.998402
1520616725.557866 -3.052856 -0.774576 4.509682 0.040710 -0.009171 -0.038912 0.998371
1520616725.607868 -2.424196 -0.910020 3.743887 0.041623 -0.007668 -0.037516 0.998399
1520616725.657862 -2.003348 -0.277646 3.093510 0.041813 -0.007306 -0.034963 0.998487
1520616725.707863 -1.071622 0.034256 2.907487 0.041736 -0.009548 -0.032096 0.998567
1520616725.757866 -0.535740 0.724959 3.393036 0.042149 -0.010375 -0.031404 0.998564
1520616725.807867 -0.654508 1.626182 2.976273 0.039849 -0.010204 -0.031127 0.998669
1520616725.857868 -0.168753 1.569122 3.848504 0.036688 -0.009782 -0.031132 0.998794
1520616725.907871 -0.230225 0.573753 3.774609 0.036688 -0.009782 -0.031132 0.998794
1520616725.957871 -0.758255 1.226709 3.231624 0.036688 -0.009782 -0.031132 0.998794
1520616726.007873 -0.325084 1.945419 2.687732 0.036688 -0.009782 -0.031132 0.998794
1520616726.057950 -0.866164 1.780725 3.512419 0.036230 -0.011062 -0.032420 0.998756
1520616726.107951 -1.391119 2.434566 2.967521 0.036230 -0.011062 -0.032420 0.998756
1520616726.157953 -1.695700 1.587614 3.403298 0.034582 -0.011143 -0.031191 0.998853
1520616726.207954 -1.410758 2.183675 2.652620 0.032551 -0.012957 -0.032760 0.998849
1520616726.257956 -2.089598 2.219606 3.386026 0.032705 -0.013996 -0.030942 0.998888
1520616726.307958 -2.150498 1.223660 3.319823 0.032705 -0.013996 -0.030942 0.998888
1520616726.357959 -2.053168 1.233162 2.324616 0.038354 -0.015390 -0.028843 0.998729
1520616726.407961 -1.376726 1.864922 1.946060 0.042956 -0.015849 -0.025480 0.998626
1520616726.457913 -1.198894 2.029004 2.916345 0.048166 -0.013675 -0.028290 0.998345
1520616726.507915 -1.873994 1.889728 3.640805 0.048166 -0.013675 -0.028290 0.998345
1520616726.557916 -2.173461 2.833995 3.504139 0.048173 -0.013924 -0.029508 0.998306
1520616726.607917 -2.535777 3.043239 2.595874 0.040791 -0.014527 -0.030118 0.998608
1520616726.657919 -2.138604 2.965840 1.681400 0.034943 -0.015264 -0.031849 0.998765
1520616726.707921 -1.333088 3.556727 1.636717 0.034244 -0.014023 -0.033270 0.998761
1520616726.757922 -1.968040 2.839367 1.349957 0.033296 -0.013276 -0.033556 0.998794
1520616726.807924 -1.890836 3.821692 1.520482 0.035656 -0.013055 -0.035126 0.998661
1520616726.857948 -2.724068 3.713249 0.978298 0.033687 -0.010822 -0.033424 0.998815
1520616726.907950 -2.952131 2.924245 0.407806 0.026828 -0.010528 -0.032235 0.999065
1520616726.957951 -3.190279 1.974255 0.609804 0.024359 -0.010422 -0.035217 0.999028
1520616727.007953 -3.374269 2.774475 0.039021 0.022112 -0.010922 -0.036899 0.999015
1520616727.057955 -3.199849 3.756890 -0.027611 0.019190 -0.010754 -0.040524 0.998936
1520616727.107956 -3.515093 4.466347 0.602700 0.017993 -0.011071 -0.040393 0.998961
1520616727.157958 -3.638277 3.699942 1.233136 0.019116 -0.011403 -0.042625 0.998843
1520616727.207959 -3.752258 4.692410 1.278021 0.024291 -0.011475 -0.042741 0.998725
1520616727.257899 -4.125373 5.409227 1.867053 0.029520 -0.011639 -0.041693 0.998626
1520616727.307900 -3.884193 5.410071 2.837533 0.037103 -0.009770 -0.043365 0.998322
1520616727.357902 -4.057554 4.438645 2.999637 0.039163 -0.010021 -0.041142 0.998335
1520616727.407904 -3.386335 4.562266 2.268760 0.040920 -0.010636 -0.038915 0.998348
1520616727.457905 -2.933622 4.955841 3.068853 0.040920 -0.010636 -0.038915 0.998348
1520616727.507907 -3.154061 5.293534 3.983933 0.039084 -0.011459 -0.038766 0.998418
1520616727.557909 -2.272812 5.647740 3.670981 0.036533 -0.011306 -0.039030 0.998506
1520616727.607910 -2.759239 5.525551 2.805846 0.033540 -0.011201 -0.039316 0.998601
1520616727.657912 -2.861410 4.538080 2.685593 0.033540 -0.011201 -0.039316 0.998601
1520616727.707913 -3.088937 4.682087 3.648658 0.033540 -0.011201 -0.039316 0.998601
1520616727.757913 -2.097316 4.640247 3.526442 0.033540 -0.011201 -0.039316 0.998601
1520616727.807916 -2.613397 5.298448 2.978325 0.033540 -0.011201 -0.039316 0.998601
1520616727.857917 -2.802937 5.189013 3.954081 0.032472 -0.012195 -0.039731 0.998608
1520616727.907918 -1.956148 5.651491 3.691282 0.032472 -0.012195 -0.039731 0.998608
1520616727.957920 -1.079335 5.536358 4.158126 0.032472 -0.012195 -0.039731 0.998608
1520616728.007921 -1.765238 5.259777 4.831208 0.034567 -0.010607 -0.039157 0.998579
1520616728.057923 -1.062128 5.391925 4.132515 0.037847 -0.009970 -0.038603 0.998488
1520616728.107906 -0.869876 4.494689 3.735015 0.040782 -0.010189 -0.036137 0.998462
1520616728.157908 -1.496607 4.747175 4.472211 0.043598 -0.010027 -0.035290 0.998375
1520616728.207921 -0.667108 4.605779 5.012523 0.043759 -0.009178 -0.035360 0.998374
1520616728.257911 0.155657 4.928746 4.544817 0.043759 -0.009178 -0.035360 0.998374
1520616728.307913 -0.425028 5.323095 5.257062 0.043759 -0.009178 -0.035360 0.998374
1520616728.357914 -0.948170 5.988089 4.724047 0.043759 -0.009178 -0.035360 0.998374
1520616728.407916 -1.471312 6.653083 4.191032 0.043759 -0.009178 -0.035360 0.998374
1520616728.457917 -1.994454 7.318077 3.658017 0.043759 -0.009178 -0.035360 0.998374
1520616728.507942 -1.776344 8.290820 3.579282 0.043787 -0.009178 -0.035241 0.998377
1520616728.557943 -1.253051 7.625921 4.112267 0.043787 -0.009178 -0.035241 0.998377
1520616728.607945 -0.674743 7.053569 4.693621 0.043787 -0.009178 -0.035241 0.998377
1520616728.657947 0.102872 6.756641 4.139412 0.043787 -0.009178 -0.035241 0.998377
1520616728.707948 0.912790 6.614485 3.570356 0.043787 -0.009178 -0.035241 0.998377
1520616728.757950 1.526655 6.233080 2.879197 0.043787 -0.009178 -0.035241 0.998377
1520616728.807951 1.363640 7.175065 2.585784 0.043787 -0.009178 -0.035241 0.998377
1520616728.857953 0.494608 6.740032 2.350135 0.043787 -0.009178 -0.035241 0.998377
1520616728.907965 -0.367306 7.121092 2.684646 0.043787 -0.009178 -0.035241 0.998377
1520616728.957968 -0.372236 6.147634 2.913462 0.043787 -0.009178 -0.035241 0.998377
1520616729.007969 -0.328242 7.112783 2.655483 0.043787 -0.009178 -0.035241 0.998377
1520616729.057971 0.195052 6.447884 3.188469 0.043787 -0.009178 -0.035241 0.998377
1520616729.107973 0.359371 6.543727 2.206729 0.043787 -0.009178 -0.035241 0.998377
1520616729.157974 -0.037664 5.674503 2.501371 0.043787 -0.009178 -0.035241 0.998377
1520616729.207976 0.196912 5.104850 1.713672 0.043787 -0.009178 -0.035241 0.998377
1520616729.257978 -0.467392 4.636567 2.296262 0.043787 -0.009178 -0.035241 0.998377
1520616729.307997 -0.072648 5.485511 1.944879 0.043787 -0.009178 -0.035241 0.998377
1520616729.357999 -0.595942 6.150410 1.411894 0.043787 -0.009178 -0.035241 0.998377
1520616729.408001 -1.276156 6.105309 2.143518 0.043787 -0.009178 -0.035241 0.998377
1520616729.458002 -1.992620 6.563866 2.669260 0.043787 -0.009178 -0.035241 0.998377
1520616729.508003 -1.554412 7.354697 2.241989 0.043787 -0.009178 -0.035241 0.998377
1520616729.558005 -1.330963 7.943428 1.465158 0.043787 -0.009178 -0.035241 0.998377
1520616729.608006 -1.830718 7.675238 0.641557 0.043787 -0.009178 -0.035241 0.998377
1520616729.658008 -1.374662 7.698437 -0.248091 0.044420 -0.007895 -0.035269 0.998359
1520616729.708019 -0.870322 7.040080 0.310664 0.044396 -0.007741 -0.032788 0.998446
1520616729.758019 -0.184798 7.047295 -0.417350 0.045081 -0.008034 -0.031147 0.998465
1520616729.808021 0.396398 6.872158 -1.212044 0.045081 -0.008034 -0.031147 0.998465
1520616729.858068 0.835779 6.353641 -0.478501 0.045081 -0.008034 -0.031147 0.998465
1520616729.908024 1.439015 6.208059 -1.262665 0.045081 -0.008034 -0.031147 0.998465
1520616729.958025 0.909235 6.869957 -1.792971 0.045081 -0.008034 -0.031147 0.998465
1520616730.008028 0.379456 7.531856 -2.323276 0.045081 -0.008034 -0.031147 0.998465
1520616730.058028 -0.150324 8.193754 -2.853582 0.045081 -0.008034 -0.031147 0.998465
1520616730.108031 -0.680104 8.855652 -3.383888 0.045081 -0.008034 -0.031147 0.998465
1520616730.158038 -1.209883 9.517550 -3.914193 0.045081 -0.008034 -0.031147 0.998465
1520616730.208040 -0.512100 10.190119 -4.160669 0.045081 -0.008034 -0.031147 0.998465
1520616730.258042 -0.748199 9.456303 -3.523667 0.045081 -0.008034 -0.031147 0.998465
1520616730.308043 -0.231178 10.144643 -4.032467 0.045081 -0.008034 -0.031147 0.998465
1520616730.358045 -0.888857 9.995526 -3.294075 0.045081 -0.008034 -0.031147 0.998465
1520616730.408046 -0.359077 9.333628 -2.763769 0.045081 -0.008034 -0.031147 0.998465
1520616730.458048 -1.056799 9.335110 -2.047402 0.044899 -0.008288 -0.031729 0.998453
1520616730.508050 -1.795535 9.427803 -1.379812 0.044899 -0.008288 -0.031729 0.998453
1520616730.558051 -1.142649 9.477045 -2.135666 0.044142 -0.007775 -0.033084 0.998447
1520616730.608052 -1.670270 10.140015 -2.666785 0.044142 -0.007775 -0.033084 0.998447
1520616730.658054 -0.789782 10.090921 -2.195265 0.044142 -0.007775 -0.033084 0.998447
1520616730.708056 -1.725282 10.031709 -1.846936 0.044142 -0.007775 -0.033084 0.998447
1520616730.758057 -2.653216 9.675883 -1.957959 0.044142 -0.007775 -0.033084 0.998447
1520616730.808059 -3.301497 9.333903 -1.277678 0.044142 -0.007775 -0.033084 0.998447
1520616730.858061 -3.420792 9.087168 -2.239391 0.045064 -0.008307 -0.030704 0.998478
1520616730.908063 -2.798258 9.377903 -2.965975 0.047590 -0.008143 -0.027891 0.998444
1520616730.958052 -2.040435 9.132923 -3.570697 0.047590 -0.008143 -0.027891 0.998444
1520616731.008054 -1.343699 8.965950 -4.268322 0.045501 -0.006683 -0.029062 0.998519
1520616731.058055 -1.161979 9.650144 -4.974620 0.042129 -0.002817 -0.025001 0.998795
1520616731.108056 -1.222001 9.762725 -5.966448 0.034302 0.003471 -0.025566 0.999078
1520616731.158058 -1.231772 9.798164 -6.965772 0.023042 0.011732 -0.023725 0.999384
1520616731.208059 -0.787003 10.528823 -7.483765 0.017874 0.014336 -0.018534 0.999566
1520616731.258061 -0.298985 11.310035 -7.873054 0.015216 0.016579 -0.013255 0.999659
1520616731.308062 0.303215 12.032008 -8.213804 0.015033 0.017257 -0.008670 0.999700
1520616731.358057 1.032282 12.475366 -8.735239 0.011415 0.018352 -0.005619 0.999751
1520616731.408059 1.706267 13.171141 -8.983514 0.007348 0.018560 -0.005877 0.999783
1520616731.458060 2.329902 13.950582 -9.043106 0.011162 0.015238 -0.012544 0.999743
1520616731.508142 3.061084 14.599415 -9.253795 0.005054 0.016927 -0.021323 0.999617
1520616731.558063 3.893736 15.133990 -9.398431 0.005684 0.013465 -0.030018 0.999443
1520616731.608065 4.877667 15.293959 -9.477743 0.004118 0.011610 -0.040569 0.999101
1520616731.658066 4.992291 15.336159 -10.470255 0.008844 0.028771 -0.048052 0.998391
1520616731.708068 5.787633 14.802677 -10.182456 0.013878 0.030331 -0.051161 0.998133
1520616731.757886 6.351281 13.977916 -10.136958 0.010886 0.027743 -0.054349 0.998077
1520616731.807888 6.798104 13.085452 -10.199064 0.016216 0.031098 -0.059103 0.997636
1520616731.857890 7.300710 12.228233 -10.086980 0.020119 0.032450 -0.062406 0.997320
1520616731.907891 7.593429 11.950140 -9.172114 0.031948 0.044087 -0.061742 0.996606
1520616731.957893 7.642812 12.198894 -8.204807 0.043236 0.054367 -0.064680 0.995486
1520616732.007894 8.008122 12.167621 -9.135168 0.052966 0.059522 -0.060796 0.994965
1520616732.057896 7.776429 12.110155 -8.164077 0.064184 0.061686 -0.055310 0.994493
1520616732.107897 7.676148 11.120108 -8.262814 0.066584 0.061189 -0.054313 0.994421
1520616732.157943 7.942613 11.098825 -7.299205 0.083070 0.057887 -0.053018 0.993447
1520616732.207944 7.549775 10.859417 -6.411307 0.097577 0.055946 -0.051763 0.992305
1520616732.257946 6.874001 10.318626 -5.910433 0.106980 0.052710 -0.047468 0.991728
1520616732.307948 6.819429 10.136609 -4.928653 0.114220 0.043840 -0.045351 0.991451
1520616732.357949 6.283761 10.044652 -4.089246 0.122115 0.039401 -0.042161 0.990837
1520616732.407951 5.826003 9.822499 -3.228371 0.126657 0.033564 -0.044210 0.990392
1520616732.457953 5.169397 9.376987 -2.619777 0.128172 0.028584 -0.050711 0.990042
1520616732.507954 4.657612 8.916483 -1.894510 0.127940 0.022635 -0.056257 0.989926
1520616732.557956 4.445713 8.551586 -0.987895 0.127493 0.012661 -0.059592 0.989967
1520616732.608239 4.556260 8.336619 -0.017551 0.124447 -0.003434 -0.055649 0.990658
1520616732.658241 3.847421 8.766425 0.541747 0.136674 -0.000961 -0.045412 0.989574
1520616732.708242 3.741386 8.625603 1.526087 0.135070 -0.020352 -0.038266 0.989888
1520616732.758244 3.599021 8.146111 2.392008 0.133879 -0.032935 -0.041290 0.989589
1520616732.808248 3.424149 7.731415 3.285007 0.133860 -0.047450 -0.045110 0.988835
1520616732.858247 3.375918 7.461588 4.246707 0.135339 -0.067637 -0.042798 0.987561
1520616732.908249 3.120276 7.417658 5.212480 0.142476 -0.087000 -0.034754 0.985355
1520616732.958250 2.185534 7.065092 5.256706 0.144675 -0.088260 -0.031911 0.985018
1520616733.008351 1.198508 7.102691 5.412799 0.155293 -0.078619 -0.027017 0.984364
1520616733.058352 1.103602 6.605685 6.275341 0.158168 -0.096606 -0.032541 0.982136
1520616733.108353 0.104234 6.570179 6.276847 0.159311 -0.090137 -0.032753 0.982559
1520616733.158355 -0.062250 6.267345 7.215237 0.156914 -0.109381 -0.041844 0.980644
1520616733.208356 -0.289038 5.848198 8.094374 0.151192 -0.127905 -0.052660 0.978779
1520616733.258357 -0.540868 5.705879 9.051624 0.145231 -0.153974 -0.051522 0.975984
1520616733.308360 -1.421870 6.144930 8.875361 0.145231 -0.153974 -0.051522 0.975984
1520616733.358361 -1.712968 5.806540 9.770209 0.140652 -0.173373 -0.049967 0.973479
1520616733.408396 -2.709546 5.779256 9.692182 0.139017 -0.171432 -0.042960 0.974392
1520616733.458398 -3.665369 5.606657 9.454250 0.137489 -0.167544 -0.038136 0.975485
1520616733.508399 -4.577742 5.327361 9.154969 0.134648 -0.161902 -0.033321 0.977009
1520616733.558401 -5.553599 5.541134 9.199757 0.152897 -0.150590 -0.022476 0.976443
1520616733.608402 -6.494744 5.243513 9.039547 0.154154 -0.149575 -0.020503 0.976444
1520616733.658404 -6.721000 4.991958 9.980572 0.153828 -0.174100 -0.019696 0.972439
1520616733.708405 -7.659603 5.083827 9.648029 0.153828 -0.174100 -0.019696 0.972439
1520616733.758407 -8.598206 5.175696 9.315486 0.153828 -0.174100 -0.019696 0.972439
1520616733.808285 -9.032688 4.929905 10.181980 0.151569 -0.191222 -0.018904 0.969589
1520616733.858286 -8.949316 5.578994 9.425850 0.151729 -0.201783 -0.022595 0.967343
1520616733.908288 -8.561816 6.140082 8.694397 0.149840 -0.212026 -0.024096 0.965408
1520616733.958289 -9.164839 6.680120 8.107266 0.148268 -0.212962 -0.020509 0.965527
1520616734.008291 -9.794574 6.700056 8.883820 0.141066 -0.218968 -0.018266 0.965308
1520616734.058293 -10.132168 7.638728 8.954002 0.142817 -0.216032 -0.013409 0.965792
1520616734.108294 -10.110436 8.612955 9.178524 0.145153 -0.214838 -0.009382 0.965757
1520616734.158296 -9.921975 9.585611 9.042794 0.131314 -0.211844 -0.002798 0.968437
1520616734.208431 -9.682137 10.461023 9.462474 0.135457 -0.209878 -0.005366 0.968284
1520616734.258432 -9.173232 11.282446 9.719924 0.129219 -0.210584 -0.007527 0.968969
1520616734.308433 -10.106001 10.932740 9.807371 0.116005 -0.205235 -0.015754 0.971686
1520616734.358435 -9.557171 11.711081 10.112283 0.117806 -0.207860 -0.013586 0.970943
1520616734.408437 -9.160642 12.014048 9.245694 0.108360 -0.196630 -0.013252 0.974382
1520616734.458437 -8.449362 12.565301 9.681814 0.109432 -0.197248 -0.014737 0.974115
1520616734.508439 -7.459337 12.490252 9.801058 0.102360 -0.206277 -0.022840 0.972857
1520616734.558440 -6.483304 12.488758 10.018674 0.099383 -0.211525 -0.030336 0.971833
1520616734.608036 -5.572561 12.474836 10.431414 0.099347 -0.214360 -0.040948 0.970826
1520616734.658037 -5.291031 12.785704 9.523613 0.102258 -0.196538 -0.045508 0.974087
1520616734.708039 -4.385910 12.387303 9.672041 0.097511 -0.201709 -0.055326 0.973008
1520616734.758040 -3.998031 12.594474 8.773915 0.102966 -0.178909 -0.056426 0.976835
1520616734.808042 -3.822098 12.805739 7.812451 0.111439 -0.154673 -0.062334 0.979680
1520616734.858043 -2.951305 12.774262 8.303092 0.123375 -0.160387 -0.070742 0.976755
1520616734.908045 -2.155686 12.186525 8.449909 0.123391 -0.160382 -0.070742 0.976754
1520616734.958046 -2.064653 12.710213 7.602876 0.139322 -0.144856 -0.062123 0.977623
1520616735.008048 -1.504714 11.881748 7.592126 0.135057 -0.147209 -0.055422 0.978273
1520616735.057911 -1.566112 11.435799 8.485076 0.155455 -0.132934 -0.041586 0.977974
1520616735.107913 -1.012686 10.643284 8.741278 0.159563 -0.135511 -0.031562 0.977333
1520616735.157914 -0.819025 10.980062 7.819825 0.180228 -0.110839 -0.026692 0.976996
1520616735.207915 -0.032313 10.405041 7.595247 0.175748 -0.112924 -0.025098 0.977615
1520616735.257918 0.119906 10.707135 6.654201 0.190760 -0.087575 -0.019351 0.977531
1520616735.307919 1.036973 10.314627 6.584026 0.187138 -0.093247 -0.015879 0.977769
1520616735.357920 1.903970 9.831126 6.704623 0.188280 -0.090992 -0.009416 0.977846
1520616735.407922 2.843674 9.499942 6.619335 0.183301 -0.098946 -0.008786 0.978025
1520616735.458165 3.803369 9.220262 6.591684 0.189312 -0.096322 -0.001171 0.977180
1520616735.508167 4.682300 8.750325 6.510204 0.193956 -0.092240 0.005806 0.976647
1520616735.558168 4.725398 8.626188 7.501533 0.212160 -0.061074 0.007302 0.975297
1520616735.608170 5.724494 8.628531 7.459072 0.212830 -0.064281 0.009086 0.974930
1520616735.658171 6.680592 8.660619 7.750356 0.215957 -0.070494 0.005001 0.973842
1520616735.708173 6.803989 8.941393 6.798548 0.208036 -0.038250 0.002438 0.977370
1520616735.758175 7.746550 9.205345 7.003263 0.209214 -0.040806 -0.004665 0.977007
1520616735.808176 8.147919 9.646102 6.200371 0.191147 -0.019471 -0.002921 0.981364
1520616735.858806 8.288691 9.373665 7.152191 0.177348 0.011166 -0.001212 0.984084
1520616735.908808 8.271677 9.986378 6.362069 0.159313 0.029948 0.008021 0.986741
1520616735.958809 8.911808 10.746219 6.475532 0.151086 0.031980 0.007759 0.987973
1520616736.008811 9.517602 11.539402 6.537782 0.154036 0.024364 0.001724 0.987763
1520616736.058812 10.080702 12.358030 6.650775 0.149007 0.024298 -0.004134 0.988529
1520616736.108814 10.591889 13.212606 6.742355 0.147797 0.025739 -0.004353 0.988673
1520616736.158815 10.447640 13.556533 5.814504 0.124248 0.043996 -0.006168 0.991256
1520616736.208817 10.649880 13.268329 6.750473 0.109260 0.064491 -0.009022 0.991878
1520616736.258398 10.914463 13.008632 7.679210 0.097004 0.085706 -0.011269 0.991523
1520616736.308400 11.131502 12.707142 8.607648 0.082733 0.107015 -0.011480 0.990743
1520616736.358401 11.908166 13.324165 8.480865 0.085847 0.104244 -0.022459 0.990585
1520616736.408424 12.008489 13.378309 7.487384 0.064103 0.125314 -0.028683 0.989628
1520616736.458404 12.674300 14.068354 7.203601 0.064305 0.128799 -0.038034 0.988852
1520616736.508406 13.425972 14.656779 6.905700 0.064062 0.130978 -0.046594 0.988216
1520616736.558407 13.386424 14.987497 5.962800 0.056042 0.145209 -0.049715 0.986561
1520616736.608409 13.932990 15.064219 6.796693 0.052876 0.149371 -0.054379 0.985868
1520616736.658057 12.962234 15.096080 7.034639 0.051654 0.153636 -0.054698 0.985259
1520616736.708058 12.017119 15.314931 7.277251 0.048804 0.151395 -0.054419 0.985767
1520616736.758060 11.213167 15.868261 7.495165 0.058574 0.147385 -0.055741 0.985769
1520616736.808061 11.199534 15.867848 6.495258 0.044594 0.090565 -0.043481 0.993941
1520616736.858063 10.200674 15.903618 6.526870 0.036862 0.070483 -0.026416 0.996482
1520616736.908064 9.202274 15.879383 6.475780 0.036141 0.053669 -0.012938 0.997821
1520616736.958066 8.885272 15.752855 7.415727 0.042814 0.006026 -0.006626 0.999043
1520616737.008067 7.893693 15.637026 7.473648 0.049700 -0.005060 -0.008824 0.998712
1520616737.058069 7.993037 15.583008 8.467234 0.061947 -0.047956 -0.012256 0.996851
1520616737.107940 7.757301 15.627712 9.438022 0.072524 -0.083446 -0.014463 0.993764
1520616737.157941 7.341093 15.619730 10.347256 0.084002 -0.117289 -0.016855 0.989395
1520616737.207943 6.475949 15.174953 10.115525 0.081885 -0.124310 -0.016095 0.988728
1520616737.257944 6.267181 15.308282 11.084359 0.094206 -0.155617 -0.003217 0.983310
1520616737.307945 5.855337 15.248334 11.993639 0.107514 -0.173216 0.012421 0.978919
1520616737.357948 5.189397 15.151293 12.733306 0.121587 -0.175807 0.032416 0.976349
1520616737.407949 4.467001 15.120720 13.424108 0.138300 -0.164207 0.048621 0.975472
1520616737.457951 4.233016 15.006709 14.389641 0.157740 -0.142357 0.061417 0.975234
1520616737.508017 3.856984 15.057231 15.314869 0.182821 -0.116778 0.067338 0.973861
1520616737.558018 2.980894 15.136378 15.790475 0.200245 -0.094628 0.074908 0.972284
1520616737.608020 3.817832 14.614832 15.624572 0.195088 -0.085856 0.068001 0.974651
1520616737.658022 3.747971 14.508850 16.616483 0.203715 -0.046969 0.060438 0.976034
1520616737.708023 4.417947 14.703625 17.332858 0.214031 -0.030100 0.051019 0.975029
1520616737.758024 5.146292 14.495801 17.985792 0.206464 -0.006675 0.050177 0.977144
1520616737.808026 4.718308 13.672982 18.359690 0.196183 0.017564 0.062116 0.978440
1520616737.858027 5.023613 13.709556 19.311242 0.199894 0.038250 0.057490 0.977381
1520616737.908360 4.795630 13.050624 20.028063 0.199220 0.051369 0.063725 0.976530
1520616737.958361 5.267887 12.625777 20.800383 0.204509 0.050703 0.065663 0.975343
1520616738.008363 5.438688 12.006150 21.566470 0.214898 0.039566 0.059506 0.974019
1520616738.058416 4.591528 11.495210 21.420659 0.209528 0.042095 0.068027 0.974525
1520616738.108366 3.682179 11.082303 21.471566 0.210682 0.030384 0.070299 0.974550
1520616738.158367 2.913643 10.556725 21.836424 0.209827 0.006316 0.065015 0.975554
1520616738.208369 1.962463 10.505945 22.140855 0.212254 -0.017049 0.059730 0.975238
1520616738.258371 0.962860 10.480154 22.152218 0.207282 -0.032150 0.060440 0.975883
1520616738.308405 -0.029926 10.580626 22.217636 0.209829 -0.036878 0.063016 0.975008
1520616738.358407 -1.027965 10.544170 22.166749 0.208627 -0.042499 0.069972 0.974563
1520616738.408408 -1.956710 10.235917 22.372693 0.208699 -0.060665 0.071784 0.973454
1520616738.458410 -2.734812 10.014020 21.785054 0.190641 -0.067385 0.085292 0.975623
1520616738.508411 -3.695545 9.756269 21.682307 0.191944 -0.072298 0.091744 0.974430
1520616738.558413 -4.442136 9.162503 21.982378 0.194826 -0.076819 0.093341 0.973360
1520616738.608414 -5.321648 8.686743 21.971830 0.193539 -0.068675 0.097089 0.973858
1520616738.658416 -6.092877 8.152506 22.317947 0.194561 -0.058568 0.098388 0.974185
1520616738.708338 -7.054179 7.884327 22.254870 0.196640 -0.034449 0.100797 0.974672
1520616738.758339 -6.065767 7.945821 22.116091 0.199741 -0.014465 0.103590 0.974250
1520616738.808341 -5.651193 7.250951 22.703700 0.206223 0.012852 0.109529 0.972271
1520616738.858341 -5.642690 7.277732 21.704095 0.222270 0.058403 0.089627 0.969099
1520616738.908344 -4.826733 6.877538 21.286891 0.220822 0.068109 0.080129 0.969628
1520616738.958344 -4.014440 6.299924 21.367771 0.226465 0.077098 0.074655 0.968089
1520616739.008347 -3.658167 5.538815 21.909789 0.231148 0.081672 0.070255 0.966936
1520616739.058349 -3.970224 5.186233 22.792005 0.235740 0.091536 0.066213 0.965227
1520616739.108449 -3.685476 6.026634 22.330870 0.234185 0.095895 0.068023 0.965057
1520616739.158451 -3.881041 5.395487 23.081475 0.231562 0.092542 0.072679 0.965677
1520616739.208453 -4.546980 5.376136 23.827231 0.241624 0.089378 0.086876 0.962332
1520616739.258455 -5.480473 5.133369 23.563308 0.233367 0.084457 0.112448 0.962166
1520616739.308456 -6.420299 4.804197 23.654811 0.238174 0.067869 0.124813 0.960775
1520616739.358457 -7.356302 4.538923 23.423449 0.237019 0.057505 0.133820 0.960525
1520616739.408458 -7.953318 4.605116 22.623955 0.233579 0.027611 0.137584 0.962159
1520616739.458461 -8.915762 4.400276 22.802121 0.238305 0.021082 0.141874 0.960541
1520616739.508462 -9.673293 4.391834 22.149377 0.223696 0.007403 0.157775 0.961776
1520616739.558615 -10.663151 4.437108 22.284028 0.228968 0.005551 0.177412 0.957114
1520616739.608617 -11.643783 4.632394 22.269063 0.227322 -0.003655 0.190281 0.955042
1520616739.658619 -12.377141 5.287286 22.451556 0.223317 -0.010881 0.196105 0.954753
1520616739.708700 -12.826303 6.121004 22.772752 0.227493 -0.005289 0.192088 0.954631
1520616739.758621 -12.496266 6.946818 22.315472 0.214580 0.000707 0.179160 0.960134
1520616739.808623 -12.491289 7.868298 21.927078 0.207213 0.017178 0.177430 0.961918
1520616739.858625 -11.954027 8.470009 22.518089 0.221812 0.030701 0.146873 0.963475
1520616739.908626 -11.381461 9.041132 21.929883 0.214091 0.044571 0.132570 0.966749
1520616739.958545 -11.184345 9.137310 20.954232 0.200447 0.069502 0.113467 0.970627
1520616740.008546 -10.557673 9.805395 20.553052 0.198406 0.078142 0.101897 0.971672
1520616740.058548 -11.181237 10.226397 19.894322 0.187662 0.101890 0.099087 0.971897
1520616740.108549 -10.654612 11.060428 19.729827 0.181787 0.109954 0.090847 0.972939
1520616740.158551 -9.966169 11.077340 19.004734 0.166322 0.103003 0.083623 0.977105
1520616740.208552 -10.813359 11.606456 18.956725 0.163740 0.097343 0.090611 0.977498
1520616740.258554 -11.741574 11.955060 18.826757 0.161088 0.086214 0.102167 0.977844
1520616740.308556 -12.553527 12.381903 18.428588 0.158141 0.064224 0.106287 0.979576
1520616740.358345 -13.500722 12.681566 18.542708 0.154521 0.046293 0.109826 0.980774
1520616740.408347 -14.461906 12.950656 18.603670 0.159159 0.043392 0.115792 0.979478
1520616740.458349 -15.236329 13.149746 18.003144 0.156045 0.029522 0.121587 0.979793
1520616740.508350 -16.107985 13.472726 17.634496 0.159068 0.023447 0.127151 0.978765
1520616740.558351 -16.778953 13.774443 16.957172 0.157510 0.016777 0.141416 0.977195
1520616740.608353 -16.806693 14.178793 16.042988 0.154170 0.018132 0.154663 0.975696
1520616740.658355 -16.341683 14.987185 15.682063 0.153770 0.023000 0.176186 0.972000
1520616740.708357 -15.750828 15.719322 15.343142 0.150684 0.026077 0.203548 0.967048
1520616740.758201 -15.292591 16.608099 15.333517 0.148236 0.029597 0.241476 0.958561
1520616740.808203 -14.838272 17.479888 15.150271 0.146298 0.029417 0.286550 0.946372
1520616740.858204 -14.470804 18.388117 14.950053 0.142523 0.030385 0.330941 0.932331
1520616740.908206 -14.503517 19.368753 15.143138 0.144826 0.033748 0.371506 0.916444
1520616740.958208 -14.423689 20.365489 15.155217 0.140233 0.041336 0.401788 0.903987
1520616741.008209 -14.001895 21.271833 15.180335 0.137741 0.043194 0.418489 0.896677
1520616741.058211 -13.481650 22.125840 15.176195 0.136319 0.049033 0.420023 0.895876
1520616741.108212 -12.888504 22.930349 15.206902 0.138576 0.058252 0.402303 0.903081
1520616741.158145 -13.234975 22.004569 15.055610 0.125293 0.097568 0.371780 0.914637
1520616741.208147 -12.772270 22.753389 14.581087 0.113741 0.115096 0.328791 0.930437
1520616741.258148 -12.616528 23.271523 13.740087 0.092423 0.129437 0.280746 0.946512
1520616741.308150 -12.653964 23.343611 12.743392 0.059763 0.148032 0.229147 0.960212
1520616741.358151 -12.676347 23.827402 11.868494 0.041617 0.159326 0.181139 0.969573
1520616741.408153 -12.537575 24.322640 11.010892 0.030406 0.164026 0.131162 0.977224
1520616741.458155 -13.297175 24.169696 10.378741 0.024328 0.166017 0.083284 0.982299
1520616741.508156 -12.980592 23.929077 9.461202 0.018614 0.152353 0.041479 0.987280
1520616741.558158 -13.004641 24.374809 10.356045 0.009400 0.130187 0.004598 0.991434
1520616741.608345 -13.978885 24.432904 10.138160 0.000150 0.115934 -0.029285 0.992825
1520616741.658347 -14.937261 24.715652 10.098547 -0.010005 0.096672 -0.048188 0.994099
1520616741.708348 -15.752141 25.292117 10.038067 -0.010077 0.082206 -0.051539 0.995231
1520616741.758350 -16.589917 25.822169 10.169124 -0.014748 0.068005 -0.040752 0.996743
1520616741.808351 -17.466511 26.292308 10.066395 -0.020447 0.058028 -0.020733 0.997890
1520616741.858353 -18.459084 26.170878 10.059140 -0.035793 0.066152 0.005748 0.997151
1520616741.908355 -19.304829 26.576851 9.712874 -0.040209 0.063400 0.037187 0.996484
1520616741.958356 -18.848558 26.270612 8.877389 -0.047361 0.063058 0.070270 0.994406
1520616742.008560 -18.899165 27.260560 8.745321 -0.044631 0.061482 0.113812 0.990593
1520616742.058561 -18.878619 27.046620 7.768691 -0.053499 0.070444 0.153472 0.984186
1520616742.108563 -18.058973 27.528373 7.458698 -0.056629 0.074988 0.191604 0.976964
1520616742.158564 -17.335948 28.206896 7.328928 -0.054275 0.083830 0.214750 0.971550
1520616742.208566 -16.571007 28.759062 6.997298 -0.064959 0.102965 0.227527 0.966132
1520616742.258568 -15.906046 29.463714 6.749725 -0.070455 0.118241 0.231745 0.962990
1520616742.308570 -15.272501 30.105393 6.317442 -0.084786 0.137623 0.223500 0.961207
1520616742.358571 -14.781172 30.908680 5.980803 -0.089335 0.148898 0.202799 0.963702
1520616742.408460 -14.180943 31.570334 5.531427 -0.096208 0.149304 0.173023 0.968770
1520616742.458461 -14.317916 31.302727 4.577685 -0.124742 0.176032 0.133334 0.967303
1520616742.508463 -13.584978 31.680893 4.012184 -0.136841 0.171283 0.086726 0.971810
1520616742.558464 -12.830819 32.045671 3.466124 -0.145891 0.165919 0.032872 0.974734
1520616742.608465 -13.272629 31.947778 2.574372 -0.157239 0.179189 -0.013828 0.971069
1520616742.658467 -12.359099 32.257938 2.311190 -0.168696 0.169831 -0.059457 0.969105
1520616742.708469 -13.234178 32.371659 1.840758 -0.180717 0.153437 -0.091435 0.967180
1520616742.758470 -12.835423 33.032835 2.476243 -0.192919 0.122767 -0.097295 0.968630
1520616742.808309 -13.656349 33.596960 2.564799 -0.200783 0.096329 -0.106267 0.969079
1520616742.858311 -14.525428 34.071755 2.703627 -0.211043 0.069357 -0.111411 0.968627
1520616742.908312 -15.146751 34.734610 3.121457 -0.221716 0.041959 -0.113674 0.967553
1520616742.958313 -16.015612 35.143601 3.400395 -0.236462 0.036523 -0.120266 0.963477
1520616743.008315 -16.793678 35.770569 3.361363 -0.245943 0.014910 -0.099138 0.964086
1520616743.058317 -17.555272 36.413001 3.446548 -0.254073 0.003707 -0.069054 0.964710
1520616743.108318 -18.464774 36.828555 3.435599 -0.259521 0.005723 -0.031675 0.965201
1520616743.158320 -19.337302 37.316906 3.450043 -0.260265 0.014015 0.015575 0.965310
1520616743.208206 -19.523154 38.070746 4.080269 -0.263705 0.005932 0.079147 0.961332
1520616743.258208 -20.102932 38.654097 4.649091 -0.268202 0.013554 0.121228 0.955609
1520616743.308209 -20.471708 39.491863 4.246410 -0.275401 0.024989 0.141332 0.950555
1520616743.358211 -20.447981 40.403161 3.835346 -0.296078 0.032017 0.143825 0.943730
1520616743.408212 -20.268567 41.300022 3.431056 -0.316984 0.034984 0.137410 0.937772
1520616743.458214 -20.219142 42.207612 3.014119 -0.331920 0.037092 0.122390 0.934598
1520616743.508216 -20.068681 43.059429 2.512352 -0.335843 0.033447 0.110491 0.934817
1520616743.558217 -19.832146 43.935721 2.092635 -0.339634 0.030101 0.101688 0.934560
1520616743.608169 -19.581239 44.791207 1.639656 -0.348342 0.030532 0.098041 0.931726
1520616743.658170 -19.457193 45.765536 1.451784 -0.356855 0.031550 0.091890 0.929094
1520616743.708172 -19.039732 46.589076 1.067716 -0.356356 0.028847 0.089197 0.929635
1520616743.758173 -19.140337 47.195804 1.856234 -0.353956 0.033129 0.076041 0.931577
1520616743.808176 -18.587942 46.861659 2.619914 -0.345008 0.029011 0.064045 0.935963
1520616743.858177 -18.199928 46.398612 3.416803 -0.332744 0.027972 0.051138 0.941214
1520616743.908178 -17.574263 46.445759 4.195470 -0.311234 0.030993 0.040278 0.948973
1520616743.958180 -17.115662 45.807155 4.813426 -0.301632 0.037049 0.033899 0.952101
1520616744.008182 -16.535319 45.278563 5.432935 -0.291281 0.041745 0.031968 0.955191
1520616744.058113 -16.134278 44.566029 6.008663 -0.283953 0.047925 0.027737 0.957238
1520616744.108115 -15.720722 43.886909 6.615100 -0.271143 0.054720 0.026948 0.960605
1520616744.158116 -15.251808 43.218942 7.192976 -0.255098 0.059318 0.029579 0.964641
1520616744.208118 -14.867157 42.454023 7.709641 -0.245082 0.063284 0.027553 0.967042
1520616744.258120 -14.416161 41.672081 8.139954 -0.242264 0.064823 0.031720 0.967523
1520616744.308121 -13.913064 41.156905 8.833846 -0.230325 0.065700 0.033715 0.970308
1520616744.358123 -13.520778 40.339907 9.256489 -0.227925 0.066540 0.028879 0.970973
1520616744.408124 -13.064368 39.575400 9.711702 -0.220564 0.069059 0.026975 0.972551
1520616744.458284 -12.730116 38.701800 10.065393 -0.213252 0.076918 0.020368 0.973752
1520616744.508285 -12.223753 37.892529 10.363181 -0.213252 0.076918 0.020368 0.973752
1520616744.558286 -11.705134 37.060105 10.558384 -0.213453 0.076692 0.019389 0.973745
1520616744.608301 -11.590085 37.554618 11.419906 -0.189386 0.088901 0.017313 0.977717
1520616744.658290 -11.939074 37.794088 12.325920 -0.162636 0.104263 0.026698 0.980799
1520616744.708291 -11.459198 36.935033 12.504090 -0.159694 0.105842 0.028857 0.981052
1520616744.758293 -11.359349 36.924865 13.499040 -0.141696 0.110089 0.036515 0.983092
1520616744.808294 -11.127599 36.577439 14.407659 -0.141896 0.112549 0.039984 0.982649
1520616744.859206 -11.293007 37.553943 14.269530 -0.154652 0.110231 0.040650 0.980958
1520616744.909207 -11.433947 38.534248 14.131185 -0.159360 0.106147 0.043108 0.980550
1520616744.959209 -11.622358 39.495027 13.927702 -0.169724 0.107273 0.041342 0.978763
1520616745.009210 -11.685326 40.472932 13.728362 -0.190485 0.109551 0.034626 0.974944
1520616745.059212 -11.638491 41.403560 13.365404 -0.195960 0.108576 0.030642 0.974101
1520616745.109214 -11.597215 42.321954 12.971896 -0.207972 0.108187 0.031897 0.971610
1520616745.159215 -11.677271 43.176318 12.458424 -0.214601 0.106399 0.034510 0.970275
1520616745.209217 -11.886642 44.063077 12.046329 -0.223906 0.108881 0.033300 0.967937
1520616745.259242 -11.955705 44.940217 11.571086 -0.234070 0.106285 0.031798 0.965869
1520616745.309244 -12.358352 45.827149 11.344755 -0.272148 0.107915 0.035837 0.955513
1520616745.359245 -12.679661 46.689205 10.952812 -0.294500 0.110453 0.040434 0.948385
1520616745.409247 -12.921600 47.468291 10.374460 -0.325370 0.107830 0.046609 0.938262
1520616745.459249 -13.122862 48.135995 9.657756 -0.337192 0.109865 0.058884 0.933147
1520616745.509250 -13.056542 48.813959 10.389853 -0.366258 0.106620 0.064250 0.922149
1520616745.559252 -13.364601 49.580019 9.825714 -0.366540 0.111648 0.068404 0.921143
1520616745.609254 -13.350080 50.449058 10.320243 -0.362569 0.114540 0.070481 0.922202
1520616745.658397 -13.241026 49.606949 10.848409 -0.356991 0.117330 0.071355 0.923959
1520616745.708399 -13.083016 49.071687 10.018634 -0.329308 0.121823 0.076511 0.933200
1520616745.758400 -12.859982 48.300281 10.614612 -0.329308 0.121823 0.076511 0.933200
1520616745.808402 -12.705717 47.562512 11.271802 -0.310132 0.122276 0.072596 0.939998
1520616745.858403 -12.628626 46.803380 11.918158 -0.285672 0.124093 0.068806 0.947765
1520616745.908405 -12.645873 46.015713 12.534018 -0.274978 0.126107 0.064624 0.950951
1520616745.958406 -12.573917 45.114979 12.962387 -0.245370 0.122115 0.072353 0.958982
1520616746.008408 -12.774309 44.235308 13.393690 -0.243023 0.123242 0.067789 0.959769
1520616746.058376 -13.082116 43.370948 13.791354 -0.243876 0.126456 0.072018 0.958826
1520616746.108377 -13.121724 43.651367 14.750415 -0.225993 0.117924 0.072027 0.964279
1520616746.158378 -13.588613 42.908054 15.229476 -0.218737 0.114672 0.067712 0.966654
1520616746.208380 -14.115892 42.130779 15.572726 -0.231364 0.121694 0.067480 0.962864
1520616746.258423 -14.820903 41.545252 15.972872 -0.235753 0.126713 0.067196 0.961171
1520616746.308383 -15.650824 41.192564 16.405125 -0.229913 0.119784 0.062687 0.963775
1520616746.358385 -16.542360 40.756374 16.527200 -0.239289 0.125586 0.066409 0.960499
1520616746.408386 -16.201561 41.295704 17.297252 -0.246949 0.080152 0.095857 0.960939
1520616746.458388 -17.091797 41.640216 17.595231 -0.230234 0.079108 0.100339 0.964710
1520616746.508873 -18.083778 41.676461 17.716316 -0.232592 0.073352 0.096780 0.964963
1520616746.558874 -18.989731 42.093708 17.788108 -0.218250 0.078925 0.094388 0.968106
1520616746.608875 -19.862365 42.559271 17.640592 -0.214657 0.079563 0.094566 0.968839
1520616746.658878 -20.735243 42.956314 17.356972 -0.226194 0.075046 0.101043 0.965917
1520616746.708879 -21.435801 43.554712 16.968207 -0.241069 0.069387 0.107162 0.962075
1520616746.758880 -21.994211 44.223221 16.477011 -0.253250 0.065773 0.113315 0.958487
1520616746.808882 -22.430146 44.914834 15.901135 -0.259771 0.064562 0.117716 0.956292
1520616746.858883 -22.936516 45.525529 15.292332 -0.269236 0.067809 0.123096 0.952765
1520616746.909001 -22.603162 45.228158 14.397656 -0.287796 0.068623 0.116979 0.948040
1520616746.959002 -21.954743 45.530647 13.699048 -0.300522 0.070091 0.107467 0.945106
1520616747.009004 -21.436133 45.925739 12.940796 -0.308498 0.071667 0.094484 0.943804
1520616747.059006 -21.004234 46.410935 12.180501 -0.314389 0.075640 0.083081 0.942622
1520616747.109007 -21.089489 45.783046 11.406881 -0.329307 0.087238 0.071100 0.937492
1520616747.159009 -20.596679 46.217611 10.653030 -0.325945 0.086165 0.061665 0.939432
1520616747.209011 -20.161364 45.820542 9.845047 -0.322863 0.088473 0.051906 0.940871
1520616747.259012 -19.721045 45.243315 9.157349 -0.318873 0.090201 0.044469 0.942447
1520616747.308445 -18.938792 44.695035 8.861596 -0.317837 0.090023 0.037817 0.943104
1520616747.358446 -18.410706 44.027793 8.336321 -0.318335 0.092032 0.033335 0.942911
1520616747.408448 -17.801863 43.464356 7.777888 -0.318123 0.092135 0.030166 0.943079
1520616747.458449 -16.968158 43.075405 7.385901 -0.318011 0.090481 0.026353 0.943392
1520616747.508451 -17.079026 42.284783 6.783717 -0.312479 0.100583 0.014845 0.944468
1520616747.558452 -17.546495 41.603820 6.220013 -0.297372 0.110785 0.000493 0.948312
1520616747.608454 -17.246742 40.719860 6.578849 -0.298511 0.112639 -0.009102 0.947692
1520616747.658456 -16.741937 39.920041 6.903596 -0.299843 0.109764 -0.018975 0.947463
1520616747.708350 -16.577012 38.966241 7.154725 -0.308985 0.112420 -0.035544 0.943730
1520616747.758352 -16.862558 38.093637 6.758460 -0.291937 0.120395 -0.050574 0.947481
1520616747.808353 -16.883176 37.130218 7.025666 -0.294125 0.127571 -0.056923 0.945503
1520616747.858355 -17.019657 37.562318 7.917105 -0.280684 0.135430 -0.057483 0.948457
1520616747.908423 -17.282108 38.089020 8.725625 -0.267688 0.140317 -0.057378 0.951505
1520616747.958358 -17.539132 38.523889 9.588659 -0.260805 0.141884 -0.058946 0.953087
1520616748.008359 -17.834307 38.570064 10.542985 -0.257217 0.142559 -0.062973 0.953704
1520616748.058361 -18.791071 38.335806 10.715395 -0.262648 0.151584 -0.063404 0.950799
1520616748.108475 -18.813838 39.083781 11.378731 -0.263521 0.137548 -0.062640 0.952740
1520616748.158477 -19.645800 39.638589 11.373267 -0.257635 0.146019 -0.067683 0.952744
1520616748.208478 -20.608463 39.572849 11.110669 -0.267616 0.150604 -0.064847 0.949471
1520616748.258480 -21.539897 39.931618 11.171628 -0.268107 0.155118 -0.055935 0.949173
1520616748.308482 -22.428797 40.363588 11.324135 -0.258968 0.163494 -0.047754 0.950750
1520616748.358483 -23.404171 40.509337 11.489676 -0.256398 0.164496 -0.040671 0.951602
1520616748.408485 -24.353804 40.196572 11.509011 -0.267485 0.168170 -0.026086 0.948415
1520616748.458486 -25.260209 40.518395 11.782616 -0.258026 0.170462 -0.023516 0.950690
1520616748.508488 -26.243507 40.402381 11.922856 -0.268047 0.171570 -0.013103 0.947915
1520616748.558606 -27.241060 40.336425 11.899681 -0.275324 0.163490 -0.001499 0.947346
1520616748.608608 -28.228201 40.463055 11.997240 -0.275172 0.165532 0.007734 0.947006
1520616748.658610 -29.179865 40.730649 12.148004 -0.267602 0.165806 0.014133 0.949051
1520616748.708611 -30.171533 40.601954 12.153577 -0.267053 0.159928 0.016324 0.950178
1520616748.758613 -31.102490 40.238441 12.119247 -0.270499 0.158027 0.014819 0.949546
1520616748.808614 -32.060666 39.967375 12.211011 -0.271216 0.158612 0.009781 0.949309
1520616748.858616 -32.369909 39.328375 11.506705 -0.272775 0.146959 0.005371 0.950772
1520616748.908617 -33.243758 38.854686 11.397130 -0.284032 0.149982 -0.003784 0.947004
1520616748.958833 -33.934742 38.850691 10.674272 -0.291464 0.147519 -0.012242 0.945059
1520616749.008834 -34.784666 38.681780 10.175174 -0.306887 0.146845 -0.010486 0.940291
1520616749.058836 -35.407891 38.909425 9.426997 -0.312174 0.143307 -0.002882 0.939150
1520616749.108837 -36.314015 38.747957 9.036016 -0.314113 0.146833 0.010586 0.937903
1520616749.158838 -36.871045 38.022899 8.631036 -0.308376 0.145955 0.021540 0.939754
1520616749.208841 -36.701736 37.240592 8.031595 -0.299670 0.138149 0.028595 0.943555
1520616749.258842 -36.580407 36.336755 7.621280 -0.300748 0.137058 0.022267 0.943541
1520616749.308843 -36.450110 35.790466 6.793880 -0.298906 0.135705 0.015737 0.944453
1520616749.358799 -36.227530 35.188037 6.027370 -0.299513 0.135367 0.012385 0.944359
1520616749.408799 -35.875898 34.653493 5.258854 -0.298340 0.133938 0.013991 0.944912
1520616749.458801 -36.249665 33.847116 4.800535 -0.302970 0.144679 0.006677 0.941930
1520616749.508802 -36.054174 33.168177 4.092845 -0.300971 0.144222 0.012756 0.942578
1520616749.558894 -36.063130 32.229928 3.747002 -0.306198 0.145070 0.012733 0.940763
1520616749.608805 -35.751976 31.459822 3.190117 -0.302396 0.141724 0.019715 0.942381
1520616749.658807 -35.650888 30.646341 2.617378 -0.294858 0.139582 0.031342 0.944771
1520616749.708808 -35.502771 29.962136 1.903288 -0.284664 0.138876 0.036513 0.947812
1520616749.759189 -35.239664 29.257104 1.244726 -0.278337 0.137380 0.037209 0.949879
1520616749.809190 -35.546378 28.649689 0.511941 -0.270430 0.146670 0.030311 0.951019
1520616749.859192 -35.506664 28.025355 -0.268206 -0.270168 0.141138 0.038232 0.951645
1520616749.909194 -36.013232 27.656306 -1.047432 -0.267716 0.143703 0.034804 0.952085
1520616749.959195 -36.636343 27.189492 -1.674980 -0.268735 0.146722 0.025902 0.951621
1520616750.009197 -37.135444 26.588542 -2.299285 -0.273339 0.150349 0.017145 0.949941
1520616750.059198 -37.718602 25.804717 -2.512698 -0.291374 0.166197 0.007150 0.942034
1520616750.109200 -38.021001 24.989754 -3.007056 -0.295297 0.175743 -0.005864 0.939084
1520616750.160124 -38.440586 24.139066 -3.323723 -0.302678 0.188992 -0.013455 0.934070
1520616750.210125 -38.929926 23.441984 -3.847768 -0.297020 0.205196 -0.022525 0.932291
1520616750.260127 -39.622196 22.925720 -4.351984 -0.288937 0.219596 -0.023484 0.931526
1520616750.310128 -40.312657 22.494589 -4.932837 -0.280363 0.234249 -0.035303 0.930203
1520616750.360130 -41.014415 22.029645 -5.472618 -0.276361 0.253016 -0.052844 0.925643
1520616750.410131 -41.643973 21.550834 -6.084498 -0.276874 0.271176 -0.065031 0.919552
1520616750.460133 -42.115758 20.828912 -6.590707 -0.280579 0.286526 -0.073530 0.913111
1520616750.510134 -42.018526 20.709705 -7.578804 -0.274960 0.293720 -0.074377 0.912466
1520616750.560397 -41.929865 20.066257 -8.339142 -0.274138 0.301770 -0.074057 0.910109
1520616750.610398 -41.919832 19.673493 -9.258727 -0.269024 0.310038 -0.074065 0.908855
1520616750.660400 -42.052991 19.110149 -10.074148 -0.268766 0.318911 -0.075745 0.905717
1520616750.710401 -42.079685 18.671668 -10.972492 -0.265738 0.325188 -0.076432 0.904320
1520616750.760403 -42.159158 18.248128 -11.874877 -0.261787 0.331863 -0.076072 0.903077
1520616750.810404 -41.734569 17.745462 -12.627905 -0.262038 0.335205 -0.076118 0.901765
1520616750.860409 -42.554551 17.212417 -12.836452 -0.264035 0.357233 -0.089425 0.891445
1520616750.910407 -42.235241 16.928837 -13.740676 -0.260348 0.360669 -0.085140 0.891565
1520616750.960408 -43.195637 16.698070 -13.896838 -0.259383 0.381438 -0.089125 0.882770
1520616751.010887 -43.956808 16.335773 -14.434759 -0.258709 0.405044 -0.095448 0.871722
1520616751.060889 -44.570352 15.658755 -14.841220 -0.266805 0.427133 -0.111509 0.856702
1520616751.110890 -45.254404 15.250981 -15.446028 -0.266134 0.447171 -0.121505 0.845250
1520616751.160892 -46.047155 14.822042 -15.879108 -0.263868 0.469094 -0.130244 0.832683
1520616751.210893 -45.646902 14.615915 -16.772029 -0.255664 0.468912 -0.141561 0.833497
1520616751.260895 -45.174409 14.214208 -17.556492 -0.253353 0.471885 -0.149180 0.831193
1520616751.310896 -44.970079 13.339295 -17.995556 -0.270162 0.475979 -0.140957 0.824977
1520616751.360898 -44.620435 13.382452 -18.931444 -0.244365 0.469109 -0.151140 0.835092
1520616751.413729 -44.201728 12.792296 -19.621662 -0.240364 0.478533 -0.156925 0.829822
1520616751.463731 -44.175785 12.019020 -20.255200 -0.240703 0.490344 -0.164628 0.821293
1520616751.513733 -45.163251 12.042307 -20.411305 -0.227561 0.521621 -0.183820 0.801460
1520616751.563734 -46.121509 11.972416 -20.688534 -0.214539 0.550037 -0.193956 0.783462
1520616751.613736 -47.114448 11.995152 -20.572105 -0.204768 0.575999 -0.200097 0.765674
1520616751.663737 -48.105212 12.079702 -20.466102 -0.195619 0.600368 -0.200655 0.749019
1520616751.713739 -49.044850 11.851338 -20.720919 -0.189309 0.619801 -0.200230 0.734791
1520616751.763740 -50.007552 11.685170 -20.934441 -0.193554 0.640163 -0.210375 0.713072
1520616751.816834 -51.007076 11.683199 -20.965247 -0.189623 0.652208 -0.211950 0.702670
1520616751.866836 -50.124191 11.510035 -20.528751 -0.189214 0.658198 -0.213509 0.696697
1520616751.916837 -51.050464 11.259212 -20.810011 -0.193884 0.661256 -0.212955 0.692675
1520616751.966839 -52.023597 11.134720 -21.003693 -0.198669 0.665863 -0.210372 0.687678
1520616752.016840 -53.007227 11.267121 -20.881449 -0.203103 0.673426 -0.206806 0.680057
1520616752.066842 -53.979571 11.190814 -21.102182 -0.210828 0.678363 -0.205656 0.673112
1520616752.116843 -54.954176 11.378567 -20.980143 -0.219578 0.684780 -0.207779 0.663091
1520616752.166845 -55.882760 11.022707 -20.874808 -0.234888 0.690747 -0.213140 0.649821
1520616752.217441 -56.869110 10.894473 -20.771513 -0.233818 0.696086 -0.212999 0.644535
1520616752.267442 -57.735017 10.674899 -20.322077 -0.230567 0.700695 -0.215108 0.639995
1520616752.317443 -58.618653 10.995217 -20.663521 -0.224638 0.702856 -0.220430 0.637920
1520616752.367446 -59.615979 10.995824 -20.590445 -0.223191 0.703433 -0.223931 0.636571
1520616752.417447 -60.571408 11.290899 -20.599683 -0.217702 0.704566 -0.226881 0.636175
1520616752.467449 -61.493152 11.052869 -20.293531 -0.222009 0.710655 -0.229837 0.626782
1520616752.517450 -62.349532 11.426085 -20.650354 -0.213428 0.717804 -0.234614 0.619809
1520616752.567451 -63.318673 11.671842 -20.669600 -0.211726 0.724344 -0.239901 0.610693
1520616752.617172 -64.277961 11.930581 -20.782826 -0.202913 0.728896 -0.243106 0.606990
1520616752.667175 -65.275174 11.909606 -20.711228 -0.201072 0.731880 -0.243509 0.603841
1520616752.717176 -66.215859 11.862432 -20.375242 -0.199883 0.734781 -0.240271 0.602008
1520616752.767178 -67.194096 11.809301 -20.174671 -0.204057 0.735285 -0.239405 0.600335
1520616752.817179 -68.134789 11.822785 -19.835679 -0.210102 0.735453 -0.238220 0.598512
1520616752.867181 -69.054974 11.925764 -19.457982 -0.214123 0.734795 -0.233775 0.599647
1520616752.917182 -70.048157 11.935152 -19.341794 -0.219870 0.731915 -0.233186 0.601316
1520616752.967184 -71.011856 12.199599 -19.305038 -0.222720 0.730222 -0.237116 0.600788
1520616753.017465 -71.993729 12.318588 -19.157500 -0.222720 0.730222 -0.237116 0.600788
1520616753.067466 -72.962529 12.558785 -19.096413 -0.219417 0.731698 -0.233561 0.601601
1520616753.117469 -73.919029 12.849389 -19.070781 -0.221201 0.731706 -0.232832 0.601220
1520616753.167470 -74.890524 13.084066 -19.104313 -0.224232 0.731034 -0.234189 0.600387
1520616753.217472 -75.886378 13.140889 -19.033272 -0.228682 0.730783 -0.236323 0.598174
1520616753.267473 -76.838867 13.164521 -18.729617 -0.232087 0.731214 -0.235971 0.596473
1520616753.317475 -77.820128 13.109868 -18.544850 -0.233397 0.732385 -0.234626 0.595053
1520616753.367476 -78.761476 13.309466 -18.272776 -0.232055 0.734374 -0.234482 0.593181
1520616753.417477 -79.727403 13.552424 -18.183570 -0.232846 0.734634 -0.237168 0.591478
1520616753.467480 -80.713217 13.674162 -18.068025 -0.234093 0.735701 -0.240046 0.588492
1520616753.517481 -81.642970 13.734396 -17.704803 -0.237372 0.738042 -0.247718 0.581020
1520616753.567482 -82.581856 13.833106 -17.375031 -0.240962 0.740054 -0.256619 0.573065
1520616753.617484 -83.526908 14.017363 -17.104982 -0.238129 0.742936 -0.262348 0.567903
1520616753.667485 -84.391599 14.356750 -16.734676 -0.235608 0.745010 -0.265364 0.564827
1520616753.717486 -85.357359 14.358688 -16.475248 -0.236428 0.744726 -0.258804 0.567895
1520616753.767489 -86.299399 14.534010 -16.189200 -0.239888 0.743203 -0.251886 0.571538
1520616753.817489 -87.227801 14.642279 -15.833746 -0.250057 0.739064 -0.248020 0.574232
1520616753.867492 -88.210860 14.467223 -15.779421 -0.268002 0.727534 -0.244420 0.582347
1520616753.917494 -89.208953 14.410957 -15.754066 -0.289095 0.709210 -0.237467 0.597541
1520616753.967494 -90.153109 14.093885 -15.664429 -0.312869 0.685684 -0.228085 0.616383
1520616754.017497 -91.062648 13.814774 -15.972385 -0.340763 0.655530 -0.221519 0.636467
1520616754.067499 -91.255576 14.762554 -15.718431 -0.356387 0.633129 -0.221656 0.650388
1520616754.117500 -90.531693 15.365886 -15.383791 -0.378529 0.601370 -0.209277 0.671769
1520616754.167501 -90.878800 16.177295 -14.913543 -0.386629 0.587156 -0.210307 0.679365
1520616754.217503 -91.215275 16.989887 -14.437645 -0.397671 0.577212 -0.215313 0.679945
1520616754.266214 -91.850002 17.731851 -14.221752 -0.409303 0.562329 -0.213105 0.686180
1520616754.316215 -92.527831 18.466578 -14.194822 -0.421408 0.548036 -0.210142 0.691312
1520616754.366217 -93.231093 19.173353 -14.118067 -0.430179 0.538190 -0.203671 0.695569
1520616754.416219 -93.597394 20.103431 -14.090160 -0.426869 0.536303 -0.201315 0.699739
1520616754.466228 -94.268066 20.802692 -13.842705 -0.431510 0.530223 -0.197053 0.702732
1520616754.516221 -94.945669 21.461041 -13.514941 -0.436773 0.519751 -0.191899 0.708705
1520616754.566223 -95.750167 20.870599 -13.579448 -0.444147 0.499244 -0.170242 0.724228
1520616754.616225 -96.067863 19.935846 -13.420370 -0.461940 0.474566 -0.122969 0.739106
1520616754.665355 -96.824589 20.577418 -13.294868 -0.456195 0.469819 -0.112522 0.747325
1520616754.715357 -97.721640 20.885597 -12.978126 -0.457815 0.465057 -0.102815 0.750704
1520616754.765358 -97.881017 19.944575 -13.276583 -0.475381 0.431063 -0.070079 0.763732
1520616754.815360 -98.802460 20.224517 -13.007185 -0.478995 0.426789 -0.062432 0.764537
1520616754.865361 -98.767362 19.225133 -13.007168 -0.497846 0.398423 -0.019382 0.770086
1520616754.915363 -99.685076 19.315991 -12.620458 -0.505190 0.392801 -0.011609 0.768346
1520616754.965364 -99.950900 18.355869 -12.533828 -0.513501 0.374560 0.017270 0.771831
1520616755.015366 -100.268457 17.435375 -12.761528 -0.517346 0.357486 0.032807 0.776840
1520616755.062587 -101.203965 17.305710 -12.432877 -0.518356 0.353308 0.036841 0.777896
1520616755.112588 -101.865267 16.557362 -12.381342 -0.517034 0.337538 0.056268 0.784587
1520616755.162590 -102.185119 15.619345 -12.514826 -0.519144 0.315553 0.080773 0.790184
1520616755.212590 -102.342777 14.635919 -12.425277 -0.523011 0.294648 0.103418 0.793062
1520616755.262593 -103.315662 14.866493 -12.407110 -0.517784 0.289907 0.100819 0.798555
1520616755.312594 -103.600481 13.910977 -12.330508 -0.525895 0.270068 0.121476 0.797334
1520616755.362595 -103.666928 12.956142 -12.620119 -0.532629 0.244801 0.133506 0.799096
1520616755.412598 -104.001980 12.061604 -12.915994 -0.537479 0.222104 0.139560 0.801442
1520616755.460412 -104.685246 11.375968 -13.167094 -0.538483 0.209833 0.136362 0.804619
1520616755.510414 -105.234383 10.580640 -13.423810 -0.539485 0.197487 0.135360 0.807238
1520616755.560416 -105.566635 9.689745 -13.733508 -0.540917 0.186911 0.146178 0.806911
1520616755.610417 -105.652825 8.772003 -14.121222 -0.545481 0.174439 0.160307 0.803942
1520616755.660419 -105.469163 7.809566 -14.321179 -0.551290 0.159294 0.183697 0.798098
1520616755.710420 -105.459035 6.903786 -14.744805 -0.556369 0.143319 0.194247 0.795099
1520616755.760421 -105.366502 6.007221 -15.177943 -0.560665 0.125021 0.207157 0.791903
1520616755.810423 -106.136287 5.430547 -15.451584 -0.557710 0.117464 0.211094 0.794104
1520616755.860425 -105.999090 4.448986 -15.584684 -0.560837 0.099657 0.230632 0.788885
1520616755.909452 -106.746427 3.787106 -15.643019 -0.560268 0.097883 0.231997 0.789111
1520616755.959454 -106.385483 2.855285 -15.680840 -0.562088 0.082819 0.251831 0.783441
1520616756.009455 -107.096748 2.171433 -15.843473 -0.559779 0.080403 0.259135 0.782963
1520616756.059457 -106.909846 1.289088 -16.275369 -0.560269 0.067237 0.279562 0.776803
1520616756.109494 -106.658950 0.349125 -16.506718 -0.561633 0.055377 0.306005 0.766722
1520616756.159460 -107.081379 -0.543713 -16.662900 -0.558635 0.049388 0.318421 0.764262
1520616756.209462 -107.960059 -1.013184 -16.749616 -0.553415 0.048191 0.330626 0.762952
1520616756.259463 -108.182076 -1.970891 -16.932658 -0.550988 0.034424 0.335330 0.763401
1520616756.309030 -107.808135 -2.882850 -16.763840 -0.549238 0.012882 0.349044 0.759170
1520616756.359031 -108.424182 -3.654663 -16.921291 -0.547195 0.011639 0.343276 0.763285
1520616756.409033 -108.131710 -4.609427 -16.975010 -0.551855 -0.010240 0.357696 0.753263
1520616756.459033 -107.832426 -5.563261 -17.000086 -0.560311 -0.027291 0.367897 0.741592
1520616756.509036 -107.983513 -6.389393 -17.542930 -0.553736 -0.045455 0.365067 0.747019
1520616756.559036 -108.072742 -7.116099 -18.224059 -0.547329 -0.060210 0.364089 0.751162
1520616756.609038 -108.911349 -7.460130 -18.646412 -0.537706 -0.058076 0.365782 0.757432
1520616756.659041 -108.749577 -8.303849 -19.158241 -0.531091 -0.063913 0.373509 0.757858
1520616756.709248 -108.843214 -9.068050 -19.796385 -0.518633 -0.076849 0.376219 0.763920
1520616756.759250 -108.957279 -9.786191 -20.482872 -0.510228 -0.087961 0.376661 0.768152
1520616756.809251 -108.396024 -10.613833 -20.482064 -0.519842 -0.104961 0.392804 0.751301
1520616756.859253 -108.571584 -11.252466 -21.231281 -0.512986 -0.116339 0.395995 0.752661
1520616756.909254 -108.487466 -11.909844 -21.980133 -0.493728 -0.138901 0.399923 0.759606
1520616756.959256 -108.077594 -12.817353 -22.071962 -0.506031 -0.155772 0.420284 0.736905
1520616757.009258 -107.819810 -12.060906 -22.673074 -0.465893 -0.196652 0.444823 0.739191
1520616757.059259 -107.367721 -12.774569 -23.208144 -0.457754 -0.223930 0.452631 0.731739
1520616757.111738 -106.452154 -13.165711 -23.301665 -0.453993 -0.259078 0.466133 0.713785
1520616757.161740 -106.151948 -12.873387 -24.209642 -0.417032 -0.297424 0.486625 0.707686
1520616757.211741 -105.783694 -13.016571 -25.128275 -0.400455 -0.323123 0.505712 0.692447
1520616757.261744 -104.899101 -13.323441 -25.479453 -0.388343 -0.356775 0.519502 0.672324
1520616757.311744 -104.649972 -13.886287 -26.267577 -0.374532 -0.378613 0.542266 0.649866
1520616757.361746 -103.723156 -13.802655 -26.633662 -0.361904 -0.408413 0.558596 0.624656
1520616757.411747 -104.479614 -13.983270 -26.005053 -0.338957 -0.443331 0.558736 0.613498
1520616757.461749 -104.547531 -14.687312 -26.711955 -0.325044 -0.462798 0.561565 0.603994
1520616757.517491 -103.556867 -14.550990 -26.711416 -0.320674 -0.486052 0.565753 0.583820
1520616757.567495 -104.496580 -14.807730 -26.937301 -0.315439 -0.504099 0.572191 0.564784
1520616757.617495 -103.581020 -14.548536 -27.244824 -0.306849 -0.520100 0.572707 0.554388
1520616757.667497 -102.672159 -14.583095 -27.660488 -0.299720 -0.531746 0.571198 0.548768
1520616757.717498 -102.027715 -14.958502 -28.326642 -0.295156 -0.538194 0.569840 0.546364
1520616757.767558 -101.254844 -15.431190 -28.750006 -0.299228 -0.544944 0.569328 0.537926
1520616757.817501 -100.691303 -15.816067 -29.480958 -0.294159 -0.550035 0.570763 0.534005
1520616757.867502 -99.926896 -16.296448 -29.910975 -0.295593 -0.558393 0.566237 0.529337
1520616757.917504 -99.315593 -15.719465 -30.452639 -0.275717 -0.580600 0.561497 0.521158
1520616757.967064 -98.471731 -15.473969 -30.929744 -0.263564 -0.600906 0.558545 0.507419
1520616758.017066 -98.272263 -15.627503 -31.897545 -0.243645 -0.598401 0.570735 0.506769
1520616758.067067 -97.784286 -15.545791 -32.766569 0.221914 0.605809 -0.577795 -0.499903
1520616758.117069 -97.011816 -14.951617 -32.542408 0.207743 0.635710 -0.583777 -0.460348
1520616758.167070 -96.473059 -15.406832 -33.251295 0.203696 0.639706 -0.591596 -0.446429
1520616758.217072 -95.989540 -14.602826 -33.597393 0.171902 0.672441 -0.584173 -0.420731
1520616758.267074 -95.252957 -14.720893 -34.263355 0.165569 0.688997 -0.580997 -0.400391
1520616758.317075 -94.547027 -14.770365 -34.969907 0.156509 0.707469 -0.578644 -0.374385
1520616758.367632 -93.774359 -15.179757 -35.455070 0.156124 0.713765 -0.581468 -0.357853
1520616758.417635 -93.084350 -14.562350 -35.077320 0.140792 0.729716 -0.591415 -0.312923
1520616758.467636 -92.219491 -15.062738 -35.117694 0.141183 0.733748 -0.583702 -0.317762
1520616758.517637 -91.937885 -14.103700 -35.086950 0.116554 0.745298 -0.586247 -0.295399
1520616758.567639 -91.387697 -13.411895 -34.619298 0.107334 0.758609 -0.586022 -0.263761
1520616758.617640 -91.148316 -12.465200 -34.403736 0.086525 0.770987 -0.577996 -0.253007
1520616758.667641 -90.886791 -11.592644 -33.991123 0.072307 0.778219 -0.575942 -0.239662
1520616758.717643 -90.568850 -10.656079 -33.843610 0.057561 0.783062 -0.575911 -0.227655
1520616758.767646 -90.059295 -9.857645 -33.522898 0.044640 0.787068 -0.574254 -0.220826
1520616758.817647 -89.899730 -8.872883 -33.453740 0.030704 0.788376 -0.575276 -0.215821
1520616758.867649 -89.415733 -8.137276 -32.979790 0.027206 0.797041 -0.569407 -0.199402
1520616758.917650 -89.218325 -7.159562 -32.908339 0.021618 0.807454 -0.560314 -0.183300
1520616758.967651 -88.956309 -6.202669 -32.783026 0.013373 0.819804 -0.547428 -0.167526
1520616759.017654 -88.754447 -5.297402 -32.409203 -0.000794 0.830331 -0.535431 -0.154478
1520616759.067655 -88.813532 -4.357885 -32.071836 -0.016783 0.838115 -0.527266 -0.138824
1520616759.117656 -88.708807 -3.453301 -31.658603 -0.029978 0.844778 -0.520694 -0.119706
1520616759.167658 -88.850759 -4.298747 -32.173453 -0.043345 0.849150 -0.517277 -0.097420
1520616759.217659 -88.922581 -3.561143 -31.502049 -0.051368 0.854156 -0.512616 -0.070742
1520616759.267661 -88.159728 -3.062529 -31.913678 -0.051218 0.853538 -0.515174 -0.058707
1520616759.317662 -88.038262 -2.380138 -31.192853 -0.056441 0.862087 -0.503189 -0.020506
1520616759.367663 -87.368931 -1.647406 -31.315734 -0.064299 0.863700 -0.499712 -0.013246
1520616759.417751 -86.469348 -1.247762 -31.491901 -0.062797 0.866033 -0.495911 -0.010789
1520616759.467667 -85.735473 -0.596336 -31.684443 -0.069571 0.866675 -0.493996 -0.001296
1520616759.517668 -85.056005 -0.118837 -32.241505 -0.077877 0.864284 -0.496903 0.006033
1520616759.565590 -84.405315 0.640431 -32.230784 -0.094287 0.864692 -0.493324 0.006946
1520616759.615592 -84.756794 1.419511 -31.711653 -0.119661 0.868306 -0.480803 0.023559
1520616759.665593 -84.009714 1.906859 -32.163720 -0.123744 0.865870 -0.483961 0.027167
1520616759.715595 -83.265900 2.445883 -32.558934 -0.129459 0.863747 -0.486121 0.029471
1520616759.765596 -83.241545 3.143875 -31.843243 -0.138136 0.866059 -0.478378 0.044892
1520616759.815598 -83.438376 3.939864 -31.270827 -0.145832 0.868038 -0.470346 0.063386
1520616759.865600 -84.250308 4.158416 -30.729531 -0.162742 0.870197 -0.455423 0.094137
1520616759.915601 -83.586451 4.846148 -30.435730 -0.160487 0.872420 -0.450211 0.102161
1520616759.963821 -84.416180 5.218161 -30.019611 -0.188053 0.869069 -0.432677 0.148814
1520616760.013822 -85.199088 5.506347 -29.468245 -0.210628 0.867346 -0.410733 0.186134
1520616760.063824 -85.718779 5.863623 -28.692181 -0.217779 0.866630 -0.389795 0.222677
1520616760.113825 -86.373785 5.843973 -27.936813 -0.227280 0.864935 -0.362830 0.261888
1520616760.163826 -86.011455 6.721579 -27.622926 -0.238470 0.863436 -0.357380 0.264366
1520616760.213828 -85.607507 7.622578 -27.464727 -0.253994 0.860824 -0.353801 0.263239
1520616760.263830 -85.581411 8.569846 -27.145347 -0.276208 0.854615 -0.349079 0.267368
1520616760.313832 -85.466202 9.440682 -26.667467 -0.294071 0.850128 -0.340084 0.274132
1520616760.363834 -85.235133 10.296804 -26.205229 -0.308805 0.847037 -0.330860 0.278745
1520616760.412088 -85.188359 11.215705 -25.813525 -0.325414 0.843315 -0.317886 0.286135
1520616760.462090 -85.151391 12.142900 -25.440773 -0.337829 0.841047 -0.303211 0.294235
1520616760.512091 -85.832477 12.295463 -24.724640 -0.353130 0.831825 -0.273804 0.329239
1520616760.562093 -85.508707 13.203573 -24.459105 -0.357290 0.829149 -0.276121 0.329566
1520616760.612094 -85.179911 14.135056 -24.303439 -0.363429 0.822624 -0.277136 0.338237
1520616760.662097 -84.930962 14.994660 -23.857227 -0.369444 0.821350 -0.271340 0.339514
1520616760.712097 -84.984529 15.942906 -23.544242 -0.376009 0.817950 -0.268496 0.342763
1520616760.762099 -85.133689 16.880697 -23.230715 -0.384922 0.812374 -0.262536 0.350656
1520616760.809894 -85.655439 16.988593 -22.384467 -0.393481 0.806807 -0.237618 0.371176
1520616760.859895 -85.919968 17.818819 -21.893804 -0.401624 0.800564 -0.234688 0.377779
1520616760.909897 -86.070723 18.782806 -21.674711 -0.410468 0.792171 -0.236190 0.384962
1520616760.959898 -86.921805 18.854751 -21.154630 -0.417503 0.785948 -0.220114 0.399408
1520616761.009900 -87.353521 19.739555 -20.979294 -0.413728 0.786224 -0.215949 0.405027
1520616761.059901 -87.878868 20.530930 -20.666667 -0.411703 0.786835 -0.208906 0.409572
1520616761.109903 -88.378241 21.227917 -20.152045 -0.409841 0.786258 -0.203594 0.415185
1520616761.159904 -88.861835 21.874625 -19.562209 -0.411816 0.780889 -0.204610 0.422795
1520616761.209288 -89.434844 21.754975 -18.751441 -0.412658 0.775387 -0.182614 0.441746
1520616761.259289 -90.055435 22.280689 -18.169641 -0.418846 0.768427 -0.179202 0.449417
1520616761.309291 -90.436781 23.029833 -17.628015 -0.420471 0.770617 -0.182208 0.442892
1520616761.359292 -91.150485 23.446252 -17.064790 -0.431136 0.760527 -0.179786 0.450996
1520616761.409294 -90.694523 23.498652 -17.953246 -0.432159 0.755703 -0.134615 0.473318
1520616761.459296 -91.135106 24.306886 -17.562550 -0.430836 0.753257 -0.137476 0.477582
1520616761.509297 -91.528883 25.150664 -17.197886 -0.430145 0.749225 -0.137827 0.484398
1520616761.559299 -92.047451 25.903826 -16.793122 -0.429571 0.746373 -0.139404 0.488838
1520616761.609657 -92.637400 25.727801 -16.005103 -0.430618 0.741254 -0.080271 0.508592
1520616761.659659 -93.347747 25.057249 -15.791167 -0.456555 0.711689 -0.063534 0.530113
1520616761.709660 -93.937260 24.759945 -15.040111 -0.470233 0.700313 -0.013654 0.536895
1520616761.759662 -94.933168 24.826640 -15.101086 -0.486272 0.671870 -0.007711 0.558633
1520616761.809663 -95.474116 24.323057 -14.427456 -0.499559 0.656751 0.032747 0.563956
1520616761.859665 -96.325077 23.933776 -14.074857 -0.511233 0.636824 0.052572 0.574746
1520616761.909667 -97.216067 23.511314 -13.908531 -0.513620 0.620121 0.072846 0.588505
1520616761.959668 -97.943859 22.878125 -13.645111 -0.511246 0.604841 0.102796 0.601854
1520616762.014317 -98.670037 22.200123 -13.531192 -0.503657 0.590567 0.134613 0.615986
1520616762.064319 -99.253788 21.406798 -13.358361 -0.495900 0.577186 0.165270 0.627396
1520616762.114320 -99.643157 20.489166 -13.278713 -0.487343 0.568512 0.190867 0.634713
1520616762.164322 -99.412039 21.462063 -13.286128 -0.478248 0.563290 0.219119 0.637158
1520616762.214324 -100.046250 20.736416 -13.552984 -0.475051 0.556546 0.237428 0.638914
1520616762.264325 -100.051601 21.736159 -13.574977 -0.465345 0.557189 0.259047 0.637094
1520616762.314326 -100.648008 20.979699 -13.843427 -0.456476 0.561504 0.273290 0.633763
1520616762.364328 -101.276253 20.296901 -14.216383 -0.445884 0.567847 0.284347 0.630781
1520616762.416154 -101.437537 19.314513 -14.310726 -0.439882 0.576033 0.291812 0.624128
1520616762.466155 -102.042356 18.534520 -14.471367 -0.433564 0.589870 0.288930 0.616924
1520616762.516157 -102.428774 17.790851 -15.016928 -0.425751 0.603174 0.292034 0.607974
1520616762.566159 -102.922314 17.388690 -15.788086 -0.418722 0.616076 0.287569 0.602019
1520616762.616159 -103.528834 16.905026 -15.157053 -0.419633 0.646500 0.275907 0.574301
1520616762.666161 -103.765057 16.528287 -16.052746 -0.413701 0.652139 0.276657 0.571864
1520616762.716163 -104.458604 15.920613 -15.665803 -0.414885 0.677004 0.265777 0.546716
1520616762.766164 -104.872747 15.194480 -15.116970 -0.424639 0.699820 0.247526 0.518329
1520616762.816166 -105.115192 14.284936 -14.779406 -0.442633 0.716382 0.226954 0.489249
1520616762.864168 -105.489320 13.521562 -14.252825 -0.455404 0.735975 0.199236 0.459623
1520616762.914170 -105.808096 12.852170 -13.581784 -0.465238 0.751931 0.172699 0.433968
1520616762.964171 -106.303060 12.124437 -14.056562 -0.467416 0.760549 0.156627 0.422558
1520616763.014173 -106.953817 11.499881 -13.624767 -0.469346 0.770152 0.142652 0.407714
1520616763.064175 -107.292025 10.782011 -13.016263 -0.472156 0.780893 0.134151 0.386364
1520616763.114176 -107.945580 10.078800 -13.296193 -0.467760 0.787188 0.131471 0.379805
1520616763.164178 -108.755913 9.599192 -13.632846 -0.461046 0.799110 0.124473 0.365193
1520616763.214179 -109.388580 8.967600 -13.184710 -0.463691 0.807638 0.111687 0.346753
1520616763.262399 -110.004091 8.310748 -13.620245 -0.464478 0.808601 0.104918 0.345569
1520616763.312402 -110.743924 7.743434 -13.258577 -0.464270 0.809619 0.103860 0.343778
1520616763.362402 -111.255878 7.318342 -12.512119 -0.466926 0.810077 0.102078 0.339612
1520616763.412404 -111.806602 7.005082 -11.738445 -0.470858 0.808374 0.099069 0.339130
1520616763.462405 -112.439002 6.770435 -11.000197 -0.474069 0.805556 0.099690 0.341176
1520616763.512407 -112.805808 6.797552 -10.070295 -0.470958 0.806239 0.102440 0.343051
1520616763.562408 -113.513901 6.424264 -9.470912 -0.472390 0.799685 0.101951 0.356310
1520616763.612411 -114.196493 6.088140 -8.821998 -0.475113 0.795063 0.099209 0.363731
1520616763.661420 -114.912779 5.654433 -8.275342 -0.479132 0.791099 0.102933 0.366060
1520616763.711421 -115.561718 5.123186 -7.730682 -0.487514 0.785226 0.110442 0.365449
1520616763.761423 -116.220044 4.611107 -7.178973 -0.498949 0.777793 0.116422 0.364053
1520616763.811425 -116.724593 4.232376 -6.403092 -0.509391 0.772287 0.118190 0.360727
1520616763.861427 -117.192510 3.705093 -5.693847 -0.515805 0.769417 0.116894 0.358161
1520616763.911427 -117.593276 3.163868 -4.954617 -0.516636 0.768941 0.115170 0.358542
1520616763.961429 -118.174990 2.549272 -4.421813 -0.515989 0.769124 0.109937 0.360718
1520616764.011431 -118.555794 1.968284 -3.702479 -0.518690 0.769727 0.102905 0.357620
1520616764.060730 -119.026291 1.362875 -3.060518 -0.523946 0.770545 0.092739 0.350914
1520616764.110732 -119.625211 1.163903 -2.284822 -0.521533 0.776472 0.085541 0.343188
1520616764.160734 -120.424204 0.805738 -1.801782 -0.517467 0.783216 0.077928 0.335751
1520616764.210734 -121.090258 0.596517 -1.085822 -0.515435 0.790030 0.070001 0.324467
1520616764.260736 -121.707688 0.265012 -0.372461 -0.513114 0.795833 0.065477 0.314765
1520616764.310744 -122.236303 0.016885 0.439327 -0.510819 0.801518 0.064129 0.304173
1520616764.360739 -122.756758 -0.322299 1.222960 -0.509808 0.804936 0.066454 0.296238
1520616764.410741 -123.161957 -0.962996 1.875127 -0.519687 0.802439 0.069737 0.284873
1520616764.461072 -123.257863 -1.424552 2.757038 -0.523238 0.803311 0.074122 0.274625
1520616764.511074 -123.666333 -1.752862 3.608722 -0.521912 0.803927 0.074730 0.275182
1520616764.561075 -124.050248 -2.219405 4.405558 -0.522418 0.802058 0.075322 0.279478
1520616764.611077 -124.558145 -1.808839 5.162840 -0.520395 0.802422 0.063380 0.285117
1520616764.661079 -125.267528 -2.189797 5.755838 -0.521106 0.797315 0.063632 0.297804
1520616764.711080 -125.982417 -2.777718 6.134364 -0.523283 0.788429 0.072005 0.315230
1520616764.761082 -126.433360 -3.547724 6.585742 -0.521643 0.782239 0.084872 0.329830
1520616764.811083 -126.994478 -4.065314 7.231689 -0.526964 0.776016 0.088429 0.335096
1520616764.861085 -127.554538 -4.463329 7.958268 -0.533402 0.770168 0.089036 0.338224
1520616764.912137 -128.006338 -4.908278 8.731506 -0.535462 0.766907 0.093257 0.341229
1520616764.962138 -128.298184 -5.619775 9.370723 -0.538878 0.764859 0.094327 0.340154
1520616765.012140 -128.566238 -6.155201 10.171638 -0.538898 0.766242 0.091009 0.337905
1520616765.062141 -128.892299 -6.669006 10.965167 -0.542698 0.766986 0.083105 0.332123
1520616765.112144 -129.393831 -7.173405 11.668052 -0.540247 0.771664 0.079467 0.326118
1520616765.162144 -129.988519 -7.766070 12.211278 -0.529747 0.779427 0.076316 0.325633
1520616765.212147 -130.660929 -8.106794 12.868372 -0.523603 0.786232 0.065559 0.321530
1520616765.262148 -130.880634 -8.085426 13.843705 -0.520708 0.791499 0.054404 0.315329
1520616765.312943 -131.614431 -8.470982 14.403069 -0.517384 0.795523 0.049526 0.311456
1520616765.362946 -132.187978 -8.748142 15.173930 -0.513204 0.800658 0.049015 0.305232
1520616765.412946 -132.898308 -9.278307 15.636915 -0.508382 0.803970 0.049983 0.304435
1520616765.462949 -133.365044 -9.469723 16.500349 -0.507713 0.807392 0.045752 0.297073
1520616765.512950 -133.839360 -9.932477 17.249270 -0.513305 0.805899 0.043249 0.291846
1520616765.562952 -134.143883 -9.966514 18.201167 -0.509046 0.808384 0.049614 0.291420
1520616765.612954 -134.725388 -10.257483 18.960896 -0.506661 0.805226 0.054079 0.303283
1520616765.662955 -134.844083 -10.732202 19.832993 -0.510979 0.798620 0.062407 0.311789
1520616765.712479 -135.595384 -11.132997 20.357312 -0.515321 0.790191 0.062229 0.325839
1520616765.762481 -136.302603 -11.468338 20.979717 -0.515688 0.785014 0.065936 0.336855
1520616765.812484 -136.957439 -11.728598 21.689262 -0.520371 0.778749 0.067624 0.343789
1520616765.862483 -137.758362 -11.678380 22.285920 -0.525484 0.773198 0.062289 0.349502
1520616765.912485 -138.352470 -12.142053 22.943219 -0.533203 0.765715 0.067895 0.353221
1520616765.962517 -138.725861 -12.729427 23.661252 -0.538933 0.760349 0.077279 0.354187
1520616766.012488 -139.079788 -13.156109 24.493524 -0.536973 0.760719 0.089015 0.353615
1520616766.062489 -139.502281 -13.963978 24.904436 -0.544748 0.755069 0.090329 0.353499
1520616766.111555 -140.116858 -14.558257 25.423212 -0.545776 0.754375 0.091207 0.353170
1520616766.161556 -140.770951 -15.067760 25.982291 -0.541855 0.757615 0.090722 0.352396
1520616766.211558 -141.557831 -15.081021 26.599254 -0.531414 0.767401 0.083177 0.348965
1520616766.261560 -142.344540 -15.501251 27.051466 -0.525267 0.773947 0.078493 0.344876
1520616766.311561 -143.118994 -15.843975 27.583219 -0.522905 0.779136 0.072713 0.337980
1520616766.361563 -143.716548 -16.166520 28.317313 -0.521043 0.784402 0.071563 0.328795
1520616766.411564 -144.402205 -16.473856 28.977175 -0.517677 0.789649 0.070801 0.321640
1520616766.461566 -144.419893 -17.009017 29.821740 -0.521162 0.793683 0.076479 0.304316
1520616766.510796 -144.677559 -17.412451 30.699720 -0.520424 0.798048 0.076396 0.294011
1520616766.560797 -144.629250 -17.778956 31.628881 -0.522857 0.801875 0.079330 0.278071
1520616766.610798 -144.880627 -18.209287 32.495844 -0.522108 0.803606 0.081357 0.273864
1520616766.660801 -145.344035 -18.553814 33.312272 -0.521040 0.804192 0.081864 0.274029
1520616766.710803 -146.007690 -18.653926 34.053582 -0.519146 0.805198 0.073303 0.277073
1520616766.760803 -146.797372 -18.915921 34.608343 -0.518807 0.804180 0.068296 0.281903
1520616766.810806 -147.239041 -18.294547 35.255507 -0.510722 0.810346 0.058288 0.281255
1520616766.860806 -147.804013 -18.492269 36.056577 -0.512491 0.808375 0.062220 0.282864
1520616766.910777 -148.296338 -18.687856 36.904729 -0.519752 0.805198 0.060531 0.279017
1520616766.960778 -148.856354 -19.050287 37.649730 -0.528293 0.802080 0.060293 0.271915
1520616767.010781 -149.079019 -19.336329 38.581717 -0.530347 0.804679 0.065436 0.258732
1520616767.060782 -149.310219 -19.923311 39.357602 -0.536306 0.804503 0.069082 0.245720
1520616767.110783 -149.438533 -20.421413 40.215174 -0.549454 0.801840 0.057806 0.227621
1520616767.160784 -150.151991 -21.005435 40.602339 -0.548768 0.803020 0.051450 0.226639
1520616767.210787 -150.516230 -21.132584 41.524924 -0.544694 0.810869 0.041365 0.209973
1520616767.260787 -150.860560 -21.165077 42.463210 -0.538787 0.819383 0.030090 0.193430
1520616767.310790 -151.252494 -22.053190 42.223120 -0.540093 0.816172 0.030271 0.203090
1520616767.361925 -151.624246 -21.890400 43.137067 -0.536809 0.822474 0.012935 0.187630
1520616767.411926 -152.042518 -21.793745 44.040232 -0.531114 0.830383 -0.003511 0.168434
1520616767.461928 -152.201057 -21.507942 44.985315 -0.526504 0.836214 -0.014973 0.152692
1520616767.511930 -153.136730 -21.716427 44.700624 -0.520157 0.834971 -0.035900 0.175986
1520616767.561931 -153.983197 -21.675134 45.231462 -0.503935 0.846364 -0.043209 0.166885
1520616767.611989 -154.383209 -21.786543 46.141175 -0.495117 0.853920 -0.046708 0.153288
1520616767.661934 -154.635582 -21.755805 47.108317 -0.485058 0.861714 -0.053290 0.139022
1520616767.711936 -154.394368 -22.356302 47.870694 -0.479333 0.866673 -0.053796 0.127375
1520616767.762353 -154.805957 -22.429822 48.779094 -0.476588 0.869399 -0.060905 0.115327
1520616767.812356 -154.993815 -22.052730 49.686017 -0.468940 0.875701 -0.066529 0.093898
1520616767.862358 -155.496108 -22.127614 50.547467 -0.467305 0.877634 -0.066978 0.083056
1520616767.912359 -156.009880 -22.214129 51.401020 -0.462346 0.881525 -0.070066 0.065115
1520616767.962361 -156.302407 -22.508480 52.310847 -0.462717 0.882389 -0.074759 0.041146
1520616768.012362 -156.219401 -22.688448 53.291011 -0.475468 0.875630 -0.084847 0.001919
1520616768.062363 -156.209805 -22.481201 54.269253 -0.473471 0.875061 -0.096742 -0.027112
1520616768.112365 -155.772884 -23.237292 54.756518 -0.480285 0.872239 -0.077281 -0.050532
1520616768.160436 -155.095616 -23.087089 55.476759 -0.496153 0.857684 -0.088140 -0.102184
1520616768.210437 -154.595959 -22.372800 55.966794 -0.499465 0.849905 -0.105878 -0.130332
1520616768.260439 -154.562895 -22.241927 56.957641 -0.501258 0.843757 -0.118569 -0.150848
1520616768.310441 -154.737310 -23.099229 57.442010 -0.503814 0.844090 -0.102043 -0.152546
1520616768.360442 -154.158699 -22.852891 58.219523 -0.507358 0.832029 -0.110248 -0.195350
1520616768.410444 -153.573628 -22.418367 58.904272 -0.508837 0.819278 -0.124637 -0.233097
1520616768.460445 -153.457164 -22.284024 59.888339 -0.507118 0.812164 -0.140168 -0.252139
1520616768.510447 -153.457196 -21.297923 59.722191 -0.493641 0.805770 -0.171895 -0.278398
1520616768.559714 -154.097088 -21.686642 60.385091 -0.495808 0.802777 -0.180746 -0.277586
1520616768.609716 -153.663076 -21.129214 61.092840 -0.493622 0.796255 -0.189388 -0.294018
1520616768.659718 -154.127164 -21.548940 61.872873 -0.499837 0.795104 -0.188913 -0.286852
1520616768.709719 -154.136520 -20.915166 62.646335 -0.495593 0.793041 -0.197310 -0.294179
1520616768.759721 -153.713693 -20.149044 63.130354 -0.493103 0.790379 -0.199819 -0.303681
1520616768.809722 -154.196913 -19.298826 63.339227 -0.493491 0.787287 -0.208386 -0.305322
1520616768.859723 -154.098465 -18.546798 63.990965 -0.493872 0.785926 -0.205498 -0.310131
1520616768.909724 -154.235251 -17.843150 64.688223 -0.494292 0.786836 -0.200296 -0.310557
1520616768.959624 -153.902676 -17.001626 65.113935 -0.489743 0.786765 -0.196206 -0.320400
1520616769.009625 -153.797795 -16.383392 65.892900 -0.483576 0.784334 -0.196443 -0.335238
1520616769.059627 -153.353224 -16.611145 66.759206 -0.475734 0.781802 -0.190215 -0.355359
1520616769.109629 -152.780294 -16.096282 67.396911 -0.467732 0.772216 -0.197034 -0.382214
1520616769.159634 -152.127506 -15.595154 67.965012 -0.459622 0.762712 -0.206768 -0.405297
1520616769.209632 -151.632757 -15.103290 68.681457 -0.451669 0.755131 -0.220706 -0.420787
1520616769.259712 -152.197714 -15.844692 68.319315 -0.443698 0.741002 -0.237561 -0.444538
1520616769.309635 -151.746353 -15.193110 68.929000 -0.434155 0.729013 -0.256741 -0.462746
1520616769.359636 -151.214494 -14.538241 69.465909 -0.424027 0.713531 -0.271881 -0.486986
1520616769.409699 -150.761251 -14.805602 70.316255 0.416204 -0.711997 0.256088 0.504235
1520616769.459701 -150.352180 -14.015317 70.772448 0.403801 -0.692126 0.282881 0.527147
1520616769.509702 -150.375236 -13.934948 71.768946 0.402427 -0.685146 0.291965 0.532338
1520616769.559704 -149.810031 -14.524820 72.345655 0.361970 -0.715934 0.248792 0.542695
1520616769.609704 -150.628487 -14.914014 71.922977 0.363164 -0.688002 0.255241 0.574123
1520616769.659707 -150.559655 -14.774840 72.910849 0.361332 -0.683158 0.261455 0.578252
1520616769.709707 -151.116961 -15.278624 72.250841 0.354060 -0.665475 0.269525 0.599284
1520616769.759710 -151.433640 -15.767446 71.437965 0.342962 -0.643053 0.285385 0.622427
1520616769.810701 -152.275236 -16.306539 71.404870 0.341469 -0.628255 0.287500 0.637212
1520616769.860703 -151.656453 -15.937132 72.098157 0.345053 -0.629299 0.285742 0.635038
1520616769.910705 -151.546611 -15.417125 72.945227 0.357811 -0.631370 0.286930 0.625311
1520616769.960706 -151.701775 -14.927013 73.802965 0.372479 -0.630849 0.282310 0.619346
1520616770.010708 -150.959706 -14.293369 73.584266 0.368367 -0.622594 0.271476 0.634809
1520616770.060710 -150.680422 -13.333577 73.555971 0.362041 -0.613133 0.275770 0.645713
1520616770.110711 -150.746544 -12.774950 74.382750 0.376833 -0.616663 0.276001 0.633677
1520616770.160712 -150.064440 -12.047515 74.457404 0.379022 -0.608861 0.275621 0.640050
1520616770.211904 -149.382614 -11.687450 75.094166 0.381554 -0.612470 0.270675 0.637207
1520616770.261906 -148.597773 -11.195426 75.470911 0.382590 -0.615856 0.266212 0.635198
1520616770.311908 -147.770459 -10.634362 75.498476 0.380123 -0.617504 0.260627 0.637392
1520616770.361909 -147.489377 -9.680590 75.604835 0.384509 -0.618454 0.260416 0.633917
1520616770.411911 -146.671189 -9.140636 75.802362 0.388027 -0.622020 0.247545 0.633441
1520616770.461912 -145.743286 -8.797146 75.947311 0.383333 -0.632385 0.237161 0.630000
1520616770.511914 -145.782476 -7.851658 75.624019 0.380705 -0.636039 0.239621 0.626976
1520616770.561915 -145.040881 -7.234612 75.887251 0.376134 -0.648359 0.219569 0.624454
1520616770.612808 -144.797442 -6.314504 75.580431 0.375907 -0.652031 0.215028 0.622344
1520616770.662811 -144.445171 -5.430913 75.271931 0.376305 -0.658854 0.211083 0.616238
1520616770.712812 -144.006901 -4.640571 74.843819 0.375172 -0.665167 0.207599 0.611311
1520616770.762813 -143.624909 -3.906610 74.282229 0.375211 -0.670351 0.204867 0.606528
1520616770.812815 -143.190513 -3.105382 73.870728 0.379972 -0.677698 0.202220 0.596200
1520616770.862817 -142.727984 -2.593538 74.594664 0.396771 -0.709517 0.180747 0.553614
1520616770.912921 -142.181694 -2.127215 75.290444 0.405831 -0.735500 0.164851 0.516881
1520616770.962821 -141.637491 -1.655962 75.984536 -0.412590 0.758382 -0.147923 -0.482437
1520616771.012595 -141.504427 -1.439238 76.951658 -0.435877 0.787493 -0.103848 -0.423180
1520616771.062597 -141.170823 -0.739500 76.319934 -0.432240 0.793226 -0.096312 -0.417953
1520616771.112598 -140.746700 -0.037346 75.748007 -0.429800 0.798037 -0.084977 -0.413748
1520616771.162600 -140.300370 0.486282 75.022333 -0.426285 0.801179 -0.077965 -0.412692
1520616771.212601 -140.151476 0.713015 75.984841 -0.442054 0.819377 -0.047014 -0.361937
1520616771.262603 -139.754233 0.730549 76.902387 -0.445293 0.840417 -0.015733 -0.308491
1520616771.312604 -139.158571 0.596365 77.694335 -0.437594 0.859935 0.021861 -0.261810
1520616771.362606 -138.786019 0.382633 78.597399 -0.439308 0.868336 0.060550 -0.222114
1520616771.411129 -138.312620 0.042817 79.410059 -0.428646 0.877928 0.107519 -0.184241
1520616771.461130 -137.722697 0.838408 79.547994 -0.425944 0.877913 0.125646 -0.179035
1520616771.511132 -137.232658 0.474679 80.340182 -0.410299 0.885980 0.163030 -0.141830
1520616771.561133 -136.699036 0.069646 81.082608 -0.386452 0.896834 0.191867 -0.097622
1520616771.611135 -136.029117 0.786112 81.277249 -0.385847 0.898731 0.184397 -0.096969
1520616771.661136 -135.207410 1.339660 81.412826 -0.380668 0.899935 0.192257 -0.090809
1520616771.711138 -134.715787 0.962500 82.197720 -0.356204 0.907978 0.215588 -0.047082
1520616771.761139 -134.365003 0.413875 82.956640 -0.332697 0.910514 0.245510 0.001506
1520616771.811141 -134.205221 -0.233342 83.702013 -0.312494 0.907898 0.274865 0.050178
1520616771.860009 -133.350244 -0.068821 84.193895 -0.311386 0.903992 0.287771 0.054997
1520616771.910012 -132.614275 0.266394 84.782096 -0.308451 0.902264 0.293577 0.067748
1520616771.960012 -131.829876 0.314219 85.400506 -0.301944 0.900172 0.303024 0.081828
1520616772.010014 -131.084124 0.322694 86.066676 -0.293629 0.897903 0.310964 0.104178
1520616772.060015 -130.333379 0.170027 86.709384 -0.279725 0.896054 0.323316 0.119614
1520616772.110017 -129.569070 0.322448 87.335962 -0.274451 0.893633 0.329426 0.132571
1520616772.160018 -129.391171 -0.137689 88.205805 -0.261669 0.888387 0.337051 0.169395
1520616772.210021 -128.747879 -0.058308 88.967299 -0.259351 0.884750 0.340892 0.183707
1520616772.259750 -128.087746 -0.035784 89.718110 -0.258666 0.879647 0.345950 0.199077
1520616772.309752 -127.995883 -0.842516 90.301844 -0.244137 0.872710 0.359092 0.223222
1520616772.359753 -127.379867 -1.021481 91.068979 -0.241675 0.869545 0.363653 0.230741
1520616772.409755 -126.873427 -1.126822 91.924795 -0.238187 0.870412 0.365703 0.227841
1520616772.459757 -126.501730 -1.436438 92.799998 -0.229876 0.871397 0.369943 0.225758
1520616772.509759 -126.331801 -1.974923 93.625321 -0.217576 0.871959 0.375106 0.227252
1520616772.559759 -126.357335 -2.817357 94.163515 -0.200962 0.870212 0.385299 0.232142
1520616772.609761 -126.533088 -3.752667 94.470608 -0.186125 0.867103 0.394517 0.240511
1520616772.659722 -126.471357 -4.339569 95.277909 -0.179093 0.866604 0.394818 0.247065
1520616772.709723 -126.686817 -5.205416 95.729447 -0.170026 0.861464 0.400140 0.262411
1520616772.759725 -126.277326 -5.674916 96.511679 -0.172087 0.860061 0.401408 0.263728
1520616772.809726 -125.759125 -5.925294 97.329468 -0.175429 0.860731 0.398219 0.264175
1520616772.859728 -126.185137 -6.724357 97.753748 -0.165052 0.854867 0.400371 0.285767
1520616772.909729 -126.368626 -7.686322 97.956123 -0.146283 0.847038 0.409193 0.306087
1520616772.959731 -126.036280 -8.153274 98.775575 -0.147812 0.848239 0.405364 0.307118
1520616773.009732 -126.351077 -9.090464 98.925834 -0.131101 0.836002 0.418201 0.330185
1520616773.060005 -126.352140 -9.707829 99.712510 -0.134961 0.832262 0.421255 0.334169
1520616773.110007 -126.842884 -10.435622 100.191559 -0.131156 0.823712 0.425776 0.350730
1520616773.160008 -126.823183 -10.863930 101.094976 -0.132541 0.824374 0.420907 0.354510
1520616773.210011 -127.245148 -11.592798 101.634140 -0.128589 0.819171 0.425026 0.363011
1520616773.260011 -127.385977 -12.403978 102.201726 -0.127667 0.813795 0.427814 0.372040
1520616773.310014 -127.249975 -13.164817 102.836256 -0.132951 0.810490 0.430920 0.373815
1520616773.360015 -127.659475 -13.859020 103.428194 -0.133980 0.807613 0.427968 0.382954
1520616773.410016 -128.182014 -14.711568 103.417435 -0.126251 0.796400 0.435848 0.399805
1520616773.461805 -128.869641 -15.430972 103.515553 -0.119415 0.789129 0.438416 0.413288
1520616773.511806 -129.495365 -16.208713 103.575457 -0.107596 0.782430 0.443535 0.423678
1520616773.561809 -130.225046 -16.890719 103.624783 -0.099698 0.778097 0.444912 0.432064
1520616773.611810 -131.028307 -17.484382 103.673113 -0.089572 0.776564 0.445657 0.436250
1520616773.661811 -131.831129 -18.080019 103.699459 -0.071428 0.772490 0.452090 0.440195
1520616773.711813 -132.779229 -18.374272 103.578959 -0.060291 0.767440 0.458717 0.443824
1520616773.761815 -133.623433 -18.908517 103.622588 -0.050979 0.763720 0.467962 0.441751
1520616773.811816 -133.639357 -18.696785 104.599786 -0.034020 0.800576 0.441476 0.403757
1520616773.863091 -134.490162 -19.219475 104.653891 -0.033390 0.797299 0.448884 0.402122
1520616773.913093 -135.280536 -19.819059 104.779616 -0.027652 0.794340 0.454294 0.402338
1520616773.963094 -136.031413 -20.474607 104.859872 -0.020816 0.794847 0.454345 0.401692
1520616774.013096 -135.789689 -21.010478 105.668829 -0.015675 0.801296 0.451257 0.392488
1520616774.063097 -135.375431 -21.684182 106.280804 -0.011344 0.805301 0.451982 0.383501
1520616774.113099 -136.262691 -22.097273 106.486051 -0.004781 0.804755 0.454155 0.382216
1520616774.163101 -137.184994 -22.464074 106.364337 0.003050 0.800830 0.459566 0.384007
1520616774.213102 -137.694826 -22.971409 107.059090 0.007867 0.801957 0.464148 0.375993
1520616774.263104 -138.499276 -22.558562 107.486193 0.012201 0.804487 0.457546 0.378554
1520616774.312895 -139.033951 -23.066817 108.161322 0.012210 0.806027 0.460588 0.371524
1520616774.362897 -139.980840 -22.933607 108.453993 0.011819 0.808386 0.456489 0.371470
1520616774.412898 -140.758891 -22.310346 108.532626 0.011074 0.813022 0.446227 0.373836
1520616774.462900 -141.587542 -22.802594 108.799139 0.007499 0.814365 0.449202 0.367384
1520616774.512901 -142.451899 -23.168544 108.454221 0.000887 0.811064 0.458272 0.363541
1520616774.562903 -143.416942 -23.416270 108.539793 -0.001308 0.813969 0.459732 0.355104
1520616774.612904 -144.332379 -23.786576 108.382160 -0.008223 0.814251 0.465455 0.346814
1520616774.662906 -145.243296 -24.177227 108.249408 -0.014335 0.815605 0.471753 0.334711
1520616774.713840 -145.971026 -24.664627 108.731953 -0.017566 0.824586 0.473663 0.308856
1520616774.763841 -146.836272 -24.173261 108.831502 -0.015566 0.836291 0.455019 0.305505
1520616774.813843 -147.476635 -24.576369 109.485290 -0.018846 0.847181 0.453440 0.276264
1520616774.863844 -148.374208 -24.934447 109.742472 -0.028976 0.853171 0.450885 0.260696
1520616774.913846 -149.104796 -25.595359 109.570903 -0.048279 0.850170 0.459757 0.251999
1520616774.963848 -149.353060 -26.374305 110.146758 -0.072108 0.853699 0.462337 0.228565
1520616775.013849 -149.755058 -27.163610 110.610865 -0.088143 0.851789 0.471404 0.210866
1520616775.063851 -150.325306 -27.902235 110.970378 -0.107114 0.849496 0.475850 0.201122
1520616775.116383 -151.034794 -28.533292 111.284058 -0.119309 0.850178 0.473304 0.197346
1520616775.166384 -151.620689 -29.322232 111.469258 -0.128187 0.850943 0.470018 0.196333
1520616775.216386 -152.501793 -29.793689 111.432053 -0.133473 0.851168 0.463822 0.206318
1520616775.266387 -152.697015 -30.705971 111.792097 -0.140755 0.851179 0.458341 0.213555
1520616775.316389 -153.385592 -31.384174 112.048810 -0.149510 0.851233 0.451307 0.222195
1520616775.366391 -154.146415 -31.993112 112.273181 -0.153250 0.848448 0.450268 0.232183
1520616775.416392 -154.670767 -32.496551 112.959915 -0.159030 0.844496 0.449531 0.243841
1520616775.466395 -154.954333 -33.188284 113.624065 -0.167703 0.838745 0.451109 0.254720
1520616775.518124 -155.579777 -33.943188 113.426733 -0.177898 0.831364 0.453561 0.267335
1520616775.568128 -156.249490 -34.589408 113.792637 -0.186682 0.823961 0.454822 0.281735
1520616775.618127 -156.703450 -35.403900 114.153917 -0.192555 0.815483 0.459311 0.294861
1520616775.668128 -156.966438 -35.999982 114.912550 -0.196097 0.809994 0.461361 0.304305
1520616775.718130 -156.971324 -36.970126 115.155030 -0.195403 0.803377 0.469627 0.309602
1520616775.768131 -157.537004 -37.715904 115.506911 -0.195765 0.797684 0.473013 0.318802
1520616775.818147 -157.910115 -38.626121 115.686614 -0.187856 0.789876 0.482505 0.328625
1520616775.868135 -158.640289 -39.169974 116.100220 -0.186076 0.781505 0.487150 0.342507
1520616775.918136 -159.055244 -40.040355 116.365267 -0.175235 0.774393 0.497312 0.349698
1520616775.968138 -159.035008 -40.660935 117.149148 -0.170142 0.772291 0.501730 0.350551
1520616776.018139 -159.004234 -40.740549 118.145499 -0.167233 0.773027 0.499221 0.353893
1520616776.068141 -159.438541 -41.631395 118.278801 -0.158784 0.763507 0.507464 0.366503
1520616776.118142 -159.526220 -42.605095 118.489088 -0.144594 0.752949 0.521096 0.374992
1520616776.168144 -159.165382 -42.792410 119.402712 -0.144821 0.755759 0.519550 0.371380
1520616776.218145 -159.342592 -43.775626 119.446112 -0.128437 0.745324 0.531392 0.381599
1520616776.268147 -158.874276 -43.956005 120.311065 -0.119570 0.749978 0.530627 0.376393
1520616776.318193 -159.394874 -44.807596 120.372470 -0.104339 0.745050 0.532154 0.388365
1520616776.368176 -159.976128 -45.620712 120.403872 -0.085267 0.744317 0.530996 0.395936
1520616776.418178 -160.605568 -46.386783 120.534026 -0.068195 0.741578 0.531713 0.403352
1520616776.468179 -160.975994 -47.306516 120.404118 -0.054763 0.736950 0.538546 0.404813
1520616776.518181 -161.452976 -48.185181 120.383239 -0.049323 0.732685 0.543717 0.406340
1520616776.568182 -161.490376 -49.173981 120.527723 -0.053492 0.732014 0.547275 0.402225
1520616776.618184 -161.909273 -50.070949 120.669054 -0.055414 0.733927 0.549193 0.395812
1520616776.668186 -162.465805 -50.901649 120.683487 -0.059517 0.737441 0.551913 0.384748
1520616776.718187 -162.909068 -51.746903 120.385051 -0.068562 0.740238 0.555992 0.371780
1520616776.767155 -163.419880 -52.596003 120.519591 -0.079133 0.750558 0.556112 0.348052
1520616776.817157 -164.088063 -53.337604 120.579240 -0.081246 0.763329 0.554729 0.320941
1520616776.867158 -164.625218 -54.177484 120.501351 -0.088784 0.771934 0.553936 0.298983
1520616776.917160 -164.964351 -54.677287 119.704365 -0.101207 0.764832 0.566954 0.288708
1520616776.967161 -165.542409 -55.461991 119.928169 -0.113359 0.773255 0.564879 0.264836
1520616777.017162 -166.468712 -55.806464 119.775518 -0.120357 0.775415 0.564234 0.256683
1520616777.067164 -167.440903 -56.001170 119.645389 -0.123756 0.777662 0.561449 0.254365
1520616777.117167 -167.148588 -55.236476 119.071111 -0.140614 0.780566 0.563460 0.231208
1520616777.166659 -167.538717 -56.130926 118.852573 -0.159562 0.774130 0.567614 0.230386
1520616777.216661 -167.796856 -56.827883 118.183533 -0.175856 0.764611 0.574188 0.233993
1520616777.266662 -167.550811 -57.759667 118.450439 -0.191649 0.761119 0.572679 0.236657
1520616777.316664 -167.352636 -58.689625 118.760126 -0.203787 0.755488 0.572692 0.244403
1520616777.366666 -167.449452 -59.659931 118.981784 -0.208305 0.751745 0.570361 0.257249
1520616777.416667 -167.805858 -60.573256 119.178792 -0.210096 0.748311 0.566017 0.274799
1520616777.466704 -167.557867 -61.363945 119.738535 -0.215594 0.745355 0.562096 0.286378
1520616777.516670 -168.324536 -61.879885 119.356404 -0.194409 0.729987 0.564806 0.332140
1520616777.566918 -168.025216 -62.663897 119.900218 -0.201506 0.726605 0.561107 0.341466
1520616777.616919 -168.672599 -63.278083 119.448920 -0.196248 0.711322 0.563128 0.372015
1520616777.666921 -168.683671 -64.170468 119.900059 -0.203397 0.706069 0.560636 0.381815
1520616777.716922 -168.958326 -65.076145 120.223036 -0.207132 0.699501 0.560341 0.392189
1520616777.766924 -168.986860 -66.048790 119.992499 -0.206978 0.685428 0.571430 0.401020
1520616777.816925 -169.188831 -66.974246 120.313030 -0.210473 0.675887 0.575707 0.409193
1520616777.866927 -169.503438 -67.746816 119.761524 -0.209712 0.646666 0.593871 0.430304
1520616777.916929 -169.837789 -68.461162 119.146774 -0.207404 0.621742 0.607928 0.448157
1520616777.965326 -170.107251 -69.312205 118.696090 -0.198475 0.600256 0.620720 0.463688
1520616778.015328 -170.066201 -70.096182 119.315521 -0.197560 0.592083 0.622998 0.471467
1520616778.065329 -170.050562 -70.894064 119.918131 -0.196043 0.584172 0.622816 0.482090
1520616778.115331 -169.974841 -71.663338 120.552548 -0.193167 0.578059 0.622892 0.490449
1520616778.165332 -169.697208 -72.358076 121.216068 -0.192243 0.569679 0.626349 0.496180
1520616778.215334 -169.494166 -73.075249 121.882730 -0.192525 0.562354 0.631108 0.498393
1520616778.265336 -169.788418 -73.868299 121.349357 -0.174497 0.537099 0.646374 0.513104
1520616778.315337 -170.047344 -74.637502 120.765161 -0.159499 0.511898 0.661741 0.524041
1520616778.362358 -170.269977 -75.354197 120.104266 -0.137498 0.483170 0.679683 0.534483
1520616778.412360 -170.514531 -76.114086 119.501969 -0.118621 0.456398 0.695623 0.541976
1520616778.462361 -170.123267 -76.915442 119.954452 -0.123526 0.448302 0.709020 0.530148
1520616778.512362 -170.173496 -77.794257 119.479939 -0.096742 0.425345 0.730497 0.525449
1520616778.562364 -170.114772 -78.631723 118.936615 -0.075704 0.402559 0.752572 0.515608
1520616778.612365 -170.294860 -79.222952 118.150474 -0.053946 0.379743 0.769185 0.511116
1520616778.662367 -170.351811 -79.849304 117.373017 -0.032181 0.360058 0.785236 0.502720
1520616778.712369 -170.553683 -80.392262 116.557882 -0.011978 0.344023 0.796649 0.496844
1520616778.762370 -170.772026 -80.964477 115.767379 0.002407 0.332140 0.805178 0.491290
1520616778.810537 -171.146087 -81.384384 114.940482 0.012490 0.319612 0.813358 0.485943
1520616778.860535 -171.317529 -81.754662 114.027519 0.016065 0.304386 0.825542 0.474943
1520616778.910536 -171.623388 -82.175701 113.173601 0.017008 0.294834 0.835257 0.463820
1520616778.960537 -171.717601 -82.440891 112.214019 0.012342 0.287056 0.844101 0.452703
1520616779.010539 -171.830311 -82.762287 111.273806 0.007479 0.285440 0.851050 0.440660
1520616779.060541 -172.073723 -82.897072 110.313294 -0.000351 0.287231 0.856191 0.429459
1520616779.110598 -172.439129 -83.038157 109.393199 -0.003660 0.290123 0.859862 0.420062
1520616779.160544 -172.557372 -83.406479 108.471051 -0.011219 0.297403 0.860766 0.412925
1520616779.209789 -172.857052 -83.582509 107.533391 -0.012450 0.305882 0.861325 0.405463
1520616779.259791 -172.980191 -83.840859 106.575220 -0.016490 0.311282 0.861050 0.401777
1520616779.309792 -173.691253 -83.770882 105.875582 -0.017427 0.315721 0.860378 0.399707
1520616779.359794 -174.199388 -83.645875 105.023425 -0.020996 0.315088 0.861161 0.398348
1520616779.409795 -174.645315 -83.697480 104.129844 -0.029205 0.317846 0.862959 0.391693
1520616779.459797 -175.596358 -83.472573 103.917867 -0.024442 0.322112 0.862416 0.389725
1520616779.509799 -176.321198 -83.295507 103.252093 -0.022972 0.323300 0.863567 0.386265
1520616779.559800 -176.908776 -83.437344 102.455454 -0.023162 0.328669 0.863035 0.382898
1520616779.609576 -177.315730 -83.648756 101.566807 -0.034980 0.332757 0.863076 0.378351
1520616779.659576 -177.215583 -84.072383 100.666523 -0.053594 0.333356 0.864079 0.373321
1520616779.709578 -177.898254 -84.254605 99.958883 -0.050391 0.337347 0.865922 0.365836
1520616779.759579 -178.687662 -84.383292 99.358654 -0.050636 0.342880 0.865682 0.361197
1520616779.809582 -178.912244 -84.833831 98.494607 -0.062396 0.345737 0.865140 0.357919
1520616779.859583 -179.261950 -85.234948 97.647960 -0.078611 0.350530 0.861750 0.358240
1520616779.909585 -179.823551 -85.251105 96.820710 -0.087348 0.350257 0.858419 0.364428
1520616779.959586 -179.998357 -85.553546 95.883708 -0.113477 0.351315 0.853383 0.368018
1520616780.010065 -180.623173 -85.496444 95.105027 -0.127486 0.351390 0.852064 0.366414
1520616780.060066 -180.757710 -86.031746 94.271150 -0.161705 0.356613 0.847013 0.359510
1520616780.110068 -181.558898 -86.099311 93.676563 -0.162354 0.362926 0.843923 0.360165
1520616780.160069 -182.422286 -86.015674 93.179004 -0.167042 0.366240 0.839341 0.365338
1520616780.210071 -183.038742 -85.730119 92.445219 -0.173396 0.355813 0.840984 0.368887
1520616780.260072 -183.533381 -85.691472 91.576980 -0.184945 0.352485 0.840337 0.367946
1520616780.310074 -184.359418 -85.489716 91.050711 -0.194643 0.357903 0.835526 0.368668
1520616780.360075 -184.800328 -84.963133 91.777560 -0.247636 0.366770 0.822115 0.358166
1520616780.411786 -184.432239 -85.487791 91.009937 -0.291598 0.373236 0.811172 0.343025
1520616780.461787 -185.115797 -85.546106 90.282374 -0.277073 0.384208 0.813026 0.338531
1520616780.511789 -184.715502 -86.152315 89.595151 -0.321199 0.387785 0.800753 0.324421
1520616780.561790 -184.138839 -86.836071 89.148008 -0.369726 0.388816 0.785620 0.308101
1520616780.611791 -184.605101 -86.956671 88.271621 -0.373336 0.386773 0.787286 0.302008
1520616780.661796 -185.114713 -87.167397 87.437421 -0.384702 0.388733 0.782257 0.298269
1520616780.711795 -185.543939 -86.824654 86.601782 -0.384759 0.362221 0.799391 0.285886
1520616780.761876 -185.876211 -87.041820 85.683939 -0.402061 0.359117 0.793312 0.282911
1520616780.810660 -186.282955 -87.205158 84.785118 -0.420119 0.356982 0.786564 0.278176
1520616780.860663 -186.629076 -86.649408 84.029246 -0.424579 0.318370 0.811079 0.246017
1520616780.910664 -187.003201 -86.189591 83.223890 -0.418570 0.277640 0.835859 0.221486
1520616780.960665 -187.431156 -86.518851 82.382199 -0.418119 0.298538 0.826398 0.230472
1520616781.010667 -187.651227 -86.702933 81.424242 -0.445373 0.298781 0.812212 0.229532
1520616781.060668 -186.987800 -87.334126 81.022421 -0.513401 0.306479 0.772968 0.212157
1520616781.110671 -187.283921 -87.829279 80.205637 -0.546499 0.309658 0.747315 0.216729
1520616781.160671 -187.464756 -88.109597 79.262917 -0.572980 0.309163 0.727922 0.215038
1520616781.210674 -188.264898 -87.597374 79.575008 -0.636232 0.296106 0.681947 0.206103
1520616781.261109 -188.395774 -88.228517 78.810463 -0.634171 0.315625 0.669588 0.223291
1520616781.311111 -188.416551 -88.213079 77.810798 -0.633828 0.300205 0.680072 0.213638
1520616781.361112 -189.288436 -87.726357 77.864821 0.679238 -0.289550 -0.641841 -0.206970
1520616781.411114 -188.440010 -88.220860 78.053606 0.715718 -0.282017 -0.606488 -0.200963
1520616781.461116 -187.597670 -88.598460 78.438161 0.751762 -0.273400 -0.568133 -0.193211
1520616781.511117 -186.613164 -88.711912 78.571859 0.781654 -0.250008 -0.535936 -0.198207
1520616781.561119 -185.660818 -88.913906 78.800412 0.803717 -0.234867 -0.507653 -0.202893
1520616781.611120 -184.770514 -89.238980 78.481531 0.809563 -0.227807 -0.500025 -0.206608
1520616781.664536 -183.818056 -89.483896 78.300313 0.817335 -0.213128 -0.491184 -0.212786
1520616781.714537 -182.946888 -89.867690 78.606528 0.828188 -0.198251 -0.475738 -0.220172
1520616781.764540 -182.062405 -90.315804 78.736464 0.833776 -0.186906 -0.468439 -0.224607
1520616781.814541 -181.238851 -90.820502 78.477542 0.834425 -0.172197 -0.469367 -0.231900
1520616781.864543 -180.350767 -91.251106 78.316651 0.835312 -0.157373 -0.468756 -0.240322
1520616781.914544 -179.654600 -91.853832 78.706616 0.838557 -0.150051 -0.461947 -0.246802
1520616781.964545 -179.077498 -92.599244 79.040255 0.837466 -0.143905 -0.460971 -0.255830
1520616782.014547 -178.336582 -93.206895 79.326269 0.833714 -0.137226 -0.463368 -0.267171
1520616782.066580 -177.730885 -93.838838 79.809775 0.828413 -0.129321 -0.466732 -0.281371
1520616782.116582 -177.045074 -94.504539 80.103893 0.819767 -0.120662 -0.475345 -0.295751
1520616782.166584 -176.473575 -94.527907 80.924163 0.816774 -0.113272 -0.486218 -0.289209
1520616782.216585 -176.262535 -94.241735 81.858811 0.824531 -0.095641 -0.486410 -0.272777
1520616782.266587 -175.484414 -94.808079 82.130442 0.811824 -0.081276 -0.508684 -0.274913
1520616782.316588 -175.283954 -95.567798 82.749024 0.803466 -0.073335 -0.520009 -0.280455
1520616782.366590 -175.076199 -95.806205 83.697707 0.807498 -0.069223 -0.526183 -0.257463
1520616782.416692 -174.709382 -96.529786 84.282409 0.797157 -0.064234 -0.542922 -0.256224
1520616782.467312 -174.413670 -97.359371 84.756057 0.788740 -0.062268 -0.555520 -0.255752
1520616782.517313 -173.568290 -97.886388 84.668961 0.773536 -0.046009 -0.580038 -0.251158
1520616782.567315 -172.796757 -98.405708 85.036444 0.760051 -0.037340 -0.600445 -0.245753
1520616782.617316 -171.875309 -98.430634 85.424145 0.749465 -0.029830 -0.620273 -0.229505
1520616782.667318 -171.506730 -98.996525 86.161653 0.746840 -0.030386 -0.623873 -0.228233
1520616782.717320 -170.520872 -98.996521 86.329235 0.731876 -0.034140 -0.646030 -0.214096
1520616782.767321 -169.993047 -99.335133 87.108172 0.731788 -0.032661 -0.648222 -0.207913
1520616782.817323 -169.497813 -99.771115 87.859613 0.730530 -0.033201 -0.653017 -0.196960
1520616782.868398 -168.917091 -100.138966 88.585868 0.733314 -0.032688 -0.653147 -0.185959
1520616782.918400 -168.198262 -100.699515 88.997050 0.734002 -0.036301 -0.655052 -0.175588
1520616782.968400 -167.285638 -101.082631 88.854432 0.727565 -0.037712 -0.664923 -0.164632
1520616783.018403 -166.338290 -101.375947 88.725994 0.724232 -0.043952 -0.670934 -0.152984
1520616783.068405 -165.441407 -101.777351 88.540315 0.722925 -0.050886 -0.673707 -0.144597
1520616783.118406 -164.595351 -102.308292 88.588181 0.727057 -0.065903 -0.670029 -0.134556
1520616783.168408 -163.612989 -102.473124 88.676473 0.737253 -0.076407 -0.660386 -0.120461
1520616783.218409 -162.881351 -102.939825 88.179587 0.741881 -0.087806 -0.655341 -0.111497
1520616783.268410 -161.977741 -103.107460 87.785396 0.757202 -0.088376 -0.640032 -0.095890
1520616783.318412 -161.515357 -103.649676 87.083825 0.765135 -0.097711 -0.630357 -0.087589
1520616783.368413 -160.733020 -103.966302 86.547450 0.777755 -0.096537 -0.616834 -0.072760
1520616783.418414 -159.906985 -104.239380 87.040496 0.807719 -0.106136 -0.579864 -0.009099
1520616783.468418 -159.336771 -104.427324 87.840205 0.849531 -0.118983 -0.511118 0.053836
1520616783.518419 -158.908584 -103.786702 88.477589 0.880977 -0.083110 -0.456472 0.092769
1520616783.568419 -158.666281 -103.451569 89.388070 0.914686 -0.064027 -0.376204 0.133119
1520616783.618422 -157.795473 -103.846466 89.095240 0.921546 -0.049663 -0.360374 0.135707
1520616783.668423 -157.011685 -104.421090 88.859691 0.928568 -0.041193 -0.343697 0.133932
1520616783.718425 -156.115902 -104.837031 88.702953 0.934786 -0.028378 -0.329116 0.130588
1520616783.768427 -155.166030 -104.993083 88.432046 0.937365 -0.015302 -0.322705 0.130288
1520616783.818428 -154.273020 -105.098250 87.994470 0.938431 -0.003034 -0.318998 0.132581
1520616783.868430 -153.317618 -105.332762 87.814997 0.940216 0.008868 -0.314333 0.130808
1520616783.918431 -153.175785 -105.020207 88.754248 0.947734 0.030505 -0.289638 0.130304
1520616783.968432 -153.134805 -104.674445 89.691675 0.952660 0.055032 -0.269513 0.129510
1520616784.018435 -152.173383 -104.741690 89.424943 0.952422 0.075662 -0.269094 0.121472
1520616784.068436 -151.634207 -104.385617 90.188161 0.956495 0.099630 -0.249544 0.113664
1520616784.118436 -150.687417 -104.070575 90.122315 0.956466 0.118210 -0.243787 0.108477
1520616784.168439 -149.752121 -103.750473 89.971462 0.956101 0.139351 -0.236723 0.102055
1520616784.218440 -148.950015 -103.277076 89.607428 0.953124 0.164726 -0.234546 0.096996
1520616784.268441 -148.006982 -102.951469 89.675760 0.951909 0.190350 -0.225091 0.083490
1520616784.318444 -147.693405 -102.334145 90.397274 0.948698 0.223920 -0.211580 0.071173
1520616784.368444 -147.452045 -101.835883 91.230028 0.943027 0.260363 -0.199118 0.057125
1520616784.418447 -147.798872 -101.617189 92.142105 0.937081 0.286789 -0.191951 0.052786
1520616784.468448 -147.921918 -101.062957 92.965323 0.930228 0.306488 -0.194041 0.055583
1520616784.518265 -148.258778 -101.009736 93.905372 0.922361 0.326765 -0.197072 0.060312
1520616784.568265 -148.704181 -101.413148 93.106076 0.910847 0.347044 -0.213974 0.064287
1520616784.618268 -148.819647 -101.191628 94.074371 0.901932 0.359982 -0.227666 0.071410
1520616784.668269 -149.194849 -101.547159 93.218322 0.889563 0.372478 -0.251855 0.080665
1520616784.718270 -149.307228 -102.295544 93.871997 0.884194 0.380992 -0.260035 0.073672
1520616784.768272 -149.468376 -102.888175 94.661186 0.877935 0.390521 -0.267734 0.071009
1520616784.818273 -149.712354 -103.441282 95.457771 0.873407 0.399331 -0.270931 0.065506
1520616784.868275 -149.697881 -103.989137 96.294219 0.866779 0.402134 -0.287388 0.066265
1520616784.918462 -150.275996 -104.448751 96.968413 0.863456 0.405828 -0.290802 0.071979
1520616784.968463 -150.342767 -104.215625 97.938564 0.857367 0.401900 -0.309692 0.086540
1520616785.018466 -150.726950 -104.779117 98.669919 0.853088 0.408272 -0.312700 0.088166
1520616785.068466 -150.273422 -104.185288 99.334508 0.839383 0.411486 -0.338606 0.107060
1520616785.118469 -149.999854 -103.347261 99.806601 0.829261 0.407494 -0.359728 0.129891
1520616785.168470 -149.656606 -102.525891 100.262157 0.817988 0.400451 -0.382031 0.156802
1520616785.218472 -148.993900 -102.008007 100.803098 0.802306 0.399901 -0.406267 0.177005
1520616785.268473 -148.786650 -102.566788 101.606099 0.806879 0.394355 -0.406442 0.168031
1520616785.318475 -148.056469 -101.971119 101.940787 0.794202 0.394278 -0.426107 0.179502
1520616785.368477 -147.810561 -101.072488 102.304093 0.785775 0.389847 -0.439419 0.193620
1520616785.418478 -147.294222 -101.648475 102.937840 0.785783 0.385316 -0.448734 0.180868
1520616785.468480 -146.921949 -101.649953 103.865962 0.783125 0.385955 -0.451955 0.183005
1520616785.518481 -146.418219 -101.700554 104.728340 0.778872 0.388478 -0.457234 0.182700
1520616785.568483 -146.596044 -102.572276 104.271745 0.769457 0.388904 -0.466614 0.197384
1520616785.618484 -145.983512 -101.856884 104.607927 0.759493 0.392080 -0.476086 0.206846
1520616785.668485 -145.706670 -101.758650 105.563808 0.760128 0.386796 -0.474390 0.218057
1520616785.718487 -145.774231 -101.831296 106.558875 0.760413 0.391244 -0.467316 0.224313
1520616785.768489 -145.422800 -101.748331 107.491406 0.755403 0.393886 -0.472402 0.225959
1520616785.818490 -145.123849 -101.337984 108.352941 0.750537 0.392570 -0.476940 0.234756
1520616785.868492 -144.685236 -101.212260 109.242780 0.747391 0.387784 -0.481664 0.242963
1520616785.918494 -144.006735 -101.421157 109.947051 0.744522 0.380513 -0.491468 0.243633
1520616785.968494 -143.867523 -101.589904 110.922830 0.740224 0.380062 -0.494588 0.251008
1520616786.018497 -143.422800 -101.472871 111.810819 0.733335 0.380170 -0.499768 0.260620
1520616786.068497 -143.077516 -101.214937 112.713176 0.727193 0.373745 -0.505273 0.276052
1520616786.118500 -142.345864 -100.697468 113.156923 0.712347 0.374378 -0.517709 0.290483
1520616786.168501 -141.744116 -100.926652 113.922021 0.708186 0.361892 -0.529295 0.295557
1520616786.218503 -141.074298 -100.187203 113.854500 0.681698 0.366061 -0.548708 0.316554
1520616786.268505 -140.898963 -99.285171 113.460044 0.644123 0.350357 -0.574951 0.363025
1520616786.318506 -140.708879 -99.343232 114.440094 0.643546 0.339655 -0.576949 0.370962
1520616786.368507 -140.566783 -98.373609 114.240998 0.618797 0.310516 -0.594837 0.408459
1520616786.418509 -140.334939 -97.481736 113.852655 -0.597345 -0.294263 0.610767 -0.428431
1520616786.468511 -140.317290 -96.648464 113.300073 -0.569067 -0.280195 0.623894 -0.456519
1520616786.518512 -140.541470 -95.744203 113.663467 -0.554373 -0.284285 0.614676 -0.483762
1520616786.568514 -140.345348 -94.800407 113.929521 -0.542745 -0.278237 0.616872 -0.497474
1520616786.618515 -139.944372 -93.893849 114.061323 0.531474 0.273123 -0.623037 0.504741
1520616786.668516 -139.569337 -92.966993 114.078236 0.521459 0.271064 -0.627084 0.511244
1520616786.718519 -138.887990 -92.270065 113.854499 0.511122 0.265931 -0.632960 0.517104
1520616786.768521 -138.196693 -91.607967 113.565132 0.503804 0.256107 -0.636597 0.524724
1520616786.818521 -137.890790 -91.203535 112.703240 0.492578 0.242892 -0.642818 0.534000
1520616786.868524 -137.298958 -90.422149 112.505322 0.489172 0.233342 -0.642213 0.542056
1520616786.918525 -136.689262 -89.631798 112.445193 0.487768 0.227659 -0.638460 0.550112
1520616786.967438 -136.316832 -88.710294 112.335071 0.482221 0.222693 -0.632585 0.563654
1520616787.017440 -136.055541 -87.767933 112.126066 0.475997 0.215748 -0.623981 0.580972
1520616787.067445 -135.062285 -87.880413 112.154180 0.482647 0.189049 -0.634904 0.572896
1520616787.117442 -134.756962 -86.959846 111.910593 0.475190 0.187977 -0.635302 0.579008
1520616787.167444 -134.561126 -85.983980 111.813982 0.466487 0.184445 -0.633793 0.588792
1520616787.217446 -133.973898 -85.305827 111.372085 0.452586 0.169064 -0.638554 0.599025
1520616787.267447 -134.088666 -85.205071 110.383815 0.424823 0.150681 -0.646993 0.614996
1520616787.317463 -133.561994 -84.538399 109.856402 0.414461 0.134986 -0.651647 0.620771
1520616787.365852 -133.106589 -83.879913 109.257234 0.400109 0.119293 -0.657413 0.627288
1520616787.415853 -132.595673 -83.346138 108.583402 0.384449 0.105238 -0.663663 0.632989
1520616787.465855 -132.187068 -82.994408 107.741186 0.363545 0.095923 -0.670407 0.639678
1520616787.515857 -131.983791 -82.501217 106.895349 0.345083 0.090911 -0.671300 0.649622
1520616787.565858 -131.542614 -81.998692 106.151822 0.332132 0.085749 -0.671448 0.656881
1520616787.615860 -131.077067 -81.684191 105.324565 0.325011 0.078034 -0.670640 0.662208
1520616787.665861 -130.816561 -81.310538 104.434329 0.320741 0.073776 -0.670731 0.664682
1520616787.715863 -130.794235 -80.875163 103.534356 0.320997 0.073561 -0.675468 0.659767
1520616787.764108 -130.278463 -80.319181 102.882541 0.328033 0.067044 -0.672374 0.660162
1520616787.814110 -129.719911 -80.136501 102.073439 0.334506 0.058480 -0.668655 0.661503
1520616787.864112 -129.196834 -79.922870 101.248361 0.339971 0.056070 -0.668891 0.658681
1520616787.914113 -128.875890 -79.466468 100.418486 0.341676 0.061819 -0.667893 0.658297
1520616787.964115 -128.350604 -78.959548 99.735034 0.344560 0.070505 -0.665382 0.658463
1520616788.014116 -127.945467 -78.466402 98.965183 0.344256 0.080425 -0.659599 0.663286
1520616788.064118 -127.771676 -78.029537 98.082604 0.338151 0.092296 -0.653237 0.671131
1520616788.114120 -127.522653 -77.450476 97.306282 0.334778 0.100298 -0.645674 0.678947
1520616788.164121 -127.396912 -76.792856 96.563500 0.332305 0.105267 -0.641481 0.683370
1520616788.212737 -127.200013 -76.244462 95.750792 0.330056 0.102493 -0.637383 0.688695
1520616788.262739 -127.034561 -75.577608 95.024203 0.327677 0.097302 -0.636052 0.691808
1520616788.312742 -126.609487 -75.123887 94.240973 0.329193 0.088210 -0.640686 0.688021
1520616788.362743 -126.118336 -75.153168 93.370390 0.331916 0.078303 -0.643083 0.685671
1520616788.412744 -125.623331 -74.392990 92.949558 0.339828 0.072765 -0.640128 0.685170
1520616788.462746 -125.073135 -73.732287 92.438915 0.343508 0.068480 -0.638528 0.685270
1520616788.512747 -124.585263 -73.821291 91.570550 0.339154 0.063825 -0.643328 0.683396
1520616788.562749 -124.283210 -73.413999 90.708646 0.338212 0.066476 -0.645201 0.681842
1520616788.611557 -124.086221 -72.702826 90.033792 0.340760 0.070640 -0.643265 0.681984
1520616788.661558 -123.894409 -72.425040 89.092493 0.340858 0.071482 -0.644637 0.680550
1520616788.711559 -123.462091 -71.742094 88.503693 0.351159 0.074261 -0.642077 0.677429
1520616788.761561 -123.281580 -71.395882 87.583067 0.354816 0.082433 -0.643381 0.673329
1520616788.811563 -122.852541 -71.261676 86.689806 0.356677 0.080998 -0.643868 0.672052
1520616788.861564 -122.461685 -70.720501 85.945251 0.365596 0.085173 -0.637694 0.672630
1520616788.911565 -122.662036 -69.760109 85.751586 0.378925 0.102414 -0.626338 0.673519
1520616788.961603 -121.954323 -69.413011 85.136229 0.390997 0.103764 -0.617664 0.674422
1520616789.010904 -121.602780 -68.545856 84.783439 0.405521 0.113028 -0.603810 0.676898
1520616789.060905 -121.456408 -67.643645 84.377742 0.415773 0.121525 -0.592240 0.679423
1520616789.110908 -121.353918 -66.894309 83.723531 0.419925 0.130879 -0.583802 0.682429
1520616789.160908 -121.338494 -66.102320 83.113191 0.423035 0.139420 -0.576200 0.685272
1520616789.210910 -121.404255 -65.404711 82.399737 0.423073 0.151472 -0.572660 0.685657
1520616789.260911 -121.355835 -64.644802 81.751513 0.423695 0.156228 -0.569033 0.687224
1520616789.310913 -121.412897 -63.850597 81.146548 0.423721 0.155036 -0.568287 0.688095
1520616789.360914 -120.987157 -63.417484 80.352093 0.422580 0.150162 -0.573646 0.685425
1520616789.411003 -120.910473 -62.422274 80.291465 0.430671 0.153241 -0.571607 0.681400
1520616789.461005 -120.447809 -61.583675 80.003897 0.435959 0.152408 -0.571481 0.678322
1520616789.511006 -119.932052 -60.779892 79.707375 0.439835 0.147985 -0.572507 0.675930
1520616789.561008 -119.577209 -60.083407 79.083680 0.437478 0.150653 -0.573536 0.675998
1520616789.611009 -119.298640 -59.422416 78.386908 0.433725 0.157354 -0.571319 0.678761
1520616789.661011 -119.419934 -58.584958 77.854038 0.431979 0.171075 -0.563469 0.683103
1520616789.711012 -119.569859 -57.665175 77.491379 0.435428 0.184829 -0.553148 0.685761
1520616789.761014 -119.721898 -56.844907 76.939975 0.441176 0.204088 -0.543780 0.684116
1520616789.812220 -118.931151 -56.799561 76.329515 0.445950 0.200470 -0.540615 0.684599
1520616789.862222 -119.082717 -55.915624 75.887154 0.452766 0.222923 -0.528577 0.682579
1520616789.912224 -119.326951 -54.979969 75.632398 0.461025 0.240095 -0.518477 0.678964
1520616789.962225 -119.292894 -54.036072 75.303920 0.472787 0.255721 -0.508820 0.672444
1520616790.012228 -119.124961 -53.488796 74.483988 0.481130 0.265000 -0.503116 0.667206
1520616790.062229 -119.137092 -53.032666 73.594158 0.486115 0.275358 -0.497419 0.663660
1520616790.112230 -119.039508 -52.425365 72.805702 0.494657 0.282892 -0.486817 0.662039
1520616790.162232 -118.677191 -51.607716 72.358292 0.504608 0.292929 -0.475043 0.658709
1520616790.212307 -118.719541 -50.914571 71.638739 0.506151 0.305513 -0.465111 0.658897
1520616790.262308 -118.710300 -50.194051 70.945366 0.510875 0.315658 -0.453172 0.658789
1520616790.312309 -118.733906 -49.488119 70.237480 0.513990 0.327718 -0.442984 0.657405
1520616790.362311 -118.825963 -48.748749 69.570503 0.516917 0.339096 -0.431584 0.656921
1520616790.412313 -118.605468 -47.962907 68.992719 0.523654 0.349312 -0.420871 0.653172
1520616790.462314 -118.368022 -47.151876 68.458071 0.529790 0.360704 -0.409178 0.649453
1520616790.512316 -118.249195 -46.207756 68.150634 0.535583 0.377560 -0.394608 0.644114
1520616790.562317 -118.170089 -45.213877 68.073518 0.541459 0.394926 -0.379806 0.637654
1520616790.612378 -117.533925 -44.731318 67.471495 0.544532 0.399646 -0.378552 0.632824
1520616790.660990 -117.589193 -43.735142 67.403824 0.550519 0.418428 -0.362906 0.624617
1520616790.710992 -117.738136 -42.811136 67.051648 0.551792 0.439142 -0.349923 0.616631
1520616790.760993 -118.412536 -42.074561 67.000237 0.549541 0.472923 -0.336850 0.600734
1520616790.810995 -118.700968 -41.393434 67.673194 0.561743 0.492522 -0.317567 0.583967
1520616790.860996 -119.259851 -40.859489 68.307664 0.569313 0.514582 -0.297517 0.567954
1520616790.910998 -119.626981 -39.982724 68.618308 0.572195 0.531015 -0.283315 0.557090
1520616790.960999 -119.780126 -39.004850 68.475799 0.567642 0.545139 -0.276217 0.551644
1520616791.011001 -120.279068 -38.265223 68.927472 0.560880 0.566005 -0.265920 0.542530
1520616791.060411 -120.960638 -37.533485 68.932167 0.548273 0.588434 -0.255536 0.536511
1520616791.110412 -121.108208 -36.547823 69.013975 0.546960 0.599166 -0.246492 0.530166
1520616791.160414 -121.492534 -35.627569 69.087635 0.542280 0.612310 -0.236741 0.524369
1520616791.210415 -122.004855 -34.923867 69.579906 0.540926 0.621892 -0.220738 0.521464
1520616791.260417 -122.549182 -34.086050 69.621986 0.538022 0.630271 -0.205953 0.520456
1520616791.310418 -123.112607 -33.637926 70.316059 0.542769 0.637857 -0.187138 0.513342
1520616791.360420 -123.855219 -33.021785 70.578543 0.545682 0.648082 -0.173421 0.502141
1520616791.410422 -124.662368 -32.483594 70.821154 0.546809 0.659239 -0.159193 0.490980
1520616791.460058 -125.184913 -31.743090 71.243766 0.551487 0.666974 -0.145207 0.479502
1520616791.510060 -125.634689 -30.855646 71.344486 0.557799 0.667019 -0.134166 0.475336
1520616791.560062 -126.258920 -30.190134 71.753666 0.559540 0.679754 -0.120767 0.458545
1520616791.610064 -126.876135 -29.669383 72.343466 0.560128 0.694991 -0.104494 0.438549
1520616791.660065 -127.568993 -29.196160 72.887533 0.556327 0.709430 -0.086994 0.423841
1520616791.710066 -128.191458 -28.795434 73.559809 0.551725 0.722948 -0.070247 0.409892
1520616791.760068 -128.375332 -28.045101 74.194782 0.557032 0.731327 -0.048430 0.390552
1520616791.810069 -127.699079 -28.226826 73.480879 0.547611 0.748426 -0.024884 0.373312
1520616791.860033 -127.226989 -28.588139 72.676774 0.547651 0.759846 0.001084 0.350303
1520616791.910035 -126.587302 -29.327661 72.467230 0.536912 0.776502 0.021781 0.329084
1520616791.960036 -127.348896 -29.008298 73.031130 0.522131 0.793947 0.040530 0.308843
1520616792.010038 -126.605245 -29.072824 72.365682 0.509479 0.809391 0.060434 0.285771
1520616792.060043 -127.085847 -28.266214 72.709778 0.510768 0.812414 0.063635 0.273953
1520616792.110040 -127.804348 -27.573847 72.643575 0.504805 0.812574 0.070237 0.282775
1520616792.160047 -128.006370 -26.598932 72.550153 0.505895 0.818828 0.080595 0.259027
1520616792.210044 -128.235934 -25.632239 72.663318 0.506880 0.822240 0.081628 0.245625
1520616792.260230 -128.307542 -24.634854 72.653546 0.506657 0.826824 0.081626 0.230214
1520616792.310152 -128.335957 -23.635279 72.660053 0.507859 0.829567 0.077164 0.218961
1520616792.360153 -128.913229 -23.342219 73.422203 0.496555 0.838176 0.092194 0.205899
1520616792.410155 -129.353585 -23.616446 74.277122 0.491328 0.844598 0.100352 0.187562
1520616792.460156 -130.111531 -23.802819 74.902249 0.472656 0.856813 0.112731 0.172508
1520616792.510158 -130.519130 -24.126018 75.756301 0.471788 0.858677 0.114927 0.163958
1520616792.560159 -130.857354 -24.432826 76.645949 0.466052 0.862425 0.116919 0.159209
1520616792.610161 -131.358541 -24.576698 77.499244 0.448222 0.871132 0.124315 0.157389
1520616792.660163 -131.590676 -24.805906 78.444536 0.436848 0.876449 0.127389 0.157398
1520616792.710271 -131.768205 -24.529360 79.388996 0.427495 0.880012 0.126038 0.164138
1520616792.760273 -131.799158 -24.308277 80.363760 0.420132 0.882557 0.122311 0.172111
1520616792.810274 -131.696006 -24.044591 81.322837 0.413096 0.885497 0.116332 0.178084
1520616792.860276 -132.623313 -23.958456 81.687092 0.404557 0.881664 0.121873 0.210116
1520616792.910277 -133.013018 -23.535904 82.505370 0.395708 0.884684 0.117064 0.216901
1520616792.960279 -133.942786 -23.703388 82.833213 0.392199 0.876927 0.126732 0.247220
1520616793.010280 -134.696368 -23.447366 83.438662 0.381717 0.878353 0.124455 0.259423
1520616793.060282 -135.556379 -23.576414 83.932349 0.369098 0.879207 0.126823 0.273272
1520616793.110412 -136.510181 -23.813120 84.117365 0.365135 0.868750 0.136000 0.305701
1520616793.160413 -137.178085 -23.328640 84.682329 0.359969 0.868552 0.124224 0.317187
1520616793.210415 -136.999284 -23.372370 85.665242 0.358465 0.868697 0.118507 0.320661
1520616793.260417 -137.792097 -23.353334 86.274410 0.356417 0.862458 0.118729 0.339169
1520616793.310419 -138.789469 -23.409486 86.320177 0.355689 0.847676 0.127789 0.372291
1520616793.360420 -139.059978 -23.352445 87.281203 0.360224 0.844751 0.122053 0.376481
1520616793.410422 -140.031011 -23.114022 87.296996 0.361854 0.823566 0.120593 0.419832
1520616793.460423 -140.997344 -23.057531 87.548012 0.362065 0.811320 0.120802 0.442805
1520616793.510510 -141.610328 -22.883469 88.318695 0.359897 0.807036 0.115638 0.453647
1520616793.560512 -142.426442 -22.305581 88.316934 0.347099 0.790056 0.102059 0.494892
1520616793.610515 -143.018339 -22.055116 89.083045 0.345243 0.781280 0.096092 0.511053
1520616793.660515 -142.938607 -22.277908 90.054645 0.339421 0.779843 0.092594 0.517750
1520616793.710517 -143.930267 -22.160847 90.000725 0.338400 0.756902 0.092655 0.551362
1520616793.760519 -144.921238 -22.238291 90.110174 0.353528 0.725373 0.098834 0.582310
1520616793.810520 -144.975824 -22.585976 91.046196 0.361828 0.714898 0.094901 0.590758
1520616793.860522 -144.963489 -23.015861 91.948995 0.371817 0.703325 0.091732 0.598892
1520616793.910856 -145.447584 -22.184039 91.677475 0.356380 0.670161 0.057645 0.648502
1520616793.960753 -145.714522 -22.459481 92.600988 0.355817 0.665723 0.056838 0.653434
1520616794.010755 -146.585646 -22.167037 92.206502 0.351638 0.634410 0.056500 0.686063
1520616794.060756 -147.512568 -21.881948 91.962495 0.343003 0.610385 0.055123 0.711857
1520616794.110758 -148.428874 -21.546276 91.744071 0.330144 0.588443 0.051245 0.736283
1520616794.160759 -148.966210 -20.992133 91.108307 0.310300 0.559100 0.041008 0.767750
1520616794.210761 -149.411694 -20.362705 90.471625 0.290446 0.535484 0.026664 0.792583
1520616794.260763 -150.230584 -20.064700 89.981103 0.283957 0.503569 0.027936 0.815479
1520616794.310712 -150.751042 -19.477239 89.361415 0.268296 0.478927 0.015136 0.835713
1520616794.360714 -151.598537 -19.110252 88.977915 0.253337 0.455654 0.013822 0.853234
1520616794.410715 -152.394319 -18.849946 88.431132 0.238883 0.427807 0.019499 0.871513
1520616794.460717 -153.111286 -18.539724 87.806856 0.228375 0.392964 0.026687 0.890344
1520616794.510718 -153.960922 -18.463220 88.328647 0.224257 0.384442 0.034212 0.894842
1520616794.560720 -154.695919 -18.175929 88.942848 0.225411 0.371781 0.034431 0.899880
1520616794.610721 -155.466786 -17.993283 89.553097 0.220956 0.361343 0.032857 0.905279
1520616794.660723 -156.293646 -17.741182 90.055839 0.215151 0.349952 0.029050 0.911263
1520616794.710424 -157.126244 -17.549686 90.575558 0.206608 0.337933 0.023737 0.917906
1520616794.760426 -157.898932 -17.425623 91.198104 0.195001 0.331066 0.019597 0.923031
1520616794.810427 -158.641023 -17.613748 91.841461 0.171931 0.340607 0.023772 0.924046
1520616794.860428 -159.401382 -17.271598 92.393537 0.168591 0.325687 0.021438 0.930078
1520616794.910431 -160.368090 -17.017616 92.362403 0.160455 0.299504 0.023730 0.940207
1520616794.960433 -161.341460 -16.984790 92.589280 0.153582 0.282849 0.033404 0.946199
1520616795.010434 -162.290943 -16.814378 92.852799 0.149060 0.270385 0.036335 0.950449
1520616795.060436 -163.224521 -16.917890 93.195898 0.130687 0.279228 0.040968 0.950407
1520616795.110436 -164.154649 -16.699071 93.490822 0.123003 0.275284 0.037173 0.952737
1520616795.160325 -165.069467 -16.311477 93.604305 0.114502 0.256977 0.032110 0.959073
1520616795.210327 -165.705636 -16.316355 92.832771 0.095008 0.215329 0.046012 0.970819
1520616795.260328 -166.684233 -16.114136 92.870928 0.087837 0.211415 0.051137 0.972097
1520616795.310330 -167.592772 -15.714151 92.991628 0.085024 0.195005 0.052827 0.975681
1520616795.360331 -168.566279 -15.506378 93.087101 0.080769 0.187485 0.063417 0.976885
1520616795.410333 -169.562973 -15.462167 93.018940 0.075270 0.177352 0.075693 0.978341
1520616795.460334 -169.951487 -15.471532 92.097545 0.067377 0.137680 0.089405 0.984130
1520616795.510340 -170.399984 -15.389369 91.207545 0.059118 0.095562 0.101746 0.988444
1520616795.560232 -170.071655 -15.486032 92.147150 0.049304 0.051061 0.119289 0.990319
1520616795.610234 -171.026134 -15.256432 91.956743 0.053704 0.044709 0.133788 0.988543
1520616795.660235 -172.007241 -15.063147 91.948355 0.056409 0.033790 0.142694 0.987580
1520616795.710237 -172.912207 -15.271432 91.577337 0.040460 0.041901 0.159940 0.985407
1520616795.760238 -172.849260 -14.719092 90.746098 0.034076 0.009963 0.152359 0.987687
1520616795.810240 -172.912598 -14.737768 89.748280 0.019370 -0.026359 0.178536 0.983390
1520616795.860242 -173.163101 -14.851590 88.786879 0.002548 -0.049348 0.205038 0.977506
1520616795.910243 -173.311453 -15.122961 87.835906 -0.016808 -0.065655 0.229095 0.971042
1520616795.960321 -173.193010 -15.184424 86.844849 -0.029929 -0.081196 0.251238 0.964049
1520616796.010322 -173.123099 -15.001853 85.864145 -0.036825 -0.084205 0.266313 0.959495
1520616796.060324 -172.901616 -14.982182 84.889179 -0.040655 -0.080978 0.283355 0.954725
1520616796.110325 -173.623835 -15.598541 85.203032 -0.038146 -0.071297 0.301984 0.949877
1520616796.160327 -173.207719 -15.537283 84.295786 -0.039111 -0.053772 0.317370 0.945968
1520616796.210329 -173.143850 -16.064129 83.448228 -0.040246 -0.020900 0.316389 0.947545
1520616796.260330 -172.340772 -15.543492 83.158397 -0.040339 -0.005608 0.329754 0.943188
1520616796.310332 -171.508496 -15.009073 83.011038 -0.040100 0.010365 0.342972 0.938432
1520616796.360355 -170.683257 -14.997509 82.446374 -0.061802 0.016229 0.348154 0.935257
1520616796.410357 -170.089593 -14.407261 81.899409 -0.064034 0.042720 0.362963 0.928618
1520616796.460358 -170.106433 -14.893108 81.025527 -0.080197 0.084494 0.357540 0.926604
1520616796.510360 -169.394677 -15.078035 80.347881 -0.119834 0.086932 0.349336 0.925228
1520616796.560362 -168.823207 -15.345415 79.572039 -0.152469 0.098531 0.334404 0.924780
1520616796.610363 -168.682495 -16.033896 78.860565 -0.176395 0.130191 0.304254 0.927019
1520616796.660365 -168.676253 -16.662166 78.082595 -0.195571 0.157479 0.283014 0.925665
1520616796.710367 -168.985267 -17.398928 77.481187 -0.209053 0.185332 0.254165 0.925931
1520616796.760538 -169.274468 -17.897660 76.664101 -0.218865 0.206549 0.234703 0.924311
1520616796.810539 -169.653384 -18.588161 76.047959 -0.229714 0.224727 0.209982 0.923383
1520616796.860541 -169.557715 -18.967901 75.127826 -0.239917 0.226479 0.191340 0.924411
1520616796.910542 -169.711110 -19.328451 74.207786 -0.249762 0.225984 0.174067 0.925338
1520616796.960544 -169.760933 -19.873051 73.370571 -0.265768 0.217073 0.156227 0.926196
1520616797.010546 -169.820618 -20.273890 72.456369 -0.280713 0.204022 0.135037 0.928084
1520616797.060547 -169.558436 -20.780478 71.635011 -0.294768 0.188198 0.113636 0.929936
1520616797.110549 -169.650209 -21.218650 70.740817 -0.304263 0.172178 0.093178 0.932253
1520616797.160543 -170.007211 -21.813919 70.020953 -0.312576 0.156208 0.076014 0.933872
1520616797.210545 -170.306843 -22.376051 69.250091 -0.319065 0.137751 0.060150 0.935737
1520616797.260546 -170.652690 -23.050593 68.597877 -0.326912 0.119788 0.049628 0.936118
1520616797.310548 -171.010783 -23.570966 67.822647 -0.332707 0.100619 0.042893 0.936665
1520616797.360549 -171.642235 -23.782133 67.076539 -0.332021 0.081471 0.034009 0.939131
1520616797.410551 -172.493053 -23.988976 66.593501 -0.333925 0.065289 0.027450 0.939935
1520616797.460553 -173.298962 -24.202299 66.041230 -0.336858 0.046085 0.028134 0.940006
1520616797.510554 -173.680370 -24.642840 65.228548 -0.336439 0.012969 0.024096 0.941307
1520616797.560556 -173.851243 -25.297367 64.492073 -0.342905 -0.014058 0.030675 0.938764
1520616797.610662 -174.132261 -25.925216 63.766238 -0.349308 -0.042524 0.039719 0.935200
1520616797.660665 -173.894919 -26.401638 62.919663 -0.354779 -0.075190 0.055915 0.930243
1520616797.710665 -173.859729 -27.081035 62.186735 -0.360736 -0.111305 0.072211 0.923183
1520616797.760668 -173.436807 -27.193530 61.287579 -0.352186 -0.160467 0.077133 0.918839
1520616797.810669 -173.635723 -26.419158 61.888229 -0.361455 -0.195502 0.109646 0.905045
1520616797.860671 -174.075773 -25.655612 62.360832 -0.370488 -0.229690 0.142931 0.888567
1520616797.910672 -173.775713 -25.995381 61.469473 -0.368688 -0.258469 0.163940 0.877717
1520616797.960674 -173.082983 -26.538351 60.994805 -0.377106 -0.284283 0.189114 0.860936
1520616798.012466 -173.882441 -26.038583 61.328120 -0.384440 -0.307086 0.215676 0.843438
1520616798.062468 -172.924103 -25.932138 61.063058 -0.382762 -0.326954 0.234296 0.831685
1520616798.112470 -171.952043 -26.163101 61.021175 -0.384182 -0.338864 0.254859 0.820136
1520616798.162472 -172.666975 -26.069271 61.714045 -0.375452 -0.359669 0.262058 0.813019
1520616798.212473 -171.855977 -26.651842 61.660255 -0.385668 -0.367051 0.284150 0.797366
1520616798.262475 -171.453648 -26.491535 60.758904 -0.390413 -0.360871 0.301782 0.791377
1520616798.312475 -170.549225 -26.145772 60.508969 -0.396664 -0.358012 0.311789 0.785667
1520616798.362478 -169.660924 -25.801827 60.204629 -0.402586 -0.348863 0.325531 0.781184
1520616798.412920 -169.121906 -25.798620 59.362341 -0.418429 -0.316934 0.344715 0.778230
1520616798.462923 -168.347719 -25.711155 58.735456 -0.430700 -0.292697 0.356139 0.775881
1520616798.512923 -167.842000 -24.884606 58.488346 -0.428930 -0.284182 0.369868 0.773600
1520616798.562928 -166.957470 -24.747641 58.042424 -0.441599 -0.263128 0.376453 0.770738
1520616798.612926 -166.107948 -24.287089 57.785121 -0.451797 -0.250473 0.377927 0.768319
1520616798.662927 -165.270870 -24.314755 57.238737 -0.466687 -0.224757 0.373296 0.769635
1520616798.712929 -164.670272 -23.638425 56.812286 -0.465920 -0.211881 0.375831 0.772513
1520616798.762930 -164.240891 -24.449674 56.415414 -0.486680 -0.171856 0.354205 0.779838
1520616798.812695 -164.256508 -25.377900 56.043727 -0.507560 -0.120556 0.330060 0.786708
1520616798.862679 -163.293328 -25.114916 56.099611 -0.518487 -0.117533 0.321689 0.783501
1520616798.912681 -162.855283 -25.702324 55.419120 -0.529253 -0.087312 0.302165 0.788013
1520616798.962682 -162.180719 -25.377596 54.756161 -0.526211 -0.085741 0.289000 0.795129
1520616799.012684 -161.908181 -26.246265 54.342473 -0.545376 -0.068280 0.259157 0.794192
1520616799.062686 -161.369682 -27.078482 54.210437 -0.565389 -0.063812 0.216038 0.793468
1520616799.112687 -160.606685 -27.108638 53.564738 -0.568517 -0.068632 0.194389 0.796424
1520616799.162689 -160.236621 -28.021594 53.392798 -0.579443 -0.065047 0.158070 0.796887
1520616799.213304 -159.635962 -28.803546 53.226186 -0.583255 -0.067887 0.123690 0.799941
1520616799.263306 -159.158427 -29.682154 53.229134 -0.584272 -0.077433 0.089433 0.802890
1520616799.313307 -159.104463 -30.645882 52.967760 -0.584374 -0.088594 0.062522 0.804207
1520616799.363309 -158.673729 -31.535760 53.118047 -0.587909 -0.108701 0.039872 0.800598
1520616799.413310 -158.618872 -32.485575 52.810081 -0.589449 -0.124306 0.020416 0.797923
1520616799.463312 -158.649889 -33.471735 52.647214 -0.594118 -0.139245 0.004714 0.792220
1520616799.513314 -158.524403 -34.429805 52.389620 -0.597903 -0.157507 -0.010194 0.785875
1520616799.563315 -158.690517 -35.414977 52.346687 -0.603476 -0.172444 -0.020821 0.778233
1520616799.613317 -158.231724 -36.261174 52.075654 -0.606857 -0.192344 -0.027696 0.770689
1520616799.661990 -158.285474 -37.218709 51.792393 -0.608551 -0.209281 -0.034880 0.764624
1520616799.711992 -158.163123 -37.875483 51.048297 -0.602527 -0.228521 -0.039736 0.763649
1520616799.761994 -158.154242 -38.821997 50.725758 -0.605403 -0.246455 -0.035565 0.755964
1520616799.811995 -158.273795 -39.631881 50.151481 -0.604859 -0.258325 -0.030647 0.752645
1520616799.861997 -158.788381 -40.135641 49.457631 -0.603993 -0.259895 -0.027798 0.752910
1520616799.911999 -158.807734 -41.120210 49.283707 -0.610295 -0.273358 -0.014586 0.743372
1520616799.961999 -158.223217 -41.919604 49.144747 -0.614247 -0.300516 -0.005488 0.729630
1520616800.012002 -157.747945 -42.731087 49.484762 -0.625723 -0.317380 0.023097 0.712185
1520616800.061088 -157.310149 -43.610120 49.673537 -0.635493 -0.333724 0.045529 0.694769
1520616800.111089 -156.629973 -44.302925 49.913083 -0.639969 -0.354954 0.061034 0.678765
1520616800.161091 -156.041320 -45.055417 50.208453 -0.644501 -0.370806 0.084877 0.663262
1520616800.211093 -155.398064 -45.694514 50.630088 -0.647724 -0.387751 0.111008 0.646359
1520616800.261095 -154.805188 -46.386567 51.041865 -0.649595 -0.398894 0.142773 0.631289
1520616800.311096 -154.317721 -47.154947 51.456556 -0.651305 -0.407785 0.169117 0.617181
1520616800.361097 -153.642266 -47.703248 51.949635 -0.652160 -0.415200 0.193561 0.604012
1520616800.411099 -153.000871 -48.188224 52.544118 -0.655286 -0.418605 0.217339 0.590029
1520616800.460902 -153.166355 -48.744603 51.729834 -0.655023 -0.402361 0.238196 0.593559
1520616800.510864 -152.349703 -49.206406 52.075980 -0.662480 -0.398069 0.256761 0.580289
1520616800.560865 -151.469537 -49.532766 52.420649 -0.673231 -0.390973 0.270458 0.566350
1520616800.610867 -150.649100 -50.003217 52.745550 -0.686702 -0.380989 0.283666 0.550293
1520616800.660869 -149.682209 -50.257474 52.723759 -0.697293 -0.370723 0.295427 0.537652
1520616800.710870 -149.109713 -51.043863 52.955795 -0.714525 -0.341882 0.307387 0.527337
1520616800.760872 -148.338572 -51.427333 53.464020 -0.725666 -0.320451 0.314810 0.521166
1520616800.810873 -147.528416 -51.703821 53.980936 -0.735773 -0.301305 0.320541 0.514884
1520616800.860626 -146.848284 -52.139972 54.570166 -0.746998 -0.279168 0.328310 0.506233
1520616800.910627 -146.387570 -52.879393 55.061082 0.758327 0.254692 -0.336092 -0.497106
1520616800.960629 -145.769364 -53.453985 55.597427 0.768291 0.237483 -0.336183 -0.490216
1520616801.010630 -145.171658 -54.075014 56.104448 0.779213 0.217997 -0.332730 -0.484350
1520616801.060632 -144.561776 -54.600746 56.697448 0.789892 0.201197 -0.327658 -0.477734
1520616801.110634 -144.114749 -55.309670 57.242970 0.801919 0.183707 -0.317373 -0.471649
1520616801.160635 -143.285335 -55.817984 57.474678 0.812300 0.168307 -0.310627 -0.464061
1520616801.210637 -142.573381 -56.300591 57.984789 0.825359 0.159456 -0.294544 -0.454533
1520616801.260343 -141.803435 -56.709306 58.474824 0.838944 0.151758 -0.272775 -0.445798
1520616801.310344 -141.206527 -57.222615 59.091440 0.851449 0.148032 -0.246480 -0.438599
1520616801.360345 -140.278394 -57.446745 58.794230 0.854172 0.144102 -0.236705 -0.439994
1520616801.410347 -139.301670 -57.642950 58.880915 0.857440 0.140461 -0.226574 -0.440149
1520616801.460349 -138.370105 -57.561622 58.526552 0.855699 0.142941 -0.220113 -0.445979
1520616801.510350 -137.400115 -57.318946 58.541603 0.856089 0.152303 -0.214896 -0.444675
1520616801.560353 -136.444009 -57.062803 58.683912 0.856529 0.165873 -0.205452 -0.443434
1520616801.610354 -135.465865 -56.862218 58.738694 0.853694 0.181693 -0.198843 -0.445708
1520616801.660317 -134.518291 -56.632703 58.961012 0.853049 0.196877 -0.185632 -0.446192
1520616801.710320 -133.547704 -56.462359 58.790878 0.847214 0.211631 -0.177244 -0.453900
1520616801.760321 -132.602822 -56.353820 59.099773 0.847066 0.236984 -0.168915 -0.444730
1520616801.810323 -131.642128 -56.339626 59.377020 0.846139 0.250668 -0.151955 -0.445111
1520616801.860323 -131.022637 -56.682612 60.083131 0.846151 0.262146 -0.117697 -0.448837
1520616801.910326 -130.353321 -56.971576 60.767613 0.844196 0.273956 -0.088724 -0.452117
1520616801.960326 -129.428044 -56.915556 61.142746 0.839737 0.278212 -0.080910 -0.459232
1520616802.010329 -129.028868 -56.992731 62.056366 0.838112 0.286132 -0.061321 -0.460365
1520616802.060330 -128.512594 -57.595936 62.664318 0.835168 0.289130 -0.050628 -0.465118
1520616802.110533 -127.963327 -57.824579 63.468077 0.835351 0.302843 -0.044566 -0.456606
1520616802.160471 -127.387047 -58.615700 63.673088 0.833187 0.313967 -0.034701 -0.453895
1520616802.210473 -126.671801 -59.036556 64.231033 0.833091 0.329835 -0.031816 -0.442894
1520616802.260475 -126.110696 -59.781926 64.591012 0.831438 0.341190 -0.033193 -0.437263
1520616802.310476 -125.433626 -59.970985 65.302232 0.830135 0.356457 -0.040644 -0.426805
1520616802.360478 -125.443275 -60.028678 66.300519 0.833445 0.366799 -0.043702 -0.410995
1520616802.410480 -125.329457 -60.798630 66.928389 0.824777 0.379697 -0.040000 -0.417100
1520616802.460481 -124.918820 -60.857648 67.838276 0.819126 0.389793 -0.061596 -0.416292
1520616802.510608 -124.655660 -61.062276 68.781077 0.817017 0.400695 -0.084449 -0.405950
1520616802.560610 -123.862051 -61.033641 69.388831 0.808421 0.424532 -0.097678 -0.395838
1520616802.610611 -123.400305 -61.130339 70.270557 0.804741 0.443593 -0.111036 -0.378535
1520616802.660613 -122.568796 -61.594785 70.575323 0.795845 0.462546 -0.118323 -0.372401
1520616802.710615 -121.879729 -62.256221 70.871447 0.787931 0.479871 -0.120353 -0.366612
1520616802.760616 -121.142482 -62.775901 71.303185 0.780613 0.496760 -0.124789 -0.358191
1520616802.810618 -120.693113 -63.595121 71.659480 0.774149 0.510546 -0.127638 -0.351775
1520616802.860619 -120.326371 -64.501649 71.868545 0.766877 0.522819 -0.129167 -0.349108
1520616802.911119 -119.684751 -65.158528 72.264566 0.758927 0.536467 -0.140094 -0.341477
1520616802.961120 -119.196477 -65.008190 73.124210 0.756120 0.552045 -0.157384 -0.314259
1520616803.011122 -118.489221 -65.635096 73.450977 0.747010 0.568000 -0.161660 -0.305316
1520616803.061124 -117.777732 -66.273134 73.745409 0.739259 0.580719 -0.169628 -0.295783
1520616803.111126 -117.499684 -65.955746 74.652025 0.739181 0.599486 -0.186039 -0.244165
1520616803.161127 -117.198937 -66.861269 74.951323 0.737935 0.605211 -0.181301 -0.237279
1520616803.211128 -116.967809 -66.442037 75.829290 0.737836 0.615923 -0.201316 -0.188967
1520616803.261130 -116.788602 -66.112419 76.756240 0.738155 0.622159 -0.215194 -0.147437
1520616803.311526 -116.874262 -66.102488 77.752515 0.747192 0.621020 -0.213764 -0.101706
1520616803.361527 -116.871629 -65.497880 78.549034 0.745553 0.626217 -0.222512 -0.049917
1520616803.411528 -116.388055 -66.114298 79.170473 0.746405 0.626685 -0.220689 -0.037980
1520616803.461529 -115.941731 -66.812038 79.730788 0.744450 0.630120 -0.218983 -0.028090
1520616803.511531 -115.946994 -66.412007 80.647275 0.745540 0.625368 -0.230046 0.012790
1520616803.561533 -115.749972 -65.944518 81.509038 0.737592 0.629723 -0.239660 0.044389
1520616803.611534 -115.976981 -65.536985 82.393562 0.736266 0.623027 -0.247669 0.091704
1520616803.661536 -115.771288 -64.874231 83.113595 0.722904 0.627894 -0.261500 0.121558
1520616803.710872 -115.262554 -65.545053 83.653213 0.718976 0.627528 -0.269757 0.128502
1520616803.760961 -115.313848 -64.825960 84.346232 0.705111 0.632980 -0.279132 0.155690
1520616803.810875 -114.774827 -65.346788 85.008194 0.699014 0.634719 -0.284629 0.165825
1520616803.860877 -114.778397 -64.753169 85.812932 0.687419 0.634403 -0.291055 0.200685
1520616803.910878 -114.320243 -65.069762 86.643512 0.680954 0.638135 -0.292134 0.209147
1520616803.960880 -114.566149 -64.281773 87.207961 0.669632 0.630907 -0.302882 0.248620
1520616804.010881 -114.584217 -64.782374 88.073450 0.669196 0.639777 -0.281069 0.252710
1520616804.060883 -114.417030 -65.345408 88.882796 0.664097 0.647470 -0.272617 0.255808
1520616804.110661 -113.836502 -65.724720 89.603289 0.653719 0.646537 -0.283911 0.272097
1520616804.160663 -113.394805 -65.926648 90.477434 0.643813 0.647250 -0.290491 0.286684
1520616804.210664 -112.944334 -66.136118 91.345304 0.630204 0.645440 -0.297515 0.312627
1520616804.260666 -112.627798 -66.465754 92.234767 0.620416 0.652481 -0.290843 0.323671
1520616804.310668 -112.276971 -66.773581 93.119167 0.612147 0.656831 -0.283789 0.336621
1520616804.360669 -111.732642 -67.167456 93.859821 0.601535 0.656162 -0.286179 0.354552
1520616804.410671 -111.270319 -67.458676 94.697346 0.590517 0.657746 -0.287206 0.369015
1520616804.460673 -110.679131 -67.708453 95.464229 0.578467 0.657226 -0.294920 0.382690
1520616804.510674 -110.431715 -67.858552 96.421441 0.569908 0.659823 -0.288387 0.395818
1520616804.560966 -110.129433 -68.136044 97.333375 0.558806 0.665411 -0.288642 0.402058
1520616804.610967 -109.609589 -68.507133 98.102826 0.541853 0.662276 -0.302626 0.419765
1520616804.660969 -109.225182 -68.624311 99.018523 0.528446 0.656299 -0.311679 0.439174
1520616804.710970 -108.726282 -68.930994 99.829106 0.519768 0.648657 -0.318038 0.456002
1520616804.760972 -108.312358 -68.900200 100.738896 0.516632 0.640401 -0.318485 0.470685
1520616804.810975 -107.848170 -68.828101 101.621693 0.522423 0.632968 -0.316664 0.475551
1520616804.860976 -107.892865 -68.818579 102.620648 0.530767 0.633115 -0.290750 0.482615
1520616804.910977 -107.599923 -69.545353 101.999372 0.526059 0.613343 -0.283052 0.516676
1520616804.961273 -107.186567 -70.389686 101.658434 0.523592 0.591077 -0.277709 0.547136
1520616805.011274 -107.839338 -69.719895 102.012367 0.524234 0.565899 -0.262308 0.579769
1520616805.061275 -108.126078 -69.456381 102.933421 0.533262 0.560963 -0.235920 0.587617
1520616805.111277 -108.772521 -68.715312 103.114884 0.535369 0.541158 -0.219147 0.610330
1520616805.161279 -108.562864 -68.259643 103.979991 0.549689 0.528963 -0.205090 0.613171
1520616805.211280 -108.293198 -67.731471 104.785171 0.561937 0.519840 -0.190966 0.614431
1520616805.261281 -108.053340 -66.974884 105.393484 0.571156 0.512617 -0.174964 0.616760
1520616805.311283 -108.087216 -66.371857 106.190485 0.586483 0.503531 -0.147838 0.616959
1520616805.361481 -108.138919 -65.719626 106.946739 0.601922 0.496111 -0.118463 0.614435
1520616805.411482 -107.772650 -64.800300 106.802909 0.611480 0.486700 -0.103422 0.615238
1520616805.461484 -107.936852 -64.169461 107.561249 0.628952 0.479771 -0.062179 0.608583
1520616805.511485 -107.238219 -63.454861 107.596736 0.642413 0.469171 -0.048543 0.604010
1520616805.561487 -106.679099 -62.627288 107.546664 0.650780 0.462405 -0.028944 0.601523
1520616805.611488 -107.547002 -62.286714 107.908264 0.646974 0.485316 0.029082 0.587408
1520616805.661490 -106.860345 -61.559821 107.896906 0.654725 0.483812 0.039223 0.579415
1520616805.711491 -107.719745 -61.090409 108.099596 0.639696 0.514051 0.072278 0.566848
1520616805.761116 -107.412021 -60.142914 108.012651 0.633075 0.525344 0.080137 0.562857
1520616805.811117 -108.318591 -59.857014 108.323122 0.609249 0.571546 0.096959 0.541064
1520616805.861119 -108.086153 -58.884492 108.336315 0.594347 0.598200 0.093892 0.529238
1520616805.911121 -107.971562 -57.984617 107.915490 0.575355 0.619095 0.087778 0.527241
1520616805.961122 -107.932973 -57.064467 107.525830 0.553321 0.643537 0.078978 0.522933
1520616806.011124 -108.149010 -56.126714 107.253898 0.531010 0.666840 0.071537 0.517914
1520616806.061125 -108.426663 -55.346001 106.694080 0.508494 0.685884 0.062566 0.516800
1520616806.111127 -108.646957 -54.475490 106.253989 0.485296 0.704818 0.049235 0.515069
1520616806.160843 -109.526390 -54.139729 106.591424 0.458580 0.730826 0.044230 0.503628
1520616806.210845 -110.454832 -53.989154 106.931015 0.429218 0.758171 0.038842 0.489325
1520616806.260848 -110.952407 -53.319765 106.379346 0.407542 0.769089 0.027977 0.491557
1520616806.310848 -111.813254 -53.364737 106.886219 0.383452 0.784532 0.018290 0.486969
1520616806.360850 -112.691669 -53.223379 107.342733 0.360170 0.793870 0.006217 0.489908
1520616806.410852 -113.160826 -53.027660 108.203887 0.338261 0.800614 -0.008021 0.494503
1520616806.460854 -113.970665 -52.897256 108.775861 0.315966 0.801340 -0.018176 0.507631
1520616806.510855 -114.108320 -52.813173 109.762766 0.300215 0.804080 -0.029482 0.512306
1520616806.560827 -114.335301 -52.782361 110.736178 0.284886 0.802689 -0.039074 0.522498
1520616806.610829 -114.293620 -52.749967 111.734783 0.272867 0.797007 -0.045128 0.536924
1520616806.660830 -114.366808 -52.669527 112.728852 0.259741 0.798342 -0.052239 0.540791
1520616806.710832 -114.409536 -52.457756 113.705237 0.247069 0.796114 -0.059737 0.549174
1520616806.760833 -114.893913 -52.070031 114.489487 0.229506 0.786531 -0.068584 0.569202
1520616806.810835 -115.440796 -51.584499 115.171527 0.211505 0.773189 -0.077756 0.592789
1520616806.860836 -115.340581 -51.070636 116.023525 0.202030 0.760157 -0.084938 0.611663
1520616806.910838 -116.054258 -50.610659 116.551812 0.187315 0.741990 -0.083153 0.638318
1520616806.960839 -116.114578 -50.673029 117.548041 0.176661 0.758908 -0.065679 0.623326
1520616807.011441 -117.108775 -50.770535 117.502600 0.163448 0.730020 -0.036841 0.662569
1520616807.061439 -116.886556 -50.068136 118.178806 0.195392 0.719874 -0.041320 0.664753
1520616807.111439 -117.845499 -49.791755 118.242370 0.186458 0.698894 -0.029943 0.689843
1520616807.161441 -118.779262 -49.715083 117.892786 0.182081 0.676392 -0.014041 0.713543
1520616807.211442 -117.793621 -49.840656 118.005671 0.188273 0.649509 0.005516 0.736655
1520616807.261444 -118.776965 -49.661343 117.975999 0.195276 0.620781 0.035905 0.758426
1520616807.311446 -119.651959 -49.366410 117.592070 0.189656 0.598030 0.052470 0.776941
1520616807.361448 -120.195560 -48.529584 117.527109 0.191868 0.580119 0.056252 0.789610
1520616807.413039 -121.099474 -48.358316 117.135183 0.187740 0.562661 0.073930 0.801686
1520616807.463041 -121.883603 -48.210756 116.532383 0.185807 0.542233 0.085516 0.814952
1520616807.513043 -122.532118 -48.085798 115.781508 0.183896 0.522965 0.090223 0.827375
1520616807.563044 -123.405459 -47.969804 116.254607 0.184945 0.517800 0.091285 0.830268
1520616807.613046 -123.998205 -47.787674 115.470081 0.177700 0.498946 0.084721 0.843977
1520616807.663047 -123.187381 -47.736296 116.053112 0.170727 0.468017 0.092885 0.862082
1520616807.713049 -122.378130 -47.738253 116.640571 0.164838 0.439952 0.100375 0.877038
1520616807.763050 -123.190767 -47.431525 117.136090 0.170222 0.434061 0.104131 0.878506
1520616807.811883 -123.928002 -47.170119 117.759108 0.176469 0.431864 0.101538 0.878659
1520616807.861885 -124.796435 -46.861696 118.147308 0.183037 0.424188 0.100138 0.881212
1520616807.911886 -125.712963 -46.717246 118.520283 0.188264 0.414657 0.100395 0.884611
1520616807.961888 -126.587862 -46.338747 118.822425 0.190496 0.402318 0.093311 0.890587
1520616808.011889 -127.454737 -45.917210 119.088572 0.191130 0.392610 0.090184 0.895094
1520616808.061891 -128.224631 -45.279939 119.122481 0.186676 0.378620 0.079298 0.903057
1520616808.111893 -128.952032 -44.610772 119.274477 0.184934 0.366742 0.069006 0.909141
1520616808.161895 -129.836150 -44.143950 119.254163 0.182570 0.357048 0.064522 0.913795
1520616808.211581 -130.561938 -43.465599 119.139826 0.180722 0.342106 0.046622 0.920940
1520616808.261582 -131.398901 -42.999754 119.427022 0.186664 0.331191 0.044367 0.923851
1520616808.311583 -132.330386 -42.772836 119.142693 0.185699 0.320879 0.037299 0.927988
1520616808.361584 -133.172490 -42.294723 118.893157 0.185342 0.311742 0.029951 0.931433
1520616808.411588 -133.657802 -41.507462 118.512772 0.184712 0.296719 0.021066 0.936694
1520616808.461588 -134.332285 -40.786759 118.352586 0.183688 0.282109 0.013134 0.941542
1520616808.511590 -134.674619 -39.966439 117.894456 0.178767 0.257304 0.004416 0.949641
1520616808.561590 -134.845377 -39.000604 117.699511 0.179993 0.235276 -0.002121 0.955114
1520616808.612309 -135.182762 -38.172816 117.251249 0.178714 0.211930 -0.006578 0.960783
1520616808.662311 -135.785637 -37.631015 116.665593 0.172930 0.188244 -0.002255 0.966775
1520616808.712312 -136.398274 -37.251898 115.972090 0.161867 0.164006 0.009605 0.973041
1520616808.762314 -137.053226 -37.383020 115.227883 0.139709 0.147139 0.030376 0.978728
1520616808.812315 -137.223724 -36.631869 114.590150 0.137333 0.119477 0.041298 0.982425
1520616808.862317 -137.349336 -35.972289 113.849086 0.135740 0.088497 0.053399 0.985338
1520616808.912318 -137.985722 -36.565071 113.355505 0.101316 0.082230 0.071239 0.988887
1520616808.962320 -138.274916 -36.595007 112.398703 0.097508 0.054675 0.078669 0.990613
1520616809.012321 -138.356528 -36.265782 111.457984 0.094482 0.027662 0.081808 0.991774
1520616809.065271 -138.516914 -36.107636 110.483682 0.086647 0.004040 0.087330 0.992396
1520616809.115273 -138.345637 -36.875028 109.865803 0.059386 -0.014584 0.087035 0.994327
1520616809.165274 -138.180426 -36.365327 109.021463 0.053580 -0.031084 0.093331 0.993706
1520616809.215276 -137.963243 -36.162101 108.066722 0.047113 -0.043650 0.095080 0.993396
1520616809.265277 -137.768550 -36.032644 107.094438 0.046178 -0.050642 0.099862 0.992638
1520616809.315279 -137.642551 -35.732700 106.148839 0.053109 -0.057480 0.109390 0.990913
1520616809.365281 -137.395266 -35.291512 105.286167 0.064235 -0.061400 0.115900 0.989278
1520616809.415282 -137.189615 -34.794576 104.443100 0.072699 -0.063538 0.121190 0.987922
1520616809.468604 -137.010817 -34.768347 103.459563 0.068692 -0.062720 0.126224 0.987631
1520616809.518605 -136.919231 -34.721029 102.464891 0.058429 -0.062769 0.135715 0.987030
1520616809.568607 -136.752647 -34.504559 101.502919 0.047042 -0.063646 0.146233 0.986079
1520616809.618609 -136.387637 -34.732738 100.600311 0.033611 -0.066353 0.151350 0.985678
1520616809.668610 -136.256357 -34.857536 99.616852 0.026856 -0.069377 0.157849 0.984657
1520616809.718612 -136.007584 -34.915689 98.650038 0.021853 -0.077229 0.165367 0.982961
1520616809.768613 -135.679475 -35.305935 97.789775 0.017161 -0.086699 0.175597 0.980487
1520616809.818615 -135.402949 -35.104768 96.850060 0.021378 -0.091750 0.183730 0.978452
1520616809.869241 -134.933284 -34.821519 96.013887 0.027324 -0.096458 0.189492 0.976751
1520616809.919244 -134.510648 -34.886279 95.109904 0.029315 -0.103823 0.195000 0.974852
1520616809.969248 -134.107410 -34.647302 94.226564 0.031184 -0.110222 0.193822 0.974326
1520616810.019246 -133.725931 -34.517546 93.311339 0.030477 -0.114405 0.193428 0.973945
1520616810.069249 -133.383543 -34.348877 92.387044 0.027563 -0.117760 0.193325 0.973652
1520616810.119250 -133.009295 -34.334013 91.459834 0.024451 -0.118843 0.190117 0.974235
1520616810.169251 -132.408272 -34.208468 90.670525 0.023101 -0.120263 0.185103 0.975059
1520616810.219253 -132.325376 -34.416130 89.695843 0.019285 -0.111330 0.177196 0.977668
1520616810.269254 -132.032350 -34.196383 88.765334 0.017886 -0.106198 0.172711 0.979067
1520616810.319278 -131.241844 -33.963173 88.199018 0.018580 -0.108073 0.168041 0.979662
1520616810.369257 -130.829949 -33.932692 87.288297 0.020308 -0.106158 0.169380 0.979606
1520616810.419258 -130.104092 -33.804321 86.612536 0.023571 -0.106533 0.171159 0.979183
1520616810.469261 -129.968575 -33.959432 85.633978 0.026991 -0.097932 0.168749 0.980410
1520616810.519262 -129.468558 -34.215333 84.806634 0.026180 -0.092722 0.164191 0.981712
1520616810.569263 -129.212292 -34.227627 83.840106 0.029365 -0.084824 0.162138 0.982677
1520616810.619265 -128.643364 -34.341045 83.025577 0.026316 -0.084039 0.161950 0.982862
1520616810.669266 -128.327689 -34.038346 82.126287 0.026629 -0.083899 0.166053 0.982180
1520616810.719269 -128.079897 -34.386745 81.222287 0.020503 -0.085032 0.165482 0.982326
1520616810.769270 -128.036411 -34.815216 80.319778 0.015682 -0.087803 0.166121 0.982063
1520616810.819272 -127.696330 -35.086648 79.419406 0.012232 -0.091708 0.165450 0.981869
1520616810.869273 -127.447229 -34.926928 78.464190 0.014757 -0.091116 0.169536 0.981192
1520616810.919275 -127.066016 -34.768008 77.553465 0.021102 -0.093647 0.174987 0.979880
1520616810.969275 -126.569620 -35.377180 76.934998 0.019970 -0.099187 0.181206 0.978227
1520616811.019278 -126.385240 -35.069172 76.001652 0.025674 -0.097549 0.189148 0.976754
1520616811.069280 -125.865947 -34.974077 75.152363 0.024192 -0.098226 0.195456 0.975481
1520616811.119281 -125.770187 -34.969054 74.156972 0.015497 -0.094737 0.205388 0.973961
1520616811.169283 -125.778587 -35.146385 73.172856 -0.001620 -0.088885 0.217643 0.971972
1520616811.219284 -125.533417 -35.420449 72.242920 -0.017653 -0.082223 0.226092 0.970469
1520616811.269285 -125.234777 -34.546196 71.860172 -0.013047 -0.081648 0.237293 0.967913
1520616811.319288 -125.154660 -34.709200 70.876805 -0.027721 -0.070997 0.247295 0.965938
1520616811.369288 -124.817835 -34.071969 70.183634 -0.025823 -0.065925 0.261660 0.962560
1520616811.419291 -124.541749 -34.149534 69.225637 -0.032525 -0.053214 0.272401 0.960161
1520616811.469292 -124.620639 -34.053014 68.233437 -0.038546 -0.037295 0.283652 0.957426
1520616811.519294 -124.530831 -34.360699 67.286196 -0.050806 -0.020935 0.289492 0.955602
1520616811.569294 -123.837809 -33.652924 67.149170 -0.049121 -0.030624 0.303555 0.951054
1520616811.619297 -123.922595 -34.049448 66.235069 -0.062755 -0.012354 0.312474 0.947771
1520616811.669297 -123.961550 -34.218948 65.250309 -0.073551 0.004524 0.323450 0.943372
1520616811.719299 -123.868433 -34.648726 64.352188 -0.086464 0.017117 0.330186 0.939792
1520616811.769302 -123.857480 -35.242606 63.547709 -0.101871 0.029952 0.337517 0.935312
1520616811.819303 -123.919766 -35.327210 62.553243 -0.111725 0.041765 0.349530 0.929302
1520616811.869305 -123.965010 -35.611479 61.595567 -0.124299 0.052659 0.355236 0.924978
1520616811.918232 -124.098738 -35.999308 60.683588 -0.142980 0.067720 0.359637 0.919582
1520616811.968276 -124.382377 -36.018277 59.724844 -0.151908 0.085217 0.368165 0.913300
1520616812.018235 -124.618279 -35.806652 58.776391 -0.154358 0.099833 0.377770 0.907467
1520616812.068237 -124.874531 -36.151890 57.873536 -0.165579 0.115775 0.384165 0.900887
1520616812.118238 -124.857633 -36.661820 57.013487 -0.181776 0.132040 0.384802 0.895238
1520616812.168240 -124.772745 -36.985053 56.070982 -0.195726 0.146260 0.382318 0.891141
1520616812.218241 -123.957678 -36.756629 55.538545 -0.208713 0.142483 0.383096 0.888468
1520616812.268243 -123.689220 -36.951193 54.595108 -0.221138 0.151934 0.380111 0.885172
1520616812.317203 -123.780200 -37.120361 53.613729 -0.232970 0.164432 0.373847 0.882568
1520616812.367204 -123.709776 -37.459225 52.675533 -0.248536 0.173935 0.366072 0.879754
1520616812.417206 -123.417819 -37.707902 51.751995 -0.263196 0.178889 0.358920 0.877441
1520616812.467207 -123.078998 -38.033586 50.869312 -0.278273 0.184771 0.349500 0.875371
1520616812.517209 -122.763456 -38.432930 50.008523 -0.291338 0.194166 0.335817 0.874442
1520616812.567210 -122.791175 -39.346636 49.603094 -0.307820 0.218277 0.310478 0.872471
1520616812.617212 -123.029643 -40.246710 49.238402 -0.317015 0.244949 0.292587 0.868271
1520616812.667214 -122.806240 -40.994490 48.613169 -0.326287 0.260031 0.283772 0.863362
1520616812.715497 -122.608967 -41.563751 47.815030 -0.332043 0.273797 0.277308 0.859001
1520616812.765498 -122.680031 -42.516282 47.518998 -0.347903 0.291533 0.264320 0.850945
1520616812.815500 -123.134739 -43.406741 47.536994 -0.363223 0.311530 0.254900 0.840264
1520616812.865502 -123.448443 -44.354927 47.486673 -0.379943 0.327737 0.243816 0.829931
1520616812.915503 -123.480337 -44.968581 46.697742 -0.390312 0.335334 0.229128 0.826261
1520616812.965505 -123.657660 -45.877206 46.319647 -0.406444 0.345163 0.203689 0.821083
1520616813.015507 -123.706434 -46.638656 45.673260 -0.420841 0.351095 0.180541 0.816719
1520616813.065508 -124.104224 -47.487069 45.324033 -0.436865 0.356141 0.155503 0.811253
1520616813.112667 -124.402256 -48.423482 45.138813 -0.458225 0.358705 0.126178 0.803392
1520616813.162669 -124.813430 -49.278811 44.823618 -0.475295 0.361336 0.096249 0.796409
1520616813.212670 -125.350919 -50.120554 44.772872 -0.489245 0.364176 0.066030 0.789718
1520616813.262672 -125.941124 -50.927281 44.743743 -0.501204 0.365108 0.034867 0.783757
1520616813.312673 -126.392980 -51.745734 44.388831 -0.508007 0.365268 0.007983 0.780029
1520616813.362675 -127.015303 -52.521027 44.280969 -0.513414 0.365412 -0.017988 0.776245
1520616813.412676 -127.892013 -53.002039 44.283824 -0.516268 0.363448 -0.049760 0.773884
1520616813.462678 -128.763894 -53.491731 44.288856 -0.517891 0.361001 -0.079006 0.771509
1520616813.511425 -128.765278 -54.445332 44.589927 -0.529482 0.348934 -0.100854 0.766631
1520616813.561427 -129.439686 -55.127145 44.873306 -0.531454 0.346225 -0.125550 0.762838
1520616813.611493 -129.886697 -56.000239 44.678659 -0.531913 0.342376 -0.143353 0.761115
1520616813.661430 -130.620185 -56.679861 44.689183 -0.533021 0.342248 -0.159450 0.757186
1520616813.711431 -131.440655 -57.168373 44.986141 -0.535087 0.344359 -0.170995 0.752237
1520616813.761433 -131.754698 -57.865904 44.342069 -0.536165 0.336926 -0.179647 0.752818
1520616813.811434 -132.304185 -58.698424 44.271541 -0.545758 0.334185 -0.185073 0.745799
1520616813.861436 -132.876398 -59.371316 43.802725 -0.552143 0.336413 -0.189479 0.738960
1520616813.911438 -133.411594 -59.992262 43.230020 -0.558472 0.342432 -0.191783 0.730800
1520616813.961329 -133.798952 -60.903699 43.091326 -0.571953 0.346823 -0.188975 0.718938
1520616814.011331 -133.945113 -61.598806 42.387435 -0.578938 0.346739 -0.184784 0.714463
1520616814.061332 -134.273162 -61.792220 41.462786 -0.578045 0.347400 -0.188688 0.713845
1520616814.111334 -135.127422 -62.311356 41.489953 -0.593877 0.361140 -0.186263 0.694402
1520616814.161335 -135.767031 -63.058421 41.671045 -0.609610 0.369612 -0.182120 0.677196
1520616814.211337 -136.578272 -63.580682 41.408116 -0.615337 0.379680 -0.178222 0.667413
1520616814.261339 -137.261674 -63.573839 40.678106 -0.614931 0.382795 -0.185978 0.663882
1520616814.311340 -137.840955 -64.102699 41.298381 -0.623687 0.384300 -0.191091 0.653308
1520616814.361091 -138.699905 -64.464633 40.936154 -0.623159 0.387522 -0.194163 0.650999
1520616814.411092 -138.421893 -65.381597 41.222314 -0.629678 0.390215 -0.175563 0.648394
1520616814.461093 -139.280649 -65.189082 41.697157 -0.629456 0.406275 -0.181973 0.636877
1520616814.511095 -140.115423 -64.801146 42.087872 -0.626873 0.426636 -0.188916 0.623957
1520616814.561096 -140.877090 -64.292266 42.489002 -0.621293 0.451987 -0.194295 0.609879
1520616814.611099 -141.486684 -63.754958 43.071835 -0.617485 0.470601 -0.190452 0.600812
1520616814.661101 -142.308473 -63.449125 43.552593 -0.609213 0.485733 -0.185696 0.598699
1520616814.711102 -143.172642 -62.949571 43.492108 -0.595307 0.497406 -0.187143 0.602639
1520616814.760954 -143.999862 -62.627638 43.952616 -0.585771 0.506291 -0.193435 0.602598
1520616814.810956 -144.695091 -62.294610 44.589600 -0.576590 0.515477 -0.196417 0.602701
1520616814.860958 -145.339498 -61.947587 45.271006 -0.566711 0.523303 -0.194917 0.605805
1520616814.910959 -146.060521 -61.410166 45.708389 -0.549842 0.535399 -0.199970 0.609126
1520616814.960960 -146.501488 -61.368471 46.604944 -0.542614 0.543955 -0.193225 0.610203
1520616815.010962 -146.924487 -61.211469 47.497368 -0.538825 0.555068 -0.193724 0.603355
1520616815.060964 -147.240174 -61.060713 48.434179 -0.539634 0.565551 -0.194058 0.592696
1520616815.110965 -147.265599 -61.204549 49.423454 -0.540628 0.573557 -0.182322 0.587802
1520616815.160939 -147.715768 -61.507046 50.263599 -0.535839 0.573722 -0.177262 0.593547
1520616815.210940 -147.456989 -61.877837 51.155534 -0.543116 0.580237 -0.165627 0.583882
1520616815.261026 -147.999564 -62.485252 51.735757 -0.539732 0.576833 -0.179318 0.586344
1520616815.310943 -148.800909 -62.962082 52.096977 -0.528838 0.577437 -0.193932 0.591005
1520616815.360945 -149.527969 -63.496946 52.527445 -0.521638 0.577965 -0.206746 0.592543
1520616815.410946 -149.477189 -64.492155 52.610996 -0.519150 0.576037 -0.198416 0.599413
1520616815.460948 -150.101755 -65.126207 53.066953 -0.509422 0.584843 -0.210487 0.595099
1520616815.510950 -150.755317 -65.430813 53.759825 -0.510248 0.590667 -0.245866 0.574725
1520616815.560867 -151.664709 -65.596388 54.141390 -0.497957 0.601595 -0.274699 0.560948
1520616815.610870 -152.558341 -65.875706 54.492676 -0.487711 0.614523 -0.297729 0.543928
1520616815.660871 -153.486289 -66.129135 54.765966 -0.478152 0.631918 -0.312487 0.523834
1520616815.710872 -154.357865 -66.618640 54.793154 -0.465065 0.648711 -0.321533 0.509417
1520616815.760874 -154.895208 -67.421134 54.533798 -0.465627 0.649804 -0.322385 0.506965
1520616815.810875 -155.455119 -68.195137 54.238129 -0.463126 0.654645 -0.325922 0.500729
1520616815.860878 -155.894222 -68.929109 53.719985 -0.459865 0.650760 -0.330137 0.506009
1520616815.910879 -156.422565 -69.662826 53.292769 -0.454840 0.658483 -0.336055 0.496576
1520616815.960881 -157.275690 -70.178116 53.211206 -0.445849 0.666438 -0.346738 0.486674
1520616816.011795 -157.943435 -70.907905 53.064495 -0.440295 0.668298 -0.354126 0.483853
1520616816.061797 -157.964422 -71.773966 53.563993 -0.451857 0.681716 -0.338571 0.465251
1520616816.111799 -158.907698 -72.060055 53.395518 -0.423053 0.698751 -0.346884 0.460918
1520616816.161800 -159.903676 -71.989696 53.340051 -0.397774 0.723783 -0.346178 0.445056
1520616816.211802 -159.563287 -72.035128 52.400865 -0.399295 0.739880 -0.341759 0.419931
1520616816.261803 -160.545332 -72.015269 52.213266 -0.377831 0.761895 -0.334810 0.405787
1520616816.311805 -161.491593 -71.785277 51.985904 -0.353309 0.783783 -0.326272 0.392941
1520616816.361807 -160.873789 -71.222281 52.534860 -0.353490 0.803308 -0.313527 0.362549
1520616816.412321 -160.839077 -72.005406 51.913964 -0.348245 0.817824 -0.282778 0.360452
1520616816.462323 -160.673075 -71.697115 52.850661 -0.344924 0.828223 -0.278878 0.342493
1520616816.512324 -160.490673 -71.327005 53.761566 -0.338856 0.835745 -0.277605 0.331123
1520616816.562325 -160.783642 -70.504138 54.248453 -0.321403 0.847081 -0.276627 0.320362
1520616816.612327 -161.566054 -71.040338 54.565188 -0.310293 0.852054 -0.277062 0.317739
1520616816.662329 -162.345081 -71.460103 55.030929 -0.299114 0.855907 -0.279127 0.316293
1520616816.712330 -163.074651 -71.434462 55.714354 -0.288346 0.860184 -0.285111 0.309276
1520616816.762332 -163.892557 -71.660322 56.243521 -0.280868 0.863470 -0.293058 0.299415
1520616816.812090 -164.658501 -71.967343 56.808381 -0.278461 0.867253 -0.295906 0.287701
1520616816.862092 -165.514584 -72.482724 56.847163 -0.276836 0.869466 -0.296738 0.281670
1520616816.912197 -165.905130 -71.709516 57.346787 -0.246203 0.885201 -0.306790 0.248362
1520616816.962095 -166.794991 -72.148780 57.470056 -0.241712 0.886945 -0.310369 0.242023
1520616817.012096 -166.726392 -71.731084 58.376050 -0.236093 0.897028 -0.330506 0.174261
1520616817.062098 -166.422410 -71.057604 59.049859 -0.222125 0.900564 -0.359019 0.103685
1520616817.112100 -167.316178 -71.363377 59.378006 -0.222915 0.898355 -0.367240 0.091659
1520616817.162101 -168.010468 -71.951751 59.792468 -0.232122 0.899560 -0.358004 0.093516
1520616817.212283 -168.764762 -72.320611 60.335590 -0.226406 0.902490 -0.355813 0.087467
1520616817.262284 -169.530149 -72.880670 60.652634 -0.225448 0.903386 -0.355986 0.079623
1520616817.312286 -170.460083 -73.228112 60.773079 -0.233315 0.900062 -0.358302 0.084097
1520616817.362287 -171.275828 -73.701681 61.105184 -0.245174 0.902859 -0.343059 0.083939
1520616817.412289 -172.255296 -73.868887 61.217806 -0.252166 0.899392 -0.349399 0.073665
1520616817.462291 -172.129135 -73.320454 62.044428 -0.252835 0.899038 -0.357439 0.006517
1520616817.512292 -172.961135 -73.698000 62.450920 -0.258520 0.902866 -0.343506 0.002060
1520616817.562294 -173.957188 -73.746654 62.525148 -0.261579 0.896424 -0.357755 0.003512
1520616817.613728 -174.929821 -73.869590 62.722309 -0.266156 0.890583 -0.368803 -0.002610
1520616817.663729 -175.695935 -74.236249 63.250164 -0.266662 0.892413 -0.363540 -0.018136
1520616817.713731 -176.590570 -74.399418 63.666102 -0.271777 0.888043 -0.369801 -0.027642
1520616817.763733 -177.526694 -74.601730 63.953748 -0.260240 0.885391 -0.382837 -0.042360
1520616817.813734 -177.546986 -75.040843 63.055545 -0.248618 0.881519 -0.390929 -0.091031
1520616817.863736 -178.449007 -75.039919 63.487236 -0.237707 0.883007 -0.392054 -0.100442
1520616817.913738 -179.350613 -74.858149 63.879749 -0.230705 0.885266 -0.388012 -0.111915
1520616817.963739 -180.154948 -74.506707 64.358846 -0.221908 0.889204 -0.379324 -0.127228
1520616818.014805 -180.300177 -73.588166 64.726527 -0.184089 0.894658 -0.375626 -0.156853
1520616818.064807 -181.159191 -73.131170 64.957288 -0.179916 0.892158 -0.384440 -0.154566
1520616818.114808 -181.211826 -72.142890 65.100578 -0.156929 0.892811 -0.384750 -0.173865
1520616818.164809 -181.311063 -71.179121 65.348171 -0.137294 0.889756 -0.393058 -0.187056
1520616818.214811 -181.421507 -70.187030 65.407808 -0.123878 0.885335 -0.406539 -0.188581
1520616818.264813 -180.687961 -69.693254 65.874815 -0.114415 0.885477 -0.409182 -0.188174
1520616818.314814 -180.311936 -68.960758 66.442314 -0.107518 0.886280 -0.413873 -0.177923
1520616818.364816 -179.574233 -68.289938 66.518435 -0.100066 0.883198 -0.421602 -0.179444
1520616818.414817 -178.722842 -67.899571 66.868787 -0.095501 0.883101 -0.421505 -0.182608
1520616818.462631 -177.978913 -67.403627 67.316681 -0.097420 0.882805 -0.421599 -0.182809
1520616818.512632 -177.281822 -67.313005 68.027914 -0.098449 0.886124 -0.414395 -0.182671
1520616818.562634 -176.432850 -67.150495 68.530743 -0.103434 0.884780 -0.413306 -0.188795
1520616818.612637 -175.671456 -67.211722 69.176134 -0.107717 0.884170 -0.410419 -0.195438
1520616818.662637 -175.027282 -67.147747 69.938333 -0.104588 0.884169 -0.413326 -0.190968
1520616818.712640 -174.308320 -66.772581 70.523436 -0.109557 0.878759 -0.422542 -0.192972
1520616818.762640 -173.899206 -66.327003 71.319730 -0.115586 0.874811 -0.433362 -0.183150
1520616818.812642 -173.471711 -65.938139 72.135838 -0.122831 0.870546 -0.439946 -0.183056
1520616818.865568 -173.524255 -66.021315 73.130987 -0.129014 0.876496 -0.427508 -0.179851
1520616818.915570 -173.453619 -65.572458 74.021794 -0.134715 0.875555 -0.425888 -0.184048
1520616818.965571 -173.332503 -65.075730 74.881208 -0.140239 0.872203 -0.426412 -0.194341
1520616819.015573 -173.288055 -64.650799 75.785342 -0.146730 0.869253 -0.426602 -0.202187
1520616819.065575 -173.791043 -64.668301 76.649458 -0.159298 0.868153 -0.424477 -0.201873
1520616819.115577 -174.127217 -64.282447 77.508587 -0.164847 0.866375 -0.425252 -0.203422
1520616819.165578 -174.033038 -63.352306 77.863507 -0.163641 0.859301 -0.432593 -0.218374
1520616819.215580 -174.403977 -62.825495 78.628278 -0.171616 0.857200 -0.431205 -0.223200
1520616819.267743 -174.586561 -61.859388 78.810760 -0.155327 0.853971 -0.441391 -0.227554
1520616819.317744 -174.745793 -60.875072 78.886713 -0.144289 0.852423 -0.447161 -0.229355
1520616819.367746 -174.628846 -59.893777 79.039629 -0.133002 0.853259 -0.445190 -0.236782
1520616819.417747 -174.698251 -58.900404 78.948015 -0.129883 0.853228 -0.444324 -0.240227
1520616819.467749 -174.841759 -57.913065 78.880437 -0.131594 0.856256 -0.439208 -0.237919
1520616819.517751 -174.773325 -56.926072 78.734966 -0.129211 0.860687 -0.430860 -0.238499
1520616819.567753 -174.897221 -56.196027 78.062892 -0.132174 0.857501 -0.433681 -0.243193
1520616819.617754 -174.603005 -55.292043 77.752649 -0.133426 0.859327 -0.430088 -0.242444
1520616819.668343 -174.225269 -54.544342 77.206519 -0.132011 0.857071 -0.434436 -0.243451
1520616819.718344 -173.606317 -53.827549 76.885418 -0.127150 0.858000 -0.435458 -0.240924
1520616819.768346 -173.292702 -53.229160 76.148142 -0.129670 0.843029 -0.458872 -0.248848
1520616819.818347 -172.909539 -52.377817 76.506473 -0.133002 0.847799 -0.456014 -0.235795
1520616819.868349 -172.188024 -51.695171 76.622279 -0.133554 0.849564 -0.455993 -0.229071
1520616819.918350 -171.388411 -51.209057 76.269699 -0.131447 0.847780 -0.458394 -0.232089
1520616819.968352 -170.722093 -50.621104 76.728317 -0.130601 0.852722 -0.452839 -0.225269
1520616820.018354 -170.327737 -49.734988 76.971798 -0.142589 0.852536 -0.447062 -0.230189
1520616820.069561 -169.734918 -49.206991 77.579896 -0.145459 0.852844 -0.442524 -0.235948
1520616820.119562 -168.918082 -48.653642 77.416851 -0.150770 0.850406 -0.441492 -0.243233
1520616820.169564 -168.407366 -47.794300 77.443302 -0.167188 0.846332 -0.444887 -0.240512
1520616820.219566 -168.044585 -46.880380 77.625350 -0.188197 0.844841 -0.449853 -0.220131
1520616820.269567 -167.660591 -45.994184 77.884589 -0.222129 0.842268 -0.450830 -0.194925
1520616820.319568 -166.709236 -45.694156 77.814543 -0.227073 0.844346 -0.446626 -0.189850
1520616820.369570 -165.710735 -45.639748 77.808630 -0.222695 0.854125 -0.428321 -0.193438
1520616820.419572 -164.965799 -45.189486 77.316355 -0.244606 0.850917 -0.433129 -0.168844
1520616820.469573 -164.435826 -44.344586 77.243740 -0.268355 0.847233 -0.437148 -0.138145
1520616820.517347 -164.696678 -45.061752 76.597498 -0.279096 0.850887 -0.434597 -0.096030
1520616820.567348 -164.322616 -44.383297 77.229776 -0.280449 0.854839 -0.432150 -0.062010
1520616820.617350 -164.410681 -43.532974 77.748617 -0.275326 0.857863 -0.432731 -0.031799
1520616820.667352 -164.698351 -42.720261 78.255315 -0.257392 0.863560 -0.433510 -0.009068
1520616820.717353 -164.652941 -42.139258 79.067949 -0.228687 0.875823 -0.425002 -0.003155
1520616820.767355 -165.435752 -41.603134 79.383826 -0.202805 0.881534 -0.426238 0.009443
1520616820.817356 -166.293622 -41.141842 79.610254 -0.173765 0.887644 -0.426172 0.016485
1520616820.867358 -167.253825 -40.887591 79.494643 -0.137572 0.895229 -0.422749 0.030359
1520616820.919587 -168.176263 -40.573085 79.270602 -0.099299 0.903559 -0.415085 0.037762
1520616820.969589 -169.022740 -40.088999 79.048934 -0.070904 0.909968 -0.407104 0.034607
1520616821.019590 -169.852397 -39.556499 78.881266 -0.048298 0.916341 -0.396718 0.024544
1520616821.069592 -170.623547 -38.934010 78.747716 -0.034929 0.921756 -0.386187 0.002146
1520616821.119594 -170.056779 -38.534526 79.468262 0.010875 0.938957 -0.335518 -0.075295
1520616821.169595 -170.835093 -37.907007 79.489402 0.023075 0.942119 -0.321830 -0.091128
1520616821.219597 -170.126788 -37.753042 80.178314 0.058002 0.946102 -0.272329 -0.165419
1520616821.269598 -170.864215 -37.097307 80.340218 0.055037 0.944493 -0.264524 -0.186900
1520616821.317485 -171.635600 -36.469148 80.442105 0.041767 0.938806 -0.260735 -0.221170
1520616821.367486 -170.960656 -36.300123 81.160353 0.022141 0.924471 -0.229735 -0.303454
1520616821.417488 -171.691450 -35.753718 81.569475 -0.012653 0.916031 -0.222570 -0.333450
1520616821.467489 -172.205118 -35.568142 82.407155 -0.044449 0.907379 -0.201875 -0.365971
1520616821.517490 -172.850022 -35.203477 83.078808 -0.091331 0.896735 -0.190160 -0.389055
1520616821.567492 -172.006957 -34.989018 83.572010 -0.129012 0.876108 -0.169674 -0.432438
1520616821.617493 -172.448505 -34.656498 84.405357 -0.166301 0.866445 -0.156170 -0.444104
1520616821.667495 -171.575829 -34.907736 84.824064 -0.195996 0.853047 -0.135441 -0.464275
1520616821.713177 -170.725067 -34.865438 85.347910 -0.222974 0.840616 -0.114439 -0.480157
1520616821.763179 -169.866301 -34.398279 85.558348 -0.244043 0.830468 -0.096665 -0.491347
1520616821.813186 -168.975578 -33.987546 85.753056 -0.254884 0.827947 -0.077538 -0.493483
1520616821.863182 -168.697683 -33.051055 85.539141 -0.264489 0.825249 -0.071252 -0.493895
1520616821.913184 -167.819518 -32.706315 85.870776 -0.266706 0.830221 -0.060386 -0.485752
1520616821.963185 -167.012722 -32.242662 86.236982 -0.261529 0.840176 -0.059245 -0.471378
1520616822.013187 -166.528195 -31.477101 85.813722 -0.249136 0.849471 -0.072551 -0.459420
1520616822.063188 -165.531859 -31.479536 85.899210 -0.219539 0.860179 -0.092013 -0.451030
1520616822.111991 -164.887795 -31.354508 86.653895 -0.190201 0.869020 -0.115304 -0.441965
1520616822.161992 -164.326247 -31.453658 87.475378 -0.153556 0.873252 -0.137422 -0.441551
1520616822.211994 -163.939122 -31.342084 88.390629 -0.111299 0.875112 -0.158608 -0.443435
1520616822.261996 -163.737443 -30.645362 89.079036 -0.062246 0.871446 -0.185650 -0.449714
1520616822.311997 -163.882082 -30.143987 89.932091 -0.021870 0.868814 -0.201489 -0.451759
1520616822.361999 -164.339388 -30.095401 90.820072 0.015663 0.878911 -0.194350 -0.435314
1520616822.412000 -164.623157 -29.418162 91.498911 0.047597 0.871058 -0.202805 -0.444817
1520616822.462002 -165.021667 -28.846656 92.216247 0.074748 0.863685 -0.200463 -0.456372
1520616822.511842 -164.278822 -28.733071 92.876003 -0.097005 -0.839498 0.171473 0.506389
1520616822.561844 -164.442264 -27.875506 93.363722 -0.096076 -0.823294 0.167211 0.533851
1520616822.611845 -164.764502 -27.281119 94.100517 -0.091726 -0.821020 0.158550 0.540717
1520616822.661847 -163.872695 -27.409141 94.534441 -0.082649 -0.794914 0.117894 0.589392
1520616822.711849 -164.167609 -26.607423 95.054321 -0.072447 -0.777842 0.102327 0.615827
1520616822.761850 -163.302877 -26.384177 95.504209 -0.067385 -0.755828 0.075321 0.646923
1520616822.811852 -163.415097 -25.528070 96.008676 -0.018014 -0.755548 0.070888 0.650997
1520616822.861854 -164.402964 -25.631571 95.892891 -0.000194 -0.735183 0.034530 0.676989
1520616822.911855 -163.416320 -25.771812 95.975747 0.018821 -0.721021 0.005123 0.692639
1520616822.961550 -162.850094 -25.722612 96.798528 0.044191 -0.721680 -0.024436 0.690383
1520616823.011551 -161.886556 -25.914251 96.611796 0.067061 -0.707050 -0.054106 0.701894
1520616823.061553 -160.915599 -25.966799 96.378385 0.083347 -0.695907 -0.080663 0.708703
1520616823.111554 -159.937782 -25.848247 96.551069 0.097255 -0.687335 -0.111843 0.711058
1520616823.161556 -159.051135 -25.576574 96.925303 0.111165 -0.681173 -0.137928 0.710367
1520616823.211558 -158.091056 -25.443884 97.171558 0.125644 -0.673395 -0.169720 0.708483
1520616823.261559 -157.116515 -25.416132 96.949076 0.139285 -0.662596 -0.197589 0.708890
1520616823.311561 -156.146671 -25.647703 97.025086 0.150778 -0.653021 -0.225781 0.707003
1520616823.361238 -155.255747 -25.982115 96.717799 0.155678 -0.643965 -0.245992 0.707504
1520616823.411240 -154.296771 -25.941986 96.437167 0.160313 -0.637765 -0.252584 0.709759
1520616823.461263 -153.449725 -26.113488 95.934078 0.165342 -0.630714 -0.260033 0.712212
1520616823.511243 -152.464084 -26.067095 95.771721 0.175154 -0.627302 -0.264139 0.711367
1520616823.561244 -151.468288 -26.158700 95.771286 0.187310 -0.629600 -0.264738 0.705997
1520616823.611246 -150.470661 -26.097865 95.803511 0.201109 -0.628696 -0.270156 0.700936
1520616823.661247 -149.485900 -25.939989 95.876455 0.214102 -0.629897 -0.275561 0.693871
1520616823.711249 -148.488284 -25.899948 95.820241 0.221718 -0.630658 -0.283286 0.687649
1520616823.761012 -147.603440 -26.154142 96.210670 0.227958 -0.635728 -0.287695 0.679056
1520616823.811014 -146.728216 -26.066803 95.734901 0.228480 -0.636517 -0.296356 0.674401
1520616823.861016 -145.861198 -25.815230 95.304795 0.228628 -0.640238 -0.303452 0.667639
1520616823.911017 -145.078101 -26.435560 95.260650 0.214484 -0.654790 -0.318984 0.650765
1520616823.961019 -144.336674 -27.106546 95.268658 0.196143 -0.672044 -0.330609 0.632916
1520616824.011020 -143.528461 -27.485657 95.719286 0.185512 -0.687241 -0.344184 0.612227
1520616824.061022 -142.653770 -27.934217 95.535684 0.156645 -0.700413 -0.345278 0.604705
1520616824.111023 -141.883992 -28.570277 95.482116 0.115837 -0.718225 -0.341419 0.595121
1520616824.161719 -140.990458 -29.013893 95.412821 0.081230 -0.732409 -0.333827 0.587825
1520616824.211720 -140.109441 -29.486229 95.386210 0.045782 -0.747585 -0.324841 0.577494
1520616824.261723 -139.277262 -30.040676 95.378086 0.008338 -0.761502 -0.317653 0.564926
1520616824.311724 -138.481231 -30.613889 95.572412 -0.024122 -0.774395 -0.310061 0.550992
1520616824.361725 -137.824819 -31.301293 95.883214 -0.064123 -0.784879 -0.301149 0.537738
1520616824.411727 -137.161698 -32.049184 95.913709 -0.104335 -0.790358 -0.289571 0.529714
1520616824.461729 -136.628681 -32.841487 96.210607 -0.139550 -0.794148 -0.276746 0.522749
1520616824.511730 -136.044622 -33.608501 96.476247 -0.172805 -0.795756 -0.259302 0.519301
1520616824.561630 -135.223634 -34.158778 96.628477 -0.196135 -0.793652 -0.245268 0.521047
1520616824.611631 -134.639940 -34.944342 96.833881 -0.220962 -0.788155 -0.239864 0.521971
1520616824.661633 -133.854325 -35.541818 96.673157 -0.245341 -0.775276 -0.239664 0.530393
1520616824.711634 -133.010989 -35.945537 97.027834 -0.270465 -0.762037 -0.236362 0.538778
1520616824.761636 -132.383352 -36.660320 97.336308 -0.297097 -0.746521 -0.237810 0.545789
1520616824.811637 -131.515839 -36.639931 97.833305 -0.317667 -0.734335 -0.227679 0.554979
1520616824.861639 -130.914193 -36.813616 98.612957 -0.333917 -0.725633 -0.218424 0.560577
1520616824.911641 -130.292641 -37.462103 99.052430 -0.341553 -0.714061 -0.217874 0.570954
1520616824.961118 -129.904386 -38.173271 99.638518 -0.346608 -0.703740 -0.218268 0.580493
1520616825.011120 -129.598293 -39.084052 99.915619 -0.346395 -0.691002 -0.225881 0.592878
1520616825.061121 -128.998094 -39.776393 100.316151 -0.342830 -0.678757 -0.231324 0.606833
1520616825.111161 -128.722256 -40.105968 101.219087 -0.339862 -0.675334 -0.239590 0.609110
1520616825.161124 -128.217989 -40.928143 101.483177 -0.326755 -0.665261 -0.259277 0.619221
1520616825.211126 -127.787694 -41.733270 101.891364 -0.310427 -0.656051 -0.277718 0.629369
1520616825.261127 -127.200700 -42.504897 102.136374 -0.288777 -0.645324 -0.295822 0.642382
1520616825.311129 -126.771681 -43.399459 102.261680 -0.264328 -0.637800 -0.314651 0.651412
1520616825.361130 -126.264725 -43.872840 102.982031 -0.246462 -0.639166 -0.322950 0.653014
1520616825.410991 -125.817764 -44.742629 103.191062 -0.223861 -0.632738 -0.345418 0.655908
1520616825.460993 -125.429920 -45.664307 103.181833 -0.202159 -0.626979 -0.366582 0.656998
1520616825.510994 -124.896909 -46.490198 102.997974 -0.177746 -0.620809 -0.391734 0.655398
1520616825.560996 -124.266727 -47.223860 102.743788 -0.154647 -0.615071 -0.412574 0.653876
1520616825.610997 -123.768807 -48.052285 102.487297 -0.131971 -0.608590 -0.433758 0.651195
1520616825.660999 -123.232166 -48.892823 102.561546 -0.112489 -0.604319 -0.451374 0.646843
1520616825.711000 -122.672521 -49.405675 101.910563 -0.092802 -0.595533 -0.471112 0.644036
1520616825.761002 -122.018684 -50.129576 101.690416 -0.076522 -0.587637 -0.491282 0.638333
1520616825.811156 -121.357199 -50.765318 101.292584 -0.068642 -0.586164 -0.499686 0.634046
1520616825.861158 -120.886178 -51.555684 100.900844 -0.065037 -0.584131 -0.514829 0.624109
1520616825.911160 -121.054014 -52.468628 100.528868 -0.086687 -0.580128 -0.531953 0.610708
1520616825.961161 -120.977349 -53.431511 100.270066 -0.112170 -0.584716 -0.541290 0.593743
1520616826.011163 -120.624244 -54.303842 99.931901 -0.129277 -0.588656 -0.551823 0.576423
1520616826.061165 -120.462640 -55.290677 99.938216 -0.154725 -0.598210 -0.561745 0.550134
1520616826.111166 -120.609044 -56.277779 100.002991 -0.190745 -0.606497 -0.567449 0.523239
1520616826.161168 -119.880564 -56.350833 99.321830 -0.191455 -0.605343 -0.575764 0.515170
1520616826.211902 -119.348245 -56.706279 98.553524 -0.205220 -0.603221 -0.583341 0.503710
1520616826.261903 -118.591857 -56.856642 97.916917 0.209705 0.604658 0.588701 -0.493805
1520616826.311904 -117.890013 -56.881768 97.205029 0.219685 0.604063 0.594363 -0.483300
1520616826.361906 -117.078601 -56.921619 96.621915 0.219034 0.605959 0.601634 -0.472095
1520616826.411908 -116.285834 -56.931227 96.012467 0.216715 0.606356 0.608588 -0.463667
1520616826.461909 -115.610196 -57.068589 95.288143 0.229706 0.603165 0.615483 -0.452336
1520616826.511910 -114.911655 -57.029375 94.573648 0.240847 0.597803 0.622052 -0.444607
1520616826.561913 -114.146891 -57.402110 94.048096 0.250285 0.603708 0.619594 -0.434737
1520616826.612506 -113.570570 -57.557535 93.245788 0.269638 0.596479 0.625279 -0.424893
1520616826.662507 -112.859682 -57.887044 92.624450 0.283016 0.592454 0.625623 -0.421302
1520616826.712509 -112.185699 -58.139739 91.930265 0.295661 0.586010 0.629332 -0.416075
1520616826.762565 -111.437747 -58.327448 91.293608 0.300387 0.582071 0.633838 -0.411353
1520616826.812512 -110.608080 -58.331225 90.735361 0.304065 0.577751 0.635433 -0.412277
1520616826.862513 -110.703751 -59.326340 90.711009 0.338041 0.574568 0.638669 -0.384320
1520616826.912515 -110.115050 -59.045016 89.953191 0.338049 0.561685 0.652225 -0.380574
1520616826.962517 -109.882006 -58.072622 89.941299 0.374483 0.560963 0.650884 -0.348472
1520616827.011626 -109.204874 -58.570198 89.399163 0.367114 0.574027 0.642026 -0.351458
1520616827.061629 -108.651919 -58.900025 88.634013 0.380491 0.570577 0.637787 -0.350566
1520616827.111630 -108.045806 -59.154284 87.880369 0.392622 0.565515 0.634104 -0.352070
1520616827.161632 -107.397616 -59.448531 87.178038 0.403833 0.561805 0.629624 -0.353365
1520616827.211632 -106.801422 -59.697348 86.414727 0.410184 0.555512 0.628723 -0.357579
1520616827.261635 -106.158791 -59.653232 85.649823 0.418564 0.543871 0.629993 -0.363480
1520616827.311635 -105.579403 -59.895104 84.871486 0.437061 0.539221 0.621125 -0.363899
1520616827.361637 -105.073144 -60.180978 84.057866 0.456460 0.532265 0.613045 -0.364024
1520616827.411665 -105.435317 -61.083363 83.824344 0.495239 0.528608 0.593944 -0.350062
1520616827.461434 -105.082498 -61.431190 82.955704 0.514055 0.517199 0.586402 -0.352683
1520616827.511436 -104.875695 -61.926316 82.111855 0.531889 0.506277 0.578661 -0.354866
1520616827.561438 -104.593986 -62.221105 81.198761 0.535191 0.496634 0.582316 -0.357538
1520616827.611439 -104.346009 -62.782762 80.409427 0.545858 0.491869 0.575913 -0.358368
1520616827.661441 -104.132630 -63.312188 79.588344 0.555574 0.480579 0.570664 -0.367049
1520616827.711442 -103.931486 -63.758609 78.716421 0.568384 0.466776 0.562862 -0.377155
1520616827.761444 -104.163053 -64.214027 77.856787 0.587693 0.452020 0.550540 -0.383668
1520616827.811446 -104.773201 -64.996708 77.733781 0.606242 0.446773 0.530248 -0.389489
1520616827.861901 -105.418195 -65.758901 77.678603 0.625043 0.437658 0.509305 -0.397977
1520616827.911903 -105.728207 -66.470670 77.048303 0.635313 0.428210 0.495974 -0.408685
1520616827.961905 -106.183856 -67.263050 77.453912 0.656173 0.425623 0.473073 -0.405566
1520616828.011906 -106.263141 -67.861781 76.656896 0.659915 0.415412 0.468368 -0.415423
1520616828.061907 -106.716265 -68.695392 76.972762 0.679713 0.409012 0.447853 -0.412464
1520616828.111909 -107.316632 -69.172781 76.331155 0.682947 0.395642 0.452545 -0.415035
1520616828.161910 -107.996307 -69.794981 76.719625 0.695847 0.392382 0.435143 -0.415311
1520616828.211912 -108.713431 -70.475281 76.568216 0.706014 0.384257 0.423250 -0.418031
1520616828.261741 -109.655371 -70.424442 76.236307 0.715381 0.360200 0.440681 -0.405323
1520616828.311743 -110.306729 -71.134553 76.503658 0.722149 0.360501 0.425833 -0.408908
1520616828.361744 -111.052269 -71.733970 76.212335 0.727118 0.350509 0.423441 -0.411266
1520616828.411819 -111.715544 -72.357585 76.626063 0.739913 0.342524 0.410874 -0.407907
1520616828.461746 -112.313056 -73.130401 76.839918 0.750352 0.336048 0.403099 -0.401938
1520616828.511749 -112.935523 -73.911009 76.783469 0.757574 0.327403 0.395863 -0.402718
1520616828.561750 -113.498703 -74.711417 76.988834 0.766875 0.318837 0.379376 -0.407823
1520616828.611752 -114.058153 -75.482637 77.292538 0.771237 0.314572 0.367513 -0.413730
1520616828.661351 -114.721945 -76.062175 77.765312 0.773037 0.311034 0.361494 -0.418323
1520616828.711352 -115.351529 -76.814037 77.961089 0.772502 0.308715 0.359916 -0.422369
1520616828.761354 -115.557376 -77.785526 77.843466 0.769038 0.305510 0.361504 -0.429604
1520616828.811356 -115.443249 -78.765504 78.006619 0.768470 0.302816 0.358857 -0.434716
1520616828.861357 -116.037451 -79.101707 78.737297 0.775588 0.292191 0.365566 -0.423615
1520616828.911358 -115.994194 -79.991581 79.191448 0.776558 0.283325 0.369175 -0.424729
1520616828.961360 -115.732264 -80.901375 79.513422 0.774455 0.269392 0.374056 -0.433279
1520616829.011361 -115.500996 -81.740030 80.006548 0.772585 0.259967 0.380117 -0.437083
1520616829.061175 -115.179812 -82.475258 80.603441 0.768424 0.249757 0.389679 -0.441924
1520616829.111176 -114.984551 -83.162064 81.303563 0.763871 0.240501 0.397858 -0.447626
1520616829.161178 -114.954477 -84.011319 81.830688 0.752933 0.232333 0.410393 -0.459011
1520616829.211180 -114.973607 -84.884525 82.317664 0.739197 0.224104 0.423894 -0.472947
1520616829.261180 -114.690643 -85.620230 82.933026 0.729496 0.215911 0.431850 -0.484483
1520616829.311183 -114.454404 -86.499547 83.346539 0.721228 0.208858 0.438486 -0.493902
1520616829.361185 -114.701687 -87.458051 83.204697 0.710503 0.200060 0.454270 -0.498798
1520616829.411186 -114.417767 -88.075272 83.938473 0.708907 0.199091 0.458179 -0.497882
1520616829.461228 -114.096612 -88.633524 84.703466 0.708887 0.198555 0.458360 -0.497957
1520616829.511229 -113.750054 -89.559779 84.851621 -0.695392 -0.188118 -0.472459 0.507764
1520616829.561231 -113.486380 -90.115123 85.640335 0.701503 0.205311 0.468357 -0.496370
1520616829.611233 -113.333290 -89.277120 86.164084 0.690849 0.188798 0.494896 -0.492099
1520616829.661234 -113.016447 -89.935936 86.846412 0.684362 0.194844 0.506183 -0.487302
1520616829.711236 -112.752626 -90.660237 87.483426 0.678031 0.203636 0.518700 -0.479330
1520616829.761237 -112.653044 -91.460595 88.074619 0.671813 0.214372 0.528525 -0.472625
1520616829.811238 -112.606848 -92.091356 88.849220 0.662875 0.229138 0.544389 -0.460145
1520616829.861240 -112.823948 -93.046088 88.645860 0.638484 0.228881 0.572746 -0.460342
1520616829.912133 -113.401068 -93.853778 88.766561 0.618979 0.237552 0.599990 -0.447712
1520616829.962134 -114.003940 -94.491417 89.246106 0.606797 0.251130 0.621600 -0.427019
1520616830.012136 -114.021761 -95.343294 89.769544 0.595344 0.272792 0.624723 -0.425290
1520616830.062226 -114.664005 -95.953071 89.305115 0.574716 0.278268 0.648177 -0.414892
1520616830.112139 -114.874047 -96.809833 89.776114 0.564513 0.297152 0.654623 -0.405581
1520616830.162140 -115.330008 -97.467920 89.176930 0.541106 0.308440 0.676134 -0.393588
1520616830.212142 -115.620351 -98.252443 88.629003 0.515926 0.324545 0.694658 -0.382022
1520616830.262144 -115.520621 -99.110702 88.125569 0.493085 0.340228 0.706849 -0.376134
1520616830.313514 -115.347713 -99.938681 87.592134 0.473051 0.356380 0.715018 -0.371437
1520616830.363516 -115.179766 -100.770978 87.063857 0.460130 0.370430 0.719166 -0.365872
1520616830.413517 -115.109585 -101.456749 86.339431 0.450301 0.379811 0.723237 -0.360419
1520616830.463519 -115.305134 -102.421366 86.162587 0.457699 0.389994 0.718936 -0.348635
1520616830.513520 -115.750968 -103.314837 86.108358 0.473968 0.391239 0.712399 -0.338783
1520616830.563522 -115.330473 -103.953804 85.464226 0.472129 0.389426 0.708474 -0.351435
1520616830.613523 -115.722807 -104.873542 85.451732 0.495490 0.383035 0.697995 -0.347243
1520616830.663525 -115.724520 -105.485740 84.661030 0.505986 0.367165 0.690383 -0.364059
1520616830.714658 -116.079772 -106.414501 84.766853 0.538132 0.362932 0.666600 -0.366522
1520616830.764659 -115.984026 -106.811965 83.854244 0.541881 0.344694 0.659423 -0.390785
1520616830.814661 -116.265545 -107.403835 83.098972 0.551400 0.323570 0.648686 -0.412875
1520616830.864662 -116.265705 -108.056534 82.341354 0.553415 0.305576 0.641120 -0.435109
1520616830.914664 -116.678817 -108.965686 82.394085 0.562570 0.284395 0.633041 -0.449326
1520616830.964665 -116.765741 -109.872535 82.806480 0.573485 0.267428 0.622483 -0.460557
1520616831.014668 -116.832250 -110.745278 83.290108 0.579768 0.247782 0.615241 -0.473235
1520616831.064669 -116.792443 -111.656948 83.699097 0.582675 0.231169 0.608890 -0.486111
1520616831.116020 -116.829412 -112.508280 84.222421 0.585150 0.211056 0.607122 -0.494427
1520616831.166022 -116.781247 -113.405764 84.660829 -0.584772 -0.192702 -0.604722 0.505192
1520616831.216024 -116.764148 -114.324184 85.056066 -0.581815 -0.173046 -0.606123 0.513966
1520616831.266025 -116.570032 -115.226753 85.440369 -0.579193 -0.154164 -0.608554 0.520029
1520616831.316026 -116.463510 -116.140825 85.831680 -0.574875 -0.137163 -0.615743 0.521120
1520616831.366029 -116.106471 -116.965320 86.270694 -0.572433 -0.122411 -0.621104 0.521120
1520616831.416030 -115.881027 -117.844008 86.691505 -0.565622 -0.114382 -0.634585 0.514092
1520616831.466031 -116.534827 -118.116228 85.985501 -0.533945 -0.065938 -0.677324 0.501785
1520616831.515219 -117.105045 -118.266940 85.177951 0.501045 0.026885 0.711427 -0.492040
1520616831.565220 -117.084340 -119.083683 85.754581 0.493009 0.024916 0.724392 -0.481224
1520616831.615222 -117.943778 -119.059000 85.243936 0.452513 -0.008435 0.769596 -0.450425
1520616831.665223 -118.422272 -119.004150 84.367561 0.423155 -0.041614 0.792025 -0.438069
1520616831.715225 -118.483370 -119.817194 84.946548 0.425960 -0.042054 0.795882 -0.428207
1520616831.765226 -119.174935 -119.582238 84.263515 0.395440 -0.079898 0.818876 -0.408271
1520616831.815228 -120.002900 -119.193305 83.859530 0.369284 -0.107749 0.845050 -0.371362
1520616831.865230 -120.367936 -120.095437 84.089548 0.363076 -0.112561 0.851948 -0.360125
1520616831.912728 -121.148891 -119.746952 83.571217 0.333178 -0.136483 0.872706 -0.329771
1520616831.962729 -121.629726 -120.593659 83.798997 0.328439 -0.138795 0.876789 -0.322652
1520616832.012731 -122.174420 -121.369253 84.118001 0.328170 -0.140666 0.880342 -0.312273
1520616832.062733 -122.654767 -122.228927 84.291858 0.315387 -0.143149 0.891317 -0.292564
1520616832.112734 -123.245609 -123.003545 84.517408 0.301725 -0.150852 0.902207 -0.268754
1520616832.162736 -123.988707 -123.663202 84.629921 0.292374 -0.153289 0.910418 -0.249318
1520616832.212737 -124.807079 -124.220900 84.768630 0.284134 -0.154642 0.917510 -0.231365
1520616832.262738 -125.590622 -124.739166 85.111355 0.278145 -0.158948 0.922781 -0.214118
1520616832.312741 -126.430196 -125.208818 85.384379 0.276426 -0.157519 0.925807 -0.204105
1520616832.361882 -127.262744 -125.685195 85.667096 0.262145 -0.158038 0.934126 -0.183611
1520616832.411884 -128.059967 -126.222520 85.942265 0.247493 -0.155628 0.942703 -0.160743
1520616832.461885 -128.805184 -126.740973 86.361618 0.227683 -0.156132 0.951700 -0.134352
1520616832.511887 -129.677860 -127.199981 86.528200 0.206994 -0.151237 0.959964 -0.112914
1520616832.561889 -130.570316 -127.542412 86.821905 0.192153 -0.149510 0.965861 -0.088525
1520616832.611890 -131.545644 -127.623809 87.027113 0.196969 -0.152844 0.966479 -0.061325
1520616832.661892 -132.492361 -127.801286 87.295869 0.190765 -0.150864 0.969456 -0.031683
1520616832.711894 -133.408747 -127.556315 87.612453 0.203187 -0.167151 0.964764 0.002368
1520616832.761739 -134.364904 -127.667018 87.883579 0.203834 -0.161511 0.965097 0.030884
1520616832.811741 -134.033190 -128.215504 88.651126 0.169609 -0.161032 0.969224 0.076852
1520616832.861742 -134.990483 -127.946974 88.758281 0.162863 -0.161261 0.967732 0.104718
1520616832.911744 -135.796639 -127.357808 88.703549 0.164596 -0.168096 0.962874 0.132388
1520616832.961745 -135.582494 -128.088643 89.351639 0.148820 -0.164907 0.959822 0.171466
1520616833.011746 -136.501872 -127.697999 89.397902 0.157145 -0.164094 0.953746 0.196845
1520616833.061749 -136.818475 -127.293882 88.539735 0.148586 -0.155768 0.952443 0.215663
1520616833.111750 -137.147534 -127.104249 87.614662 0.143250 -0.152539 0.950494 0.229721
1520616833.161661 -137.143422 -126.367823 86.938156 0.132486 -0.155192 0.945605 0.253364
1520616833.211663 -137.309797 -126.321372 85.953188 0.126228 -0.154890 0.943429 0.264609
1520616833.261665 -137.287272 -125.421544 85.517526 0.126808 -0.160166 0.939448 0.275143
1520616833.311669 -137.392500 -125.401162 84.523287 0.128852 -0.150284 0.938625 0.282478
1520616833.361667 -137.672589 -125.034062 83.636276 0.134437 -0.138002 0.936967 0.291506
1520616833.411669 -138.139929 -124.319179 83.116147 0.145425 -0.130836 0.934904 0.296120
1520616833.461671 -138.363117 -123.410037 82.764510 0.157920 -0.138228 0.930918 0.298909
1520616833.511672 -138.408746 -122.554332 82.249061 0.166876 -0.152517 0.925851 0.302804
1520616833.561608 -138.774152 -122.724237 81.333850 0.171389 -0.150954 0.923040 0.309574
1520616833.611609 -139.339176 -121.986741 80.963920 0.185422 -0.159103 0.918277 0.311564
1520616833.661611 -139.228889 -121.259258 80.286717 0.196443 -0.189182 0.913689 0.301319
1520616833.711612 -139.749735 -120.559782 79.797378 0.219562 -0.210555 0.905541 0.295728
1520616833.761614 -139.209337 -120.888431 79.022807 0.218953 -0.217235 0.907339 0.285665
1520616833.811615 -138.854297 -121.020136 78.097280 0.220685 -0.225643 0.909748 0.269708
1520616833.861617 -139.263220 -120.169693 77.766329 0.241349 -0.251080 0.905108 0.243905
1520616833.911619 -139.115865 -120.113811 76.778826 0.244323 -0.261793 0.907652 0.218947
1520616833.961606 -138.987466 -119.665974 75.893977 0.246593 -0.278189 0.908397 0.191355
1520616834.011608 -139.131709 -118.772480 75.468699 0.255181 -0.306786 0.904436 0.150865
1520616834.061609 -139.971396 -118.231962 75.416106 0.273632 -0.329307 0.896398 0.114684
1520616834.111611 -140.303575 -117.288749 75.413618 0.271542 -0.359871 0.889552 0.073856
1520616834.161612 -140.948743 -116.570555 75.674302 0.267719 -0.391196 0.879905 0.032553
1520616834.211614 -141.471672 -115.747473 75.452759 0.250102 -0.416166 0.874210 -0.003434
1520616834.261616 -142.262714 -115.255528 75.816410 0.241120 -0.443838 0.862131 -0.039995
1520616834.311617 -142.900105 -114.671549 75.313716 0.217404 -0.464137 0.856066 -0.066811
1520616834.361658 -143.595612 -114.261004 74.724035 0.186995 -0.479772 0.852067 -0.093987
1520616834.411659 -144.235107 -113.761454 74.139659 0.163595 -0.499553 0.843321 -0.111778
1520616834.461659 -145.059156 -114.013357 73.632226 0.152344 -0.503968 0.838605 -0.139816
1520616834.511661 -145.909163 -114.321154 73.204734 0.141572 -0.512974 0.831433 -0.159792
1520616834.561664 -146.697977 -114.526706 72.625493 0.130469 -0.522654 0.825355 -0.169116
1520616834.611665 -147.430800 -114.750465 71.982918 0.114300 -0.536780 0.817792 -0.173260
1520616834.661667 -147.963297 -114.243794 71.304883 0.078317 -0.569699 0.801813 -0.162499
1520616834.711668 -148.664296 -114.534539 70.653678 0.106986 -0.540037 0.813164 -0.188888
1520616834.761669 -149.374448 -114.816653 70.008624 0.102577 -0.548952 0.807770 -0.188778
1520616834.811500 -149.147212 -115.755446 69.749722 0.073684 -0.572787 0.806670 -0.125577
1520616834.861501 -149.947309 -115.869857 69.160863 0.077810 -0.576744 0.803377 -0.126085
1520616834.911502 -149.845349 -114.892433 68.975805 0.039968 -0.604750 0.789846 -0.093931
1520616834.961505 -149.423211 -115.788761 68.840178 0.030030 -0.640550 0.767136 -0.017192
1520616835.011506 -150.082930 -116.349542 68.339883 0.031469 -0.622059 0.782237 0.012527
1520616835.061507 -150.937168 -116.729707 67.985269 0.053902 -0.602530 0.796089 0.017158
1520616835.111509 -151.568157 -117.504620 67.948342 0.206497 -0.431386 0.877380 0.038336
1520616835.161510 -151.864728 -117.199892 67.043253 0.181631 -0.438199 0.878394 0.058441
1520616835.212775 -151.811655 -116.350994 66.517368 0.150807 -0.465918 0.869095 0.069652
1520616835.262777 -152.348385 -115.532437 66.312710 0.141789 -0.488888 0.855119 0.098264
1520616835.312778 -152.483848 -114.865288 65.580205 0.120860 -0.494109 0.851430 0.127734
1520616835.362780 -152.414831 -113.876759 65.445871 0.102967 -0.508407 0.837822 0.170217
1520616835.412781 -152.403622 -113.086164 64.833634 0.085781 -0.513245 0.827223 0.211952
1520616835.462783 -153.334037 -112.847050 64.555872 0.104429 -0.507987 0.822052 0.235106
1520616835.512785 -154.151283 -112.375387 64.224748 0.109134 -0.507330 0.811188 0.269592
1520616835.562786 -153.902451 -111.501050 63.808076 0.094139 -0.512667 0.793334 0.314534
1520616835.613474 -154.845985 -111.230383 63.617070 0.109663 -0.504391 0.785088 0.342347
1520616835.663475 -155.769907 -110.951015 63.355686 0.121653 -0.493154 0.778134 0.369468
1520616835.713476 -156.225456 -110.137832 62.993458 0.123408 -0.491218 0.763965 0.399791
1520616835.763479 -156.859031 -109.431914 62.676816 0.128225 -0.485548 0.751358 0.428093
1520616835.813479 -157.384383 -108.661725 62.315135 0.130229 -0.478007 0.737606 0.458789
1520616835.863482 -157.809160 -107.833295 61.950075 0.128698 -0.468001 0.723631 0.490682
1520616835.913484 -158.215694 -107.072156 61.444707 0.122705 -0.454712 0.711899 0.520942
1520616835.963485 -158.818356 -106.274300 61.459750 0.123567 -0.444574 0.698709 0.546710
1520616836.012620 -158.589817 -105.468729 60.913101 0.109706 -0.430803 0.682200 0.580497
1520616836.062621 -158.509220 -104.528436 60.582416 0.101782 -0.413346 0.665379 0.613235
1520616836.112623 -157.814098 -103.896540 60.239614 0.086843 -0.392419 0.641465 0.653443
1520616836.162625 -157.538249 -102.959898 60.023723 0.081915 -0.375863 0.625703 0.678610
1520616836.212626 -156.807197 -102.386858 59.653335 0.075189 -0.356813 0.597201 0.714410
1520616836.262627 -156.352614 -101.794224 58.988399 0.072586 -0.332718 0.581682 0.738699
1520616836.312629 -155.819987 -101.385976 58.247021 0.070208 -0.309665 0.568135 0.759211
1520616836.362630 -155.502313 -101.292382 57.303451 0.070127 -0.287156 0.562460 0.772180
1520616836.412460 -155.422144 -101.103361 56.324756 0.073659 -0.272984 0.557958 0.780216
1520616836.462462 -155.466406 -100.448298 57.079032 0.085996 -0.260052 0.547273 0.790866
1520616836.512463 -155.220729 -99.675629 57.664374 0.112213 -0.267256 0.526691 0.799111
1520616836.562465 -155.598297 -99.057127 56.975246 0.112880 -0.251464 0.527799 0.803400
1520616836.612475 -155.738315 -98.480361 56.170425 0.110629 -0.236302 0.517740 0.814781
1520616836.662468 -155.835141 -97.798805 55.445094 0.106906 -0.221115 0.514221 0.821739
1520616836.712469 -156.102833 -97.361013 54.586794 0.100345 -0.203109 0.512505 0.828261
1520616836.762471 -156.268891 -96.976610 53.678687 0.089335 -0.186561 0.511857 0.833797
1520616836.812472 -156.444062 -96.606822 52.766233 0.076606 -0.171366 0.512390 0.837987
1520616836.863658 -156.817775 -96.513513 51.843394 0.058008 -0.149202 0.514028 0.842703
1520616836.913660 -157.041894 -96.365382 50.880155 0.038839 -0.138334 0.509292 0.848515
1520616836.963661 -157.414534 -96.089644 49.994093 0.021606 -0.127976 0.509145 0.850839
1520616837.013662 -157.744338 -95.983688 49.056008 0.005710 -0.120156 0.506276 0.853941
1520616837.063664 -158.173729 -95.779226 48.176338 -0.005566 -0.113475 0.514429 0.849974
1520616837.113666 -158.228438 -95.529789 47.209494 -0.015482 -0.110542 0.521808 0.845729
1520616837.163667 -158.325428 -96.268018 46.541953 -0.029833 -0.105410 0.520829 0.846602
1520616837.213670 -158.999930 -96.923936 46.203103 -0.037541 -0.094012 0.526457 0.844153
1520616837.264724 -158.832167 -97.253740 45.274079 -0.043874 -0.097871 0.529728 0.841358
1520616837.314727 -158.577320 -97.134530 44.314474 -0.045222 -0.105977 0.532037 0.838845
1520616837.364727 -158.366752 -96.939800 43.356486 -0.041875 -0.116237 0.541776 0.831393
1520616837.414730 -158.067996 -97.057294 42.409417 -0.039782 -0.125588 0.556634 0.820246
1520616837.464731 -157.779930 -97.067206 41.451858 -0.034779 -0.136532 0.567648 0.811126
1520616837.514732 -157.690704 -97.302310 40.483992 -0.031332 -0.143685 0.579526 0.801575
1520616837.564734 -157.330800 -97.668680 39.625946 -0.031659 -0.152266 0.592489 0.790424
1520616837.614735 -156.893220 -97.500209 38.742690 -0.026220 -0.161987 0.601396 0.781918
1520616837.665124 -156.601155 -97.680191 37.803380 -0.023389 -0.168036 0.608355 0.775320
1520616837.715126 -155.935278 -97.383665 37.118778 -0.022843 -0.173846 0.614653 0.769063
1520616837.765128 -155.057824 -97.691737 36.751128 -0.022477 -0.176272 0.623388 0.761452
1520616837.815128 -154.618078 -97.742006 35.854414 -0.018250 -0.172629 0.632878 0.754541
1520616837.865130 -154.371750 -97.347256 34.969261 -0.008770 -0.167060 0.641172 0.748941
1520616837.915132 -153.919270 -97.383780 34.078235 0.001803 -0.161401 0.647696 0.744605
1520616837.965133 -153.365049 -97.220495 33.262038 0.009385 -0.154930 0.649976 0.743935
1520616838.015135 -153.017339 -97.152351 32.326916 0.015137 -0.149786 0.652937 0.742299
1520616838.065294 -152.328055 -96.720355 31.745309 0.016935 -0.155585 0.655824 0.738513
1520616838.115295 -151.958904 -96.499354 30.842598 0.012080 -0.159815 0.661317 0.732785
1520616838.165297 -152.156276 -96.880917 29.939573 0.000333 -0.151650 0.669343 0.727311
1520616838.215298 -152.087574 -96.944666 28.943975 -0.011367 -0.149451 0.673360 0.723962
1520616838.265330 -151.789954 -96.990473 27.990390 -0.022842 -0.148969 0.673310 0.723837
1520616838.315301 -151.565730 -96.719913 27.054163 -0.032113 -0.150551 0.674313 0.722222
1520616838.365303 -151.962226 -96.115215 26.363417 -0.028582 -0.150004 0.675926 0.720976
1520616838.415304 -151.498614 -96.045068 25.480160 -0.041401 -0.151539 0.678119 0.717967
1520616838.464853 -151.703835 -95.415203 24.731058 -0.038218 -0.151229 0.680688 0.715775
1520616838.514854 -151.538625 -95.004339 23.834455 -0.045642 -0.152176 0.679971 0.715821
1520616838.564857 -151.301228 -94.586457 22.957518 -0.051211 -0.155249 0.678340 0.716331
1520616838.614857 -150.974853 -94.355718 22.040873 -0.063399 -0.154483 0.676769 0.717007
1520616838.664860 -150.574542 -94.037157 21.181647 -0.075595 -0.153795 0.670005 0.722306
1520616838.714861 -150.315483 -93.855686 20.232986 -0.083382 -0.148673 0.662046 0.729821
1520616838.764862 -149.791808 -93.687194 19.397896 -0.090343 -0.144268 0.647478 0.742830
1520616838.814864 -149.571398 -92.897227 18.825732 -0.080725 -0.144052 0.636081 0.753746
1520616838.864038 -149.118619 -92.537809 18.009760 -0.077190 -0.135492 0.624993 0.764897
1520616838.914040 -148.605464 -92.418992 17.159728 -0.075892 -0.123205 0.609450 0.779507
1520616838.964041 -147.982386 -92.246861 16.396744 -0.073631 -0.112352 0.587924 0.797685
1520616839.014043 -147.346017 -92.296736 15.626973 -0.073527 -0.099298 0.560358 0.818983
1520616839.064045 -146.710633 -92.127095 14.873641 -0.070076 -0.090325 0.537308 0.835602
1520616839.114046 -146.155980 -92.464588 14.113077 -0.066554 -0.073848 0.516976 0.850207
1520616839.164048 -145.614571 -92.408983 13.274158 -0.066789 -0.061226 0.499619 0.861494
1520616839.214049 -145.214690 -92.502476 12.362372 -0.068725 -0.046117 0.481679 0.872431
1520616839.264051 -144.741795 -92.080955 11.588622 -0.063944 -0.045505 0.467862 0.880310
1520616839.313210 -144.395153 -92.259022 10.667681 -0.072632 -0.035680 0.445558 0.891588
1520616839.363210 -144.452432 -92.161848 9.674063 -0.072355 -0.027105 0.436828 0.896220
1520616839.413212 -144.397629 -91.531748 8.899485 -0.065159 -0.030710 0.428235 0.900792
1520616839.463213 -144.424689 -91.495376 7.900513 -0.072387 -0.028442 0.419560 0.904390
1520616839.513216 -144.422476 -91.406575 6.904467 -0.079086 -0.032225 0.410038 0.908062
1520616839.563216 -144.382183 -91.525997 5.912441 -0.094564 -0.038068 0.396077 0.912541
1520616839.613218 -144.692518 -91.450326 4.964830 -0.102619 -0.042778 0.385797 0.915860
1520616839.663219 -144.045698 -91.377090 4.205712 -0.118178 -0.079924 0.370280 0.917899
1520616839.712883 -144.223949 -91.656129 3.262121 -0.128913 -0.091813 0.357040 0.920584
1520616839.762885 -144.488802 -91.891356 2.326963 -0.134015 -0.103037 0.346840 0.922565
1520616839.812886 -144.121347 -91.734438 1.410255 -0.128702 -0.136674 0.342072 0.920729
1520616839.862888 -143.443744 -91.834619 0.681682 -0.127913 -0.182975 0.352326 0.908859
1520616839.912935 -142.944358 -91.518197 -0.124848 -0.110417 -0.224523 0.357858 0.899631
1520616839.962891 -142.225649 -91.577232 -0.817649 -0.107563 -0.263987 0.370623 0.883957
1520616840.012892 -142.215578 -92.074471 -1.685204 -0.112442 -0.274722 0.383052 0.874732
1520616840.062894 -142.010221 -92.693870 -2.442946 -0.125641 -0.285978 0.397004 0.863029
1520616840.112399 -141.900682 -93.423332 -3.118140 -0.140163 -0.291032 0.418908 0.848629
1520616840.162401 -141.536151 -93.087338 -3.986602 -0.128557 -0.305809 0.438445 0.835296
1520616840.212402 -141.527494 -93.835892 -4.649619 -0.129700 -0.300652 0.456884 0.827069
1520616840.262404 -140.991307 -93.335415 -5.329345 -0.112877 -0.305675 0.480534 0.814192
1520616840.312406 -140.743080 -93.762089 -6.199019 -0.112745 -0.301875 0.497231 0.805557
1520616840.362407 -140.476716 -94.235301 -7.038733 -0.121063 -0.296734 0.516920 0.793780
1520616840.412409 -140.682001 -93.877970 -6.127595 -0.134410 -0.292721 0.538067 0.778930
1520616840.462410 -141.017221 -93.427596 -5.300074 -0.151670 -0.288504 0.556001 0.764607
1520616840.512949 -141.722880 -93.049513 -4.700825 -0.170270 -0.285202 0.566455 0.754186
1520616840.562950 -141.059225 -93.377273 -5.373236 -0.184414 -0.280894 0.579893 0.742169
1520616840.612952 -140.263125 -93.672770 -5.901353 -0.197861 -0.277046 0.591441 0.730954
1520616840.662954 -139.435160 -94.001569 -6.355626 -0.213381 -0.270681 0.600706 0.721355
1520616840.712955 -140.297477 -93.681461 -5.963274 -0.231518 -0.261779 0.609943 0.711225
1520616840.762957 -139.507885 -94.025193 -6.471597 -0.252407 -0.254715 0.620247 0.697642
1520616840.812958 -138.600496 -94.036736 -6.891731 -0.282054 -0.249822 0.616860 0.691027
1520616840.862960 -138.241674 -93.524198 -7.671829 -0.302651 -0.245357 0.622662 0.678597
1520616840.913886 -137.326955 -93.769888 -7.992648 -0.337861 -0.237178 0.616518 0.670449
1520616840.963888 -136.679272 -94.248511 -8.585460 -0.388313 -0.224594 0.617902 0.645731
1520616841.013889 -136.850267 -93.773006 -9.448395 -0.395611 -0.213093 0.621325 0.641902
1520616841.063890 -137.140295 -92.963765 -9.959289 -0.396146 -0.212832 0.631816 0.631331
1520616841.113892 -136.162342 -92.937042 -10.166395 -0.429718 -0.208959 0.599703 0.641899
1520616841.163894 -135.557490 -93.478985 -10.749878 -0.478458 -0.182843 0.585054 0.628775
1520616841.213895 -134.576310 -93.594127 -10.904887 -0.509029 -0.182924 0.542035 0.643137
1520616841.263896 -134.262924 -93.096437 -11.713648 -0.509652 -0.179040 0.531656 0.652335
1520616841.313216 -133.298607 -93.360876 -11.726438 -0.539234 -0.182401 0.489229 0.660766
1520616841.363218 -132.375659 -93.694800 -11.917914 -0.560633 -0.181506 0.451539 0.669969
1520616841.413219 -132.116925 -93.287927 -12.793991 -0.558467 -0.182704 0.437127 0.680922
1520616841.463221 -131.215669 -93.639899 -12.541297 -0.585497 -0.195291 0.391882 0.682263
1520616841.513222 -130.413043 -93.323804 -13.047138 -0.594211 -0.202080 0.366021 0.687099
1520616841.563285 -129.679824 -93.984289 -12.885430 -0.608301 -0.200784 0.320698 0.697717
1520616841.613225 -128.907795 -93.847234 -13.506064 -0.607332 -0.203734 0.293902 0.709409
1520616841.663227 -127.990313 -93.458161 -13.423303 -0.613057 -0.208662 0.269574 0.712707
1520616841.713228 -127.826275 -94.426990 -13.237663 -0.615623 -0.209951 0.239567 0.720789
1520616841.762060 -126.908802 -94.141921 -13.515113 -0.607961 -0.221525 0.216887 0.730938
1520616841.812061 -126.217127 -94.864095 -13.522187 -0.606954 -0.222750 0.181286 0.741030
1520616841.862063 -125.224503 -94.884418 -13.641708 -0.600912 -0.234302 0.159961 0.747275
1520616841.912065 -124.243299 -94.999649 -13.796501 -0.598244 -0.243062 0.134343 0.751650
1520616841.962066 -124.701246 -95.868658 -13.609127 -0.599123 -0.247665 0.104826 0.754138
1520616842.012068 -124.482671 -96.841601 -13.534256 -0.595491 -0.254126 0.074899 0.758420
1520616842.062069 -123.853324 -97.613247 -13.442141 -0.587325 -0.261247 0.051187 0.764316
1520616842.112071 -123.603296 -98.543760 -13.709781 -0.575371 -0.262089 0.029641 0.774196
1520616842.161651 -123.065728 -99.377214 -13.837747 -0.562785 -0.262506 0.013398 0.783699
1520616842.211653 -122.712974 -99.804728 -13.005404 -0.560912 -0.274855 -0.009460 0.780861
1520616842.261655 -122.153214 -100.625071 -12.888326 -0.544557 -0.282025 -0.036814 0.789028
1520616842.311656 -121.721733 -101.527088 -12.874603 -0.529722 -0.288957 -0.070658 0.794296
1520616842.361658 -121.280573 -102.396172 -13.098370 -0.516348 -0.291197 -0.100479 0.799057
1520616842.411659 -120.778129 -103.256278 -13.010241 -0.506071 -0.294376 -0.129227 0.800334
1520616842.461661 -120.546214 -104.177123 -13.323706 -0.491994 -0.287721 -0.152992 0.807312
1520616842.511663 -120.287384 -105.126737 -13.500459 -0.478455 -0.280806 -0.177236 0.812906
1520616842.561522 -119.802501 -105.715286 -14.147373 -0.464106 -0.266090 -0.188651 0.823537
1520616842.611524 -119.229757 -106.484059 -13.862853 -0.455343 -0.264125 -0.197508 0.826977
1520616842.661525 -118.628333 -107.123949 -14.341215 -0.442924 -0.251893 -0.202145 0.836365
1520616842.711528 -118.134033 -107.902994 -14.726905 -0.434762 -0.244083 -0.211487 0.840642
1520616842.761529 -117.656008 -108.771413 -14.858588 -0.431474 -0.236884 -0.220221 0.842151
1520616842.811531 -117.142527 -109.469467 -15.357645 -0.423815 -0.224718 -0.220389 0.849301
1520616842.861531 -116.543821 -109.973596 -15.980064 -0.416463 -0.212138 -0.210870 0.858539
1520616842.911534 -116.229159 -110.905267 -16.161658 -0.415572 -0.202494 -0.202608 0.863276
1520616842.961703 -115.671278 -111.665433 -16.494701 -0.416284 -0.192349 -0.189774 0.868156
1520616843.011704 -115.148647 -111.918670 -17.308781 -0.414315 -0.174476 -0.170963 0.876740
1520616843.061706 -115.372444 -112.662577 -17.938477 -0.420067 -0.152449 -0.155619 0.880957
1520616843.111708 -115.621665 -113.381549 -18.587298 -0.427471 -0.129694 -0.139310 0.883765
1520616843.161709 -115.503543 -113.721331 -19.520355 -0.432711 -0.107078 -0.120112 0.887056
1520616843.211785 -115.529434 -114.194108 -20.401157 -0.437315 -0.079122 -0.094605 0.890812
1520616843.261712 -115.268302 -114.588247 -21.282329 -0.441164 -0.053016 -0.063721 0.893590
1520616843.311713 -115.542541 -115.185979 -22.035662 -0.446696 -0.021904 -0.043878 0.893341
1520616843.361653 -115.817735 -115.839119 -22.741123 -0.447018 0.007492 -0.032642 0.893898
1520616843.411654 -116.118892 -116.635494 -23.265614 -0.443416 0.035570 -0.018803 0.895412
1520616843.461656 -116.431062 -117.370648 -23.867360 -0.438078 0.059667 -0.005583 0.896937
1520616843.511658 -116.840298 -118.146233 -24.347979 -0.434023 0.080074 -0.001092 0.897336
1520616843.561659 -117.096499 -118.972972 -24.848841 -0.430729 0.097577 -0.001084 0.897190
1520616843.611661 -117.461072 -119.729026 -25.392412 -0.427811 0.115441 -0.006584 0.896442
1520616843.661662 -117.311783 -120.499041 -26.012727 -0.430391 0.124682 -0.008226 0.893952
1520616843.711664 -117.606748 -121.232021 -26.625699 -0.432556 0.141982 -0.019627 0.890141
1520616843.761665 -117.426656 -122.078344 -27.127002 -0.449778 0.144125 -0.042895 0.880391
1520616843.811616 -117.005634 -122.496730 -27.931796 -0.453922 0.147655 -0.059221 0.876725
1520616843.861618 -117.372366 -123.272873 -28.444739 -0.463063 0.150638 -0.084743 0.869310
1520616843.911619 -117.592652 -124.103043 -28.956883 -0.472725 0.148023 -0.109733 0.861730
1520616843.961621 -118.030130 -124.900436 -29.372548 -0.481517 0.141901 -0.134907 0.854286
1520616844.011622 -117.822425 -125.739008 -29.876190 -0.483873 0.124247 -0.148232 0.853497
1520616844.061624 -117.420690 -126.399438 -30.510572 -0.478052 0.109224 -0.164528 0.855843
1520616844.111625 -117.752832 -127.251166 -30.915839 -0.474513 0.095709 -0.180331 0.856247
1520616844.161627 -117.951425 -128.231246 -30.914337 -0.481372 0.078300 -0.186774 0.852799
1520616844.211801 -118.094274 -129.158471 -31.260529 -0.480159 0.058878 -0.188990 0.854554
1520616844.261803 -117.917094 -129.867815 -31.942759 -0.480253 0.030574 -0.193722 0.854923
1520616844.311804 -118.127107 -130.843063 -31.873578 -0.511803 0.004506 -0.172688 0.841556
1520616844.361806 -118.605488 -131.216750 -32.668254 -0.515610 -0.013653 -0.180888 0.837401
1520616844.411807 -119.283020 -131.372773 -33.387007 -0.517818 -0.030627 -0.186228 0.834413
1520616844.461809 -119.851327 -131.712610 -34.136366 -0.522410 -0.054718 -0.185890 0.830385
1520616844.511810 -120.088763 -132.362290 -34.858543 -0.530316 -0.085988 -0.185783 0.822712
1520616844.561811 -120.452784 -132.826958 -35.665743 -0.530918 -0.114287 -0.187507 0.818478
1520616844.612123 -120.786307 -133.433771 -36.387227 -0.533395 -0.140054 -0.184763 0.813473
1520616844.662125 -121.328312 -133.613209 -37.208223 -0.530977 -0.160682 -0.177786 0.812796
1520616844.712126 -121.531102 -134.335153 -37.869791 -0.533116 -0.186488 -0.171794 0.807154
1520616844.762128 -120.886096 -135.099153 -37.886250 -0.537618 -0.217073 -0.153807 0.800118
1520616844.812129 -120.589823 -135.767402 -38.568646 -0.541241 -0.239983 -0.142035 0.793279
1520616844.862221 -120.713482 -136.451197 -39.287766 -0.549414 -0.252060 -0.128231 0.786235
1520616844.912132 -119.766346 -136.742749 -39.153858 -0.555138 -0.292824 -0.112490 0.770339
1520616844.962134 -119.614268 -137.657756 -38.780182 -0.582783 -0.316889 -0.094603 0.742291
1520616845.012325 -119.138316 -138.533638 -38.700805 -0.591042 -0.339147 -0.085953 0.726815
1520616845.062327 -118.506757 -139.197447 -38.300191 -0.606275 -0.364128 -0.065039 0.703997
1520616845.112329 -118.646031 -139.998164 -37.717565 -0.641634 -0.377406 -0.058217 0.665192
1520616845.162330 -118.500195 -140.669513 -36.990913 -0.671785 -0.389489 -0.041809 0.628694
1520616845.212332 -118.189767 -141.296562 -36.276459 -0.696043 -0.399255 -0.026906 0.596151
1520616845.262333 -117.869953 -141.633269 -35.390825 -0.721402 -0.405233 -0.008288 0.561513
1520616845.312335 -117.518088 -141.634469 -34.454776 -0.746688 -0.417217 0.009839 0.517968
1520616845.362336 -117.209955 -141.538429 -33.508292 0.770149 0.420485 -0.031108 -0.478639
1520616845.412338 -117.401474 -141.901386 -32.596381 0.792088 0.411340 -0.042194 -0.449016
1520616845.462340 -117.493557 -141.978606 -31.603628 0.811380 0.406181 -0.053035 -0.416973
1520616845.512341 -117.301558 -141.773474 -30.643911 0.827447 0.403639 -0.071842 -0.383725
1520616845.562342 -117.111705 -141.746807 -29.662461 0.840062 0.395559 -0.089582 -0.360283
1520616845.612344 -116.468185 -141.723996 -28.897371 0.848499 0.386822 -0.109068 -0.344272
1520616845.662346 -115.739380 -141.625018 -28.219841 0.854294 0.378595 -0.128578 -0.332138
1520616845.712347 -115.223695 -141.805224 -27.382229 0.859867 0.366167 -0.144332 -0.325145
1520616845.762349 -114.725122 -141.997975 -26.537082 0.860536 0.361658 -0.158730 -0.321693
1520616845.812121 -114.333188 -142.060226 -25.619198 0.861979 0.355919 -0.173569 -0.316526
1520616845.862123 -113.797393 -142.009764 -24.776359 0.861822 0.356738 -0.185939 -0.308915
1520616845.912124 -113.175743 -142.049049 -23.994050 0.861790 0.354002 -0.199264 -0.303799
1520616845.962125 -112.398243 -141.910993 -23.380507 0.858577 0.356639 -0.213564 -0.300075
1520616846.012126 -111.656907 -141.627069 -22.772388 0.857287 0.356279 -0.228017 -0.293483
1520616846.062129 -110.966051 -141.579788 -22.050944 0.859693 0.352177 -0.233555 -0.286967
1520616846.112130 -110.936587 -141.307100 -21.089293 0.864051 0.355886 -0.229908 -0.271852
1520616846.162131 -110.582657 -141.157741 -20.166024 0.866194 0.360017 -0.226511 -0.262275
1520616846.212133 -109.812233 -141.193284 -19.529484 0.866417 0.361522 -0.225264 -0.260538
1520616846.261891 -108.936250 -140.975758 -19.098977 0.866546 0.361735 -0.230386 -0.255279
1520616846.311892 -108.193682 -140.877053 -18.436519 0.867272 0.363113 -0.229097 -0.251997
1520616846.361893 -107.399309 -140.640742 -17.876941 0.868067 0.364003 -0.230221 -0.246899
1520616846.411896 -106.714203 -140.323764 -17.221079 0.869964 0.364793 -0.231328 -0.237858
1520616846.461897 -106.102561 -139.810337 -16.619176 0.870863 0.369578 -0.234154 -0.224014
1520616846.512003 -105.762018 -139.099224 -16.004074 0.871974 0.376967 -0.238744 -0.201393
1520616846.561900 -105.240066 -138.440200 -15.462546 0.871972 0.379887 -0.246123 -0.186479
1520616846.611901 -104.801234 -137.730758 -14.911076 0.871819 0.384679 -0.251012 -0.170135
1520616846.661718 -104.070471 -137.128693 -14.589360 0.869289 0.385801 -0.262194 -0.163547
1520616846.711720 -103.361138 -136.443903 -14.422300 0.866809 0.383531 -0.277178 -0.157222
1520616846.761721 -102.877679 -135.981538 -13.679006 0.865192 0.382920 -0.285231 -0.153159
1520616846.811723 -101.951463 -135.778984 -13.361049 0.859927 0.382848 -0.301164 -0.152492
1520616846.861724 -101.512631 -135.415750 -12.539168 0.856727 0.382352 -0.311853 -0.150248
1520616846.911726 -101.096470 -134.961476 -11.751485 0.853093 0.381973 -0.323929 -0.146287
1520616846.961727 -100.515109 -134.308765 -11.265700 0.848205 0.383556 -0.336837 -0.141330
1520616847.011729 -99.981012 -133.701831 -10.677166 0.843601 0.389352 -0.343234 -0.137594
1520616847.061585 -99.601532 -132.805385 -10.448303 0.838671 0.397076 -0.351441 -0.124301
1520616847.111586 -98.940855 -132.054720 -10.445293 0.833891 0.401519 -0.359971 -0.117596
1520616847.161588 -98.287139 -131.348195 -10.174225 0.828875 0.409394 -0.364088 -0.113149
1520616847.211590 -97.582118 -130.731425 -9.824169 0.823982 0.414331 -0.370700 -0.109386
1520616847.261591 -97.075842 -129.882672 -9.671511 0.817684 0.418372 -0.381996 -0.102162
1520616847.311593 -96.976050 -129.167062 -8.980176 0.815880 0.422070 -0.382916 -0.097841
1520616847.361594 -96.347143 -128.416262 -8.778245 0.814992 0.419962 -0.388044 -0.094028
1520616847.411595 -95.999076 -127.479091 -8.754615 0.812656 0.418651 -0.397560 -0.079168
1520616847.461848 -95.516248 -126.605093 -8.699799 0.811143 0.416174 -0.405252 -0.067944
1520616847.511849 -95.303527 -125.637598 -8.563041 0.808125 0.420223 -0.409125 -0.054436
1520616847.561851 -95.120483 -124.670098 -8.737508 0.803252 0.424287 -0.417069 -0.028634
1520616847.611853 -95.067933 -123.690738 -8.932685 0.796334 0.429227 -0.426096 0.007590
1520616847.661854 -95.399862 -124.516203 -9.389228 0.792983 0.442069 -0.418172 0.029766
1520616847.711855 -95.137471 -124.914010 -10.268376 0.792780 0.446577 -0.411427 0.052886
1520616847.761857 -95.248688 -124.004781 -10.669541 0.785142 0.448510 -0.417277 0.090949
1520616847.811858 -95.164976 -123.084133 -11.050854 0.778057 0.449105 -0.424483 0.112900
1520616847.862052 -95.241562 -122.407438 -10.318585 0.774192 0.454131 -0.424674 0.118510
1520616847.912053 -94.527135 -121.893093 -10.792973 0.768526 0.446034 -0.441656 0.123938
1520616847.962055 -93.902103 -121.271268 -11.264850 0.762402 0.443123 -0.453062 0.130843
1520616848.012056 -93.869806 -120.477171 -11.871782 0.754190 0.447222 -0.458523 0.144726
1520616848.062058 -94.060179 -119.537067 -12.154561 0.742132 0.456305 -0.464537 0.158843
1520616848.112061 -93.816927 -119.744170 -11.206966 0.730246 0.472472 -0.466223 0.161700
1520616848.162061 -93.569550 -119.920946 -10.254309 0.717892 0.489153 -0.468406 0.161107
1520616848.212062 -92.717790 -119.426893 -10.079907 0.691201 0.508089 -0.487694 0.161992
1520616848.262064 -92.653737 -119.726112 -9.127875 0.678857 0.517877 -0.494301 0.163169
1520616848.311651 -92.527276 -120.095850 -8.207385 0.667293 0.526476 -0.500823 0.163460
1520616848.361652 -92.306906 -120.387398 -7.276559 0.658497 0.531840 -0.506132 0.165403
1520616848.411654 -91.965488 -120.673405 -6.381219 0.652672 0.532195 -0.512254 0.168475
1520616848.461655 -91.725521 -121.044292 -5.484080 0.647830 0.532819 -0.516412 0.172449
1520616848.511657 -91.440418 -121.342972 -4.573308 0.641910 0.532201 -0.521730 0.180311
1520616848.561658 -91.221125 -121.606121 -3.633806 0.630556 0.535756 -0.526840 0.194433
1520616848.611660 -90.883943 -122.067693 -2.813282 0.625882 0.537933 -0.527919 0.200502
1520616848.661662 -90.514264 -122.467784 -1.974673 0.620211 0.535721 -0.530867 0.215691
1520616848.711437 -90.229488 -122.815015 -1.081178 0.615789 0.534739 -0.531843 0.228037
1520616848.761439 -89.974412 -121.868332 -0.884384 0.592455 0.520625 -0.554442 0.265596
1520616848.811440 -89.769307 -121.907469 0.093573 0.588711 0.517356 -0.554478 0.279850
1520616848.861442 -89.436193 -121.007884 0.376028 -0.570069 -0.500206 0.571659 -0.313084
1520616848.911443 -89.130493 -120.080532 0.591820 -0.549836 -0.478924 0.587233 -0.351382
1520616848.961445 -88.852263 -120.186441 1.546477 -0.560806 -0.478468 0.573826 -0.356776
1520616849.011446 -88.235139 -120.449227 2.288166 0.576856 0.456460 -0.575233 0.357756
1520616849.061448 -88.142804 -119.568921 2.753501 -0.563614 -0.432499 0.574191 -0.406927
1520616849.111587 -87.976339 -118.671031 3.161032 -0.551991 -0.404931 0.573023 -0.450535
1520616849.161588 -87.764082 -117.774686 3.550280 -0.543082 -0.378728 0.570539 -0.485913
1520616849.211590 -87.696163 -116.853774 3.934088 0.540235 0.350837 -0.563085 0.517682
1520616849.261592 -87.608269 -115.886196 4.170872 0.537313 0.321055 -0.559098 0.543717
1520616849.311594 -87.477478 -114.915377 3.969862 0.536847 0.286547 -0.561329 0.560888
1520616849.361595 -87.284774 -113.944236 4.110396 0.536831 0.252119 -0.551984 0.586142
1520616849.411596 -87.165453 -112.963851 3.953525 0.535817 0.221177 -0.544828 0.605923
1520616849.461598 -87.178492 -112.022060 3.617582 0.532254 0.196735 -0.531547 0.628855
1520616849.512424 -87.124943 -111.209144 3.037667 0.530039 0.176531 -0.517512 0.648133
1520616849.562427 -87.233488 -110.443084 2.404129 0.526197 0.160709 -0.497187 0.670891
1520616849.612428 -87.240327 -109.572952 1.911358 0.520292 0.151795 -0.474870 0.693364
1520616849.662430 -87.290948 -109.023963 1.077063 0.513853 0.147874 -0.456085 0.711389
1520616849.712430 -86.788108 -108.705884 0.273335 0.506203 0.147465 -0.445896 0.723318
1520616849.762433 -86.713922 -108.009888 -0.440868 0.501144 0.147086 -0.417259 0.743717
1520616849.812433 -86.538195 -107.267175 -1.087009 0.495529 0.149712 -0.385202 0.763974
1520616849.862435 -86.522475 -106.351436 -1.488474 0.493000 0.158775 -0.350918 0.780127
1520616849.912245 -87.135135 -105.698237 -1.933421 0.482704 0.188234 -0.325246 0.791063
1520616849.962246 -86.281486 -105.470631 -2.401907 0.478767 0.191853 -0.315726 0.796424
1520616850.012248 -86.660542 -104.646625 -2.823014 0.470488 0.224189 -0.297051 0.800088
1520616850.062249 -85.839808 -104.391364 -3.334128 0.462496 0.229190 -0.294980 0.804087
1520616850.112251 -86.241333 -103.586165 -3.770515 0.449233 0.266928 -0.281991 0.804624
1520616850.162252 -85.508434 -103.477011 -4.442040 0.435846 0.275387 -0.288068 0.806980
1520616850.212254 -84.811141 -103.255140 -5.123622 0.423696 0.289312 -0.301270 0.803752
1520616850.262256 -84.284745 -103.361832 -5.967141 0.401641 0.303599 -0.314522 0.804729
1520616850.311942 -83.709989 -103.088088 -6.738322 0.385692 0.326352 -0.335657 0.795029
1520616850.361944 -83.647137 -103.484118 -7.654406 0.359739 0.346857 -0.348554 0.792962
1520616850.411945 -83.498982 -103.720519 -8.614700 0.339634 0.365613 -0.367885 0.784625
1520616850.461947 -83.359227 -104.127826 -9.517235 0.317200 0.386355 -0.390256 0.773184
1520616850.511948 -83.354423 -104.138998 -10.517161 0.301014 0.403009 -0.415429 0.757887
1520616850.561950 -83.455670 -103.246380 -10.956458 0.300610 0.428588 -0.431463 0.734701
1520616850.611952 -83.230113 -102.306311 -11.212179 0.296770 0.449917 -0.447462 0.713638
1520616850.661953 -83.582771 -101.380253 -11.077831 0.290350 0.470496 -0.460041 0.694761
1520616850.711955 -83.522912 -100.383955 -11.139539 0.291259 0.491233 -0.461746 0.678711
1520616850.761772 -84.181422 -100.235526 -11.877328 0.276811 0.506543 -0.474039 0.664888
1520616850.811774 -84.773353 -99.819170 -11.187208 0.267540 0.533810 -0.481215 0.641796
1520616850.861776 -85.305362 -99.238193 -10.571227 0.255570 0.550925 -0.491835 0.623910
1520616850.911777 -85.768020 -98.797028 -9.802253 0.249494 0.568765 -0.495030 0.607621
1520616850.961779 -85.707275 -98.059330 -9.129861 0.251138 0.574784 -0.494837 0.601406
1520616851.011781 -85.914865 -97.648919 -8.241903 0.253945 0.585472 -0.487598 0.595804
1520616851.061782 -86.311609 -97.303269 -7.391538 0.253358 0.599163 -0.479678 0.588831
1520616851.111783 -86.562575 -97.098693 -6.445406 0.258057 0.618645 -0.463823 0.579270
1520616851.161724 -86.384004 -96.655875 -5.566757 0.273441 0.622926 -0.451210 0.577583
1520616851.211726 -86.521108 -96.566828 -4.580211 0.278489 0.645996 -0.434572 0.562388
1520616851.261727 -86.866313 -96.602639 -3.642367 0.282556 0.662285 -0.417067 0.554613
1520616851.311729 -86.608093 -96.251821 -2.742228 0.302434 0.666245 -0.412303 0.542824
1520616851.361730 -86.872707 -96.234616 -1.778027 0.313955 0.677285 -0.400824 0.531091
1520616851.411732 -87.347623 -96.276825 -0.899009 0.317684 0.694874 -0.390284 0.513716
1520616851.461733 -87.985299 -96.520500 -0.168262 0.304636 0.726509 -0.368298 0.493699
1520616851.511735 -88.585243 -96.731241 0.603525 0.293085 0.754794 -0.356146 0.466420
1520616851.561554 -88.119279 -96.702968 1.487877 0.305827 0.752786 -0.365953 0.453719
1520616851.611556 -87.628010 -96.782060 2.355287 0.314100 0.753660 -0.374896 0.439079
1520616851.661557 -87.217773 -96.921913 3.256479 0.324570 0.757886 -0.375040 0.423802
1520616851.711559 -87.349393 -97.138582 4.223810 0.332460 0.762858 -0.367293 0.415468
1520616851.761560 -87.733849 -97.376265 5.115831 0.332818 0.783291 -0.351077 0.390426
1520616851.811562 -88.277814 -97.605746 5.922950 0.329386 0.800199 -0.340222 0.368016
1520616851.861564 -88.809541 -97.822535 6.741649 0.328182 0.813947 -0.334791 0.343077
1520616851.911565 -89.453915 -97.848121 7.505932 0.316540 0.825368 -0.344744 0.315786
1520616851.961753 -89.995831 -97.546258 8.290282 0.306229 0.828710 -0.366349 0.291980
1520616852.011755 -89.701470 -97.698488 9.233774 0.300967 0.834372 -0.373064 0.272148
1520616852.061757 -90.082730 -97.286541 10.061385 0.293699 0.836018 -0.379718 0.265761
1520616852.111758 -90.420548 -97.591805 10.951718 0.277161 0.861718 -0.345662 0.247268
1520616852.161760 -90.148581 -97.388545 11.892313 0.269623 0.865331 -0.350956 0.235233
1520616852.211761 -90.872959 -97.051452 12.493682 0.256847 0.871998 -0.349752 0.226547
1520616852.261762 -91.186130 -96.540250 13.294055 0.252283 0.876316 -0.351510 0.211814
1520616852.311764 -91.524831 -96.086139 14.118109 0.245718 0.883543 -0.351612 0.188001
1520616852.362339 -91.815692 -95.262862 14.605567 0.237459 0.886881 -0.357923 0.170137
1520616852.412342 -92.440936 -94.549242 14.921503 0.219733 0.893830 -0.359449 0.153561
1520616852.462343 -93.167812 -93.874162 15.047672 0.210678 0.898259 -0.358392 0.142479
1520616852.512344 -93.685115 -93.020630 15.109968 0.213063 0.901066 -0.353986 0.131822
1520616852.562345 -94.232251 -92.202636 15.287528 0.220512 0.904449 -0.343503 0.123903
1520616852.612348 -94.883735 -92.276912 16.042545 0.218751 0.916353 -0.314351 0.116742
1520616852.662349 -95.183027 -91.334741 16.193338 0.219686 0.919228 -0.307004 0.111837
1520616852.712350 -95.329098 -90.427939 16.588780 0.217744 0.923977 -0.297972 0.100333
1520616852.762365 -95.272225 -90.129216 17.541424 0.203582 0.933830 -0.282242 0.082797
1520616852.812367 -95.447785 -89.554725 18.340885 0.193134 0.940985 -0.266616 0.078501
1520616852.862368 -95.070498 -88.835249 18.923989 0.192412 0.944888 -0.254814 0.072349
1520616852.912370 -94.897305 -88.184810 19.663538 0.191433 0.948748 -0.239983 0.075087
1520616852.962371 -94.868934 -87.575951 20.456309 0.188405 0.949601 -0.235721 0.084835
1520616853.012373 -94.720074 -86.964342 21.233338 0.194950 0.946668 -0.235582 0.101567
1520616853.062377 -94.742016 -86.619561 22.171765 0.208426 0.942519 -0.229072 0.125470
1520616853.112376 -94.724746 -86.592028 23.171237 0.225622 0.935705 -0.222133 0.155589
1520616853.162377 -94.725486 -86.361169 24.144224 0.233621 0.930240 -0.218078 0.180326
1520616853.211991 -94.338572 -86.762389 24.974477 0.239225 0.930581 -0.207204 0.184005
1520616853.261992 -94.499795 -86.379042 25.883900 0.245361 0.922283 -0.215883 0.206365
1520616853.311995 -94.536652 -86.587998 26.861131 0.253767 0.918462 -0.213919 0.215103
1520616853.361995 -94.953608 -86.341479 27.735988 0.274106 0.909301 -0.210070 0.232181
1520616853.411998 -95.551576 -86.154144 28.515309 0.298398 0.900930 -0.200530 0.243047
1520616853.461999 -96.003631 -85.360981 28.923400 0.328388 0.890613 -0.191606 0.249513
1520616853.512000 -96.799024 -85.137947 29.486965 0.350376 0.887014 -0.169164 0.248648
1520616853.562002 -97.491183 -84.496601 29.818012 0.382991 0.875863 -0.147428 0.253863
1520616853.612024 -98.398900 -84.162851 30.072294 0.406387 0.867572 -0.122526 0.259145
1520616853.662026 -98.794928 -84.063261 30.985116 0.418904 0.870588 -0.102419 0.236866
1520616853.712027 -99.247132 -84.132086 31.874371 0.419084 0.881487 -0.078013 0.203135
1520616853.762029 -99.602729 -84.153045 32.808775 0.407434 0.896918 -0.061210 0.160589
1520616853.812030 -100.319177 -83.501269 32.559997 0.394969 0.903353 -0.059570 0.156218
1520616853.862032 -100.942725 -83.518088 33.341601 0.370124 0.920590 -0.029028 0.121160
1520616853.912035 -101.770681 -83.136908 33.752930 0.366940 0.923822 -0.014798 0.108111
1520616853.962035 -102.390564 -82.969599 34.519580 0.357216 0.930595 0.002236 0.079903
1520616854.012085 -102.912774 -82.856065 35.364806 0.339063 0.939094 0.026368 0.049432
1520616854.062087 -103.513291 -82.060787 35.447943 0.336338 0.940079 0.034950 0.043653
1520616854.112088 -104.022381 -81.313799 35.875537 0.322536 0.945217 0.042269 0.027353
1520616854.162090 -104.611013 -80.617815 36.286778 0.302729 0.951662 0.051001 0.009701
1520616854.212092 -105.132735 -79.834254 36.624176 0.283568 0.957346 0.055062 -0.006750
1520616854.262093 -104.547267 -80.227153 37.333300 0.271586 0.957520 0.080007 -0.054728
1520616854.312095 -105.413462 -79.913497 37.722306 0.252982 0.961215 0.093460 -0.057706
1520616854.362096 -106.190078 -79.365349 38.032792 0.233258 0.965039 0.100777 -0.064302
1520616854.412401 -105.554486 -79.621248 38.761173 0.226475 0.960372 0.125915 -0.102668
1520616854.462402 -104.910472 -79.846779 39.492187 0.216072 0.955464 0.146576 -0.137541
1520616854.512403 -104.270719 -80.161974 40.193163 0.207904 0.948316 0.171082 -0.167941
1520616854.562405 -104.013329 -81.008323 40.659472 0.176761 0.946694 0.194229 -0.186550
1520616854.612407 -103.577843 -81.579535 41.355222 0.155913 0.941544 0.215713 -0.206530
1520616854.662408 -103.485866 -82.157432 42.166133 0.133568 0.939110 0.231038 -0.216457
1520616854.712422 -103.014319 -82.759893 42.810093 0.106908 0.938309 0.240732 -0.224041
1520616854.762411 -102.207187 -83.224694 43.174095 0.081273 0.938444 0.245899 -0.228587
1520616854.812416 -101.516100 -83.735888 43.685054 0.059276 0.940328 0.246599 -0.226844
1520616854.862417 -100.678819 -83.948997 44.188587 0.035754 0.942498 0.241748 -0.227984
1520616854.912419 -100.513601 -84.783276 44.714592 0.016760 0.944374 0.245056 -0.218689
1520616854.962420 -99.826514 -85.088219 45.374078 0.001064 0.947094 0.243890 -0.208636
1520616855.012422 -99.308794 -85.754502 45.910764 -0.004543 0.948752 0.246235 -0.198034
1520616855.062424 -99.613170 -85.312552 45.066942 -0.000830 0.951581 0.248915 -0.180372
1520616855.112425 -99.072958 -85.885909 45.682923 0.018978 0.953950 0.249410 -0.165571
1520616855.162427 -98.115698 -85.914087 45.970775 0.042147 0.954913 0.244031 -0.163747
1520616855.212263 -97.140681 -86.127328 46.032997 0.065051 0.953615 0.241960 -0.166862
1520616855.262265 -96.692100 -86.734528 46.688804 0.092468 0.951439 0.241689 -0.166730
1520616855.312266 -95.791619 -86.779179 47.121400 0.122475 0.947501 0.237162 -0.176056
1520616855.362268 -95.904118 -87.471462 47.834204 0.155611 0.938950 0.241821 -0.188896
1520616855.412269 -95.597990 -88.362330 48.169821 0.171089 0.925781 0.256878 -0.218339
1520616855.462271 -95.394024 -89.230158 48.622892 0.191553 0.912911 0.266724 -0.242403
1520616855.512273 -95.101726 -90.052068 49.111794 0.202158 0.900697 0.276400 -0.267357
1520616855.562274 -95.496166 -89.744166 49.977595 0.212069 0.896623 0.271994 -0.277692
1520616855.612276 -95.894384 -89.628843 50.887608 0.219141 0.892677 0.271449 -0.285343
1520616855.662198 -96.258778 -89.266050 51.745279 0.214719 0.892214 0.268885 -0.292491
1520616855.712201 -96.629782 -88.987965 52.631295 0.203815 0.890743 0.272487 -0.301310
1520616855.762202 -96.887093 -88.740034 53.565276 0.183048 0.891582 0.278750 -0.306388
1520616855.812204 -96.301769 -89.516651 53.798216 0.143532 0.880887 0.306535 -0.330866
1520616855.862205 -95.734989 -90.226572 54.216274 0.102686 0.872444 0.328951 -0.346537
1520616855.912207 -96.119103 -90.403232 55.122501 0.070894 0.874640 0.341298 -0.336890
1520616855.962208 -95.527819 -91.172359 55.365046 0.037485 0.869770 0.359646 -0.335782
1520616856.012212 -94.733566 -91.751901 55.182582 0.009347 0.863007 0.377308 -0.335813
1520616856.062117 -94.260777 -92.614078 55.000590 -0.008144 0.861105 0.392808 -0.322698
1520616856.112119 -93.583534 -93.338015 55.131957 -0.023547 0.863507 0.402762 -0.302628
1520616856.162120 -93.009804 -94.106874 55.414252 -0.029006 0.869913 0.409307 -0.273639
1520616856.212122 -92.018320 -94.133807 55.286845 -0.031306 0.873346 0.414799 -0.253432
1520616856.262123 -91.039186 -93.946361 55.208348 -0.033719 0.875728 0.416942 -0.241086
1520616856.312125 -90.057059 -93.762405 55.168526 -0.028762 0.878459 0.419849 -0.226294
1520616856.362149 -89.164523 -93.864220 54.729194 -0.032702 0.864708 0.441742 -0.236799
1520616856.412128 -88.188388 -93.653754 54.782710 -0.016885 0.867215 0.442932 -0.226856
1520616856.462025 -87.228662 -93.373604 54.761657 0.000533 0.870799 0.434599 -0.229853
1520616856.512027 -86.232988 -93.280744 54.758517 0.026612 0.873501 0.428891 -0.228780
1520616856.562028 -85.243320 -93.419835 54.793308 0.052959 0.875433 0.427555 -0.219111
1520616856.612030 -84.246717 -93.461663 54.864255 0.075892 0.877067 0.420541 -0.219406
1520616856.662032 -83.255029 -93.522479 54.977644 0.104299 0.876654 0.412918 -0.223825
1520616856.712033 -82.260308 -93.507316 55.079126 0.123120 0.875829 0.400034 -0.240289
1520616856.762035 -81.705414 -94.339193 55.070572 0.157623 0.866781 0.404036 -0.246171
1520616856.812036 -80.824425 -94.597584 55.466920 0.185943 0.860202 0.395589 -0.262653
1520616856.862338 -80.455691 -95.526777 55.441716 0.216853 0.847046 0.399624 -0.275298
1520616856.912339 -79.848674 -96.293540 55.650536 0.243176 0.833394 0.400669 -0.292887
1520616856.962341 -79.090523 -96.852888 55.985701 0.267834 0.816903 0.398283 -0.319853
1520616857.012342 -79.121984 -97.717976 56.486333 0.282546 0.810513 0.398150 -0.323594
1520616857.062344 -78.994828 -97.983606 57.441986 0.289162 0.808621 0.395767 -0.325400
1520616857.112346 -79.004672 -98.189116 58.420591 0.291736 0.805838 0.396156 -0.329508
1520616857.162347 -79.220539 -98.528991 59.335953 0.290223 0.800288 0.404720 -0.333932
1520616857.212349 -79.485155 -98.768816 60.270009 0.288103 0.791663 0.416808 -0.341375
1520616857.263872 -79.827749 -98.927200 61.196046 0.281770 0.783684 0.431370 -0.346938
1520616857.313874 -80.219895 -99.024168 62.110824 0.276070 0.777165 0.442712 -0.351861
1520616857.363876 -80.392858 -99.119441 63.091133 0.264702 0.772152 0.450305 -0.361855
1520616857.413878 -80.879279 -99.118571 63.964858 0.258667 0.762133 0.466041 -0.367491
1520616857.463879 -81.160219 -99.361536 64.893319 0.242393 0.748404 0.483863 -0.383423
1520616857.513880 -81.557822 -99.576673 65.785299 0.222586 0.737360 0.502898 -0.392237
1520616857.563882 -81.993251 -99.620034 66.684477 0.208477 0.730680 0.515806 -0.395713
1520616857.613884 -82.426618 -99.846903 67.556672 0.186387 0.724226 0.528383 -0.401954
1520616857.663658 -82.900320 -100.010341 68.422059 0.160042 0.717729 0.539176 -0.410538
1520616857.713660 -83.488093 -100.283595 69.183541 0.138706 0.714641 0.548816 -0.410913
1520616857.763661 -84.069577 -100.614717 69.926666 0.113812 0.707751 0.555405 -0.421498
1520616857.813662 -84.703743 -100.968618 70.614115 0.093204 0.702059 0.561161 -0.428397
1520616857.863669 -85.318062 -101.507935 71.190093 0.070737 0.691511 0.569521 -0.438696
1520616857.913666 -85.997533 -101.949452 71.776081 0.060444 0.689560 0.576146 -0.434637
1520616857.963667 -86.627048 -102.507844 72.316368 0.043634 0.678218 0.585426 -0.442033
1520616858.013698 -87.249508 -103.071700 72.859148 0.033729 0.669547 0.595293 -0.442938
1520616858.063670 -87.745616 -103.640848 73.514851 0.016380 0.660826 0.599549 -0.451199
1520616858.112438 -88.232825 -104.213651 74.174036 0.001379 0.655049 0.603119 -0.455145
1520616858.162439 -88.597845 -105.005053 74.664386 -0.013313 0.645277 0.608467 -0.461745
1520616858.212441 -89.088557 -105.564863 75.332079 -0.027172 0.646098 0.609822 -0.458188
1520616858.262443 -89.494534 -106.227660 75.961271 -0.041928 0.642657 0.610911 -0.460458
1520616858.312444 -89.906204 -107.138917 75.949507 -0.039018 0.627476 0.636940 -0.446160
1520616858.362446 -89.624190 -108.089822 75.822039 -0.061451 0.613806 0.644032 -0.452425
1520616858.412447 -89.274851 -108.984572 75.543858 -0.080827 0.597068 0.655037 -0.455964
1520616858.462449 -89.740894 -108.099810 75.543532 -0.102784 0.575957 0.667959 -0.459934
1520616858.512493 -89.257062 -108.911053 75.215216 -0.116226 0.560492 0.676426 -0.463452
1520616858.562495 -88.851321 -109.824394 75.249599 -0.125980 0.551370 0.682393 -0.463097
1520616858.612496 -88.281105 -110.547199 74.859204 -0.137752 0.535924 0.690913 -0.465241
1520616858.662498 -88.270350 -111.508390 75.134876 -0.138788 0.535764 0.698390 -0.453812
1520616858.712500 -87.618296 -112.261949 75.051358 -0.148810 0.529651 0.703700 -0.449591
1520616858.762501 -87.326255 -113.163326 74.731623 -0.151858 0.525057 0.710789 -0.442757
1520616858.812503 -86.603728 -113.496045 74.125609 -0.157949 0.519790 0.716939 -0.436885
1520616858.862504 -85.831865 -113.950410 73.680884 -0.159956 0.519111 0.720179 -0.431601
1520616858.912208 -85.522952 -114.582716 72.970418 -0.146871 0.519243 0.722881 -0.431578
1520616858.962210 -84.787019 -115.218700 72.738198 -0.140809 0.520860 0.718591 -0.438753
1520616859.012212 -84.160504 -115.871639 72.312581 -0.133417 0.518735 0.713063 -0.452389
1520616859.062213 -84.114934 -116.619385 71.650161 -0.120799 0.511264 0.709265 -0.470064
1520616859.112215 -83.955053 -117.604747 71.709312 -0.110497 0.510557 0.697693 -0.490251
1520616859.162215 -83.865494 -118.541591 71.371225 0.098930 -0.502032 -0.689297 0.512882
1520616859.212218 -83.730121 -119.406748 71.854109 0.089800 -0.503670 -0.671205 0.536410
1520616859.262218 -83.315564 -120.266570 71.556034 0.088519 -0.491829 -0.661823 0.558802
1520616859.312075 -83.224175 -121.208955 71.877840 0.086788 -0.490963 -0.650417 0.573045
1520616859.362077 -83.125732 -122.187931 71.699190 0.092580 -0.484419 -0.647140 0.581358
1520616859.412079 -82.482667 -122.898358 71.413253 0.108064 -0.480976 -0.639964 0.589432
1520616859.462080 -83.133659 -122.148024 71.298324 0.127077 -0.478450 -0.625614 0.602946
1520616859.512082 -84.048851 -121.760815 71.186551 0.148918 -0.475658 -0.623178 0.602679
1520616859.562083 -83.322918 -122.386691 70.901418 0.170544 -0.477421 -0.624423 0.594205
1520616859.612085 -82.550113 -122.954104 70.617138 0.191690 -0.480393 -0.629578 0.579749
1520616859.662124 -83.456128 -122.562425 70.456746 0.207858 -0.484737 -0.641057 0.557558
1520616859.712145 -82.580166 -122.483353 69.980890 0.218148 -0.482098 -0.658374 0.535291
1520616859.762147 -81.686156 -122.800849 69.664754 0.220767 -0.483733 -0.675433 0.510934
1520616859.812148 -80.827204 -123.218692 69.368766 -0.214425 0.490946 0.694080 -0.480882
1520616859.862150 -79.830452 -123.214887 69.288318 -0.216662 0.494022 0.712880 -0.448109
1520616859.912151 -78.910580 -123.135525 68.904214 -0.209277 0.493883 0.728984 -0.425282
1520616859.962153 -77.950638 -122.971997 68.676682 -0.200160 0.498244 0.741020 -0.403209
1520616860.012155 -77.018065 -123.157399 68.366950 -0.183767 0.504767 0.751854 -0.382302
1520616860.062156 -76.147371 -123.150262 67.875176 -0.167082 0.502428 0.761335 -0.374190
1520616860.112157 -75.260409 -122.731818 67.679720 -0.158978 0.507269 0.761480 -0.370881
1520616860.162390 -74.463688 -122.283837 67.274075 -0.150491 0.505947 0.761315 -0.376523
1520616860.212392 -73.673953 -121.699448 67.087506 -0.146088 0.507509 0.764070 -0.370526
1520616860.262393 -72.723161 -121.409267 66.978927 -0.135677 0.515388 0.762802 -0.366197
1520616860.312395 -72.241236 -122.168001 66.540667 -0.096293 0.522754 0.767533 -0.358258
1520616860.362396 -72.177979 -123.106408 66.200975 -0.058304 0.525848 0.774432 -0.346900
1520616860.412397 -71.184287 -123.027898 66.120895 -0.042715 0.526811 0.771389 -0.354408
1520616860.462399 -70.192889 -122.949030 66.016442 -0.025770 0.529895 0.764660 -0.365843
1520616860.512400 -69.786555 -123.783822 65.644941 0.002103 0.529806 0.765630 -0.364845
1520616860.563588 -68.798462 -123.932345 65.685127 0.010718 0.532231 0.758062 -0.376771
1520616860.613592 -67.908048 -124.256693 65.365813 0.027544 0.529339 0.749524 -0.396554
1520616860.663593 -67.211629 -124.959528 65.510805 0.045595 0.528709 0.737728 -0.417308
1520616860.713593 -66.376411 -125.507917 65.469816 0.064326 0.519570 0.723304 -0.450267
1520616860.763596 -65.720851 -126.219991 65.218435 0.080408 0.503851 0.715435 -0.477306
1520616860.813597 -65.054322 -126.859647 65.601293 -0.095761 -0.490386 -0.704132 0.504529
1520616860.863599 -64.640177 -127.750578 65.414945 -0.106557 -0.464312 -0.698145 0.534466
1520616860.913601 -64.184007 -128.508980 65.880493 -0.116931 -0.449041 -0.686777 0.559488
1520616860.963306 -63.763876 -129.408810 65.763034 -0.119309 -0.427098 -0.679390 0.584621
1520616861.013308 -63.648448 -130.358549 66.054019 -0.123590 -0.415820 -0.671634 0.600606
1520616861.063309 -63.417224 -131.157907 65.499436 -0.117241 -0.399101 -0.666832 0.618310
1520616861.113311 -63.225387 -132.116033 65.286850 -0.109385 -0.390111 -0.664318 0.628116
1520616861.163312 -63.174936 -133.035971 64.898046 -0.102236 -0.377540 -0.666296 0.634871
1520616861.213314 -63.023642 -132.952373 63.913098 -0.075852 -0.345605 -0.679440 0.642779
1520616861.263316 -62.531650 -133.280842 63.106840 -0.054464 -0.327708 -0.687558 0.645682
1520616861.313362 -61.900996 -133.304498 62.331137 -0.025827 -0.310299 -0.699684 0.643032
1520616861.363451 -61.534692 -134.064693 61.794551 -0.003984 -0.297924 -0.721027 0.625576
1520616861.413453 -61.310267 -134.587369 60.972089 0.015200 -0.284016 -0.743960 0.604672
1520616861.463454 -61.893532 -135.080681 60.326763 0.016340 -0.269934 -0.765825 0.583421
1520616861.513456 -62.178092 -135.972534 59.975162 0.020930 -0.270510 -0.780478 0.563240
1520616861.563458 -62.190484 -136.647844 59.237732 0.036543 -0.267495 -0.793153 0.545911
1520616861.613459 -62.004088 -137.134961 58.384518 0.059285 -0.266006 -0.801910 0.531664
1520616861.663461 -61.765240 -137.708064 57.600615 0.077714 -0.267814 -0.803091 0.526575
1520616861.713462 -62.149883 -138.559276 57.243561 0.081122 -0.271726 -0.806833 0.518270
1520616861.763943 -62.124585 -139.484315 56.864531 0.088859 -0.272966 -0.809968 0.511415
1520616861.813946 -61.718872 -139.687689 55.973444 0.100211 -0.261609 -0.812429 0.511348
1520616861.863947 -61.395633 -140.003741 55.081464 0.107834 -0.244705 -0.819053 0.507586
1520616861.913949 -61.033571 -140.172095 54.164639 0.111639 -0.228554 -0.823221 0.507551
1520616861.963949 -60.305614 -140.235165 53.481924 0.113182 -0.215863 -0.825975 0.508289
1520616862.013952 -59.973379 -140.951816 52.868710 0.105616 -0.213358 -0.828494 0.506875
1520616862.063952 -59.166984 -141.542827 52.847928 -0.108821 0.226592 0.829385 -0.498933
1520616862.113954 -58.303126 -141.583169 52.345810 -0.110361 0.223806 0.830888 -0.497349
1520616862.164565 -57.347512 -141.783551 52.129828 -0.112970 0.226053 0.831864 -0.494105
1520616862.214567 -56.494086 -141.939378 51.632452 -0.113124 0.226385 0.837552 -0.484210
1520616862.264570 -55.619262 -141.994308 51.151135 -0.115237 0.227993 0.839051 -0.480346
1520616862.314571 -55.020934 -142.017137 50.350209 -0.109922 0.230000 0.841222 -0.476825
1520616862.364572 -54.226935 -141.443538 50.148841 -0.122383 0.230927 0.835977 -0.482533
1520616862.414574 -53.425491 -141.396505 49.552623 -0.122524 0.238436 0.834747 -0.480971
1520616862.464575 -52.687656 -140.887860 49.108911 -0.128576 0.242890 0.830034 -0.485300
1520616862.514576 -52.048471 -140.778193 48.347718 -0.122876 0.249777 0.829694 -0.483860
1520616862.564579 -51.563080 -140.874235 47.478712 -0.112035 0.257171 0.828556 -0.484569
1520616862.613607 -51.354031 -140.928252 46.502300 -0.104830 0.262974 0.826775 -0.486106
1520616862.663608 -51.030423 -140.963261 45.556756 -0.103388 0.269324 0.825306 -0.485434
1520616862.713610 -50.960736 -141.403910 44.661786 -0.099534 0.280387 0.822196 -0.485253
1520616862.763612 -50.596571 -141.506688 43.736140 -0.103257 0.291917 0.817638 -0.485377
1520616862.813613 -50.349659 -141.980081 42.890602 -0.102569 0.305865 0.812078 -0.486266
1520616862.863614 -50.055318 -142.328591 42.000712 -0.104059 0.315694 0.808588 -0.485483
1520616862.913616 -49.779214 -142.696944 41.112972 -0.101380 0.320952 0.806140 -0.486672
1520616862.963668 -49.579254 -143.096748 40.218448 -0.098856 0.322042 0.806307 -0.486195
1520616863.012677 -49.158815 -143.427807 39.373682 -0.099663 0.323183 0.806337 -0.485223
1520616863.062679 -49.193921 -144.266507 38.830220 -0.099486 0.327586 0.808389 -0.478850
1520616863.112680 -49.047737 -145.003365 38.170167 -0.104749 0.330644 0.812533 -0.468501
1520616863.162682 -48.728598 -145.442921 37.330560 -0.111006 0.331331 0.815353 -0.461625
1520616863.212683 -48.213904 -146.219573 36.967377 -0.116023 0.336068 0.813716 -0.459851
1520616863.262685 -48.119842 -146.998288 36.347090 -0.116023 0.336068 0.813716 -0.459851
1520616863.312686 -47.990476 -147.973187 36.165882 -0.116510 0.336447 0.814341 -0.458342
1520616863.362688 -47.739001 -148.921895 35.974277 -0.119958 0.334685 0.817542 -0.453014
1520616863.412425 -47.438074 -149.451696 35.181337 -0.122797 0.325787 0.821517 -0.451546
1520616863.462426 -47.131789 -149.817727 34.302581 -0.124984 0.313685 0.827365 -0.448830
1520616863.512428 -46.543438 -149.952277 33.505249 -0.130544 0.301952 0.831165 -0.448273
1520616863.562429 -46.265329 -150.496853 32.713989 -0.131261 0.292579 0.834694 -0.447720
1520616863.612432 -45.921412 -150.253278 31.807131 -0.141366 0.268702 0.837548 -0.454235
1520616863.662433 -45.272798 -150.723832 31.208901 -0.142347 0.261213 0.837388 -0.458571
1520616863.712435 -44.959943 -150.947239 30.285748 -0.135381 0.252834 0.836407 -0.467087
1520616863.762435 -44.166609 -151.219151 29.741061 -0.137529 0.244668 0.832601 -0.477493
1520616863.812206 -43.788191 -151.064040 28.828515 -0.140694 0.236300 0.834449 -0.477558
1520616863.862208 -43.454250 -150.915824 27.897647 -0.148828 0.231041 0.837110 -0.472987
1520616863.912210 -43.009371 -150.867669 27.003352 -0.150430 0.237213 0.836786 -0.469989
1520616863.962211 -42.612106 -150.857015 26.085710 -0.148678 0.246637 0.834156 -0.470371
1520616864.012213 -42.314669 -151.086769 25.159025 -0.144234 0.258150 0.830459 -0.472115
1520616864.062214 -41.442232 -150.607053 25.065615 -0.154403 0.263923 0.821857 -0.480682
1520616864.112216 -41.016294 -150.263786 24.228510 -0.151646 0.262532 0.817416 -0.489808
1520616864.162217 -40.791949 -150.306269 23.254927 0.141041 -0.262079 -0.808255 0.508081
1520616864.212392 -40.391626 -150.198831 22.344873 0.130274 -0.259186 -0.796590 0.530373
1520616864.262393 -40.509306 -149.655075 21.513921 0.124251 -0.235530 -0.787870 0.555291
1520616864.312397 -40.257425 -149.127073 20.702891 0.122802 -0.222394 -0.779007 0.573244
1520616864.362396 -40.352371 -149.190585 19.709437 0.114994 -0.210072 -0.766866 0.595451
1520616864.412399 -39.974515 -149.340676 18.795819 0.116286 -0.196230 -0.751881 0.618584
1520616864.462399 -39.926653 -149.190751 17.808281 0.122712 -0.174105 -0.737630 0.640727
1520616864.512401 -40.064641 -149.145136 16.818898 0.134806 -0.145590 -0.728516 0.655665
1520616864.562403 -39.907051 -150.094585 16.547398 0.133816 -0.138321 -0.716273 0.670756
1520616864.612952 -39.578373 -151.038174 16.587534 0.137869 -0.128289 -0.704005 0.684771
1520616864.662898 -39.503245 -152.034675 16.550923 0.129030 -0.114284 -0.693865 0.699173
1520616864.712899 -39.159584 -152.946733 16.327210 0.138025 -0.088955 -0.692839 0.702147
1520616864.762901 -38.838338 -153.885950 16.206076 0.147047 -0.063309 -0.695923 0.700043
1520616864.812902 -38.362218 -154.754986 16.071596 0.160787 -0.046325 -0.701642 0.692604
1520616864.862904 -38.173515 -155.718168 15.880099 0.159616 -0.033697 -0.713136 0.681780
1520616864.912905 -38.164439 -156.687829 15.635812 0.147296 -0.022764 -0.727218 0.670029
1520616864.962907 -38.058255 -156.696271 14.641502 0.173890 0.030359 -0.740686 0.648247
1520616865.012908 -38.045155 -157.055421 15.574690 0.202251 0.084499 -0.750951 0.622919
1520616865.062543 -38.252015 -157.884861 15.055808 0.178174 0.093374 -0.766278 0.610207
1520616865.112545 -38.121467 -158.746726 14.565761 0.177351 0.093752 -0.779239 0.593754
1520616865.162546 -38.042404 -158.925329 15.546501 0.195713 0.129462 -0.791807 0.563895
1520616865.212548 -38.275543 -159.624147 14.870262 0.185983 0.131771 -0.805015 0.547720
1520616865.262549 -38.480872 -160.259245 14.125621 0.179341 0.136322 -0.818790 0.528049
1520616865.312551 -39.077491 -160.692588 13.450150 0.162021 0.144735 -0.831152 0.511846
1520616865.362552 -39.258540 -161.413921 12.781645 -0.152460 -0.140742 0.845951 -0.491238
1520616865.412554 -39.937699 -161.682839 12.098691 -0.138174 -0.148353 0.857011 -0.473742
1520616865.462523 -40.559118 -161.344233 11.392162 -0.126296 -0.160992 0.869353 -0.449840
1520616865.512524 -41.258123 -161.170661 10.698429 -0.110844 -0.166733 0.878956 -0.432839
1520616865.562526 -41.823120 -160.591297 10.110963 -0.099264 -0.173426 0.887527 -0.415169
1520616865.612528 -42.462930 -160.972151 9.443434 -0.079523 -0.163752 0.896366 -0.404213
1520616865.662529 -42.268032 -160.278065 8.750427 -0.073371 -0.157166 0.902148 -0.395024
1520616865.712530 -42.608943 -159.416347 8.374632 -0.060050 -0.164647 0.902370 -0.393718
1520616865.762533 -42.806851 -158.511593 7.997468 -0.048848 -0.171800 0.902602 -0.391674
1520616865.812534 -43.003277 -158.710944 7.037429 -0.027548 -0.167871 0.907031 -0.385170
1520616865.862554 -42.217180 -158.273868 6.600375 -0.022595 -0.162417 0.906521 -0.389012
1520616865.912556 -42.900145 -157.993701 5.925790 0.013939 -0.168374 0.900697 -0.400252
1520616865.962557 -43.586210 -157.882601 5.206783 0.050542 -0.170732 0.894883 -0.409243
1520616866.012559 -44.159850 -157.262822 4.671235 0.080938 -0.182080 0.885713 -0.419296
1520616866.062563 -43.770363 -156.585619 4.046979 0.091110 -0.184826 0.881991 -0.423828
1520616866.112562 -44.468895 -156.363173 3.366854 0.120367 -0.182071 0.871807 -0.438537
1520616866.162564 -44.906001 -156.328561 2.468110 0.146113 -0.175230 0.864976 -0.446947
1520616866.212565 -45.713469 -156.366738 1.879435 0.176251 -0.171433 0.855794 -0.455151
1520616866.262474 -46.481372 -156.225502 1.254633 0.203904 -0.168174 0.842664 -0.469104
1520616866.312416 -47.141487 -155.918332 0.569144 0.229490 -0.167698 0.828975 -0.481676
1520616866.362418 -48.011383 -155.903551 0.076132 0.258687 -0.168620 0.812804 -0.493961
1520616866.412419 -47.875795 -155.365299 -0.755675 -0.270217 0.170495 -0.803254 0.502689
1520616866.462421 -48.628028 -155.437517 -1.410602 -0.299528 0.173943 -0.783765 0.515499
1520616866.512422 -49.450648 -155.508510 -1.974744 -0.329575 0.176993 -0.759888 0.531624
1520616866.562424 -50.348701 -155.503505 -2.414603 -0.362884 0.177116 -0.734235 0.545752
1520616866.612425 -50.337162 -154.574857 -2.785384 -0.366702 0.190461 -0.728487 0.546408
1520616866.662435 -50.450510 -153.847887 -3.462634 -0.379037 0.186440 -0.712930 0.559733
1520616866.712437 -51.117217 -153.809513 -4.206966 -0.400500 0.169126 -0.696914 0.570357
1520616866.762438 -51.320268 -153.152456 -4.932945 -0.401641 0.165555 -0.690937 0.577826
1520616866.812440 -51.516080 -152.445772 -5.612839 -0.409570 0.163281 -0.682968 0.582363
1520616866.862441 -52.171710 -153.009478 -6.115218 -0.438727 0.147260 -0.672495 0.577567
1520616866.912443 -53.059992 -153.453021 -6.234487 -0.458543 0.142010 -0.659571 0.578392
1520616866.962444 -53.954221 -153.828500 -6.478146 -0.473272 0.140025 -0.648651 0.579360
1520616867.012446 -54.868746 -154.165991 -6.701182 -0.484824 0.140093 -0.636786 0.582944
1520616867.062448 -55.411884 -154.895532 -7.116840 -0.507411 0.123666 -0.625919 0.579195
1520616867.112743 -55.888464 -155.683736 -7.506205 -0.524097 0.108302 -0.617056 0.576919
1520616867.162745 -56.433334 -154.846744 -7.556823 -0.531517 0.127575 -0.614978 0.568345
1520616867.212747 -57.142833 -154.226227 -7.890843 -0.536826 0.135725 -0.605676 0.571449
1520616867.262748 -57.928442 -154.844928 -7.885525 -0.551379 0.132279 -0.589369 0.575437
1520616867.312749 -58.513779 -155.654475 -7.840647 -0.565410 0.126494 -0.571514 0.581105
1520616867.362751 -59.421333 -155.392074 -8.168508 -0.572423 0.130327 -0.561773 0.582887
1520616867.412754 -60.365849 -155.718927 -8.136027 -0.586621 0.128409 -0.543834 0.586200
1520616867.462755 -60.998193 -156.492202 -8.089258 -0.606157 0.118978 -0.526945 0.583736
1520616867.512773 -61.804715 -156.105490 -8.536446 -0.612442 0.125020 -0.520651 0.581557
1520616867.562773 -62.185004 -157.005479 -8.749519 -0.639102 0.103848 -0.506075 0.569783
1520616867.612774 -62.921921 -156.529607 -9.229622 -0.643242 0.111720 -0.495087 0.573278
1520616867.662775 -63.712190 -155.971644 -9.482907 -0.652187 0.113325 -0.484348 0.572029
1520616867.712778 -64.584967 -155.518892 -9.665321 -0.662792 0.114455 -0.471925 0.569994
1520616867.762778 -65.380034 -154.985894 -9.954773 -0.670393 0.119667 -0.458692 0.570837
1520616867.812780 -66.121278 -154.433378 -10.335934 -0.679512 0.120737 -0.448522 0.567903
1520616867.862782 -66.555124 -155.326053 -10.458033 -0.704964 0.095565 -0.423378 0.560932
1520616867.912524 -67.422277 -154.862462 -10.640047 -0.717698 0.098577 -0.409243 0.554719
1520616867.962461 -68.364333 -154.576739 -10.815808 -0.729621 0.101168 -0.394644 0.549249
1520616868.012462 -69.329445 -154.339285 -10.926148 -0.738882 0.103679 -0.383981 0.543932
1520616868.062464 -69.066332 -155.149685 -10.402676 -0.748530 0.101556 -0.370210 0.540679
1520616868.112465 -68.095610 -155.373164 -10.314602 -0.757534 0.104593 -0.356083 0.537037
1520616868.162467 -69.076171 -155.242380 -10.460879 -0.764574 0.103787 -0.341170 0.536897
1520616868.212468 -69.723118 -154.519812 -10.704507 -0.773841 0.101209 -0.343791 0.522240
1520616868.262470 -70.650890 -154.218953 -10.925242 -0.780702 0.104818 -0.333130 0.518211
1520616868.312475 -70.256850 -153.308575 -10.798970 -0.796381 0.085332 -0.306067 0.514605
1520616868.362476 -71.189681 -153.001056 -10.986743 -0.802377 0.089127 -0.292510 0.512528
1520616868.412478 -71.654031 -153.872675 -10.829710 -0.818876 0.039684 -0.252856 0.513742
1520616868.462479 -72.122372 -154.735851 -10.641073 -0.828225 0.001934 -0.214778 0.517600
1520616868.512481 -72.999291 -154.337577 -10.910129 -0.835272 0.003642 -0.223830 0.502202
1520616868.562482 -73.971279 -154.327526 -11.144945 0.841761 -0.001521 0.207431 -0.498405
1520616868.612484 -74.944000 -154.306758 -11.375993 0.848231 -0.004165 0.194125 -0.492749
1520616868.662486 -75.828294 -154.467961 -11.814214 0.852773 -0.004246 0.170676 -0.493589
1520616868.712623 -76.735773 -154.523491 -12.230624 0.857203 -0.001317 0.154348 -0.491302
1520616868.762625 -77.694710 -154.614220 -12.499340 0.861809 -0.002325 0.138135 -0.488057
1520616868.812626 -78.683054 -154.694546 -12.628660 0.865651 -0.007178 0.125443 -0.484625
1520616868.862628 -78.788185 -155.638857 -12.316851 0.871591 0.010315 0.081114 -0.483366
1520616868.912630 -78.911772 -156.192174 -11.493100 0.875558 0.016059 0.031441 -0.481822
1520616868.962632 -79.872013 -156.461660 -11.566007 0.873980 0.021453 0.014250 -0.485280
1520616869.012633 -80.761425 -156.918587 -11.553232 0.872033 0.026113 -0.001871 -0.488747
1520616869.062634 -81.688007 -157.294628 -11.559457 0.871888 0.025700 -0.015427 -0.488786
1520616869.112387 -82.543808 -157.809845 -11.513015 0.872192 0.018285 -0.030961 -0.487841
1520616869.162389 -83.438064 -158.225477 -11.347014 0.873389 0.010948 -0.044613 -0.484853
1520616869.212390 -84.328010 -158.670295 -11.246350 0.872441 0.001621 -0.060250 -0.484989
1520616869.262391 -85.217028 -158.960702 -10.892356 0.874350 -0.006259 -0.067732 -0.480505
1520616869.312393 -85.971551 -159.271849 -10.314531 0.877850 -0.021462 -0.080607 -0.471616
1520616869.362395 -86.802780 -159.644194 -9.901715 0.877165 -0.028744 -0.092918 -0.470236
1520616869.412396 -87.581134 -160.155561 -9.537477 0.876463 -0.036039 -0.102993 -0.468942
1520616869.462398 -87.640098 -161.040047 -9.074650 0.875560 -0.038396 -0.120107 -0.466364
1520616869.512399 -88.330029 -161.752369 -8.945841 0.874122 -0.046214 -0.130595 -0.465531
1520616869.562289 -88.459345 -162.407040 -8.201070 0.877923 -0.061684 -0.150857 -0.450209
1520616869.612220 -87.983605 -162.829141 -7.429382 0.879938 -0.073733 -0.171700 -0.436796
1520616869.662222 -88.230520 -163.795461 -7.356865 0.879535 -0.087414 -0.176724 -0.433065
1520616869.712223 -88.088303 -164.779025 -7.468116 0.879626 -0.099027 -0.179229 -0.429336
1520616869.762225 -87.933409 -165.739595 -7.699010 0.880363 -0.119392 -0.177738 -0.423220
1520616869.812226 -87.717143 -166.685803 -7.939676 0.880784 -0.142421 -0.175122 -0.416254
1520616869.862228 -87.447072 -167.638748 -8.077361 0.880844 -0.165543 -0.168774 -0.410152
1520616869.912230 -86.747230 -168.259745 -8.430326 0.881076 -0.173253 -0.165921 -0.407625
1520616869.962232 -86.300620 -169.153921 -8.461769 0.877937 -0.194459 -0.160488 -0.407008
1520616870.012235 -85.431275 -169.445657 -8.860680 0.877227 -0.189756 -0.156886 -0.412130
1520616870.062236 -84.510414 -169.735445 -9.121523 0.876880 -0.189425 -0.153382 -0.414335
1520616870.112237 -83.585406 -170.090022 -9.258031 0.878344 -0.189379 -0.144742 -0.414363
1520616870.162239 -82.677980 -170.365817 -9.575072 0.878954 -0.181399 -0.136451 -0.419423
1520616870.212240 -81.802727 -170.826608 -9.722054 0.880734 -0.179626 -0.125945 -0.419737
1520616870.262243 -80.987019 -171.382737 -9.562865 0.885161 -0.177792 -0.109098 -0.415905
1520616870.312243 -80.236203 -172.020700 -9.391753 0.889069 -0.173860 -0.093451 -0.413033
1520616870.362413 -80.440632 -172.949852 -9.083717 0.888610 -0.192371 -0.047587 -0.413644
1520616870.412414 -80.877575 -173.761726 -8.696495 0.890195 -0.206324 0.002029 -0.406177
1520616870.462416 -79.999141 -174.210887 -8.533375 0.898473 -0.189412 0.028930 -0.395008
1520616870.512418 -79.304522 -174.903050 -8.337378 0.902967 -0.169788 0.050609 -0.391487
1520616870.562419 -78.721130 -175.468607 -7.754455 0.904275 -0.167547 0.084865 -0.383423
1520616870.612421 -77.925253 -175.998988 -7.462435 0.910134 -0.139527 0.092521 -0.378983
1520616870.662423 -77.254067 -176.421404 -6.853277 0.910061 -0.131619 0.117429 -0.375068
1520616870.712424 -76.608796 -176.885210 -6.246227 0.911180 -0.120557 0.130925 -0.371586
1520616870.762804 -75.787904 -176.985369 -5.683995 0.917513 -0.113132 0.123982 -0.360555
1520616870.812805 -75.062690 -177.303045 -5.073137 0.920185 -0.101824 0.125611 -0.356531
1520616870.862807 -74.509679 -177.801238 -4.405318 0.920976 -0.092052 0.135448 -0.353530
1520616870.912808 -73.798443 -178.164144 -3.803286 0.924148 -0.080388 0.140549 -0.346027
1520616870.962810 -74.370040 -178.742530 -3.221266 0.923822 -0.077022 0.154459 -0.341707
1520616871.012812 -74.295448 -179.178724 -2.324511 0.925544 -0.067550 0.166314 -0.333385
1520616871.062813 -74.145247 -179.896991 -1.645149 0.926107 -0.055393 0.174875 -0.329662
1520616871.112814 -74.113383 -180.662393 -1.002385 0.927090 -0.041148 0.177688 -0.327472
1520616871.162856 -74.503442 -181.402829 -0.455021 0.925804 -0.030071 0.184615 -0.328480
1520616871.212931 -74.625014 -181.755872 0.472654 0.926721 -0.013457 0.189752 -0.324041
1520616871.262859 -75.162611 -182.254857 1.152363 0.927463 0.002538 0.190778 -0.321573
1520616871.312860 -75.704362 -182.928446 1.655139 0.926965 0.017311 0.190138 -0.322931
1520616871.362862 -76.557275 -183.338509 1.978230 0.927226 0.029287 0.192151 -0.320112
1520616871.412863 -77.306085 -184.000735 2.005429 0.926699 0.040192 0.190741 -0.321298
1520616871.462865 -78.012779 -184.671398 2.230805 0.929246 0.052512 0.184134 -0.315973
1520616871.512867 -78.868741 -185.186649 2.187841 0.931785 0.061961 0.177578 -0.310491
1520616871.562868 -79.691154 -185.752243 2.249001 0.935733 0.069754 0.166730 -0.302886
1520616871.613183 -80.326950 -186.514277 2.371749 0.940158 0.074521 0.152312 -0.295550
1520616871.663184 -81.006330 -187.227400 2.198836 0.942613 0.073083 0.141203 -0.293602
1520616871.713186 -81.790453 -187.847918 2.209277 0.947626 0.071549 0.123742 -0.285611
1520616871.763187 -82.625955 -188.388415 2.308270 0.951723 0.070904 0.106801 -0.278909
1520616871.813189 -82.428582 -189.176491 2.891349 0.955853 0.097100 0.067153 -0.269084
1520616871.863191 -82.954380 -189.900933 2.445568 0.950297 0.091144 0.057793 -0.292043
1520616871.913192 -83.409895 -190.734190 2.132218 0.945500 0.089657 0.043872 -0.309948
1520616871.963194 -83.209534 -190.842765 3.105905 0.952746 0.088260 -0.002939 -0.290649
1520616872.014109 -83.767601 -191.630932 3.365431 0.952821 0.085441 -0.026804 -0.290024
1520616872.064111 -84.450544 -192.342200 3.199036 0.950734 0.074623 -0.041310 -0.298044
1520616872.114113 -83.636698 -192.534021 3.747543 0.951373 0.076432 -0.088972 -0.284838
1520616872.164115 -83.489966 -192.790200 4.702970 0.951885 0.063121 -0.129592 -0.270437
1520616872.214116 -84.132306 -193.406023 5.159217 0.950469 0.054681 -0.148167 -0.267704
1520616872.264117 -84.867007 -193.804566 5.708197 0.947988 0.047642 -0.170491 -0.264541
1520616872.314119 -84.298980 -194.318325 6.351156 0.941947 0.049499 -0.201879 -0.263688
1520616872.364121 -84.980030 -194.954634 6.713485 0.938486 0.041368 -0.208792 -0.271918
1520616872.414278 -84.626781 -195.497016 7.475743 0.935137 0.046321 -0.229844 -0.265602
1520616872.464280 -85.179970 -196.321302 7.596302 0.931561 0.039472 -0.236678 -0.273168
1520616872.514281 -84.726478 -197.009640 8.162460 0.928071 0.047983 -0.256778 -0.265419
1520616872.564283 -84.186195 -197.516591 8.834096 0.926125 0.057787 -0.272595 -0.254254
1520616872.614284 -84.931574 -196.944498 8.491870 0.922103 0.072154 -0.289820 -0.246017
1520616872.664287 -84.367392 -197.418054 9.168215 0.917492 0.072730 -0.308362 -0.240483
1520616872.714287 -85.090222 -196.822070 8.818473 0.909982 0.075865 -0.328478 -0.241411
1520616872.764289 -84.579038 -196.830298 9.677905 0.903306 0.064587 -0.350928 -0.238151
1520616872.814481 -84.328757 -197.138378 10.595754 0.897499 0.061728 -0.361121 -0.245512
1520616872.864556 -84.829694 -196.834561 11.406160 0.899155 0.065601 -0.361265 -0.238128
1520616872.914484 -84.696784 -197.622665 12.007182 0.891142 0.068662 -0.376791 -0.243269
1520616872.964485 -85.242502 -197.558224 12.842669 0.900340 0.072065 -0.368834 -0.219445
1520616873.014488 -85.613972 -197.541954 13.770972 0.903950 0.080204 -0.369983 -0.198882
1520616873.064489 -85.095956 -197.939851 14.528162 0.896439 0.093615 -0.388991 -0.190576
1520616873.114491 -85.606561 -198.274479 15.320188 0.889288 0.101184 -0.404865 -0.187118
1520616873.164491 -84.982359 -198.313693 16.100466 0.879995 0.107244 -0.424088 -0.185086
1520616873.216316 -85.189568 -198.257637 17.077156 0.879170 0.110871 -0.427712 -0.178409
1520616873.266317 -85.189928 -198.545652 18.034782 0.871790 0.113489 -0.442697 -0.176415
1520616873.316319 -85.575709 -198.692578 18.945598 0.867390 0.113506 -0.453975 -0.169286
1520616873.366319 -85.971319 -198.814905 19.855834 0.863486 0.116225 -0.462341 -0.164696
1520616873.416322 -85.014106 -198.767342 20.141285 0.850856 0.121406 -0.485328 -0.160504
1520616873.466324 -84.770414 -198.654366 21.104535 0.844733 0.122651 -0.497361 -0.154968
1520616873.516325 -83.793029 -198.457831 21.182583 0.836859 0.123949 -0.510872 -0.152689
1520616873.566327 -83.563346 -199.393199 20.913635 0.830282 0.115246 -0.521499 -0.159339
1520616873.617854 -83.059402 -199.258199 21.766756 0.830094 0.119713 -0.524036 -0.148318
1520616873.667856 -82.285189 -199.857679 21.563732 0.822112 0.124607 -0.535741 -0.146924
1520616873.717857 -81.392989 -200.130844 21.923398 0.814348 0.130613 -0.546000 -0.147178
1520616873.767859 -80.955332 -200.420984 22.774441 0.806764 0.126709 -0.559045 -0.143338
1520616873.817861 -79.980433 -200.445712 22.995713 0.797441 0.120786 -0.574483 -0.139526
1520616873.867863 -79.075626 -200.675139 23.354444 0.789536 0.112760 -0.587978 -0.134907
1520616873.917864 -78.218850 -200.972559 23.775722 0.785308 0.100002 -0.598486 -0.122909
1520616873.967866 -77.283812 -200.966834 24.130223 0.781966 0.086651 -0.608572 -0.103249
1520616874.017867 -76.351486 -200.973300 24.491785 0.780864 0.078733 -0.614290 -0.081861
1520616874.067868 -75.406906 -200.932104 24.817471 0.779533 0.074901 -0.618927 -0.060394
1520616874.117870 -75.458055 -200.321546 25.607789 0.787463 0.084688 -0.609676 -0.032026
1520616874.167872 -74.549719 -200.120514 25.974548 0.791982 0.081161 -0.604964 -0.013965
1520616874.217873 -73.749379 -200.166255 25.376749 0.794694 0.072341 -0.602676 0.003153
1520616874.267875 -72.841984 -200.312824 25.770640 0.804066 0.059057 -0.591219 0.021222
1520616874.317880 -72.674018 -199.538999 26.381362 0.813082 0.062233 -0.577059 0.045033
1520616874.367878 -71.752013 -199.572454 26.767093 0.822195 0.055136 -0.563317 0.060235
1520616874.417883 -71.141613 -199.174721 27.452089 0.832061 0.055275 -0.548074 0.065074
1520616874.467143 -70.515254 -199.179819 28.231607 0.844042 0.052501 -0.529729 0.064989
1520616874.517224 -69.887845 -198.575248 28.722374 0.856107 0.059441 -0.509785 0.060561
1520616874.567146 -69.209195 -198.206773 29.357716 0.868854 0.058722 -0.487630 0.062135
1520616874.617147 -68.643423 -197.750992 30.044860 0.881884 0.068328 -0.462488 0.060971
1520616874.667149 -67.970813 -198.175537 29.438760 0.884811 0.068692 -0.458310 0.048406
1520616874.717151 -67.305268 -198.331277 28.708832 0.886571 0.078454 -0.453549 0.046142
1520616874.767152 -66.501433 -198.588199 29.245339 0.901375 0.076580 -0.423363 0.049213
1520616874.817154 -65.756277 -198.101999 29.701794 0.913200 0.100211 -0.392797 0.041648
1520616874.865250 -64.936363 -197.987821 29.140808 0.915103 0.108899 -0.387009 0.030842
1520616874.915252 -64.354392 -197.603170 29.857295 0.928927 0.125080 -0.348199 0.014399
1520616874.965253 -63.569187 -197.685401 29.243545 0.932354 0.123964 -0.339631 0.000361
1520616875.015255 -62.776661 -197.464226 28.675228 0.932628 0.124417 -0.338710 -0.000747
1520616875.065258 -62.189676 -197.218085 29.446501 0.940380 0.135330 -0.312020 -0.003881
1520616875.115258 -61.719388 -197.060421 30.314816 0.946038 0.147170 -0.288651 -0.005729
1520616875.165260 -61.733407 -197.405536 31.253272 0.951485 0.150641 -0.268096 -0.010433
1520616875.215263 -61.136962 -197.093806 31.992920 0.951110 0.165187 -0.260482 -0.015907
1520616875.263584 -61.078152 -196.930774 32.977786 0.950428 0.179264 -0.252801 -0.025348
1520616875.313585 -60.943058 -196.842430 33.964673 0.950466 0.193458 -0.241249 -0.031415
1520616875.363587 -60.491675 -196.700939 34.845714 0.950710 0.206438 -0.229093 -0.032406
1520616875.413588 -60.224513 -196.699149 35.809364 0.952009 0.214717 -0.215571 -0.033231
1520616875.463590 -59.877192 -196.530344 36.731792 0.952477 0.226943 -0.200133 -0.035099
1520616875.513592 -59.555921 -196.281797 37.645580 0.951805 0.239310 -0.188155 -0.037363
1520616875.563593 -58.556941 -196.326884 37.643205 0.947977 0.249588 -0.192579 -0.044244
1520616875.613595 -57.997315 -196.200945 38.462325 0.947719 0.251735 -0.190565 -0.046303
1520616875.662980 -57.547412 -195.721564 39.215837 0.946772 0.255951 -0.190383 -0.043189
1520616875.712981 -57.179137 -195.647318 40.142585 0.946613 0.258318 -0.188243 -0.041969
1520616875.762983 -56.906165 -195.210143 40.999535 0.945186 0.263307 -0.189010 -0.039589
1520616875.812984 -57.008993 -195.087535 41.986649 0.943362 0.271583 -0.186465 -0.039253
1520616875.862986 -57.186136 -195.155503 42.968485 0.943107 0.274576 -0.183179 -0.040041
1520616875.912987 -57.198064 -195.198135 43.967504 0.942417 0.276936 -0.183318 -0.039379
1520616875.962989 -57.026627 -195.022169 44.936857 0.941240 0.282067 -0.181874 -0.037794
1520616876.012991 -57.111166 -195.171813 45.921977 0.941504 0.283090 -0.179763 -0.033396
1520616876.062646 -56.518659 -194.567719 46.454899 0.936691 0.287654 -0.198966 -0.016680
1520616876.112647 -56.240774 -194.248631 47.360969 0.932496 0.290952 -0.213985 -0.003078
1520616876.162731 -55.711830 -193.884481 48.127528 0.924846 0.297545 -0.236518 0.013633
1520616876.212650 -55.059968 -193.586885 48.825033 0.914904 0.305447 -0.262032 0.031492
1520616876.262652 -55.032463 -194.281865 49.543536 0.911242 0.304952 -0.274959 0.032254
1520616876.312654 -54.726154 -193.766673 50.344006 0.903602 0.299740 -0.301231 0.054032
1520616876.362655 -55.060793 -193.828860 51.284298 0.900026 0.302515 -0.306877 0.065299
1520616876.412657 -55.336565 -194.245634 52.150467 0.896771 0.303346 -0.315351 0.065860
1520616876.462658 -54.775253 -194.187243 52.976009 0.878595 0.310856 -0.356724 0.064716
1520616876.512600 -54.428105 -193.635268 53.734172 0.869838 0.302811 -0.382005 0.075891
1520616876.562601 -55.111869 -193.379188 54.417465 0.870094 0.311806 -0.367510 0.103197
1520616876.612602 -54.557760 -193.279127 55.243874 0.853283 0.316566 -0.404768 0.088642
1520616876.662605 -54.093563 -193.278704 56.129606 0.841304 0.317990 -0.430254 0.077273
1520616876.712605 -54.611728 -192.972066 56.928029 0.839361 0.328875 -0.421246 0.099329
1520616876.762607 -54.200670 -192.565928 57.744168 0.834971 0.331083 -0.428454 0.098156
1520616876.812609 -53.618801 -192.172130 58.455752 0.828631 0.328756 -0.439578 0.109822
1520616876.862611 -53.150328 -192.489792 59.280145 0.828854 0.323632 -0.442654 0.110997
1520616876.912893 -52.450136 -192.530086 59.992962 0.820769 0.323211 -0.457731 0.111150
1520616876.962894 -52.134260 -192.990366 60.822639 0.822827 0.314166 -0.459546 0.114339
1520616877.012895 -51.280290 -192.516509 61.037566 0.814518 0.311047 -0.472536 0.128527
1520616877.062897 -50.963363 -192.144779 61.910134 0.815793 0.305864 -0.469426 0.143420
1520616877.112900 -50.144925 -191.709940 62.285732 0.811928 0.301263 -0.475807 0.153689
1520616877.162901 -49.519364 -191.504888 63.038478 0.812845 0.298222 -0.473132 0.162767
1520616877.212903 -49.028331 -191.328658 63.891607 0.816594 0.295252 -0.465491 0.171226
1520616877.262904 -48.312791 -191.109138 64.554791 0.819722 0.289747 -0.461739 0.175783
1520616877.312801 -47.535950 -190.837035 65.122663 0.824810 0.283032 -0.456391 0.176884
1520616877.362803 -46.754387 -190.475253 65.630869 0.829340 0.276124 -0.451804 0.178396
1520616877.412805 -46.347488 -189.799498 66.245514 0.834876 0.271937 -0.441803 0.183967
1520616877.462806 -45.793265 -189.549368 67.039411 0.841005 0.269616 -0.433287 0.179668
1520616877.512807 -45.402717 -189.322760 67.931667 0.848869 0.268589 -0.419775 0.176266
1520616877.562809 -44.934437 -188.879015 68.695738 0.855591 0.267281 -0.408157 0.173013
1520616877.612811 -44.746863 -187.959025 69.039879 0.857809 0.277094 -0.396262 0.174240
1520616877.662812 -44.670557 -187.159729 69.635953 0.860222 0.296286 -0.381110 0.164279
1520616877.712680 -44.244716 -186.481908 70.235301 0.861285 0.307785 -0.373490 0.154793
1520616877.762681 -44.184258 -185.853298 71.010669 0.862950 0.343667 -0.348742 0.124860
1520616877.812769 -43.984894 -185.000610 71.493553 0.862588 0.357436 -0.336355 0.122663
1520616877.862684 -43.840534 -184.496737 72.345181 0.863975 0.369413 -0.322149 0.115333
1520616877.912686 -43.458279 -184.566568 73.266596 0.867436 0.374156 -0.310394 0.105911
1520616877.962687 -43.760080 -184.010228 74.040806 0.869269 0.399652 -0.274186 0.097326
1520616878.012689 -43.333344 -184.565207 74.754875 0.882319 0.387918 -0.253632 0.081875
1520616878.062690 -43.600604 -184.531817 75.717921 0.889154 0.402458 -0.209704 0.058802
1520616878.112840 -43.488758 -184.455018 76.708674 0.889998 0.408337 -0.199103 0.039023
1520616878.162841 -43.814951 -184.621135 77.639267 0.893633 0.428228 -0.134142 0.006846
1520616878.212843 -43.184787 -183.845671 77.599897 0.891440 0.434560 -0.128383 0.003136
1520616878.262845 -43.476343 -184.244274 78.469443 0.899445 0.429724 -0.079352 -0.006290
1520616878.312846 -42.812205 -183.497283 78.439008 0.903902 0.421973 -0.069976 0.001674
1520616878.362848 -42.121566 -182.799831 78.247755 0.907577 0.415024 -0.063442 0.005919
1520616878.412849 -42.612041 -183.045770 79.083785 0.908652 0.416972 -0.019734 -0.009838
1520616878.462851 -41.740620 -182.562600 79.168473 0.910481 0.412763 -0.016389 -0.019546
1520616878.512990 -42.033028 -183.073122 79.977093 0.917166 0.395394 0.037734 -0.032344
1520616878.562991 -41.516175 -182.304419 80.353867 0.916709 0.393899 0.060747 -0.028255
1520616878.612993 -41.815764 -182.537148 81.279114 0.912762 0.391501 0.111922 -0.032646
1520616878.662995 -42.233460 -182.534586 82.187698 0.901070 0.401575 0.159635 -0.036415
1520616878.712996 -41.661582 -181.745734 82.412795 0.902055 0.401497 0.157783 -0.014206
1520616878.762999 -41.146187 -180.988172 82.813380 0.899616 0.404634 0.164203 -0.000541
1520616878.812999 -40.692074 -180.251391 83.314314 0.892558 0.412120 0.182998 0.002878
1520616878.863001 -40.003615 -179.710726 83.797745 0.884432 0.422461 0.198240 -0.002756
1520616878.913002 -39.304937 -179.318028 84.395773 0.881417 0.428700 0.197334 -0.019478
1520616878.962868 -38.635200 -178.708383 84.819783 0.875105 0.435698 0.209509 -0.021538
1520616879.012869 -37.975661 -178.023329 85.129154 0.864523 0.448934 0.225081 -0.019908
1520616879.062871 -37.188276 -177.652990 85.621976 0.859839 0.462414 0.212872 -0.039198
1520616879.112872 -36.395195 -177.225366 86.055752 0.853913 0.476418 0.202126 -0.054810
1520616879.162874 -35.765373 -177.261551 85.279856 0.825156 0.504713 0.244912 -0.066340
1520616879.212876 -35.716860 -176.369408 85.728997 0.814435 0.518799 0.254512 -0.052599
1520616879.262877 -35.068306 -175.718664 86.123850 0.803775 0.535981 0.250407 -0.062971
1520616879.312879 -34.881744 -174.998870 86.792499 0.790644 0.550987 0.257566 -0.070395
1520616879.362925 -34.292496 -174.709901 86.037990 0.759866 0.575412 0.289555 -0.087534
1520616879.412927 -33.643500 -174.382980 85.351021 0.735907 0.593560 0.309035 -0.103075
1520616879.463019 -34.299349 -174.871461 85.926563 0.717873 0.605935 0.322073 -0.117343
1520616879.512930 -34.849941 -174.404946 86.618814 0.712365 0.612594 0.323689 -0.111758
1520616879.562931 -35.454663 -173.924660 87.254138 0.707996 0.618838 0.325842 -0.098022
1520616879.612933 -36.151281 -173.933019 87.971532 0.697026 0.627333 0.334356 -0.093883
1520616879.662934 -36.716304 -174.427641 88.631909 0.683248 0.636587 0.345984 -0.090690
1520616879.712936 -36.980315 -174.632120 89.574505 0.676802 0.641285 0.350875 -0.087060
1520616879.762993 -37.397638 -174.397828 90.452542 0.674996 0.643468 0.354006 -0.070779
1520616879.812995 -37.851551 -175.093628 91.009161 0.672606 0.643554 0.359485 -0.064883
1520616879.862997 -37.823281 -174.887783 91.987337 0.674108 0.651394 0.344480 -0.050966
1520616879.912998 -38.388812 -175.217773 92.743169 0.671911 0.655107 0.341754 -0.050742
1520616879.963000 -38.937068 -175.477232 93.538214 0.667555 0.660601 0.340084 -0.048162
1520616880.013001 -39.806501 -175.283411 93.992657 0.672852 0.655592 0.341986 -0.022682
1520616880.063003 -40.342686 -175.780498 94.674866 0.669699 0.658379 0.342977 -0.020159
1520616880.113005 -40.988904 -176.300266 95.233654 0.670982 0.657072 0.343221 -0.015495
1520616880.162971 -41.697980 -176.900567 95.603589 0.669271 0.656169 0.348424 -0.010964
1520616880.212972 -42.116082 -176.954780 96.510369 0.669082 0.659354 0.342899 -0.001138
1520616880.262974 -42.592417 -177.085307 97.379891 0.673620 0.658094 0.336359 0.003333
1520616880.312976 -43.382846 -177.388111 97.912367 0.688019 0.646350 0.329715 0.012208
1520616880.362977 -43.409430 -177.109614 98.872436 0.694773 0.647217 0.312809 0.023477
1520616880.412979 -43.562618 -176.726843 99.783490 0.701219 0.643843 0.305129 0.025595
1520616880.462981 -44.362006 -176.699332 100.383674 0.708247 0.636182 0.303796 0.036972
1520616880.512982 -45.249665 -176.551258 100.819720 0.714726 0.627826 0.303955 0.051113
1520616880.563006 -46.053544 -176.096017 101.202519 0.718763 0.620051 0.304821 0.077463
1520616880.613008 -46.896157 -175.685262 101.550776 0.724372 0.610778 0.304635 0.097118
1520616880.663009 -47.619454 -175.191588 102.033608 0.729852 0.602615 0.300223 0.118479
1520616880.713010 -48.220078 -174.754932 102.703371 0.735319 0.596709 0.294436 0.128654
1520616880.763012 -48.927299 -174.707729 103.408787 0.737394 0.595290 0.291641 0.129711
1520616880.813013 -49.892986 -174.662603 103.664543 0.750907 0.577443 0.287976 0.140600
1520616880.863015 -50.601218 -174.513056 104.354502 0.763007 0.569011 0.272659 0.140374
1520616880.913016 -50.051195 -173.785446 104.764451 0.768471 0.564960 0.266153 0.139409
1520616880.963163 -50.726038 -173.514031 105.450688 0.776617 0.557750 0.252466 0.148466
1520616881.013164 -51.658732 -173.335122 105.763855 0.784755 0.543404 0.244345 0.170784
1520616881.063166 -52.542204 -172.921246 105.983363 0.792892 0.525020 0.236227 0.199682
1520616881.113263 -53.403781 -172.443970 106.156256 0.803847 0.499172 0.226648 0.230842
1520616881.163169 -54.046166 -171.869869 106.663948 0.805011 0.497239 0.217899 0.239231
1520616881.213171 -54.489245 -171.058226 107.044626 0.802898 0.491467 0.200257 0.271498
1520616881.263172 -54.274063 -170.403237 107.768979 0.801604 0.494095 0.189606 0.278119
1520616881.313174 -54.972023 -169.701574 107.912229 0.805826 0.473324 0.179264 0.307367
1520616881.363175 -55.760869 -169.088395 107.870585 0.810673 0.443732 0.174973 0.339552
1520616881.413450 -56.290785 -168.323890 108.237628 0.814853 0.429736 0.156510 0.356155
1520616881.463452 -56.253635 -167.557232 108.878608 0.814523 0.422972 0.127817 0.375911
1520616881.513453 -56.453568 -166.602917 109.100665 0.817286 0.393550 0.099046 0.409087
1520616881.563455 -56.736737 -165.882929 109.734252 0.813670 0.384093 0.082325 0.428527
1520616881.613456 -57.657895 -166.195732 109.965818 0.806954 0.379200 0.082314 0.445261
1520616881.663458 -57.748450 -165.201762 110.027650 0.808547 0.339705 0.049129 0.477953
1520616881.713459 -57.897800 -164.219629 110.142153 0.806007 0.310853 0.022345 0.503213
1520616881.763461 -57.735744 -163.258883 110.367329 0.797826 0.285994 -0.017001 0.530463
1520616881.813375 -57.553949 -162.296965 110.163210 0.782343 0.245754 -0.055828 0.569585
1520616881.863377 -57.219832 -161.385893 110.404692 0.761673 0.221764 -0.104897 0.599726
1520616881.913379 -58.073772 -161.317699 110.920576 0.746289 0.218238 -0.113774 0.618450
1520616881.963380 -58.814153 -161.525383 111.559875 0.742933 0.229967 -0.108430 0.619200
1520616882.013382 -58.544277 -160.609513 111.262640 0.727522 0.176812 -0.141902 0.647544
1520616882.063384 -59.370378 -160.648340 111.824822 0.731571 0.186896 -0.128350 0.642962
1520616882.113385 -60.301684 -160.725879 112.180710 0.724766 0.181337 -0.123929 0.653049
1520616882.163387 -61.243309 -160.640123 112.506269 0.718521 0.184110 -0.117301 0.660357
1520616882.213106 -61.375200 -159.699949 112.192137 0.707817 0.128507 -0.141541 0.680035
1520616882.263107 -62.130714 -159.305010 112.714843 0.710044 0.126356 -0.147980 0.676738
1520616882.313108 -62.968955 -158.899154 113.079030 0.702355 0.120196 -0.148271 0.685759
1520616882.363110 -63.786747 -158.563607 113.546604 0.698489 0.121993 -0.145331 0.690007
1520616882.413111 -64.614227 -158.253487 114.014689 0.691688 0.118434 -0.138789 0.698769
1520616882.463113 -65.470435 -157.866023 114.356417 0.682190 0.114549 -0.136063 0.709212
1520616882.513115 -66.363020 -157.548782 114.676809 0.669969 0.117205 -0.133801 0.720765
1520616882.563116 -67.246310 -157.250337 115.038373 0.658392 0.124066 -0.128931 0.731098
1520616882.613003 -68.175386 -156.944041 115.245740 0.641691 0.122177 -0.120403 0.747534
1520616882.663004 -68.371173 -155.973673 115.104126 0.625367 0.085873 -0.147323 0.761471
1520616882.713006 -69.002941 -155.279145 115.448364 0.617232 0.070392 -0.156520 0.767835
1520616882.763103 -69.856803 -154.763341 115.518119 0.602901 0.071449 -0.145205 0.781230
1520616882.813009 -69.873193 -153.869088 115.070856 0.585595 0.036223 -0.165265 0.792751
1520616882.863010 -70.416456 -153.190089 115.564645 0.585753 0.025443 -0.174610 0.791049
1520616882.913012 -71.144144 -152.550357 115.812054 0.578933 0.024038 -0.176738 0.795627
1520616882.963013 -71.192341 -151.673669 115.333416 0.551690 -0.011487 -0.197104 0.810343
1520616883.012996 -71.148734 -150.728730 115.009088 0.522939 -0.042069 -0.224982 0.821065
1520616883.062998 -71.678180 -149.921204 115.269069 0.515999 -0.042343 -0.228805 0.824379
1520616883.112999 -72.095338 -149.132374 115.720429 0.499875 -0.063355 -0.256602 0.824783
1520616883.163001 -72.415745 -148.242109 116.044107 0.500830 -0.068635 -0.269413 0.819680
1520616883.213001 -72.683376 -147.280754 115.979519 0.487428 -0.087827 -0.284006 0.821000
1520616883.263004 -73.007735 -146.340719 115.874040 0.474823 -0.111094 -0.293442 0.822249
1520616883.313005 -73.491780 -145.473069 115.987543 0.471418 -0.126846 -0.294602 0.821514
1520616883.363007 -73.877636 -144.552791 115.922699 0.464891 -0.135457 -0.291971 0.824791
1520616883.413009 -73.506073 -143.962226 115.206338 0.420114 -0.188267 -0.296680 0.836684
1520616883.463503 -72.843884 -143.604437 114.547936 0.390722 -0.223958 -0.304638 0.839271
1520616883.513505 -72.471308 -142.914184 113.927664 0.366655 -0.247201 -0.297159 0.846258
1520616883.563505 -71.884794 -142.159940 113.632507 0.359086 -0.266012 -0.291418 0.845796
1520616883.613508 -71.334171 -141.438868 113.211950 0.346147 -0.283001 -0.278283 0.850089
1520616883.663510 -70.855250 -140.958054 112.477475 0.327911 -0.294190 -0.265416 0.857602
1520616883.713511 -70.349833 -140.465173 111.769223 0.314451 -0.300937 -0.255461 0.863306
1520616883.763512 -69.820866 -140.032827 111.038969 0.296952 -0.307747 -0.241733 0.871020
1520616883.813515 -69.283522 -139.713703 110.258314 0.280053 -0.312061 -0.228195 0.878701
1520616883.865299 -68.910439 -139.801296 109.334660 0.256159 -0.309384 -0.216013 0.889945
1520616883.915301 -68.540555 -139.630965 108.421330 0.247647 -0.303509 -0.200523 0.897966
1520616883.965302 -67.832986 -139.944936 107.788266 0.240559 -0.301863 -0.196537 0.901323
1520616884.015304 -67.358623 -140.008720 106.910251 0.241415 -0.293237 -0.185802 0.906206
1520616884.065305 -67.088295 -139.790216 105.972606 0.243995 -0.282405 -0.170529 0.911939
1520616884.115307 -66.572527 -139.603055 105.136571 0.244911 -0.274106 -0.155874 0.916836
1520616884.165308 -67.537822 -139.492686 104.899875 0.245479 -0.215329 -0.134352 0.935587
1520616884.215310 -66.783964 -139.288688 104.275310 0.243808 -0.205680 -0.129831 0.938828
1520616884.266737 -66.826072 -139.382212 105.270036 0.244185 -0.195348 -0.116537 0.942673
1520616884.316739 -66.844849 -138.836406 104.432335 0.242094 -0.185602 -0.111292 0.945810
1520616884.366741 -66.598276 -139.349151 105.254706 0.241471 -0.175546 -0.111996 0.947804
1520616884.416839 -65.803162 -139.027870 104.740341 0.244060 -0.172477 -0.106009 0.948393
1520616884.466743 -65.052272 -138.380928 104.873119 0.256198 -0.172626 -0.103040 0.945487
1520616884.516745 -64.102242 -138.605969 104.656786 0.242136 -0.184687 -0.110340 0.946090
1520616884.566746 -64.967399 -138.392231 105.110459 0.240393 -0.129953 -0.115919 0.954927
1520616884.616748 -65.565588 -139.019195 105.609544 0.238786 -0.105455 -0.089332 0.961187
1520616884.668346 -64.586918 -138.983219 105.407281 0.235927 -0.099092 -0.080236 0.963370
1520616884.718347 -63.631255 -138.877837 105.132322 0.235491 -0.091452 -0.073767 0.964748
1520616884.768349 -62.825996 -138.557166 104.633595 0.237800 -0.079903 -0.063137 0.965961
1520616884.818350 -61.897103 -138.274650 104.394133 0.240126 -0.069103 -0.055032 0.966714
1520616884.868352 -61.001007 -138.066353 104.002183 0.239246 -0.055875 -0.049061 0.968108
1520616884.918353 -60.190075 -137.626906 103.615821 0.245377 -0.035917 -0.048197 0.967562
1520616884.968355 -59.205416 -137.563706 103.453180 0.243161 -0.024509 -0.043005 0.968722
1520616885.018356 -59.831823 -137.523896 102.674701 0.217486 0.051389 -0.028013 0.974307
1520616885.069706 -59.281171 -136.790634 102.275815 0.227293 0.071409 -0.028916 0.970774
1520616885.119708 -58.305219 -136.591031 102.188206 0.224931 0.078964 -0.029431 0.970724
1520616885.169709 -57.951708 -136.161980 101.356975 0.217340 0.092911 -0.028538 0.971245
1520616885.219711 -57.585326 -135.641174 100.585920 0.210272 0.107557 -0.032036 0.971180
1520616885.269712 -57.291410 -135.384036 99.665326 0.199471 0.121779 -0.037009 0.971603
1520616885.319714 -57.005494 -134.835573 98.879552 0.192304 0.135745 -0.043113 0.970945
1520616885.369716 -56.978891 -134.334249 98.014702 0.177033 0.151564 -0.048958 0.971231
1520616885.419718 -56.963983 -133.364792 97.769892 0.194608 0.173668 -0.051147 0.964029
1520616885.471258 -56.925815 -133.041670 96.824305 0.172193 0.192044 -0.063633 0.964064
1520616885.521259 -56.018499 -132.670003 96.627731 0.160610 0.193719 -0.075416 0.964878
1520616885.571262 -55.352041 -132.026091 96.251951 0.165285 0.199592 -0.089600 0.961673
1520616885.621264 -55.058583 -131.643662 95.375805 0.165556 0.215010 -0.106823 0.956531
1520616885.671264 -55.179251 -131.614167 94.383551 0.157869 0.238035 -0.128807 0.949645
1520616885.721267 -55.505006 -131.010121 93.656219 0.157341 0.263187 -0.133073 0.942480
1520616885.771267 -55.686831 -130.724445 92.715300 0.152055 0.283798 -0.156116 0.933791
1520616885.821269 -55.949199 -130.347773 91.826885 0.150251 0.302655 -0.173535 0.925046
1520616885.871270 -56.532944 -130.130295 91.044615 0.146999 0.321900 -0.189471 0.915900
1520616885.920545 -56.841985 -129.585310 90.265202 0.151173 0.341601 -0.204723 0.904734
1520616885.970546 -57.320732 -129.040990 89.576351 0.157412 0.360100 -0.216560 0.893673
1520616886.020548 -57.786335 -128.666775 88.774367 0.166718 0.371820 -0.225459 0.884943
1520616886.070647 -58.427745 -128.553854 88.015525 0.175161 0.384146 -0.233429 0.875934
1520616886.120551 -59.278153 -128.514626 87.490866 0.182922 0.399453 -0.240756 0.865456
1520616886.170552 -59.933931 -128.156555 86.826230 0.192890 0.411430 -0.246343 0.856057
1520616886.220554 -60.786237 -127.858229 86.396607 0.197369 0.419871 -0.248475 0.850302
1520616886.270556 -61.357530 -127.592559 85.620049 0.197564 0.420119 -0.248485 0.850132
1520616886.318944 -62.074080 -127.239205 85.018635 0.196084 0.418014 -0.248392 0.851538
1520616886.368946 -62.713213 -126.693116 84.477068 0.196084 0.418014 -0.248392 0.851538
1520616886.418947 -63.134697 -126.025611 83.863237 0.193923 0.411899 -0.252477 0.853808
1520616886.468949 -63.640835 -125.454425 83.217040 0.192349 0.405197 -0.253552 0.857046
1520616886.518950 -64.132643 -124.875577 82.566609 0.188916 0.398604 -0.256865 0.859910
1520616886.568952 -64.594280 -124.214251 81.975391 0.182356 0.393125 -0.263033 0.861982
1520616886.618953 -65.223363 -123.971175 81.237036 0.171016 0.390291 -0.265806 0.864739
1520616886.668955 -66.113185 -123.645454 80.917471 0.166817 0.393833 -0.266408 0.863768
1520616886.717357 -66.960664 -123.518619 80.402017 0.166379 0.394402 -0.265811 0.863776
1520616886.767358 -67.778160 -123.450986 79.830068 0.171329 0.395934 -0.270389 0.860681
1520616886.817360 -68.529467 -122.950950 79.399368 0.189737 0.395134 -0.273140 0.856308
1520616886.867361 -69.267474 -122.433749 78.965953 0.212768 0.393755 -0.278542 0.849765
1520616886.917363 -69.707600 -121.985200 78.188076 0.229107 0.390583 -0.285631 0.844613
1520616886.967364 -70.068270 -121.312379 77.542144 0.242504 0.395114 -0.293407 0.836055
1520616887.017367 -70.517752 -120.447513 77.318598 0.249536 0.408835 -0.306331 0.822646
1520616887.067368 -70.922276 -119.714461 76.771792 0.251013 0.420106 -0.314851 0.813248
1520616887.115808 -71.282647 -118.904684 76.308766 0.254850 0.426398 -0.321719 0.806060
1520616887.165809 -71.918320 -118.312381 75.813693 0.253510 0.432936 -0.325139 0.801613
1520616887.215811 -72.479598 -117.532653 75.536220 0.259945 0.434340 -0.329057 0.797182
1520616887.265813 -73.164164 -116.917636 75.144910 0.260393 0.439272 -0.334460 0.792068
1520616887.315814 -73.756018 -116.122820 75.010837 0.258608 0.436823 -0.333761 0.794299
1520616887.365816 -74.211658 -115.370564 74.534913 0.252060 0.431360 -0.337266 0.797901
1520616887.415817 -74.716484 -114.640444 74.074397 0.240743 0.428178 -0.336803 0.803287
1520616887.465818 -74.865163 -113.950870 73.365608 0.235105 0.421215 -0.338241 0.808020
1520616887.514791 -75.061943 -113.324358 72.611445 0.229234 0.407101 -0.337293 0.817284
1520616887.564792 -75.250496 -112.618183 71.928976 0.226622 0.391383 -0.338885 0.824996
1520616887.614794 -75.539526 -112.045929 71.161521 0.221264 0.378288 -0.342773 0.830932
1520616887.664795 -75.988605 -111.703548 70.336231 0.210529 0.369488 -0.346673 0.836047
1520616887.714895 -76.473424 -111.128409 69.677318 0.204082 0.365015 -0.348596 0.838806
1520616887.764798 -77.098755 -110.649720 69.061025 0.200121 0.364523 -0.350161 0.839322
1520616887.814800 -77.689587 -110.445037 68.280626 0.190350 0.368721 -0.351232 0.839314
1520616887.864802 -78.243598 -110.025019 67.561838 0.188697 0.375067 -0.352825 0.836201
1520616887.914803 -78.429492 -110.223738 66.599573 0.173658 0.371715 -0.357418 0.839002
1520616887.964261 -78.860877 -109.595165 65.952422 0.182038 0.376886 -0.353245 0.836682
1520616888.014262 -79.278851 -108.860273 65.418352 0.190891 0.382853 -0.353317 0.831956
1520616888.064264 -79.510545 -108.094181 64.818834 0.201074 0.389170 -0.352207 0.827083
1520616888.114265 -79.689773 -107.292228 64.248967 0.207863 0.392980 -0.350799 0.824196
1520616888.164267 -80.075565 -106.650858 63.585786 0.210537 0.394643 -0.348519 0.823690
1520616888.214268 -80.558944 -105.869889 63.190272 0.209230 0.392349 -0.346475 0.825979
1520616888.264270 -81.220373 -105.173104 62.912781 0.204997 0.386768 -0.340649 0.832072
1520616888.314272 -82.013294 -104.660414 62.583500 0.190844 0.382479 -0.332085 0.840837
1520616888.364781 -82.664525 -104.491922 61.843562 0.175631 0.368750 -0.332573 0.850042
1520616888.414783 -83.385356 -104.211085 61.209896 0.162748 0.350801 -0.328475 0.861717
1520616888.464784 -83.476431 -103.264219 61.518362 0.166040 0.345705 -0.333036 0.861398
1520616888.514786 -83.529830 -102.913684 60.583336 0.150747 0.330831 -0.345569 0.865106
1520616888.564788 -83.786400 -102.588831 59.673038 0.133696 0.310592 -0.355401 0.871406
1520616888.614789 -83.868744 -102.351871 58.705014 0.116749 0.287256 -0.367945 0.876624
1520616888.664791 -84.052531 -102.151790 57.742627 0.099010 0.263023 -0.378289 0.881994
1520616888.714793 -84.283371 -101.889687 56.805602 0.078917 0.237642 -0.387711 0.887118
1520616888.766264 -84.677986 -101.855757 55.887382 0.058894 0.215391 -0.395338 0.890980
1520616888.816266 -84.923482 -101.854607 54.917985 0.035972 0.195155 -0.406645 0.891773
1520616888.866267 -85.333732 -101.874833 54.006237 0.010865 0.176425 -0.409896 0.894842
1520616888.916269 -85.492203 -101.908926 53.019462 -0.010889 0.167054 -0.421370 0.891303
1520616888.966271 -85.567729 -101.775181 52.031328 -0.025376 0.162203 -0.431893 0.886857
1520616889.016272 -85.596252 -101.509804 51.067606 -0.033424 0.156451 -0.435601 0.885809
1520616889.066273 -85.504882 -101.398507 50.078028 -0.040923 0.144844 -0.434777 0.887871
1520616889.116275 -85.692047 -101.022980 49.170311 -0.042961 0.140235 -0.437949 0.886955
1520616889.165065 -85.896733 -101.460018 48.294468 -0.052507 0.124288 -0.434141 0.890683
1520616889.215066 -86.273932 -101.073049 47.453055 -0.058608 0.115067 -0.433692 0.891760
1520616889.265067 -86.547998 -100.651660 46.588579 -0.066862 0.103903 -0.431815 0.893459
1520616889.315069 -86.689251 -101.062223 45.687754 -0.085914 0.080437 -0.421219 0.899290
1520616889.365167 -86.703385 -101.767799 44.979260 -0.109751 0.056338 -0.415766 0.901066
1520616889.415071 -87.055273 -101.618936 44.055131 -0.123583 0.040513 -0.413890 0.900989
1520616889.465074 -87.114221 -102.444720 43.494233 -0.159784 0.014847 -0.414197 0.895930
1520616889.515075 -86.639561 -102.496523 42.615589 -0.178358 -0.010506 -0.429608 0.885164
1520616889.563895 -86.455049 -103.336270 42.104922 -0.207830 -0.033332 -0.425014 0.880374
1520616889.613896 -87.144567 -102.710757 41.739822 -0.217877 -0.013761 -0.422660 0.879602
1520616889.663898 -87.449820 -103.501983 41.209934 -0.252189 -0.040241 -0.399066 0.880640
1520616889.713899 -87.613502 -103.872776 40.295756 -0.270010 -0.064255 -0.388662 0.878583
1520616889.763901 -87.850940 -104.540004 39.589760 -0.290084 -0.087939 -0.370541 0.877962
1520616889.813902 -87.863450 -105.125398 38.779108 -0.302995 -0.109661 -0.359142 0.875891
1520616889.863904 -88.215105 -104.867527 37.879197 -0.312831 -0.121268 -0.348946 0.875024
1520616889.913906 -88.415238 -105.779904 37.522107 -0.335276 -0.133579 -0.334541 0.870534
1520616889.963425 -88.892061 -105.457385 36.704414 -0.340207 -0.133244 -0.333106 0.869221
1520616890.013427 -88.901469 -106.172943 36.005924 -0.351034 -0.140175 -0.320756 0.868471
1520616890.063428 -88.940031 -106.772072 35.206200 -0.359842 -0.144712 -0.307612 0.868877
1520616890.113430 -89.113887 -107.104015 34.279060 -0.364712 -0.144201 -0.295707 0.871062
1520616890.163431 -89.087310 -107.670963 33.455736 -0.375304 -0.146098 -0.272998 0.873656
1520616890.213434 -89.065233 -107.779606 32.461900 -0.382544 -0.144742 -0.256266 0.875807
1520616890.263435 -89.109766 -108.544019 31.818714 -0.402983 -0.139323 -0.236364 0.873113
1520616890.313437 -89.172619 -109.406066 31.315797 -0.425491 -0.131007 -0.220266 0.867916
1520616890.363438 -89.264011 -110.276508 30.832084 -0.446650 -0.120599 -0.203054 0.862976
1520616890.413210 -89.221346 -111.021512 30.166390 -0.461782 -0.110211 -0.186342 0.860167
1520616890.463211 -88.739514 -111.128424 29.296673 -0.462826 -0.100757 -0.176280 0.862882
1520616890.513212 -88.963111 -112.041606 28.955933 -0.474701 -0.082490 -0.170360 0.859553
1520616890.563214 -89.117860 -112.961473 28.595520 -0.484412 -0.063133 -0.163045 0.857190
1520616890.613215 -89.080038 -113.844628 28.127966 -0.491233 -0.038040 -0.151409 0.856924
1520616890.663217 -88.434768 -114.349352 27.554485 -0.490446 -0.019556 -0.134582 0.860795
1520616890.713219 -87.926335 -115.087203 27.110558 -0.490939 0.005584 -0.120390 0.862817
1520616890.763220 -87.037526 -115.343390 26.730575 -0.485033 0.016466 -0.103665 0.868174
1520616890.812941 -86.207695 -115.724161 26.322661 -0.479313 0.030788 -0.093931 0.872059
1520616890.862942 -86.069408 -116.654255 25.982365 -0.476981 0.054962 -0.098701 0.871623
1520616890.912944 -85.868634 -117.560701 25.610820 -0.475106 0.075500 -0.115206 0.869081
1520616890.962945 -86.249017 -118.418975 25.266328 -0.469124 0.104842 -0.132884 0.866760
1520616891.013042 -85.842119 -117.525447 25.456174 -0.462992 0.130352 -0.153368 0.863207
1520616891.062949 -86.162531 -118.437533 25.200369 -0.460192 0.148917 -0.167653 0.859034
1520616891.112950 -85.445098 -117.797779 25.476058 -0.462465 0.169626 -0.187200 0.849888
1520616891.162952 -85.918390 -118.625442 25.174450 -0.472396 0.185808 -0.211055 0.835328
1520616891.213150 -86.027544 -119.383963 24.532007 -0.481842 0.199462 -0.233643 0.820642
1520616891.263152 -85.727219 -120.291195 24.237501 -0.494096 0.196956 -0.253368 0.808011
1520616891.313153 -85.305314 -120.598804 23.384639 -0.480574 0.185122 -0.278550 0.810671
1520616891.363155 -85.519028 -121.574207 23.330635 -0.488664 0.189103 -0.309962 0.793329
1520616891.413157 -84.598970 -121.228088 23.514195 -0.493016 0.194266 -0.339482 0.777141
1520616891.463158 -84.627228 -122.165369 23.861621 -0.508122 0.189044 -0.348144 0.764768
1520616891.513160 -84.856824 -122.927527 24.466932 -0.530409 0.186986 -0.350979 0.748677
1520616891.563161 -85.552885 -123.619142 24.274143 -0.535205 0.183032 -0.374403 0.734763
1520616891.613391 -86.055313 -124.357398 23.824094 -0.546125 0.177227 -0.401081 0.713773
1520616891.663392 -87.004206 -124.474384 23.530978 -0.554199 0.172642 -0.421490 0.696710
1520616891.713394 -86.929947 -125.373486 23.099583 -0.580301 0.120057 -0.427549 0.682671
1520616891.763395 -87.314876 -126.295921 23.068872 -0.602837 0.102747 -0.433351 0.661995
1520616891.813397 -87.704137 -127.132764 23.453802 -0.633398 0.085261 -0.410640 0.650318
1520616891.863399 -88.317670 -127.726406 23.974538 -0.658381 0.077095 -0.396394 0.635188
1520616891.913400 -88.667998 -128.650391 24.127911 -0.680992 0.055399 -0.387403 0.618951
1520616891.963402 -88.503300 -129.619021 24.314003 -0.707850 0.013364 -0.360762 0.607141
1520616892.013287 -89.208645 -129.727808 23.613537 -0.709487 0.009073 -0.359563 0.606020
1520616892.063288 -89.636045 -130.498982 24.085364 -0.723095 -0.003787 -0.348521 0.596366
1520616892.113290 -90.398770 -130.851283 24.627706 -0.737742 -0.006079 -0.338571 0.584012
1520616892.163292 -91.111487 -131.514833 24.855158 -0.740303 -0.012909 -0.330087 0.585514
1520616892.213293 -91.880446 -132.019613 25.247460 -0.745230 -0.015347 -0.324249 0.582460
1520616892.263295 -92.765660 -132.476867 25.161930 -0.747703 -0.014035 -0.323186 0.579909
1520616892.313296 -93.468464 -133.090212 25.522309 -0.756090 -0.007487 -0.307739 0.577553
1520616892.363297 -93.867821 -133.795984 26.107458 -0.769611 -0.003184 -0.281363 0.573170
1520616892.413119 -94.011511 -134.616163 26.661227 -0.784461 -0.006298 -0.257319 0.564242
1520616892.463120 -94.920616 -134.715544 26.256687 -0.788525 -0.001836 -0.258826 0.557883
1520616892.513122 -94.994393 -135.603864 26.709948 -0.798422 -0.004833 -0.235660 0.554043
1520616892.563123 -95.228077 -136.430312 27.222174 -0.802706 -0.002271 -0.200231 0.561753
1520616892.613126 -95.286623 -137.287859 27.733236 -0.808058 -0.006337 -0.169657 0.564108
1520616892.663224 -95.460245 -138.008385 28.404577 -0.815573 -0.006578 -0.139807 0.561473
1520616892.713128 -95.470261 -138.782669 29.037336 -0.823139 -0.010446 -0.104724 0.558002
1520616892.763130 -95.219440 -139.624435 29.515371 -0.831287 -0.020923 -0.073569 0.550556
1520616892.813131 -96.187990 -139.868627 29.563127 -0.836403 -0.017659 -0.063365 0.544154
1520616892.862973 -97.179313 -139.999658 29.573586 -0.842069 -0.013389 -0.067521 0.534959
1520616892.912974 -97.181538 -140.548324 30.409625 -0.852463 -0.013823 -0.019915 0.522225
1520616892.962976 -98.117359 -140.827970 30.624186 -0.858015 -0.010157 -0.010417 0.513418
1520616893.012978 -99.014844 -141.200272 30.860645 -0.861547 -0.012035 0.001961 0.507531
1520616893.062979 -99.969948 -141.402230 31.077413 -0.865754 -0.010764 0.017982 0.500031
1520616893.112981 -100.830677 -141.885332 31.237906 -0.863030 -0.009756 0.021994 0.504579
1520616893.162982 -101.666615 -142.305848 31.590571 0.866281 0.012520 -0.030408 -0.498474
1520616893.212984 -102.534994 -142.688289 31.906256 0.872261 0.022186 -0.039280 -0.486955
1520616893.263008 -103.406261 -143.076577 32.206469 0.878828 0.034244 -0.040634 -0.474170
1520616893.313010 -104.212413 -143.645600 32.368738 0.884144 0.043143 -0.054445 -0.462022
1520616893.363011 -104.673343 -144.179407 33.077676 0.888967 0.055264 -0.069496 -0.449282
1520616893.413013 -105.233225 -143.498147 32.606065 0.893751 0.099064 -0.095449 -0.426948
1520616893.463015 -105.425347 -144.073685 33.400952 0.892486 0.108982 -0.118340 -0.421411
1520616893.513016 -106.378658 -144.073178 33.702940 0.900599 0.117638 -0.107301 -0.404437
1520616893.563018 -107.118849 -144.634257 34.073490 0.900319 0.123564 -0.116958 -0.400598
1520616893.613019 -108.055187 -144.797028 34.384581 0.910245 0.124532 -0.102720 -0.381306
1520616893.663285 -108.732762 -145.473748 34.672580 0.911069 0.122767 -0.124242 -0.373424
1520616893.713287 -109.534365 -145.885500 35.106045 0.915151 0.119790 -0.134151 -0.360767
1520616893.763289 -110.114877 -146.653673 35.376076 0.911861 0.125082 -0.154980 -0.358950
1520616893.813290 -109.648955 -147.183392 36.084817 0.906769 0.139346 -0.202885 -0.342332
1520616893.863292 -110.310586 -147.790356 36.525088 0.907815 0.139979 -0.211836 -0.333771
1520616893.913293 -111.046438 -148.290676 36.981380 0.910351 0.144346 -0.217367 -0.321213
1520616893.963294 -111.683946 -148.882452 37.474720 0.912705 0.146570 -0.224733 -0.308193
1520616894.013296 -111.200867 -149.414499 38.170106 0.908522 0.159144 -0.263242 -0.282781
1520616894.063311 -111.585124 -150.241554 38.580383 0.910584 0.148564 -0.272687 -0.272777
1520616894.113312 -111.150469 -150.555245 39.424583 0.907052 0.144934 -0.307974 -0.247798
1520616894.163314 -110.588582 -150.821235 40.207866 0.899737 0.145979 -0.335319 -0.238168
1520616894.213315 -110.195831 -150.997945 41.110374 0.894808 0.142013 -0.357135 -0.227168
1520616894.263317 -109.601088 -151.264175 41.868926 0.886467 0.138886 -0.383285 -0.219041
1520616894.313416 -108.961538 -151.477070 42.607609 0.878214 0.135788 -0.407356 -0.210624
1520616894.363320 -108.328459 -151.672709 43.356565 0.869646 0.133248 -0.430032 -0.202565
1520616894.413321 -107.627252 -151.890753 44.035363 0.861840 0.126862 -0.455091 -0.184472
1520616894.463087 -107.008918 -151.750883 44.808732 0.854606 0.115207 -0.476239 -0.171965
1520616894.513088 -106.280942 -151.700784 45.492502 0.847816 0.098794 -0.494591 -0.163792
1520616894.563090 -105.834056 -151.731332 46.386571 0.850281 0.079008 -0.497514 -0.152514
1520616894.613091 -105.112835 -151.318670 46.942944 0.856816 0.061280 -0.494300 -0.133336
1520616894.663093 -104.531785 -152.097934 47.177737 0.861703 0.032234 -0.492476 -0.117886
1520616894.713095 -104.009206 -152.934329 47.343129 0.865603 0.004261 -0.490684 -0.099718
1520616894.763096 -103.235062 -153.552012 47.204676 0.867394 -0.011953 -0.489635 -0.087987
1520616894.813098 -102.450547 -154.164521 47.107884 0.869954 -0.020455 -0.486394 -0.078635
1520616894.863099 -101.927204 -153.930776 47.927320 0.878829 -0.028476 -0.472671 -0.058566
1520616894.913095 -101.003564 -154.003167 47.550959 0.878275 -0.035028 -0.474113 -0.051210
1520616894.963096 -100.142336 -153.862290 48.039262 0.887959 -0.038113 -0.455919 -0.047063
1520616895.013098 -99.182077 -153.748793 47.784270 0.889700 -0.042200 -0.452496 -0.043608
1520616895.063100 -98.254375 -153.968239 47.482257 0.892919 -0.053981 -0.444669 -0.045290
1520616895.113101 -97.285853 -154.071568 47.255789 0.895469 -0.058009 -0.438645 -0.048579
1520616895.163103 -96.544416 -153.735700 47.836706 0.904361 -0.055895 -0.420018 -0.050900
1520616895.213104 -95.551687 -153.792388 47.942894 0.906973 -0.056691 -0.413177 -0.058919
1520616895.263106 -94.747574 -153.491994 48.455890 0.914261 -0.041585 -0.398353 -0.060926
1520616895.313103 -93.857738 -153.185512 48.793915 0.918498 -0.022648 -0.389592 -0.063772
1520616895.363104 -92.905017 -153.489356 48.794427 0.920004 -0.010384 -0.384250 -0.076400
1520616895.413106 -91.970236 -153.840492 48.848170 0.920729 0.006030 -0.379594 -0.090166
1520616895.463107 -91.005208 -154.098722 48.893329 0.920726 0.030743 -0.374984 -0.103469
1520616895.513109 -90.076213 -154.468344 48.874687 0.919921 0.052064 -0.369866 -0.119305
1520616895.563110 -89.728391 -154.030584 49.703774 0.924060 0.085972 -0.354063 -0.115592
1520616895.613112 -88.915466 -154.113214 50.280252 0.920268 0.107693 -0.356838 -0.119066
1520616895.663113 -88.432819 -154.781767 50.846015 0.919018 0.128969 -0.351616 -0.123045
1520616895.713941 -87.719710 -155.157856 51.437651 0.916686 0.153154 -0.349965 -0.117281
1520616895.763943 -87.246778 -155.991147 51.723939 0.912207 0.178061 -0.346187 -0.127775
1520616895.813944 -86.824744 -156.235569 52.596948 0.909648 0.198598 -0.345069 -0.118439
1520616895.863946 -86.413705 -156.993967 53.102794 0.902838 0.218707 -0.347625 -0.127306
1520616895.913947 -85.803356 -157.204694 53.866383 0.895279 0.245866 -0.351360 -0.120716
1520616895.964045 -85.188821 -157.599891 54.549147 0.885410 0.271494 -0.357460 -0.120673
1520616896.013950 -84.848866 -158.269932 55.209052 0.877001 0.292419 -0.359106 -0.128073
1520616896.063952 -84.491493 -158.835730 55.952125 0.868891 0.312860 -0.361273 -0.128952
1520616896.114514 -84.038989 -159.378295 56.659842 0.862370 0.324686 -0.368661 -0.122415
1520616896.164516 -83.316540 -158.962538 57.212303 0.849494 0.342940 -0.388327 -0.099773
1520616896.214517 -82.537493 -158.336600 57.248175 0.828852 0.364829 -0.418317 -0.070109
1520616896.264519 -81.562574 -158.215950 57.061153 0.802524 0.367303 -0.466849 -0.055636
1520616896.314521 -80.953016 -157.443093 57.237593 0.790404 0.368122 -0.489121 -0.022568
1520616896.364522 -80.357635 -157.595874 58.026376 0.784825 0.361024 -0.503690 -0.002658
1520616896.414524 -79.633965 -157.502991 58.710244 0.777027 0.348762 -0.523684 0.018699
1520616896.464525 -78.968497 -157.813924 59.388825 0.769646 0.334275 -0.542685 0.037404
1520616896.515710 -78.178923 -157.608856 59.967201 0.767002 0.312271 -0.557721 0.056048
1520616896.565712 -77.694861 -158.081091 60.703869 0.771665 0.288339 -0.562930 0.067108
1520616896.615713 -77.182575 -157.655271 61.449684 0.776456 0.264771 -0.564860 0.089142
1520616896.665715 -76.741480 -157.007418 62.070750 0.781134 0.243645 -0.564051 0.110963
1520616896.715716 -76.065968 -156.735128 62.755980 0.787136 0.219731 -0.561359 0.130432
1520616896.765718 -75.333248 -156.290592 63.271255 0.792123 0.194010 -0.557831 0.154031
1520616896.815718 -74.534085 -156.102660 63.842238 0.799336 0.167015 -0.548824 0.178775
1520616896.865721 -73.879162 -155.568978 64.377270 0.806870 0.157108 -0.533452 0.199267
1520616896.916612 -72.975359 -155.780701 64.005364 0.807636 0.147390 -0.531920 0.207510
1520616896.966613 -72.218487 -156.053550 63.411480 0.807210 0.152358 -0.530974 0.208003
1520616897.016614 -71.494243 -155.397836 63.624809 0.814214 0.183062 -0.511370 0.205047
1520616897.066616 -70.600700 -155.123571 63.269338 0.812802 0.203516 -0.509701 0.195292
1520616897.116618 -69.770033 -154.830324 62.796053 0.807067 0.233256 -0.513486 0.174834
1520616897.166620 -68.958524 -154.381954 62.421328 0.799595 0.255307 -0.519373 0.160365
1520616897.216621 -68.067185 -153.948467 62.554009 0.792228 0.274143 -0.525627 0.144691
1520616897.266622 -67.738782 -153.205967 63.137828 0.783363 0.298165 -0.529369 0.131182
1520616897.316624 -66.952690 -152.639527 63.385225 0.770918 0.323694 -0.538055 0.106797
1520616897.366304 -66.374034 -152.663731 64.200438 0.755892 0.347458 -0.548525 0.083787
1520616897.416306 -66.120703 -152.709283 65.166745 0.743305 0.368986 -0.553635 0.069535
1520616897.466308 -65.159998 -152.774484 65.436547 0.722697 0.384047 -0.571549 0.059572
1520616897.516309 -64.833485 -152.912111 66.371667 0.713644 0.396385 -0.574258 0.061797
1520616897.566311 -64.684411 -153.242436 67.303687 0.711881 0.401611 -0.572515 0.064505
1520616897.616409 -63.898705 -152.625037 67.342197 0.688967 0.400771 -0.598882 0.077760
1520616897.666314 -63.422520 -151.869443 66.892388 0.647984 0.407723 -0.635545 0.099802
1520616897.716315 -62.912928 -151.009411 66.866694 -0.619726 -0.396294 0.663559 -0.136311
1520616897.767572 -62.124579 -150.395518 66.907203 -0.597748 -0.386664 0.683509 -0.161255
1520616897.817573 -61.394464 -150.791162 67.464336 -0.595792 -0.373978 0.689697 -0.171727
1520616897.867575 -60.879316 -149.939185 67.370755 -0.573183 -0.370929 0.700187 -0.208832
1520616897.917577 -60.261611 -149.169610 67.532606 -0.561103 -0.368409 0.700497 -0.242369
1520616897.967578 -59.768516 -148.302931 67.608274 -0.554863 -0.362856 0.695670 -0.276597
1520616898.017580 -59.187194 -147.492693 67.533594 -0.550261 -0.351512 0.690061 -0.312198
1520616898.067581 -58.482478 -146.783228 67.527650 -0.549566 -0.344154 0.682847 -0.336533
1520616898.117583 -57.999365 -146.002247 67.923467 -0.553851 -0.341024 0.671142 -0.355696
1520616898.166029 -57.415967 -145.190267 67.941758 -0.556324 -0.335731 0.663626 -0.370660
1520616898.216031 -57.560928 -144.206606 67.835002 -0.560799 -0.331609 0.650768 -0.389924
1520616898.266033 -56.816830 -143.542995 67.757941 -0.568898 -0.323102 0.639594 -0.403584
1520616898.316034 -56.391963 -142.653292 67.925024 -0.579310 -0.323170 0.627976 -0.406950
1520616898.366036 -55.545362 -142.246932 67.581312 -0.589652 -0.317101 0.618602 -0.411204
1520616898.416038 -54.730996 -142.151316 67.008891 -0.597405 -0.308130 0.613369 -0.414658
1520616898.466039 -54.222097 -141.519482 66.424247 -0.603440 -0.305479 0.603443 -0.422373
1520616898.516040 -53.846373 -140.736161 65.929031 0.608817 0.307590 -0.594991 0.425106
1520616898.564525 -53.676733 -139.799788 66.236320 0.617117 0.321286 -0.583985 0.418215
1520616898.614527 -53.332093 -138.873810 66.082085 0.619571 0.332622 -0.581197 0.409518
1520616898.664529 -52.944344 -137.983748 65.842416 0.622081 0.344012 -0.580133 0.397640
1520616898.714530 -52.567825 -137.120757 65.505549 0.624721 0.356589 -0.578688 0.384303
1520616898.764531 -52.158111 -136.300973 65.105437 0.627229 0.371476 -0.576699 0.368793
1520616898.814533 -51.666800 -135.433723 65.185994 0.634744 0.387386 -0.568662 0.351648
1520616898.864535 -51.350888 -134.496697 65.334934 0.639758 0.407473 -0.560394 0.332615
1520616898.914536 -50.992108 -133.578443 65.167345 0.642887 0.423238 -0.555745 0.314185
1520616898.963912 -50.720190 -132.633372 65.348729 0.649355 0.442777 -0.544424 0.293069
1520616899.013914 -50.523727 -131.688456 65.610526 0.654715 0.466284 -0.531527 0.267220
1520616899.063916 -50.090162 -131.586318 64.715211 0.649682 0.469916 -0.544393 0.246432
1520616899.113917 -49.779735 -130.890141 65.362492 0.657280 0.484473 -0.531194 0.226058
1520616899.163919 -49.486300 -130.347837 64.575216 0.660400 0.487497 -0.530019 0.212834
1520616899.213921 -49.121396 -129.702634 65.246452 0.668455 0.496650 -0.518053 0.195265
1520616899.264014 -48.653133 -128.940979 65.694349 0.674495 0.506496 -0.505249 0.182324
1520616899.313923 -48.245605 -128.204970 66.234914 0.679939 0.515793 -0.490529 0.176132
1520616899.363558 -47.897084 -127.484821 66.834846 0.684877 0.522031 -0.475825 0.178934
1520616899.413560 -47.149892 -126.917072 66.489352 0.686829 0.522259 -0.472821 0.178749
1520616899.463561 -46.938521 -126.093211 67.015256 0.691036 0.532866 -0.456082 0.174676
1520616899.513563 -46.759056 -125.209338 67.447183 0.693173 0.540975 -0.444405 0.171351
1520616899.563564 -46.541473 -124.356419 67.921721 0.697600 0.541640 -0.437023 0.170267
1520616899.613566 -46.303767 -123.686911 68.625465 0.706682 0.529676 -0.435769 0.173637
1520616899.663567 -46.104948 -122.975325 69.299346 0.717827 0.517791 -0.430645 0.176524
1520616899.713569 -45.982495 -122.640290 70.233561 0.732080 0.504888 -0.421437 0.177589
1520616899.763570 -45.726444 -121.991257 70.949936 0.742834 0.493001 -0.415116 0.181181
1520616899.813287 -44.970318 -121.388772 71.205447 0.752513 0.480241 -0.410482 0.186002
1520616899.863288 -44.799488 -120.761626 71.965384 0.759178 0.477071 -0.398407 0.193192
1520616899.913289 -44.510764 -119.938065 72.453631 0.761662 0.483455 -0.383178 0.198286
1520616899.963291 -44.298774 -118.978686 72.639783 0.757354 0.491629 -0.375674 0.208771
1520616900.013292 -43.434927 -118.475593 72.613991 0.758962 0.492774 -0.372250 0.206352
1520616900.063294 -43.307022 -117.782183 73.323091 0.765209 0.497649 -0.355473 0.201096
1520616900.113296 -43.147775 -117.116276 74.051931 0.769209 0.506924 -0.337951 0.192704
1520616900.163297 -43.022659 -116.482312 74.815106 0.768715 0.523422 -0.318281 0.183857
1520616900.213427 -42.826550 -115.664426 75.356034 0.762227 0.543489 -0.302628 0.179015
1520616900.263428 -42.609423 -114.958543 76.030264 0.756439 0.564195 -0.282001 0.173087
1520616900.313429 -42.344203 -114.264728 76.699800 0.749930 0.583655 -0.264366 0.164508
1520616900.363431 -42.303555 -113.551566 77.399620 0.736918 0.607542 -0.251114 0.157433
1520616900.413432 -42.349462 -112.891384 78.149321 0.726089 0.625261 -0.241535 0.153309
1520616900.463434 -42.787721 -112.589335 78.995900 0.714148 0.641629 -0.235702 0.150831
1520616900.513436 -43.055213 -112.185061 79.870549 0.700468 0.657298 -0.234359 0.149599
1520616900.563436 -43.002438 -111.416745 80.508441 0.682876 0.673426 -0.239236 0.151472
1520616900.613788 -43.137928 -110.824799 81.302949 0.668942 0.684385 -0.246694 0.152565
1520616900.663790 -43.464892 -110.380122 82.136830 0.662249 0.688472 -0.252559 0.153774
1520616900.713796 -44.001389 -109.927140 82.848854 0.661095 0.682612 -0.257809 0.174723
1520616900.763793 -43.983694 -109.125991 83.447058 0.659633 0.673088 -0.278349 0.185359
1520616900.813795 -44.481541 -108.474828 84.019889 0.654415 0.660202 -0.294287 0.221968
1520616900.863796 -44.726856 -107.765467 84.680667 0.647012 0.650838 -0.318432 0.237459
1520616900.913884 -45.176456 -107.817843 85.572360 0.637962 0.658294 -0.321947 0.236652
1520616900.963799 -45.300098 -107.164897 86.319604 0.630610 0.656610 -0.339233 0.236887
1520616901.013765 -45.562550 -106.239988 86.594675 0.621377 0.649944 -0.359681 0.249183
1520616901.063767 -45.385875 -105.340084 86.195980 0.601378 0.653230 -0.385742 0.250675
1520616901.113769 -45.555297 -104.419438 86.547699 0.588148 0.655928 -0.398626 0.254827
1520616901.163770 -45.631315 -103.742307 87.279625 0.577669 0.659801 -0.406244 0.256760
1520616901.213772 -45.798553 -103.191261 88.097170 0.567841 0.665509 -0.406696 0.263160
1520616901.263773 -45.912949 -102.199164 88.148719 0.552061 0.667549 -0.415922 0.276797
1520616901.313775 -45.533739 -102.403213 89.051251 0.553253 0.665946 -0.415772 0.278496
1520616901.363776 -45.556052 -101.652647 89.711671 0.550914 0.658563 -0.418975 0.295379
1520616901.413645 -45.442356 -101.028122 90.484355 0.554841 0.649011 -0.419620 0.307986
1520616901.463647 -45.450347 -100.516003 91.343232 0.560506 0.643885 -0.412713 0.317668
1520616901.513648 -45.374164 -99.941169 92.157949 0.565917 0.639472 -0.405555 0.326097
1520616901.563650 -45.645409 -98.999134 92.355423 0.570059 0.627073 -0.399644 0.349425
1520616901.613651 -45.839995 -98.044625 92.581363 0.574205 0.617591 -0.390933 0.368837
1520616901.663653 -46.345375 -97.207699 92.791471 0.577815 0.609743 -0.375526 0.391566
1520616901.713654 -46.682900 -96.287693 92.990633 0.582974 0.598726 -0.364243 0.411091
1520616901.763656 -46.939062 -95.344612 93.202718 0.591355 0.585350 -0.353235 0.427655
1520616901.813576 -47.162228 -94.374716 93.300179 0.598787 0.574541 -0.343190 0.439975
1520616901.863580 -47.501117 -93.746650 94.000669 0.608930 0.567167 -0.331294 0.444712
1520616901.913581 -47.914256 -92.964205 94.466605 0.619339 0.556250 -0.324275 0.449277
1520616901.963582 -48.256694 -92.356645 95.183269 0.626895 0.547045 -0.325605 0.449138
1520616902.013583 -48.665765 -91.854033 95.944874 0.634795 0.535891 -0.329251 0.448832
1520616902.063586 -48.965129 -91.078170 96.500228 0.636819 0.529868 -0.335701 0.448337
1520616902.113586 -49.254166 -90.361183 97.134567 0.631950 0.531556 -0.342095 0.448395
1520616902.163589 -49.556986 -89.513246 97.569657 0.621316 0.536658 -0.347850 0.452731
1520616902.213591 -49.633091 -88.525157 97.703405 0.604583 0.543871 -0.356744 0.459801
1520616902.263771 -49.749583 -87.706992 98.266464 0.591077 0.551313 -0.359995 0.465924
1520616902.313771 -49.718458 -86.732946 98.042266 0.565701 0.558787 -0.367545 0.482337
1520616902.363775 -49.900140 -85.765737 97.864787 0.544863 0.559457 -0.375870 0.498853
1520616902.413774 -50.203979 -84.859133 98.157619 0.533039 0.564645 -0.378634 0.503668
1520616902.463776 -50.556346 -84.087084 98.686560 0.524239 0.570943 -0.380582 0.504336
1520616902.513777 -50.725869 -83.124969 98.900091 0.516405 0.571418 -0.384580 0.508828
1520616902.563861 -50.548052 -82.194607 99.220727 0.512802 0.569274 -0.388953 0.511543
1520616902.613780 -51.091818 -81.449368 99.606651 0.499945 0.570983 -0.386026 0.524421
1520616902.664467 -51.423910 -80.748111 100.237486 0.486843 0.571666 -0.384257 0.537149
1520616902.714469 -51.570488 -80.148006 101.023864 0.472563 0.573717 -0.386138 0.546287
1520616902.764470 -52.252445 -79.423954 100.920508 0.450812 0.569431 -0.384278 0.569954
1520616902.814472 -52.253354 -78.705461 101.616042 0.436937 0.565260 -0.395868 0.576936
1520616902.864473 -52.009824 -78.301336 102.497731 0.424627 0.562860 -0.395961 0.588299
1520616902.914475 -52.077698 -77.958457 103.434655 0.411190 0.559575 -0.391571 0.603715
1520616902.964476 -52.901751 -77.392414 103.457689 0.394370 0.539897 -0.385373 0.635980
1520616903.014478 -52.960428 -77.065797 104.401023 0.387236 0.534498 -0.383271 0.646114
1520616903.064350 -52.737005 -77.062504 105.375739 0.381483 0.540572 -0.380550 0.646092
1520616903.114351 -52.682662 -76.876101 106.356708 0.376184 0.534296 -0.374244 0.657993
1520616903.164353 -52.516493 -76.257989 107.125034 0.380601 0.522898 -0.376160 0.663494
1520616903.214354 -51.795841 -76.848620 107.488097 0.366470 0.499301 -0.363390 0.695950
1520616903.264356 -51.752305 -76.490072 108.420593 0.368011 0.491010 -0.353169 0.706222
1520616903.314357 -51.693280 -76.256489 109.391137 0.367716 0.486510 -0.342018 0.714924
1520616903.364359 -51.721787 -76.206540 110.389481 0.366211 0.488777 -0.327674 0.720844
1520616903.414360 -51.993563 -76.516736 111.300479 0.352428 0.506624 -0.302242 0.726482
1520616903.463482 -51.975217 -76.625674 112.294358 0.347930 0.518488 -0.290969 0.724881
1520616903.513484 -52.132638 -76.374045 113.249293 0.356063 0.512432 -0.282926 0.728412
1520616903.563485 -52.485400 -76.389511 114.184878 0.357772 0.509919 -0.273367 0.732975
1520616903.613487 -52.600424 -76.009831 115.102818 0.369429 0.511128 -0.278856 0.724231
1520616903.663488 -53.095889 -76.108563 115.965816 0.368960 0.514810 -0.270524 0.725021
1520616903.713491 -53.569432 -76.142290 116.845941 0.369908 0.514268 -0.265173 0.726898
1520616903.763492 -54.008222 -76.077812 117.742214 0.375008 0.514385 -0.259711 0.726173
1520616903.813493 -54.496704 -75.356906 117.250605 0.381037 0.480522 -0.263880 0.744497
1520616903.863390 -55.254348 -75.470466 117.893317 0.380918 0.476984 -0.256707 0.749326
1520616903.913391 -55.959592 -74.855102 117.541240 0.385658 0.443246 -0.258362 0.766844
1520616903.963394 -56.645978 -74.748126 118.260567 0.390818 0.440619 -0.249480 0.768685
1520616904.013395 -57.080845 -74.484060 119.121473 0.401672 0.431909 -0.244333 0.769686
1520616904.063396 -57.891090 -74.422016 119.704272 0.405782 0.427176 -0.231797 0.774036
1520616904.113400 -58.714489 -74.397072 120.271186 0.411154 0.418872 -0.219590 0.779281
1520616904.163399 -59.315318 -74.117062 121.019918 0.426912 0.411409 -0.210529 0.777281
1520616904.213477 -59.930450 -73.489026 120.543280 0.433615 0.374453 -0.205522 0.793425
1520616904.263403 -60.819553 -73.381683 120.988223 0.438005 0.371800 -0.188461 0.796492
1520616904.313628 -61.475662 -72.790760 120.518829 0.442036 0.337270 -0.183261 0.810721
1520616904.363629 -62.192777 -72.143444 120.260513 0.443773 0.304655 -0.175183 0.824356
1520616904.413630 -63.024988 -71.721423 120.620129 0.449670 0.296146 -0.168201 0.825714
1520616904.463632 -63.919106 -71.392016 120.923516 0.452390 0.297853 -0.153649 0.826450
1520616904.513634 -64.876774 -71.108365 120.972646 0.448896 0.295649 -0.137525 0.831968
1520616904.563635 -65.829330 -70.838206 120.832464 0.441455 0.293710 -0.119115 0.839443
1520616904.613637 -66.726096 -70.518015 121.137897 0.439252 0.301173 -0.101779 0.840235
1520616904.663639 -67.628251 -70.118929 121.301745 0.435424 0.311178 -0.088691 0.840064
1520616904.713528 -67.224665 -69.679337 120.499326 0.427391 0.314012 -0.091061 0.842877
1520616904.763530 -67.987331 -69.445638 119.896229 0.412823 0.347410 -0.088628 0.837275
1520616904.813532 -68.663711 -68.765542 119.613423 0.411404 0.373223 -0.084756 0.827205
1520616904.863533 -68.215451 -68.445483 118.778782 0.407293 0.380937 -0.087449 0.825441
1520616904.913534 -68.821181 -67.661328 118.913659 0.415699 0.415821 -0.073679 0.805518
1520616904.963536 -68.589756 -67.510164 117.952622 0.408317 0.433950 -0.087470 0.798319
1520616905.013537 -68.391575 -67.432002 116.975578 0.398052 0.455307 -0.106033 0.789308
1520616905.063539 -69.174784 -66.821482 116.857896 0.399011 0.493465 -0.125227 0.762627
1520616905.113356 -70.065587 -66.390717 117.002502 0.396098 0.529926 -0.142191 0.736251
1520616905.163357 -70.901208 -65.841958 117.026999 0.392108 0.556711 -0.161938 0.714213
1520616905.213359 -71.828675 -65.471540 117.077949 0.383169 0.577234 -0.174671 0.699623
1520616905.263361 -72.731569 -65.178851 117.392776 0.373278 0.596911 -0.182010 0.686464
1520616905.313363 -73.462596 -64.496506 117.394877 0.361201 0.603321 -0.192016 0.684592
1520616905.363364 -73.829200 -63.765073 117.969862 0.347515 0.609313 -0.207796 0.681756
1520616905.413366 -74.218989 -63.068179 118.571862 0.337030 0.612150 -0.221380 0.680202
1520616905.463367 -74.333936 -62.276595 119.172013 0.327897 0.612666 -0.239055 0.678215
1520616905.513425 -74.299705 -61.583959 119.892488 0.316507 0.619171 -0.259489 0.670161
1520616905.563427 -74.903105 -60.823175 120.131476 0.291232 0.615038 -0.262812 0.683990
1520616905.613428 -74.947058 -60.135032 120.855719 0.282810 0.616225 -0.270401 0.683498
1520616905.663430 -74.230110 -60.825357 120.758577 0.260667 0.602921 -0.267225 0.705075
1520616905.713431 -74.789688 -59.999803 120.831609 0.241636 0.591712 -0.279240 0.716599
1520616905.763433 -75.250318 -59.440276 121.520630 0.226718 0.588800 -0.288865 0.720049
1520616905.813435 -75.651109 -58.848144 122.219734 0.223662 0.590092 -0.289589 0.719656
1520616905.863502 -76.093134 -58.044101 122.617389 0.217862 0.576833 -0.285434 0.733708
1520616905.913759 -76.285459 -57.283584 123.237569 0.218794 0.567078 -0.279054 0.743425
1520616905.963760 -76.807498 -56.432440 123.182529 0.209406 0.545886 -0.269916 0.765051
1520616906.013763 -77.302891 -55.599401 123.428764 0.207164 0.533309 -0.260112 0.777822
1520616906.063764 -77.763322 -55.000742 124.084211 0.213711 0.533071 -0.249575 0.779664
1520616906.113765 -78.371253 -54.534101 124.726602 0.220592 0.527896 -0.238691 0.784660
1520616906.163767 -79.104724 -54.375754 124.065583 0.216558 0.493248 -0.220125 0.813237
1520616906.213768 -79.270279 -53.742281 124.821429 0.236004 0.477813 -0.208171 0.820159
1520616906.263771 -79.436969 -53.015727 125.488012 0.260066 0.468000 -0.199134 0.820785
1520616906.314520 -80.192417 -52.801833 124.868699 0.258473 0.454033 -0.189968 0.831239
1520616906.364522 -80.935494 -52.150518 125.022404 0.269044 0.444710 -0.177686 0.835629
1520616906.414523 -81.718550 -51.609984 124.714757 0.276396 0.431540 -0.162416 0.843208
1520616906.464525 -82.514772 -51.005063 124.724769 0.283087 0.419841 -0.150437 0.849096
1520616906.514526 -82.981138 -50.361404 124.117969 0.286065 0.397683 -0.145337 0.859588
1520616906.564528 -83.249678 -49.820906 123.320630 0.285665 0.373876 -0.145370 0.870333
1520616906.614530 -83.565943 -49.743482 122.375124 0.280906 0.347043 -0.143621 0.883191
1520616906.664531 -83.580339 -49.217996 121.524444 0.274073 0.324671 -0.155006 0.891878
1520616906.714533 -84.328495 -48.554548 121.534416 0.269051 0.315234 -0.161587 0.895616
1520616906.764707 -84.558939 -48.133330 120.657221 0.253070 0.294458 -0.169300 0.905863
1520616906.814708 -84.998596 -47.585811 119.945235 0.233708 0.278463 -0.181491 0.913729
1520616906.864711 -85.237975 -46.904465 119.253523 0.217196 0.260168 -0.197948 0.919758
1520616906.914712 -85.930950 -46.219765 119.027753 0.208263 0.251030 -0.202831 0.923293
1520616906.964714 -86.706594 -46.001413 118.435555 0.192312 0.237350 -0.194437 0.932135
1520616907.014716 -87.261124 -45.657000 117.678008 0.180457 0.221131 -0.191838 0.939007
1520616907.064717 -87.809374 -44.959154 117.217104 0.175110 0.211362 -0.189779 0.942681
1520616907.114719 -88.216975 -44.202165 116.706390 0.168264 0.207431 -0.198480 0.943009
1520616907.165343 -88.627834 -43.914587 115.841234 0.157191 0.200401 -0.199171 0.946288
1520616907.215344 -89.137588 -43.556722 115.058877 0.147060 0.188017 -0.192653 0.951792
1520616907.265346 -89.546805 -42.802624 114.545186 0.141285 0.176162 -0.192502 0.954960
1520616907.315347 -89.686559 -42.430965 113.627396 0.130316 0.157471 -0.194760 0.959317
1520616907.365348 -89.511706 -41.687051 112.982402 0.127804 0.135967 -0.205991 0.960597
1520616907.415351 -89.922874 -41.316607 112.149508 0.116926 0.120459 -0.210545 0.963062
1520616907.465352 -90.186669 -40.913810 111.273057 0.104844 0.099401 -0.213027 0.966306
1520616907.515403 -90.099674 -40.556560 110.343108 0.095966 0.070830 -0.215840 0.969116
1520616907.566856 -90.085591 -40.027561 109.494603 0.090003 0.045740 -0.227985 0.968416
1520616907.616858 -89.923729 -39.566806 108.621960 0.077847 0.017358 -0.238035 0.967976
1520616907.666859 -89.951643 -39.337514 107.649002 0.058624 -0.014320 -0.231615 0.970934
1520616907.716861 -90.539989 -38.580819 107.363937 0.057486 -0.023464 -0.224311 0.972538
1520616907.766862 -90.662444 -38.465519 106.378183 0.042810 -0.049670 -0.215946 0.974201
1520616907.816864 -90.785387 -38.358858 105.391518 0.030794 -0.073312 -0.211442 0.974151
1520616907.866866 -91.071988 -38.382866 104.433769 0.017592 -0.089999 -0.203358 0.974801
1520616907.916867 -91.157114 -38.070268 105.379832 0.010125 -0.109800 -0.198725 0.973833
1520616907.966459 -91.181957 -38.483972 104.469760 0.003382 -0.121621 -0.198033 0.972615
1520616908.016460 -91.332887 -38.935562 103.590393 -0.008439 -0.128711 -0.190375 0.973201
1520616908.066462 -91.341909 -39.263193 102.645630 -0.016096 -0.135495 -0.185062 0.973208
1520616908.116463 -91.684840 -38.646828 103.354497 -0.019476 -0.149744 -0.169061 0.973969
1520616908.166465 -91.492400 -38.522611 102.381082 -0.020128 -0.155391 -0.153079 0.975713
1520616908.216466 -91.451742 -38.476444 101.382976 -0.024117 -0.156611 -0.141849 0.977123
1520616908.266468 -91.406894 -38.239128 100.412580 -0.025384 -0.156059 -0.131332 0.978649
1520616908.316470 -90.971136 -38.445111 99.536403 -0.026554 -0.158004 -0.127970 0.978751
1520616908.365616 -90.656112 -38.647402 98.609128 -0.024125 -0.157972 -0.125823 0.979097
1520616908.415618 -90.659691 -39.154006 97.746957 -0.020016 -0.154762 -0.123005 0.980060
1520616908.465620 -90.341309 -39.440175 96.843220 -0.012355 -0.156056 -0.112754 0.981214
1520616908.515621 -90.105862 -39.690795 95.904202 -0.007476 -0.157291 -0.099398 0.982509
1520616908.565623 -90.119010 -39.667563 94.904558 -0.004333 -0.158709 -0.079300 0.984126
1520616908.615624 -89.702074 -39.427204 94.027979 0.000383 -0.161169 -0.067010 0.984649
1520616908.665626 -89.229814 -39.072517 93.221029 0.005435 -0.161521 -0.061377 0.984944
1520616908.715627 -89.204588 -38.427044 92.457663 0.012010 -0.162648 -0.053669 0.985150
1520616908.765069 -88.773967 -38.523826 91.560335 0.001905 -0.173707 -0.046731 0.983686
1520616908.815071 -88.193116 -38.502612 90.746601 -0.003526 -0.184573 -0.038123 0.982073
1520616908.865072 -87.508821 -38.377054 90.028287 -0.003699 -0.197919 -0.031568 0.979703
1520616908.915073 -86.787191 -38.352701 89.336436 -0.004709 -0.204546 -0.029954 0.978387
1520616908.965075 -86.340029 -38.345344 88.442013 -0.009653 -0.204538 -0.029010 0.978381
1520616909.015076 -85.660665 -38.081441 87.757309 -0.010815 -0.207125 -0.021915 0.978009
1520616909.065078 -84.963886 -38.064387 87.040226 -0.017762 -0.205705 -0.018345 0.978281
1520616909.115080 -84.268599 -37.782232 86.379193 -0.017064 -0.203751 -0.010781 0.978815
1520616909.165117 -83.316829 -37.729420 86.076960 -0.020719 -0.209171 -0.007998 0.977627
1520616909.214703 -82.512589 -37.714279 85.482848 -0.025930 -0.205725 -0.010280 0.978212
1520616909.264704 -81.904481 -37.651007 84.691519 -0.028400 -0.193151 -0.015640 0.980633
1520616909.314706 -80.922428 -37.639209 84.503284 -0.025682 -0.202469 -0.027948 0.978553
1520616909.364707 -80.253011 -37.805588 83.779268 -0.026459 -0.192462 -0.036992 0.980250
1520616909.414709 -79.597707 -38.402993 83.317009 -0.039545 -0.194982 -0.048962 0.978785
1520616909.464711 -78.771985 -38.873799 83.006324 -0.048361 -0.204445 -0.066309 0.975432
1520616909.514712 -78.207576 -39.588840 82.593822 -0.059963 -0.207139 -0.079482 0.973232
1520616909.564714 -77.629110 -40.344769 82.287311 -0.074444 -0.214113 -0.089200 0.969875
1520616909.614852 -77.342429 -41.217168 81.891414 -0.084189 -0.212384 -0.092470 0.969151
1520616909.664854 -77.600390 -41.810037 81.128550 -0.076682 -0.201645 -0.086322 0.972629
1520616909.714855 -76.915108 -42.354396 80.644750 -0.062405 -0.199979 -0.092472 0.973428
1520616909.764858 -76.587837 -42.830350 79.828441 -0.043131 -0.193241 -0.094891 0.975599
1520616909.814858 -76.210497 -42.897581 78.904810 -0.022692 -0.189374 -0.090607 0.977452
1520616909.864861 -76.600538 -42.748887 79.813522 -0.007066 -0.183805 -0.096115 0.978227
1520616909.914862 -76.296885 -42.732136 78.860887 0.004388 -0.181323 -0.099856 0.978331
1520616909.964863 -76.099091 -42.880231 77.891894 0.011135 -0.175263 -0.107629 0.978558
1520616910.017196 -75.705363 -42.763787 76.980073 0.025386 -0.163838 -0.114774 0.979459
1520616910.067197 -75.882971 -43.092446 77.907671 0.038643 -0.147292 -0.117243 0.981359
1520616910.117199 -75.839552 -42.736668 76.974109 0.046138 -0.127303 -0.124214 0.982973
1520616910.167201 -75.293803 -42.004529 76.566518 0.053443 -0.112474 -0.121156 0.984792
1520616910.217203 -75.234478 -41.675703 75.623993 0.046432 -0.097231 -0.122122 0.986649
1520616910.267204 -74.696037 -40.894917 75.940938 0.044311 -0.086772 -0.123803 0.987512
1520616910.317204 -74.853094 -40.996450 74.958581 0.035759 -0.072537 -0.125952 0.988734
1520616910.367207 -75.090620 -40.727470 74.025183 0.024702 -0.060844 -0.132972 0.988942
1520616910.419891 -75.307245 -40.359205 73.121052 0.018882 -0.057443 -0.133790 0.989163
1520616910.469893 -75.778096 -40.723870 72.317734 0.007883 -0.057078 -0.134250 0.989271
1520616910.519894 -76.088091 -40.598288 71.375327 0.003798 -0.064471 -0.129882 0.989424
1520616910.569895 -76.088771 -40.240654 70.441465 0.000477 -0.077032 -0.130655 0.988431
1520616910.619897 -76.540525 -40.544036 69.602491 -0.010448 -0.081063 -0.128839 0.988292
1520616910.669900 -76.136456 -39.754451 69.140665 0.016341 -0.106570 -0.135737 0.984861
1520616910.719900 -76.038579 -39.429031 68.200175 0.017439 -0.128218 -0.127619 0.983346
1520616910.769901 -76.086379 -39.476602 67.202451 0.014449 -0.153749 -0.110775 0.981775
1520616910.821620 -75.967383 -39.579087 66.214860 0.016550 -0.180424 -0.101265 0.978222
1520616910.871600 -75.747998 -39.495766 65.242786 0.026614 -0.205293 -0.093243 0.973885
1520616910.921603 -75.467371 -39.538238 64.283909 0.036404 -0.228207 -0.089979 0.968762
1520616910.971604 -75.253066 -39.663639 63.315225 0.043540 -0.244291 -0.091484 0.964395
1520616911.021605 -75.042802 -39.724892 62.339502 0.046750 -0.261066 -0.085798 0.960363
1520616911.071608 -74.765274 -39.801330 61.381830 0.049219 -0.275492 -0.086274 0.956158
1520616911.121608 -74.529822 -39.857975 60.411596 0.046288 -0.290848 -0.078925 0.952384
1520616911.171610 -74.095067 -40.045723 59.530835 0.041176 -0.302566 -0.076521 0.949159
1520616911.221611 -73.577126 -39.918072 58.684997 0.037751 -0.315275 -0.078935 0.944958
1520616911.272410 -73.272027 -38.982082 58.860602 0.063249 -0.331813 -0.069410 0.938660
1520616911.322412 -72.715455 -38.811415 58.047522 0.054508 -0.339658 -0.063171 0.936841
1520616911.372414 -72.157019 -38.554465 57.258772 0.048838 -0.345874 -0.055583 0.935359
1520616911.422415 -71.469418 -38.434314 56.542694 0.043841 -0.349515 -0.046496 0.934749
1520616911.472417 -70.924802 -38.003564 55.823077 0.043215 -0.351077 -0.035643 0.934670
1520616911.522418 -70.591846 -37.473526 55.043205 0.043629 -0.349421 -0.025407 0.935605
1520616911.572419 -69.713567 -37.454762 54.565425 0.038262 -0.355448 -0.021188 0.933672
1520616911.622422 -68.925550 -37.418754 53.950825 0.024569 -0.359954 -0.011422 0.932577
1520616911.671751 -68.038717 -37.359898 53.492499 0.008423 -0.362345 -0.007808 0.931973
1520616911.721754 -67.374512 -37.263325 52.751213 -0.012636 -0.362123 -0.003821 0.932037
1520616911.771756 -66.535398 -37.114340 52.228057 -0.026622 -0.362020 -0.003952 0.931782
1520616911.821757 -65.658996 -36.920297 51.787301 -0.027741 -0.358133 -0.009819 0.933207
1520616911.871759 -64.855911 -37.073896 52.363029 -0.022581 -0.374099 -0.021566 0.926863
1520616911.921761 -64.021022 -37.168012 51.820717 -0.010425 -0.370180 -0.028699 0.928458
1520616911.971761 -63.233132 -37.411134 51.254926 0.001623 -0.364022 -0.032706 0.930814
1520616912.021764 -62.479316 -37.556958 50.614225 0.012449 -0.353957 -0.036591 0.934463
1520616912.070742 -61.669147 -37.890067 50.131871 0.019997 -0.342450 -0.049304 0.938028
1520616912.120743 -60.872218 -38.209465 49.619145 0.024483 -0.329496 -0.068027 0.941385
1520616912.170745 -60.220522 -38.771749 49.110098 0.020254 -0.317433 -0.083019 0.944423
1520616912.220748 -59.614025 -39.079309 48.376907 0.020309 -0.303553 -0.093618 0.947987
1520616912.270748 -58.730381 -39.398165 48.034118 0.020694 -0.299888 -0.100908 0.948397
1520616912.320750 -58.099540 -39.406658 47.258252 0.023412 -0.287585 -0.105641 0.951623
1520616912.370751 -57.649680 -39.787753 46.450544 0.028139 -0.270933 -0.117162 0.955027
1520616912.420753 -57.310882 -39.956368 45.524917 0.038162 -0.254528 -0.124264 0.958289
1520616912.468756 -56.738407 -40.133186 44.724287 0.051614 -0.236890 -0.124904 0.962090
1520616912.518752 -56.578437 -39.877941 43.770736 0.069773 -0.220473 -0.123626 0.965008
1520616912.568753 -56.917561 -39.979047 44.706029 0.087427 -0.206090 -0.119609 0.967252
1520616912.618755 -57.406964 -40.127966 45.565277 0.105019 -0.192330 -0.116960 0.968659
1520616912.668757 -57.154491 -39.654838 44.721235 0.120126 -0.179535 -0.113114 0.969815
1520616912.718758 -57.020846 -39.454637 43.750638 0.128518 -0.167955 -0.102839 0.971956
1520616912.768760 -56.912912 -39.223215 42.783791 0.130080 -0.154239 -0.097709 0.974547
1520616912.818761 -56.466805 -38.336475 42.904954 0.132601 -0.143977 -0.096485 0.975899
1520616912.868078 -56.516114 -38.066811 41.943263 0.127853 -0.135258 -0.095969 0.977829
1520616912.918079 -56.748454 -37.411077 41.224909 0.125994 -0.131128 -0.093813 0.978841
1520616912.968081 -56.495421 -36.837493 40.445823 0.122387 -0.133140 -0.094698 0.978942
1520616913.018082 -56.418833 -36.348423 39.576947 0.115348 -0.135841 -0.097849 0.979116
1520616913.068084 -56.432973 -35.644136 38.867173 0.112590 -0.136626 -0.109113 0.978136
1520616913.118087 -56.352765 -34.657129 38.727945 0.127572 -0.136731 -0.117421 0.975317
1520616913.168087 -56.200325 -34.195200 37.854227 0.119909 -0.135527 -0.124362 0.975596
1520616913.218089 -55.968010 -33.845699 36.946549 0.107479 -0.137758 -0.131650 0.975776
1520616913.267685 -55.732776 -33.672287 35.990205 0.088949 -0.137023 -0.138908 0.976738
1520616913.317688 -55.970859 -33.176523 35.155020 0.078808 -0.135259 -0.131960 0.978816
1520616913.367689 -56.071146 -32.875354 34.206738 0.067149 -0.137755 -0.125407 0.980198
1520616913.417691 -56.062971 -32.845171 33.207227 0.050623 -0.149233 -0.115604 0.980715
1520616913.467693 -56.935005 -32.785973 32.721375 0.037944 -0.138245 -0.103919 0.984200
1520616913.517694 -57.608311 -32.676675 31.990135 0.034045 -0.144191 -0.093222 0.984561
1520616913.567697 -58.317737 -32.809807 31.298043 0.035005 -0.150339 -0.076463 0.985051
1520616913.617698 -58.883402 -33.305104 30.638722 0.032458 -0.153811 -0.068779 0.985169
1520616913.667700 -59.404354 -33.534029 29.816407 0.037818 -0.159230 -0.064825 0.984385
1520616913.716315 -59.528916 -33.691965 28.836845 0.042303 -0.174279 -0.056661 0.982154
1520616913.766316 -59.727938 -34.042110 27.921537 0.036272 -0.185084 -0.048181 0.980870
1520616913.816318 -59.997345 -34.136527 26.963150 0.034172 -0.196439 -0.041752 0.979030
1520616913.866318 -59.744835 -34.650138 26.143125 0.021701 -0.214790 -0.032898 0.975865
1520616913.916321 -59.562930 -35.008192 25.227315 0.016468 -0.228191 -0.028864 0.973049
1520616913.966321 -59.144778 -35.408254 24.411778 0.017951 -0.240908 -0.031845 0.969859
1520616914.016323 -58.873075 -35.750539 23.512324 0.020240 -0.250932 -0.035207 0.967152
1520616914.066324 -58.470380 -36.333036 22.806254 0.015372 -0.264251 -0.027849 0.963929
1520616914.114925 -58.134400 -36.802791 21.989892 0.015139 -0.277917 -0.017281 0.960330
1520616914.164926 -57.533667 -37.496314 21.592217 0.021388 -0.284814 -0.023877 0.958047
1520616914.214928 -57.060142 -38.090073 20.941659 0.026867 -0.284788 -0.028386 0.957793
1520616914.264930 -56.551792 -38.776777 20.422026 0.032506 -0.285215 -0.030134 0.957438
1520616914.314931 -55.968870 -39.476834 20.009570 0.034522 -0.285403 -0.031495 0.957268
1520616914.364933 -55.301079 -40.192138 19.803668 0.023331 -0.289792 -0.033388 0.956223
1520616914.414934 -54.490984 -40.773059 19.724432 0.016609 -0.294826 -0.031151 0.954899
1520616914.464936 -53.623768 -41.238906 19.548588 0.008416 -0.295647 -0.026193 0.954901
1520616914.514795 -53.285769 -41.006321 18.636634 0.013495 -0.277728 -0.015966 0.960432
1520616914.564798 -52.850439 -40.800448 17.760218 0.015760 -0.256396 -0.014204 0.966339
1520616914.614799 -52.289364 -40.522672 16.980452 0.016149 -0.237585 -0.012144 0.971157
1520616914.664800 -51.818304 -40.206311 16.157033 0.019338 -0.217487 -0.004271 0.975862
1520616914.714803 -50.883160 -40.130153 16.503017 0.030128 -0.228031 -0.007600 0.973158
1520616914.764803 -50.707155 -40.192024 15.520574 0.032964 -0.198693 -0.004510 0.979497
1520616914.814806 -49.751410 -40.470164 15.424711 0.018397 -0.212538 -0.015097 0.976863
1520616914.864806 -49.460199 -40.426305 14.469058 0.015216 -0.182385 -0.011084 0.983047
1520616914.916097 -49.086396 -40.161580 13.580131 0.006937 -0.160044 -0.002165 0.987083
1520616914.966098 -48.822548 -39.850817 12.666999 -0.003965 -0.138856 0.001491 0.990303
1520616915.016100 -48.723452 -39.493960 11.738111 -0.018775 -0.117707 0.008508 0.992834
1520616915.066102 -48.693268 -39.094293 10.821947 -0.030987 -0.097326 0.014270 0.994668
1520616915.116103 -48.438705 -39.441720 11.724439 -0.040353 -0.083064 0.016190 0.995595
1520616915.166106 -48.585512 -39.315432 10.743369 -0.049814 -0.071514 -0.000375 0.996195
1520616915.216107 -48.720336 -39.265077 9.753780 -0.060184 -0.060670 -0.022454 0.996089
1520616915.266109 -49.045978 -38.956043 8.860217 -0.062565 -0.050404 -0.034263 0.996178
1520616915.317067 -49.294985 -38.901758 7.893238 -0.073442 -0.037225 -0.054589 0.995108
1520616915.367069 -49.549361 -38.592579 6.976886 -0.082629 -0.024787 -0.058032 0.994581
1520616915.417070 -48.828712 -38.149282 6.443825 -0.081050 -0.052529 -0.077117 0.992333
1520616915.467071 -48.835584 -37.954435 5.463016 -0.096754 -0.049682 -0.079231 0.990905
1520616915.517073 -49.249238 -37.829484 4.561197 -0.112598 -0.045830 -0.079575 0.989388
1520616915.567075 -49.778521 -37.444392 3.805178 -0.114961 -0.042929 -0.075922 0.989534
1520616915.617076 -50.677587 -37.318750 3.385782 -0.113744 -0.035174 -0.073274 0.990180
1520616915.667079 -51.392558 -37.533774 2.720514 -0.105567 -0.035224 -0.069386 0.991363
1520616915.717643 -52.136645 -38.037433 2.281581 -0.101040 -0.036706 -0.066883 0.991953
1520616915.767646 -52.706245 -38.618324 1.700099 -0.100408 -0.044455 -0.065224 0.991810
1520616915.817647 -53.392456 -39.029905 1.100336 -0.101864 -0.050969 -0.063176 0.991481
1520616915.867649 -53.975343 -39.695295 0.633969 -0.114641 -0.058091 -0.054824 0.990190
1520616915.917650 -54.492290 -40.262403 -0.007245 -0.126130 -0.070257 -0.054964 0.987995
1520616915.967652 -54.939459 -40.538762 -0.857930 -0.126308 -0.086492 -0.055103 0.986676
1520616916.017653 -54.492275 -40.502003 -1.751616 -0.115007 -0.124125 -0.063840 0.983509
1520616916.067655 -54.504111 -40.504508 -2.751543 -0.097060 -0.152047 -0.072301 0.980935
1520616916.117656 -54.330722 -40.715699 -3.713486 -0.077479 -0.186365 -0.077898 0.976318
1520616916.167499 -53.978698 -40.775287 -4.647578 -0.052517 -0.223965 -0.090417 0.968972
1520616916.217501 -54.773742 -41.101306 -5.159063 -0.054075 -0.211995 -0.099869 0.970649
1520616916.267503 -54.630741 -41.297551 -6.129134 -0.041988 -0.244997 -0.106624 0.962728
1520616916.317504 -54.329051 -41.476494 -7.065597 -0.037155 -0.282486 -0.108203 0.952425
1520616916.367506 -53.921559 -41.682479 -7.955272 -0.037550 -0.312925 -0.111402 0.942474
1520616916.417507 -53.549261 -41.666264 -8.883243 -0.048254 -0.336944 -0.102984 0.934631
1520616916.467508 -54.201615 -40.970846 -8.581869 -0.055829 -0.356969 -0.091033 0.927992
1520616916.517510 -53.298601 -41.148433 -8.973057 -0.069049 -0.370117 -0.080635 0.922899
1520616916.566381 -52.904498 -40.779176 -9.814682 -0.084378 -0.365714 -0.062207 0.924805
1520616916.616383 -52.191165 -40.558712 -10.479927 -0.105620 -0.365412 -0.044688 0.923754
1520616916.666385 -51.372000 -40.453970 -11.043840 -0.130448 -0.360611 -0.024458 0.923225
1520616916.716386 -50.592732 -40.141734 -11.587209 -0.145037 -0.351638 -0.000280 0.924832
1520616916.766388 -49.730610 -39.891155 -12.027612 -0.162522 -0.342369 0.023661 0.925100
1520616916.816390 -48.902336 -39.773281 -12.575397 -0.178443 -0.333258 0.044954 0.924703
1520616916.866391 -48.100221 -39.960533 -13.142450 -0.196433 -0.319738 0.058829 0.925052
1520616916.916393 -47.160466 -39.753567 -13.414525 -0.201030 -0.317337 0.062054 0.924680
1520616916.965621 -46.187584 -39.833258 -13.631666 -0.207006 -0.320612 0.051398 0.922884
1520616917.015622 -45.377852 -40.155395 -14.122137 -0.210727 -0.317563 0.030765 0.924014
1520616917.065624 -44.665640 -40.667195 -14.602569 -0.211469 -0.313552 0.004063 0.925716
1520616917.115626 -44.107529 -41.198851 -15.239636 -0.212581 -0.309163 -0.023075 0.926658
1520616917.165628 -43.686608 -42.002056 -15.661166 -0.217199 -0.308532 -0.052125 0.924617
1520616917.215629 -42.791527 -42.359862 -15.927257 -0.206903 -0.315497 -0.086318 0.922064
1520616917.265630 -42.282115 -42.951120 -16.552488 -0.189103 -0.320629 -0.114280 0.921074
1520616917.315632 -41.946807 -43.159038 -17.471367 -0.158812 -0.327232 -0.142611 0.920522
1520616917.365026 -41.223634 -43.426446 -18.108166 -0.130764 -0.335544 -0.170996 0.917100
1520616917.415027 -40.569683 -44.147900 -17.880457 -0.122448 -0.356882 -0.198241 0.904623
1520616917.465128 -39.912813 -44.595681 -18.487099 -0.112879 -0.358713 -0.222888 0.899391
1520616917.515030 -39.209783 -45.035644 -19.045831 -0.108476 -0.357818 -0.249679 0.893230
1520616917.565032 -39.050133 -45.761694 -19.714684 -0.120532 -0.357783 -0.273254 0.884757
1520616917.615033 -38.175444 -45.970070 -20.152289 -0.123084 -0.367427 -0.306809 0.869319
1520616917.665035 -37.314705 -46.451147 -20.318701 -0.126620 -0.380823 -0.332891 0.853302
1520616917.715036 -36.621342 -47.001650 -20.783668 -0.137511 -0.394027 -0.350437 0.838467
1520616917.766721 -35.804893 -47.533284 -21.009002 -0.149627 -0.415173 -0.361558 0.821291
1520616917.816721 -35.242327 -48.269007 -21.386138 -0.168478 -0.429077 -0.374361 0.804588
1520616917.866724 -34.858519 -47.626886 -22.049743 -0.165367 -0.435211 -0.380300 0.799135
1520616917.916726 -34.238977 -48.309671 -22.437005 -0.190143 -0.453217 -0.395423 0.775939
1520616917.966727 -33.879850 -47.717108 -23.158044 -0.185697 -0.456244 -0.401237 0.772248
1520616918.016728 -33.201344 -47.394331 -23.817927 -0.192440 -0.465418 -0.404989 0.763110
1520616918.066730 -32.628792 -48.144273 -24.149243 -0.216921 -0.480845 -0.420085 0.738418
1520616918.116731 -32.363729 -48.887951 -24.762990 -0.248328 -0.488474 -0.415303 0.726119
1520616918.166734 -32.198739 -49.645925 -25.394063 -0.284293 -0.493380 -0.400351 0.717964
1520616918.217488 -31.956382 -50.471265 -25.904041 -0.318971 -0.498603 -0.382636 0.709396
1520616918.267490 -31.692480 -50.478560 -26.868563 -0.335970 -0.501629 -0.367536 0.707397
1520616918.317491 -31.333705 -50.402538 -27.798886 -0.347375 -0.503252 -0.352983 0.708146
1520616918.367493 -30.907417 -50.703582 -28.651911 -0.363836 -0.512248 -0.339558 0.699947
1520616918.417495 -30.753780 -51.441136 -29.309489 -0.388776 -0.514158 -0.327912 0.690629
1520616918.467496 -30.336918 -51.925314 -30.078773 -0.396748 -0.519576 -0.322911 0.684368
1520616918.517498 -30.088660 -52.888491 -30.182009 -0.419447 -0.525769 -0.306707 0.673470
1520616918.567499 -29.575942 -53.682770 -30.507956 -0.430701 -0.528009 -0.291999 0.671148
1520616918.615233 -29.633477 -54.675108 -30.617295 -0.451953 -0.520543 -0.280480 0.667911
1520616918.665235 -29.229093 -55.549686 -30.884850 -0.466631 -0.514401 -0.267097 0.668062
1520616918.715237 -28.906282 -56.494012 -30.948431 -0.483862 -0.507326 -0.253894 0.666360
1520616918.765237 -28.701890 -57.211582 -31.614252 -0.497950 -0.497278 -0.240856 0.668392
1520616918.815239 -28.249349 -58.095115 -31.734981 -0.515874 -0.492512 -0.221175 0.665123
1520616918.865240 -27.686062 -58.901158 -31.916647 -0.532179 -0.485283 -0.205135 0.662726
1520616918.915242 -27.122610 -59.583563 -32.382313 -0.548405 -0.472123 -0.186989 0.664370
1520616918.965243 -27.032680 -60.578062 -32.328605 -0.575665 -0.452901 -0.168229 0.659689
1520616919.014601 -26.828581 -61.553456 -32.245237 -0.601364 -0.435478 -0.151650 0.652473
1520616919.064604 -26.774027 -62.551370 -32.279757 -0.621556 -0.420675 -0.144562 0.644828
1520616919.114685 -26.523661 -63.518521 -32.323743 -0.636634 -0.404053 -0.134348 0.642953
1520616919.164606 -26.393112 -64.500286 -32.461930 -0.652017 -0.383686 -0.124357 0.642024
1520616919.214607 -25.721514 -65.233609 -32.356130 -0.663675 -0.370709 -0.113678 0.639678
1520616919.264609 -25.494989 -66.192412 -32.184712 -0.675321 -0.353362 -0.112961 0.637429
1520616919.314610 -25.308811 -67.155012 -31.987894 -0.684557 -0.341588 -0.121432 0.632419
1520616919.364612 -25.181879 -68.121792 -31.766024 -0.689990 -0.339372 -0.133502 0.625234
1520616919.414171 -24.732998 -68.900371 -31.327481 -0.691542 -0.349456 -0.147431 0.614747
1520616919.464173 -24.558175 -69.839843 -31.032813 -0.688405 -0.355915 -0.160808 0.611199
1520616919.514175 -24.766036 -70.805999 -30.880051 -0.682769 -0.357821 -0.175070 0.612487
1520616919.564176 -24.395412 -71.710436 -30.668790 -0.670751 -0.367128 -0.191347 0.615383
1520616919.614178 -24.547585 -72.691755 -30.551078 -0.655279 -0.377710 -0.213112 0.618488
1520616919.664179 -24.301263 -73.602326 -30.219135 -0.637949 -0.386869 -0.225853 0.626373
1520616919.714181 -24.169675 -74.586600 -30.336989 -0.618038 -0.401621 -0.248000 0.628669
1520616919.764183 -24.506735 -75.053148 -29.519234 -0.620330 -0.419639 -0.270940 0.604720
1520616919.814202 -24.418671 -76.026141 -29.732613 -0.605154 -0.436592 -0.296640 0.595971
1520616919.864204 -24.757669 -76.948355 -29.918630 -0.599801 -0.448032 -0.313903 0.583927
1520616919.914205 -24.790350 -77.944650 -29.998171 -0.591635 -0.463254 -0.333241 0.569486
1520616919.964207 -24.887615 -78.901666 -30.271410 -0.584299 -0.479333 -0.350896 0.552907
1520616920.014208 -25.087260 -79.519825 -31.031688 -0.573780 -0.493335 -0.368240 0.540182
1520616920.064210 -24.974018 -80.424367 -30.620616 -0.572599 -0.520459 -0.367374 0.516033
1520616920.114212 -25.242377 -81.387426 -30.598231 0.578544 0.539157 0.364049 -0.492001
1520616920.164214 -24.992551 -81.991807 -29.841719 0.575585 0.575919 0.360879 -0.454737
1520616920.214800 -25.116379 -82.510131 -28.995546 0.595511 0.600366 0.338183 -0.412989
1520616920.264801 -25.246425 -83.308212 -28.407197 0.609411 0.610042 0.324241 -0.389016
1520616920.314803 -25.418174 -83.794732 -27.550576 0.631436 0.614349 0.309717 -0.357686
1520616920.364804 -25.612081 -84.550970 -26.925673 0.658628 0.607902 0.293151 -0.332757
1520616920.414806 -25.745601 -85.102464 -26.102249 0.686626 0.600198 0.272746 -0.306458
1520616920.464808 -26.078933 -85.849293 -25.526804 0.718914 0.582129 0.252093 -0.284144
1520616920.514809 -26.359364 -86.448439 -24.776882 0.752681 0.561854 0.221126 -0.262479
1520616920.564811 -26.631841 -87.040099 -24.018136 0.779286 0.542102 0.196386 -0.245502
1520616920.614812 -26.883948 -87.520148 -23.177901 0.800413 0.522140 0.177995 -0.234577
1520616920.664451 -27.060591 -88.265121 -22.534619 0.815275 0.502523 0.167729 -0.233802
1520616920.714452 -26.674452 -88.449768 -21.630848 0.827901 0.487151 0.160038 -0.227268
1520616920.764512 -26.715088 -88.945796 -20.763493 0.840423 0.463718 0.164603 -0.227068
1520616920.814456 -26.513732 -89.461729 -19.930865 0.851131 0.440126 0.172691 -0.228128
1520616920.864457 -26.765254 -89.853192 -19.045714 0.863076 0.411192 0.187661 -0.225399
1520616920.914459 -26.660278 -90.468552 -18.264488 0.871561 0.383834 0.201583 -0.228947
1520616920.964460 -26.132867 -90.678617 -17.441257 0.877737 0.363213 0.208046 -0.233174
1520616921.014461 -25.579656 -90.622172 -16.610130 0.881563 0.349107 0.214834 -0.234129
1520616921.064153 -25.455493 -91.195200 -15.800055 0.879233 0.328630 0.241712 -0.246022
1520616921.114155 -25.033724 -91.315216 -14.901329 0.881686 0.312713 0.249244 -0.250436
1520616921.164156 -24.918223 -91.285525 -13.908466 0.881094 0.303177 0.266653 -0.246278
1520616921.214158 -24.588664 -91.783204 -13.106152 0.877506 0.296463 0.280583 -0.251726
1520616921.264159 -23.914355 -91.976324 -12.393403 0.876255 0.294084 0.280035 -0.259369
1520616921.314161 -24.429981 -92.408156 -11.653369 0.868616 0.295119 0.304389 -0.256433
1520616921.364162 -24.842942 -93.080043 -11.038527 0.860333 0.302601 0.324898 -0.250400
1520616921.414164 -24.615497 -93.627975 -10.233518 0.852936 0.314841 0.335369 -0.246784
1520616921.463944 -24.796282 -93.763644 -9.259398 0.842862 0.329496 0.354170 -0.235755
1520616921.513945 -24.996918 -94.298565 -8.438664 0.831647 0.345809 0.367049 -0.232495
1520616921.563948 -25.610764 -94.666420 -7.740182 0.820953 0.363420 0.380648 -0.221517
1520616921.613949 -26.283912 -95.066440 -7.118205 0.809949 0.381950 0.391928 -0.210924
1520616921.663951 -26.509884 -95.950031 -6.708079 0.797935 0.398718 0.401107 -0.208414
1520616921.713953 -27.296935 -95.905540 -6.092797 0.787099 0.414321 0.415925 -0.189262
1520616921.763955 -28.060433 -95.677087 -5.488745 0.784117 0.425503 0.423186 -0.158185
1520616921.813956 -28.485160 -95.729411 -4.584936 0.781525 0.443838 0.420668 -0.123550
1520616921.864132 -29.250503 -95.779313 -3.943251 0.786474 0.451364 0.411775 -0.090389
1520616921.914133 -29.369714 -95.922731 -2.960795 0.790939 0.478466 0.379618 -0.037105
1520616921.964134 -29.855913 -96.740836 -3.267901 0.784740 0.486025 0.384577 -0.007923
1520616922.014136 -30.424653 -97.383319 -3.781469 0.782271 0.485474 0.389711 0.022197
1520616922.064138 -30.684001 -98.279936 -4.140377 0.780035 0.484952 0.393356 0.040475
1520616922.114139 -31.031802 -99.215229 -4.075097 0.782352 0.483770 0.388878 0.051622
1520616922.164141 -31.425800 -100.104756 -4.306416 0.785801 0.480175 0.385377 0.058592
1520616922.214143 -31.999256 -100.837576 -4.672643 0.792316 0.474385 0.377866 0.066419
1520616922.264728 -32.572414 -101.609209 -4.948456 0.801759 0.465353 0.367155 0.076328
1520616922.314729 -33.046655 -102.461125 -5.170570 0.809057 0.456895 0.358603 0.089869
1520616922.364732 -33.372514 -103.406101 -5.199452 0.813723 0.452851 0.350783 0.098651
1520616922.414774 -33.577313 -104.366597 -5.387883 0.816803 0.444242 0.351077 0.110574
1520616922.464734 -33.763932 -105.346519 -5.458069 0.820378 0.438183 0.348446 0.116448
1520616922.514735 -34.015993 -106.281634 -5.707117 0.828866 0.419258 0.347885 0.127204
1520616922.564737 -34.333277 -107.188814 -5.983442 0.834332 0.405665 0.349243 0.131740
1520616922.614738 -34.655901 -108.016686 -6.442291 0.837009 0.392156 0.355624 0.138426
1520616922.664919 -34.958617 -108.707345 -7.099065 0.837153 0.376841 0.366464 0.151232
1520616922.714921 -35.549805 -109.477998 -7.336955 0.850125 0.357294 0.355293 0.152957
1520616922.764922 -36.126132 -110.272233 -7.529407 0.859391 0.342318 0.348752 0.150455
1520616922.814924 -36.612128 -111.122777 -7.730364 0.867405 0.329277 0.341658 0.149853
1520616922.864925 -37.269475 -111.870587 -7.823501 0.874930 0.316646 0.333757 0.151125
1520616922.914927 -37.880290 -112.644814 -7.989267 0.872465 0.318663 0.340186 0.146740
1520616922.964928 -38.755977 -112.420695 -7.561549 0.891303 0.284365 0.311268 0.166818
1520616923.014930 -39.482974 -113.106945 -7.584723 0.899059 0.267890 0.305169 0.163708
1520616923.064932 -40.183709 -113.817028 -7.653662 0.908498 0.247873 0.295941 0.160027
1520616923.114658 -41.031043 -113.535545 -7.203337 0.924309 0.212747 0.270134 0.165585
1520616923.164660 -41.707122 -113.134284 -6.585351 0.938970 0.180631 0.239590 0.168241
1520616923.214661 -42.296337 -112.720498 -5.891371 0.951361 0.154753 0.204545 0.170662
1520616923.264663 -43.063117 -112.348264 -5.368410 0.958332 0.141082 0.180478 0.170657
1520616923.314664 -43.626034 -111.819318 -4.733318 0.964360 0.124941 0.155550 0.173793
1520616923.364666 -43.897681 -111.126428 -4.065403 0.968826 0.102835 0.132135 0.182596
1520616923.414668 -44.183978 -110.548472 -3.301203 0.972730 0.081393 0.111106 0.186618
1520616923.464669 -44.433157 -109.939696 -2.548008 0.975841 0.062862 0.093690 0.187096
1520616923.515053 -44.880931 -109.336860 -1.887640 0.977581 0.052023 0.080469 0.187494
1520616923.565055 -45.534318 -109.097660 -1.169400 0.979755 0.041624 0.070682 0.182622
1520616923.615056 -46.429528 -109.131700 -0.725057 0.980213 0.031543 0.073495 0.181066
1520616923.665058 -47.296004 -109.271450 -0.245799 0.980577 0.022878 0.070939 0.181420
1520616923.715062 -48.052708 -109.368611 0.400698 0.980846 0.011772 0.065832 0.182946
1520616923.765061 -48.202715 -108.728261 1.153991 0.979411 -0.011669 0.045571 0.196318
1520616923.815062 -48.501753 -108.200123 1.948753 0.977842 -0.034506 0.031985 0.203988
1520616923.865064 -49.435137 -108.162918 2.305697 0.977485 -0.043763 0.042314 0.202032
1520616923.914721 -50.228514 -107.952847 2.877031 0.977837 -0.054387 0.046437 0.196777
1520616923.964723 -50.664107 -107.413549 3.597737 0.978293 -0.060603 0.046986 0.192515
1520616924.014724 -51.022952 -106.557643 3.970102 0.976601 -0.060961 0.054015 0.199039
1520616924.064745 -51.703172 -105.986208 4.429189 0.974367 -0.062342 0.072179 0.203745
1520616924.114727 -51.441938 -106.445937 5.277956 0.972855 -0.068272 0.085363 0.203972
1520616924.164729 -51.597640 -105.582689 5.758122 0.964577 -0.067908 0.113850 0.228076
1520616924.214730 -51.329426 -106.153625 6.534068 0.959909 -0.075034 0.130721 0.236340
1520616924.264732 -50.717320 -106.583125 7.198038 0.956166 -0.091413 0.134267 0.243643
1520616924.314502 -50.392872 -107.055733 8.017413 0.951377 -0.090700 0.151892 0.252159
1520616924.364502 -49.888890 -107.259940 8.856640 0.948987 -0.082497 0.161430 0.257989
1520616924.414505 -49.450208 -107.423013 9.740362 0.944025 -0.072635 0.187886 0.261228
1520616924.464505 -48.911940 -107.074311 10.507613 0.942504 -0.060585 0.197552 0.262659
1520616924.514507 -48.303642 -106.728783 11.222165 0.942389 -0.044241 0.203123 0.262081
1520616924.564508 -49.194238 -106.305095 11.056858 0.936579 -0.019852 0.223426 0.269270
1520616924.614511 -50.170419 -106.136392 10.920439 0.929784 0.010109 0.242143 0.277067
1520616924.664512 -50.803518 -105.364275 10.975406 0.924583 0.040436 0.243294 0.290379
1520616924.714419 -51.671386 -104.908157 11.172285 0.919452 0.068923 0.237532 0.305673
1520616924.764421 -52.504496 -104.911789 11.725381 0.913535 0.103206 0.229168 0.319820
1520616924.814422 -52.599599 -104.310382 12.518643 0.906768 0.138891 0.193558 0.347874
1520616924.864424 -52.530918 -103.434134 12.995582 0.895909 0.167416 0.157474 0.380160
1520616924.914425 -53.438468 -103.485343 13.412392 0.888054 0.189375 0.142321 0.394008
1520616924.964427 -54.159714 -103.677488 14.077888 0.883100 0.207203 0.121729 0.402969
1520616925.014428 -55.009950 -103.921352 14.544395 0.879315 0.216291 0.112169 0.409197
1520616925.064430 -55.568342 -103.309990 15.105140 0.874811 0.212468 0.087503 0.426505
1520616925.114372 -56.368578 -103.306860 15.704818 0.871612 0.215285 0.074599 0.434028
1520616925.164939 -57.057481 -103.609108 16.363649 0.869782 0.221418 0.063548 0.436365
1520616925.214940 -57.748974 -103.930606 17.010546 0.866199 0.233220 0.057279 0.438208
1520616925.264942 -57.677221 -104.843591 16.608912 0.851558 0.228084 0.022137 0.471525
1520616925.314943 -58.499488 -104.889538 17.176155 0.850949 0.219982 0.022558 0.476429
1520616925.364944 -59.182057 -105.126267 17.867574 0.855068 0.223166 0.020647 0.467578
1520616925.414946 -59.727500 -104.605951 18.524661 0.854638 0.201297 0.003582 0.478603
1520616925.464948 -59.691144 -103.665204 18.187506 0.842034 0.173756 -0.029559 0.509817
1520616925.514949 -59.581952 -102.773397 17.748466 0.829326 0.148124 -0.060596 0.535355
1520616925.565722 -59.782998 -101.795664 17.688305 0.820012 0.117196 -0.077785 0.554792
1520616925.615723 -59.457565 -100.931023 17.305567 0.807167 0.085296 -0.103365 0.574911
1520616925.665725 -58.839276 -100.265347 16.887723 0.792430 0.049908 -0.126741 0.594559
1520616925.715726 -58.128244 -99.655936 16.536934 0.779486 0.011332 -0.139892 0.610494
1520616925.765728 -57.357240 -99.130453 16.177183 0.766717 -0.041629 -0.147174 0.623500
1520616925.815729 -57.923372 -98.442867 16.631848 0.770556 -0.061736 -0.119702 0.622979
1520616925.865731 -58.164486 -97.473420 16.586722 0.765790 -0.074539 -0.111728 0.628909
1520616925.915733 -58.006899 -96.978499 17.441251 0.762596 -0.101519 -0.103447 0.630428
1520616925.966018 -57.968919 -96.000554 17.646631 0.745652 -0.139041 -0.079619 0.646785
1520616926.016020 -57.538660 -95.123212 17.859113 0.726771 -0.180817 -0.061194 0.659821
1520616926.066021 -57.589409 -94.388623 18.535726 0.720513 -0.207741 -0.047033 0.659919
1520616926.116023 -57.520342 -93.455304 18.888067 0.710379 -0.228953 -0.034696 0.664634
1520616926.166024 -57.250755 -92.516838 18.672187 0.698279 -0.248693 -0.026828 0.670700
1520616926.216026 -56.796792 -91.626420 18.704971 0.696239 -0.266492 -0.021137 0.666173
1520616926.266028 -57.173085 -90.796284 18.293537 0.692858 -0.257092 0.010295 0.673606
1520616926.316029 -56.678034 -89.938883 18.434211 0.697733 -0.271965 0.012584 0.662605
1520616926.365902 -56.384759 -90.860468 18.179906 0.711240 -0.265622 0.001459 0.650830
1520616926.415903 -55.921524 -91.605680 17.700247 0.722631 -0.257144 -0.023743 0.641185
1520616926.465905 -55.016762 -92.031570 17.705083 0.728266 -0.258047 -0.064739 0.631545
1520616926.515906 -55.523444 -91.214496 17.980153 0.736651 -0.246275 -0.077606 0.625038
1520616926.565908 -56.280636 -91.856368 17.859073 0.737475 -0.252828 -0.099872 0.618250
1520616926.615909 -56.815363 -92.676427 18.062959 0.724794 -0.295948 -0.119974 0.610487
1520616926.665911 -57.027749 -91.701299 17.999575 0.720148 -0.307884 -0.126143 0.608836
1520616926.715913 -57.160952 -90.716080 18.107279 0.721449 -0.321217 -0.135564 0.598292
1520616926.767683 -57.271639 -89.736226 17.941043 0.725175 -0.323310 -0.154713 0.587925
1520616926.817685 -57.173742 -88.833518 18.360012 0.730868 -0.312506 -0.194363 0.574800
1520616926.867687 -56.302486 -88.431884 18.077872 0.705314 -0.349213 -0.240808 0.567973
1520616926.917688 -55.925183 -87.993939 18.893866 0.711717 -0.342040 -0.294081 0.538502
1520616926.967690 -55.969932 -87.119776 19.377433 0.706794 -0.345676 -0.313385 0.531733
1520616927.017691 -55.256846 -87.198565 20.074069 0.702035 -0.355848 -0.374112 0.490468
1520616927.067693 -54.329142 -87.404159 20.385671 0.683784 -0.367395 -0.424401 0.466202
1520616927.117694 -54.475710 -86.501067 20.789331 0.680068 -0.377770 -0.430226 0.457933
1520616927.172908 -53.647708 -86.854770 21.224424 0.668022 -0.382991 -0.477811 0.422801
1520616927.222909 -52.792684 -87.364756 21.130364 0.642160 -0.394016 -0.524090 0.397130
1520616927.272910 -51.818118 -87.555238 21.012306 0.619721 -0.394542 -0.561820 0.380317
1520616927.322913 -51.454492 -86.790420 21.544123 0.614831 -0.386186 -0.577407 0.373424
1520616927.372914 -50.541712 -86.809754 21.136129 -0.584236 0.388506 0.610735 -0.367062
1520616927.422915 -49.681526 -87.132350 20.741146 -0.558546 0.384435 0.642225 -0.357467
1520616927.472917 -48.867102 -87.404071 20.228427 -0.529834 0.379690 0.673790 -0.348022
1520616927.522918 -47.966668 -87.481485 19.800378 -0.496760 0.386123 0.697242 -0.343499
1520616927.572920 -47.592159 -87.165754 20.672190 -0.494065 0.396054 0.698004 -0.334413
1520616927.622921 -46.603256 -87.058432 20.774917 -0.481251 0.396133 0.711227 -0.325010
1520616927.672922 -45.752661 -87.269630 20.293375 -0.455535 0.402154 0.728230 -0.316925
1520616927.722925 -44.786937 -87.450802 20.107489 -0.437095 0.401340 0.746052 -0.302126
1520616927.772926 -44.126433 -87.915447 19.517709 -0.408878 0.403083 0.765763 -0.289741
1520616927.822927 -43.273188 -87.639817 19.960429 -0.398389 0.402720 0.775350 -0.279170
1520616927.872930 -42.470012 -88.108444 19.592601 -0.373704 0.399880 0.794569 -0.262872
1520616927.922930 -41.554550 -88.245378 19.214211 -0.344076 0.394061 0.812977 -0.255727
1520616927.972932 -40.734475 -88.178308 19.782523 -0.338663 0.391236 0.819760 -0.245430
1520616928.022933 -39.758506 -88.176702 20.000428 -0.326694 0.385020 0.829268 -0.239469
1520616928.072936 -39.472745 -88.740415 19.225465 -0.293536 0.381356 0.844831 -0.233806
1520616928.122937 -38.713272 -88.637002 19.867731 -0.283765 0.391001 0.844523 -0.231033
1520616928.172939 -38.618803 -89.338415 19.161264 -0.246708 0.393381 0.858460 -0.217792
1520616928.222940 -38.307902 -90.065071 18.548637 -0.221508 0.397028 0.866350 -0.206738
1520616928.272942 -37.537389 -89.667425 19.046821 -0.226891 0.403057 0.862233 -0.206446
1520616928.322944 -36.540140 -89.600275 19.078198 -0.224599 0.402681 0.864100 -0.201831
1520616928.372946 -35.623856 -89.396216 18.733548 -0.225323 0.392885 0.867250 -0.206756
1520616928.418320 -35.120026 -90.068879 18.191626 -0.211801 0.392351 0.872153 -0.201372
1520616928.468321 -35.055315 -90.608999 17.352529 -0.198000 0.386944 0.877054 -0.204566
1520616928.518323 -34.503791 -91.236435 16.802851 -0.190393 0.381158 0.879547 -0.211819
1520616928.568325 -33.665145 -91.633451 16.429956 -0.182748 0.376109 0.879191 -0.228404
1520616928.618326 -33.374818 -92.231748 15.683129 -0.166778 0.370212 0.880358 -0.245148
1520616928.668328 -32.774506 -92.738675 15.064541 -0.155628 0.363406 0.881203 -0.259225
1520616928.718329 -32.260958 -93.216259 14.351672 -0.138836 0.356402 0.882256 -0.274455
1520616928.768331 -31.803398 -93.830192 13.708457 -0.122698 0.349477 0.884478 -0.283741
1520616928.816123 -31.135703 -94.275509 13.111905 -0.108336 0.343030 0.885095 -0.295298
1520616928.866125 -30.728474 -94.785993 12.354560 -0.087628 0.337597 0.885822 -0.306055
1520616928.916127 -30.401750 -95.131725 11.474946 -0.067640 0.330035 0.885116 -0.321049
1520616928.966128 -30.079118 -95.579654 10.641119 -0.048770 0.318395 0.885787 -0.334108
1520616929.016129 -29.753393 -95.867209 9.740444 -0.031577 0.301814 0.884817 -0.353568
1520616929.066236 -29.574419 -96.031096 8.770336 -0.015869 0.282718 0.881926 -0.376863
1520616929.116133 -29.367404 -96.439256 7.881207 -0.004727 0.260113 0.879066 -0.399452
1520616929.166134 -29.166699 -96.665297 6.927990 -0.000184 0.233129 0.876409 -0.421377
1520616929.215280 -28.883592 -97.160497 6.106633 0.004980 0.213714 0.871675 -0.441003
1520616929.265281 -28.234793 -97.671840 5.543082 0.005495 0.199814 0.862084 -0.465678
1520616929.315283 -28.285501 -97.682089 4.544422 0.012839 0.184184 0.858816 -0.477855
1520616929.365284 -28.425059 -97.434480 3.585665 0.020536 0.170417 0.855791 -0.488014
1520616929.415286 -28.509991 -97.496954 2.591239 0.027749 0.159850 0.852812 -0.496376
1520616929.465288 -28.635536 -97.360415 1.608592 -0.036805 -0.146280 -0.849677 0.505268
1520616929.515289 -28.985763 -97.471196 0.678501 -0.042913 -0.130265 -0.845849 0.515489
1520616929.565291 -29.554179 -97.636670 -0.127428 -0.047231 -0.113538 -0.843598 0.522706
1520616929.614525 -29.896197 -97.463195 -1.050970 -0.048370 -0.093017 -0.843088 0.527457
1520616929.664526 -29.454818 -97.488052 -1.947946 -0.038599 -0.070036 -0.835346 0.543877
1520616929.714528 -29.603903 -97.160464 -2.880931 -0.035558 -0.047957 -0.833502 0.549281
1520616929.764529 -30.112426 -97.194262 -3.741315 -0.032428 -0.027588 -0.832707 0.552075
1520616929.814531 -30.496399 -97.844593 -4.396780 -0.033510 -0.015360 -0.829628 0.557098
1520616929.864532 -30.311154 -97.428533 -5.287049 -0.022052 0.001426 -0.824956 0.564765
1520616929.914535 -30.993035 -97.396061 -6.017791 -0.019302 0.016610 -0.822413 0.568321
1520616929.964536 -31.690025 -97.346528 -6.733158 -0.015699 0.035559 -0.819462 0.571813
1520616930.014538 -32.277129 -96.848152 -7.371070 -0.005922 0.066240 -0.812400 0.579295
1520616930.064172 -32.338661 -97.732296 -7.834215 -0.004540 0.071443 -0.800489 0.595057
1520616930.114173 -32.200692 -97.221586 -8.682826 0.014635 0.098622 -0.786920 0.608948
1520616930.164175 -32.415041 -97.923883 -9.361674 0.019589 0.104107 -0.781440 0.614922
1520616930.214176 -32.301951 -98.267930 -10.293791 0.037212 0.110226 -0.784618 0.608966
1520616930.264178 -32.879458 -98.700432 -10.986198 0.045738 0.122098 -0.793766 0.594084
1520616930.314180 -33.219370 -99.556957 -11.374561 0.047190 0.123227 -0.801472 0.583293
1520616930.364181 -33.593911 -100.327034 -11.890991 0.050681 0.127871 -0.812541 0.566442
1520616930.414183 -33.927154 -101.083796 -12.453361 0.056488 0.136240 -0.824216 0.546732
1520616930.464093 -34.389605 -101.824376 -12.940886 0.056850 0.144368 -0.831171 0.533929
1520616930.514094 -34.795557 -102.607805 -13.411463 0.056199 0.151535 -0.837392 0.522163
1520616930.564096 -35.268040 -103.301924 -13.954564 0.052839 0.161185 -0.839255 0.516602
1520616930.614098 -35.490748 -102.916563 -14.850051 -0.075182 -0.192072 0.843059 -0.496697
1520616930.664099 -35.794037 -102.585542 -15.743607 -0.095718 -0.222371 0.847097 -0.473092
1520616930.714184 -35.956190 -102.217743 -16.659265 -0.123847 -0.257227 0.847977 -0.446577
1520616930.764102 -36.611011 -102.702063 -17.239475 -0.130752 -0.276287 0.848670 -0.431657
1520616930.814104 -36.925501 -102.319243 -18.108120 -0.159614 -0.308678 0.847075 -0.402126
1520616930.864392 -37.572907 -102.874285 -18.630417 -0.143776 -0.317960 0.847991 -0.398924
1520616930.914394 -37.557120 -102.267719 -19.425294 -0.172853 -0.348337 0.844106 -0.369145
1520616930.964395 -37.943928 -101.783926 -20.210357 -0.182881 -0.372944 0.847161 -0.331338
1520616931.014397 -38.753333 -101.982648 -20.762963 -0.162883 -0.386016 0.847922 -0.324789
1520616931.064399 -39.138666 -101.297245 -21.380816 -0.162791 -0.400934 0.852515 -0.293206
1520616931.114400 -39.306134 -100.752970 -22.202837 -0.158711 -0.401563 0.859747 -0.272750
1520616931.164402 -39.863604 -100.301613 -22.899618 -0.137153 -0.402985 0.869258 -0.251361
1520616931.214403 -39.897272 -99.651602 -23.658797 -0.115176 -0.405334 0.878200 -0.226282
1520616931.265216 -40.136025 -99.226106 -24.531695 -0.085448 -0.415582 0.881597 -0.206824
1520616931.315217 -39.489228 -99.256423 -25.293755 -0.072564 -0.409157 0.890899 -0.183371
1520616931.365219 -39.013975 -99.257131 -26.173603 -0.047372 -0.414730 0.893764 -0.164137
1520616931.415220 -38.369921 -99.091357 -26.920406 -0.033973 -0.417022 0.896933 -0.143001
1520616931.465222 -38.734376 -98.620147 -27.723609 -0.006840 -0.426114 0.894785 -0.133190
1520616931.515224 -38.825489 -97.922006 -28.433748 0.009006 -0.434396 0.891695 -0.126882
1520616931.565225 -38.929548 -97.013071 -28.837490 0.025330 -0.443385 0.888423 -0.116067
1520616931.615227 -39.038179 -96.095358 -29.219594 0.038113 -0.450729 0.885452 -0.106612
1520616931.666055 -39.111715 -95.326398 -29.854647 0.055742 -0.451904 0.885375 -0.093734
1520616931.716056 -39.268890 -94.513561 -30.415532 0.081922 -0.452068 0.884503 -0.081100
1520616931.766058 -38.903529 -93.975718 -31.175292 0.094319 -0.439598 0.891051 -0.062334
1520616931.816060 -38.645919 -93.052723 -31.461154 0.114347 -0.449122 0.883857 -0.063336
1520616931.866061 -38.359457 -92.567609 -32.287353 0.138810 -0.437786 0.887119 -0.045766
1520616931.916063 -38.427332 -92.288895 -33.245325 0.173616 -0.418881 0.890606 -0.034902
1520616931.966064 -38.033897 -91.587697 -33.839910 0.182608 -0.412832 0.892050 -0.021717
1520616932.016065 -37.828536 -90.736209 -34.322397 0.194050 -0.418779 0.886718 -0.026466
1520616932.066486 -37.378741 -90.265277 -35.081283 0.201360 -0.420241 0.884335 -0.028335
1520616932.116488 -37.089371 -89.959525 -35.988355 0.215750 -0.414048 0.883975 -0.024594
1520616932.166488 -36.734026 -89.473679 -36.786906 0.228435 -0.421498 0.877332 -0.021128
1520616932.216490 -36.401711 -89.114221 -37.658891 0.243911 -0.430689 0.868718 -0.018550
1520616932.266491 -37.145679 -88.613045 -38.100858 0.320122 -0.452650 0.832238 0.003100
1520616932.316494 -37.210266 -88.118798 -38.967776 0.346422 -0.458537 0.818266 0.013273
1520616932.366554 -36.766472 -87.897399 -39.836125 0.353224 -0.466170 0.810427 0.033567
1520616932.416497 -37.529763 -87.327564 -39.531701 0.422126 -0.501782 0.754799 0.017421
1520616932.466498 -37.147592 -87.355404 -40.455373 0.418495 -0.496091 0.760159 0.030230
1520616932.516466 -36.851647 -87.076296 -41.368891 0.420220 -0.500126 0.755933 0.043074
1520616932.566467 -37.258450 -86.209973 -41.079072 0.448969 -0.533612 0.715890 0.034451
1520616932.616469 -37.381056 -85.272151 -40.754329 0.462496 -0.575918 0.673386 0.031091
1520616932.666471 -37.569680 -84.613336 -41.482603 0.471352 -0.580895 0.662309 0.041653
1520616932.716472 -37.977309 -83.867651 -40.955543 0.491140 -0.604839 0.625657 0.038806
1520616932.766474 -38.367551 -83.112561 -41.482374 0.498221 -0.608469 0.615720 0.049291
1520616932.816475 -38.679057 -82.197738 -41.225348 -0.508583 0.621729 -0.592826 -0.057912
1520616932.866477 -39.071203 -81.394954 -41.674525 -0.512060 0.626374 -0.584222 -0.064303
1520616932.915744 -39.162404 -80.581226 -41.100480 -0.515605 0.649477 -0.554881 -0.066619
1520616932.965745 -39.374516 -79.697869 -40.682522 -0.521489 0.665213 -0.530086 -0.067457
1520616933.015746 -39.530564 -78.921127 -40.072341 -0.527854 0.680393 -0.503034 -0.073433
1520616933.065749 -39.754719 -78.102826 -39.543059 -0.533608 0.695909 -0.474557 -0.075948
1520616933.115751 -39.671808 -77.377700 -38.859453 -0.536360 0.713520 -0.443221 -0.082236
1520616933.165751 -39.893976 -76.855426 -38.036124 -0.544349 0.728438 -0.406955 -0.086307
1520616933.215754 -39.660064 -76.334222 -37.215373 -0.541860 0.747287 -0.374058 -0.089615
1520616933.265754 -39.524342 -75.647478 -36.501257 -0.537466 0.762818 -0.348403 -0.088619
1520616933.314913 -39.367927 -75.247173 -35.598323 -0.533626 0.777199 -0.322276 -0.085690
1520616933.364915 -39.113171 -75.059908 -34.649623 -0.533303 0.787799 -0.295908 -0.086017
1520616933.414917 -38.727468 -74.152563 -34.482416 -0.521661 0.799326 -0.282860 -0.094539
1520616933.464918 -39.153163 -73.679446 -33.711090 -0.539320 0.801523 -0.246079 -0.078361
1520616933.514920 -39.080329 -73.586929 -32.718046 -0.545525 0.808040 -0.210196 -0.072742
1520616933.564921 -39.114009 -73.607562 -31.718826 -0.553804 0.811576 -0.172232 -0.070583
1520616933.614923 -39.314318 -72.646403 -31.528958 -0.553944 0.813376 -0.164025 -0.068279
1520616933.664924 -39.892094 -71.833378 -31.457097 -0.555082 0.813664 -0.161632 -0.060907
1520616933.714437 -40.027291 -70.970108 -30.970797 -0.561630 0.811481 -0.150418 -0.058693
1520616933.764438 -40.221159 -70.100020 -30.517627 -0.565530 0.810777 -0.139394 -0.058183
1520616933.814439 -40.353883 -69.260447 -29.990843 -0.572103 0.807771 -0.129069 -0.059548
1520616933.864441 -40.483139 -68.408633 -29.483196 -0.577953 0.805400 -0.117074 -0.059964
1520616933.914443 -40.889030 -67.611460 -29.036243 -0.590384 0.797591 -0.108520 -0.059319
1520616933.964444 -41.050090 -66.827258 -28.437004 -0.603262 0.789824 -0.092227 -0.061211
1520616934.014484 -41.059391 -66.192587 -27.664278 -0.608443 0.788504 -0.066999 -0.059744
1520616934.064447 -40.764919 -66.354180 -26.722378 -0.620648 0.780839 -0.028786 -0.065252
1520616934.114622 -40.470594 -66.061194 -25.812691 -0.620791 0.781162 0.004725 -0.066200
1520616934.164623 -40.868325 -66.119589 -24.897049 -0.637050 0.768779 0.044787 -0.033771
1520616934.214625 -40.766769 -65.843821 -23.941204 -0.634403 0.768668 0.075375 -0.031633
1520616934.264627 -40.648055 -65.642093 -22.968984 -0.633186 0.765573 0.109765 -0.030405
1520616934.314628 -40.585722 -65.379138 -22.006191 -0.632085 0.762099 0.136429 -0.032558
1520616934.364630 -40.965984 -64.691178 -21.388039 -0.637207 0.757748 0.135560 -0.037538
1520616934.414630 -40.962604 -64.426039 -20.423835 -0.634166 0.755306 0.161260 -0.036617
1520616934.464633 -41.244428 -63.793347 -19.702533 -0.634965 0.754077 0.163459 -0.038330
1520616934.514634 -41.141817 -63.752035 -18.708670 -0.631115 0.748819 0.199988 -0.031136
1520616934.566386 -41.444927 -63.416108 -17.816887 -0.633042 0.744012 0.212773 -0.020800
1520616934.616387 -41.730419 -62.764567 -17.114043 -0.633380 0.740271 0.224039 -0.025205
1520616934.666389 -42.015496 -62.078287 -16.444901 -0.632183 0.736860 0.237312 -0.032651
1520616934.716391 -42.321201 -61.563852 -15.643714 -0.624287 0.738657 0.251807 -0.035276
1520616934.766392 -42.614031 -61.038815 -14.844598 -0.614584 0.742203 0.264840 -0.035791
1520616934.816394 -42.798718 -60.630297 -13.950728 -0.608740 0.742116 0.278330 -0.035107
1520616934.866395 -42.749507 -59.868359 -13.304950 -0.605566 0.741360 0.284984 -0.049600
1520616934.916397 -42.836215 -59.026322 -12.772546 -0.599267 0.743790 0.288749 -0.065416
1520616934.967000 -42.209270 -59.664083 -12.325107 -0.570218 0.745040 0.339733 -0.065946
1520616935.017002 -42.085821 -58.815422 -11.810776 -0.562631 0.749857 0.335758 -0.091801
1520616935.067003 -41.493634 -59.443389 -11.305828 -0.535789 0.754886 0.367210 -0.090739
1520616935.117005 -41.312864 -59.130682 -10.373338 -0.514757 0.764645 0.375327 -0.097324
1520616935.167006 -41.049610 -58.431340 -9.708795 -0.494762 0.775491 0.374941 -0.115076
1520616935.217009 -40.999585 -59.175218 -9.042354 -0.464588 0.780563 0.407086 -0.095711
1520616935.267009 -41.036539 -58.844044 -8.099509 -0.446933 0.795335 0.398550 -0.094080
1520616935.317012 -40.927951 -59.619964 -7.478094 -0.420511 0.794084 0.430506 -0.085238
1520616935.366678 -40.671414 -60.231853 -6.729909 -0.396235 0.793546 0.453789 -0.085776
1520616935.416680 -40.646126 -60.457719 -5.756079 -0.370086 0.801617 0.460430 -0.091929
1520616935.466681 -40.509608 -61.215807 -6.393783 -0.328829 0.800130 0.489098 -0.111563
1520616935.516683 -40.832099 -61.570134 -5.516029 -0.308663 0.807479 0.491500 -0.105515
1520616935.566684 -40.887797 -62.109069 -4.675525 -0.292100 0.806266 0.501849 -0.112962
1520616935.616686 -41.423402 -62.580722 -3.975045 -0.276344 0.812092 0.505607 -0.092202
1520616935.666701 -41.995605 -62.808129 -3.187092 -0.269234 0.811500 0.510152 -0.093414
1520616935.716689 -42.474338 -62.930983 -2.317770 -0.270866 0.821137 0.496631 -0.075656
1520616935.765533 -43.137333 -63.330853 -1.684886 -0.272255 0.817680 0.500421 -0.082790
1520616935.815535 -43.261095 -62.488660 -2.209666 -0.291202 0.802880 0.509570 -0.104513
1520616935.865537 -43.857270 -63.272206 -2.034650 -0.276974 0.809358 0.511377 -0.081961
1520616935.915538 -44.378252 -64.124058 -2.088743 -0.289437 0.804212 0.513342 -0.077128
1520616935.965540 -44.610602 -63.224985 -2.459796 -0.318871 0.803714 0.492715 -0.097962
1520616936.015541 -44.987323 -64.107264 -2.742046 -0.330725 0.799643 0.493795 -0.085779
1520616936.065543 -45.354671 -64.757087 -3.407467 -0.331532 0.790085 0.509615 -0.078388
1520616936.115544 -45.507778 -65.671057 -3.783255 -0.327477 0.789011 0.516986 -0.054282
1520616936.165093 -45.371723 -66.630542 -4.029988 -0.351239 0.785973 0.506853 -0.044480
1520616936.215094 -45.585305 -67.141211 -4.862814 -0.356823 0.775084 0.519471 -0.045519
1520616936.265095 -46.217554 -67.098739 -5.636414 -0.384859 0.774327 0.500162 -0.046246
1520616936.315098 -45.785863 -67.874573 -5.176279 -0.376887 0.786038 0.488303 -0.040742
1520616936.365098 -45.370813 -68.783038 -5.127035 -0.361128 0.792448 0.490191 -0.036396
1520616936.415101 -44.586463 -69.401948 -5.168814 -0.348369 0.793282 0.497804 -0.039161
1520616936.465102 -43.785153 -69.060316 -4.677703 -0.350904 0.795625 0.491011 -0.052500
1520616936.515104 -42.957556 -68.761498 -4.202528 -0.345254 0.799424 0.487333 -0.065020
1520616936.570525 -42.595516 -69.556558 -3.715900 -0.326074 0.804003 0.493609 -0.060037
1520616936.620527 -41.703385 -69.385184 -3.297890 -0.319356 0.807885 0.490006 -0.072305
1520616936.670529 -40.707419 -69.474713 -3.303929 -0.308925 0.806602 0.498353 -0.074854
1520616936.720531 -39.757104 -69.597943 -3.018070 -0.303048 0.804968 0.504287 -0.076700
1520616936.770532 -38.808456 -69.425978 -2.752560 -0.302314 0.803708 0.506733 -0.076694
1520616936.820534 -39.058954 -68.832186 -3.517193 -0.299676 0.802534 0.513222 -0.052313
1520616936.870535 -38.370125 -68.922975 -2.797976 -0.296673 0.803825 0.513306 -0.048666
1520616936.920537 -38.090395 -69.357855 -1.942037 -0.288723 0.803924 0.518104 -0.043742
1520616936.970538 -37.987566 -69.325494 -0.947865 -0.285904 0.805191 0.517971 -0.040400
1520616937.023216 -37.899625 -69.552881 0.021961 -0.283711 0.801648 0.524773 -0.038500
1520616937.073217 -37.986174 -69.562258 1.018164 -0.284144 0.801142 0.525544 -0.035179
1520616937.123219 -37.942385 -69.735604 2.002051 -0.288741 0.795537 0.531859 -0.029586
1520616937.173219 -37.891410 -70.027353 2.957187 -0.296184 0.791394 0.534343 -0.021172
1520616937.223222 -38.104078 -70.607506 3.743441 -0.306756 0.786025 0.536656 -0.008096
1520616937.273223 -38.045831 -71.555933 4.055039 -0.314327 0.782258 0.537836 -0.001651
1520616937.323225 -38.223527 -72.464826 4.432315 -0.318277 0.781862 0.536004 0.009580
1520616937.373225 -37.478555 -73.126326 4.346089 -0.323430 0.777979 0.538369 0.017349
1520616937.423228 -37.066537 -74.013359 4.554449 -0.335224 0.776258 0.533361 0.023960
1520616937.473230 -37.080396 -75.003411 4.414432 -0.340837 0.774907 0.531393 0.031172
1520616937.523231 -36.753250 -75.924326 4.626306 -0.352930 0.773816 0.524972 0.032451
1520616937.573232 -36.905385 -76.904174 4.755742 -0.356408 0.773047 0.523368 0.038181
1520616937.623234 -36.906457 -77.856852 5.059721 -0.363141 0.769931 0.523243 0.039391
1520616937.673236 -37.120860 -78.791146 5.344548 -0.372645 0.761706 0.528013 0.046271
1520616937.723237 -37.331223 -79.556607 5.952673 -0.382528 0.752448 0.533042 0.057981
1520616937.773239 -37.199201 -80.097844 6.783114 -0.385773 0.748720 0.535797 0.059318
1520616937.823240 -36.949085 -80.601025 7.610309 -0.391302 0.741665 0.540543 0.068035
1520616937.873241 -36.579357 -81.457629 7.970213 -0.387718 0.730059 0.556949 0.080605
1520616937.923244 -36.123202 -81.806001 8.789090 -0.393499 0.722781 0.561553 0.086049
1520616937.973244 -35.989145 -82.762158 9.049459 -0.390991 0.710653 0.576059 0.101263
1520616938.023247 -35.624472 -83.216597 9.862170 -0.391344 0.705424 0.581705 0.104148
1520616938.073249 -35.190664 -83.601543 10.676803 -0.390477 0.699180 0.589550 0.105389
1520616938.123250 -35.484139 -84.185766 11.433477 -0.388105 0.691687 0.594254 0.133437
1520616938.173251 -36.222744 -84.444812 12.055858 -0.400448 0.690971 0.567730 0.199710
1520616938.223253 -35.662928 -84.842887 12.782592 -0.395040 0.684859 0.579171 0.198677
1520616938.273254 -35.185128 -85.208321 13.581444 -0.375760 0.689273 0.586900 0.198129
1520616938.323256 -34.687781 -85.646083 14.330450 -0.353548 0.691211 0.596804 0.202624
1520616938.373258 -35.108125 -86.198047 15.050622 -0.337723 0.689333 0.586527 0.258359
1520616938.423259 -35.292385 -86.929882 15.706721 -0.321157 0.681989 0.588191 0.292883
1520616938.473261 -34.948679 -87.681972 16.269061 -0.295656 0.682057 0.593902 0.307678
1520616938.523263 -35.337406 -88.495632 16.701322 -0.262316 0.679299 0.594595 0.340882
1520616938.573263 -34.841865 -89.360909 16.777041 -0.233513 0.661714 0.624639 0.342683
1520616938.623265 -34.423977 -90.255378 16.936088 -0.211305 0.646109 0.646109 0.347039
1520616938.673266 -34.641171 -90.691558 17.809343 -0.182645 0.656430 0.636869 0.360745
1520616938.723269 -34.795020 -91.669393 17.951360 -0.153368 0.642380 0.648211 0.379010
1520616938.773271 -34.732833 -92.667434 17.944436 -0.124157 0.628506 0.659752 0.392800
1520616938.823272 -35.420797 -93.385571 17.839627 -0.087126 0.616049 0.661423 0.418823
1520616938.873276 -34.827098 -93.988569 18.372463 -0.076779 0.620922 0.665306 0.407344
1520616938.923275 -35.292550 -94.871166 18.306299 -0.047563 0.608175 0.667159 0.427504
1520616938.973277 -35.897872 -95.663708 18.232386 -0.023744 0.594242 0.671844 0.441519
1520616939.023278 -36.519211 -96.444740 18.169729 -0.004100 0.579435 0.679095 0.450631
1520616939.073280 -37.033699 -97.162357 17.700339 0.011554 0.558155 0.693235 0.455801
1520616939.123281 -37.545371 -97.953555 17.365380 0.025868 0.534486 0.713284 0.452638
1520616939.173283 -38.133994 -98.532344 16.800998 0.031043 0.510400 0.732366 0.449632
1520616939.223284 -38.702090 -98.934897 16.083211 0.033430 0.491172 0.749756 0.442152
1520616939.273285 -39.514161 -99.469163 15.848474 0.036665 0.481832 0.763674 0.428131
1520616939.323287 -40.336109 -99.911003 15.489061 0.033040 0.476309 0.773278 0.417228
1520616939.373289 -40.979134 -100.545976 15.060891 0.020910 0.474443 0.779444 0.408576
1520616939.423290 -41.709297 -101.123775 14.696188 0.007903 0.477506 0.781598 0.401286
1520616939.473292 -42.520914 -101.562508 14.310452 -0.009850 0.484681 0.776613 0.402316
1520616939.523293 -43.342811 -101.315150 13.797325 -0.009758 0.486082 0.773549 0.406510
1520616939.573294 -43.913613 -102.135454 13.761449 -0.028876 0.498529 0.766859 0.403191
1520616939.623296 -44.146099 -102.831184 13.081809 -0.054205 0.506294 0.759853 0.404168
1520616939.673299 -43.922557 -103.419951 12.305032 -0.076154 0.510446 0.756450 0.401782
1520616939.723300 -43.953531 -103.202977 11.329347 -0.090308 0.500159 0.757556 0.409628
1520616939.773301 -43.868571 -103.895466 10.612939 -0.103844 0.507028 0.750234 0.411446
1520616939.823303 -43.509292 -104.640800 10.051338 -0.111718 0.516155 0.742472 0.412115
1520616939.871281 -43.919916 -105.432178 9.598447 -0.120395 0.527987 0.726264 0.423410
1520616939.921282 -44.340094 -106.259597 9.225851 -0.124487 0.546245 0.708291 0.429468
1520616939.971285 -44.603668 -107.209165 9.056000 -0.129367 0.562450 0.691025 0.435199
1520616940.021286 -43.878555 -106.545737 9.240591 -0.125397 0.576082 0.678806 0.437753
1520616940.071287 -44.038017 -107.523664 9.105569 -0.121080 0.584215 0.670831 0.440474
1520616940.121289 -43.388457 -108.252580 8.889343 -0.130222 0.581540 0.674288 0.436108
1520616940.171292 -43.599887 -109.144756 8.490196 -0.132184 0.575849 0.673057 0.444881
1520616940.221292 -43.749018 -110.123399 8.348714 -0.130135 0.570625 0.672506 0.452977
1520616940.268473 -43.452847 -111.058649 8.154829 -0.128382 0.559663 0.683073 0.451339
1520616940.318474 -43.526917 -112.049772 8.044425 -0.122096 0.547689 0.693049 0.452563
1520616940.368476 -43.745353 -113.012477 7.884787 -0.115692 0.536651 0.702826 0.452390
1520616940.418477 -44.076731 -113.922421 7.635409 -0.105965 0.524297 0.715104 0.450011
1520616940.468478 -44.220710 -114.847450 7.283852 -0.087676 0.513099 0.732356 0.438972
1520616940.518480 -44.510016 -115.728126 6.908737 -0.074768 0.500089 0.745077 0.434950
1520616940.568482 -44.655140 -116.684601 6.655566 -0.062350 0.489373 0.756598 0.429168
1520616940.618483 -44.818376 -117.634207 6.387982 -0.052428 0.480912 0.765477 0.424288
1520616940.667239 -45.018702 -118.520364 5.970136 -0.037898 0.472538 0.772898 0.421783
1520616940.717152 -45.359235 -119.397591 5.631742 -0.028147 0.468209 0.775927 0.421812
1520616940.767154 -45.501693 -120.259431 5.144980 -0.019567 0.463781 0.779415 0.420757
1520616940.817155 -45.777552 -120.907534 4.435146 -0.013079 0.460804 0.779877 0.423416
1520616940.867157 -45.956134 -121.879075 4.279532 -0.009829 0.463084 0.779719 0.421301
1520616940.917158 -46.088563 -122.843019 4.048716 -0.007945 0.461955 0.782049 0.418252
1520616940.967160 -46.473704 -123.610956 3.536917 -0.001587 0.452238 0.787610 0.418507
1520616941.017161 -46.932251 -124.330032 3.014744 -0.000440 0.442078 0.791996 0.421082
1520616941.066149 -47.243088 -125.048274 2.392242 0.001560 0.427097 0.799915 0.421571
1520616941.116151 -47.760086 -125.621568 1.756595 0.007074 0.414941 0.805571 0.422881
1520616941.166152 -48.196179 -126.087757 0.986861 0.007647 0.405457 0.812896 0.418027
1520616941.216154 -48.496084 -126.340431 0.066963 0.001113 0.402066 0.815425 0.416443
1520616941.266155 -48.950403 -126.206920 -0.813815 -0.005901 0.401180 0.808573 0.430383
1520616941.316157 -48.919286 -126.361529 -1.801300 -0.019452 0.401466 0.803547 0.439043
1520616941.366159 -49.306415 -125.921281 -2.611431 -0.021035 0.407079 0.792747 0.453207
1520616941.416160 -49.839885 -126.650229 -3.040435 -0.027738 0.430674 0.782505 0.448817
1520616941.466162 -50.187291 -127.415113 -3.582893 -0.041592 0.457481 0.769254 0.444105
1520616941.515747 -50.503812 -128.216456 -4.090500 -0.055165 0.479708 0.758356 0.437874
1520616941.565749 -50.838400 -129.080356 -4.466967 -0.072528 0.497987 0.747962 0.432783
1520616941.615750 -51.162166 -129.945194 -4.850672 -0.090235 0.507610 0.742534 0.427589
1520616941.665752 -51.399995 -130.735901 -5.414783 -0.110402 0.514298 0.738284 0.422191
1520616941.715754 -51.529745 -131.557986 -5.969167 -0.132178 0.520711 0.732644 0.417877
1520616941.765756 -51.735621 -132.432922 -6.407462 -0.149417 0.532135 0.727227 0.406999
1520616941.815757 -51.844216 -133.408022 -6.600819 -0.170290 0.548773 0.717763 0.393275
1520616941.865759 -51.697144 -132.434818 -6.424056 -0.191078 0.567748 0.705942 0.377886
1520616941.916065 -51.821511 -131.481881 -6.147572 -0.218978 0.586120 0.688246 0.367192
1520616941.966066 -51.690903 -130.491510 -6.193464 -0.233710 0.604821 0.678398 0.345465
1520616942.016068 -52.449816 -130.920479 -6.683399 -0.237113 0.613183 0.671828 0.341219
1520616942.066070 -53.287203 -131.297884 -7.078808 -0.246154 0.617507 0.664375 0.341611
1520616942.116071 -53.139205 -132.159117 -6.592624 -0.263604 0.621520 0.659808 0.329969
1520616942.166073 -52.853469 -133.015704 -6.162956 -0.279036 0.622514 0.655883 0.323160
1520616942.216076 -52.569318 -133.861571 -5.711552 -0.294944 0.620599 0.653314 0.317876
1520616942.266076 -52.490505 -134.789743 -5.347841 -0.311061 0.617742 0.649254 0.316394
1520616942.317450 -52.133419 -135.607778 -4.896944 -0.326453 0.613922 0.645582 0.315836
1520616942.367390 -51.916943 -136.436527 -4.380888 -0.347608 0.606920 0.638041 0.322056
1520616942.417391 -52.138132 -137.234477 -3.820217 -0.362432 0.604557 0.633019 0.320064
1520616942.467393 -52.288299 -137.989758 -3.182252 -0.374847 0.601332 0.627888 0.321941
1520616942.517394 -52.718045 -138.890261 -3.248680 -0.391169 0.579498 0.627057 0.343465
1520616942.567396 -52.601186 -139.602013 -2.556037 -0.399879 0.570188 0.627970 0.347329
1520616942.617397 -52.449773 -140.585541 -2.654764 -0.385358 0.547332 0.650062 0.359647
1520616942.667399 -52.534939 -141.540816 -2.937952 -0.358524 0.521979 0.680291 0.369057
1520616942.716712 -52.787528 -142.169651 -3.673320 -0.296485 0.470383 0.726911 0.403035
1520616942.766713 -52.978603 -143.007851 -3.162526 -0.261708 0.482708 0.729482 0.407871
1520616942.816716 -53.331780 -143.670981 -3.822468 -0.207353 0.455941 0.753158 0.426468
1520616942.866717 -53.489111 -144.344040 -4.545129 -0.152426 0.433534 0.775601 0.432733
1520616942.916718 -53.378836 -145.322019 -4.722319 -0.112436 0.423921 0.791204 0.426198
1520616942.966720 -52.630576 -145.926770 -4.449586 -0.110812 0.417685 0.805899 0.404706
1520616943.016721 -52.121530 -146.773609 -4.295521 -0.084890 0.414157 0.815806 0.394623
1520616943.066723 -51.698768 -147.671360 -4.171764 -0.057005 0.410487 0.823219 0.388022
1520616943.117307 -51.797871 -148.152557 -5.042756 -0.006272 0.387787 0.837817 0.384245
1520616943.167309 -51.848041 -148.604338 -5.933473 0.040968 0.361667 0.853192 0.373607
1520616943.217310 -51.899568 -148.894936 -6.888930 0.086788 0.331688 0.870038 0.354240
1520616943.267312 -52.629050 -148.972412 -7.568528 0.118486 0.310481 0.877418 0.345978
1520616943.317314 -53.371669 -149.567074 -7.876579 0.145323 0.299454 0.878570 0.342526
1520616943.367316 -54.099554 -149.560106 -8.562242 0.164385 0.288989 0.884395 0.327580
1520616943.417317 -54.886920 -149.255668 -9.098313 0.176761 0.285332 0.889837 0.309082
1520616943.467319 -55.522890 -149.370273 -9.861471 0.175299 0.284271 0.898331 0.285417
1520616943.516674 -56.021437 -149.834158 -10.593769 0.170003 0.280911 0.909501 0.254942
1520616943.566675 -56.823963 -150.010335 -11.163781 0.167280 0.273195 0.921438 0.219851
1520616943.616676 -57.803429 -149.939127 -11.352397 0.178566 0.256012 0.930467 0.191840
1520616943.666678 -58.553271 -150.322072 -11.891924 0.161048 0.241491 0.944329 0.154885
1520616943.716679 -59.546593 -150.426649 -11.843177 0.170030 0.229968 0.949354 0.130122
1520616943.766681 -59.959354 -150.693666 -12.713998 0.142685 0.213531 0.959930 0.112160
1520616943.816682 -60.104960 -151.036171 -13.642162 0.099139 0.203071 0.968685 0.102875
1520616943.866684 -61.075542 -151.213496 -13.479289 0.097052 0.214562 0.965614 0.110153
1520616943.916685 -62.071043 -151.132036 -13.527672 0.103832 0.209289 0.964861 0.120249
1520616943.965535 -63.068937 -151.195206 -13.512895 0.099510 0.212750 0.964196 0.123129
1520616944.015503 -63.384773 -151.342033 -14.450279 0.054064 0.205604 0.967926 0.133881
1520616944.065505 -64.256850 -151.635683 -14.841751 0.048335 0.207926 0.966733 0.140921
1520616944.115506 -64.466643 -151.755715 -15.812101 0.005496 0.196707 0.965105 0.172766
1520616944.165508 -65.136381 -151.848692 -16.548855 0.000711 0.186081 0.960563 0.206623
1520616944.215509 -65.084038 -152.293797 -17.442802 -0.021280 0.185358 0.952917 0.239037
1520616944.265511 -65.699623 -152.511690 -18.200151 -0.026481 0.185102 0.940947 0.282233
1520616944.315513 -66.180775 -152.635750 -19.067966 -0.032261 0.181396 0.925132 0.331942
1520616944.365164 -65.877847 -153.094493 -19.903303 -0.053989 0.174863 0.908304 0.376153
1520616944.415167 -65.473005 -153.731540 -20.559256 -0.070324 0.164023 0.892246 0.414786
1520616944.465168 -65.092316 -154.511587 -21.055846 -0.097045 0.155278 0.876280 0.445650
1520616944.515169 -64.591057 -155.342698 -21.296667 -0.104230 0.138564 0.858338 0.482900
1520616944.565171 -64.265659 -156.264405 -21.507788 -0.102239 0.119574 0.844899 0.511267
1520616944.615172 -63.999595 -157.219176 -21.640543 -0.096673 0.102327 0.832188 0.536328
1520616944.665174 -63.615165 -158.142327 -21.642845 -0.086081 0.080158 0.818899 0.561756
1520616944.715176 -63.500987 -159.111830 -21.859700 -0.082526 0.079888 0.803744 0.583783
1520616944.766014 -63.759537 -160.054744 -22.069618 -0.066266 0.090934 0.788478 0.604683
1520616944.816015 -63.800258 -160.664710 -22.860998 -0.048721 0.066870 0.775220 0.626249
1520616944.866017 -63.914854 -160.421944 -23.824291 -0.021456 0.023254 0.763741 0.644747
1520616944.916019 -63.969788 -160.040765 -24.747159 -0.002720 -0.024233 0.749655 0.661380
1520616944.966020 -63.548414 -159.966519 -25.651001 0.007472 -0.072323 0.753944 0.652903
1520616945.016022 -63.502836 -159.479656 -26.523289 0.027480 -0.122928 0.743117 0.657199
1520616945.066024 -63.425577 -159.019941 -27.407989 0.043516 -0.167664 0.736500 0.653883
1520616945.116025 -63.501205 -159.855984 -27.951415 0.031937 -0.162347 0.743822 0.647574
1520616945.167652 -63.124370 -159.354588 -28.730258 0.044756 -0.196001 0.749203 0.631090
1520616945.217654 -63.621554 -159.854161 -28.020868 0.053501 -0.230751 0.764897 0.599019
1520616945.267655 -63.080110 -159.395796 -28.725666 0.052344 -0.269319 0.785811 0.554281
1520616945.317656 -62.731723 -158.716320 -29.371374 0.051234 -0.300517 0.798200 0.519558
1520616945.367659 -62.592699 -157.881856 -29.904611 0.046419 -0.328972 0.807398 0.487577
1520616945.417659 -62.434208 -158.178293 -30.846421 0.021297 -0.332976 0.823903 0.458102
1520616945.467661 -62.516429 -157.416049 -31.488468 0.014056 -0.351689 0.832035 0.428759
1520616945.517662 -62.474620 -156.477624 -31.831413 -0.000767 -0.366153 0.842686 0.394729
1520616945.572168 -62.599871 -155.559030 -32.206240 -0.016895 -0.374045 0.852260 0.365319
1520616945.622176 -62.821213 -154.687809 -32.644399 -0.035748 -0.374738 0.861413 0.340970
1520616945.672171 -62.552861 -154.608024 -33.604410 -0.087971 -0.348516 0.877537 0.317374
1520616945.722172 -63.358772 -154.155555 -33.986221 -0.094116 -0.337722 0.889676 0.292510
1520616945.772174 -64.197735 -154.200476 -34.528553 -0.097673 -0.311266 0.912482 0.246882
1520616945.822175 -65.007119 -153.677732 -34.796204 -0.124400 -0.315582 0.916238 0.213168
1520616945.872177 -64.863047 -153.852838 -35.770156 -0.177616 -0.287187 0.923309 0.182965
1520616945.922179 -64.384898 -153.326146 -36.472984 -0.217323 -0.295748 0.916468 0.159342
1520616945.972038 -63.739313 -153.083998 -37.197267 -0.262781 -0.296572 0.907304 0.140679
1520616946.023311 -62.879504 -152.999684 -37.700873 -0.324436 -0.288715 0.891253 0.130592
1520616946.073312 -62.677022 -152.902891 -38.675363 -0.357220 -0.266735 0.884659 0.136471
1520616946.123315 -61.852154 -152.619127 -39.164312 -0.405074 -0.264016 0.863131 0.145652
1520616946.173316 -61.103475 -152.593428 -39.826746 -0.449464 -0.257651 0.842057 0.150126
1520616946.223317 -60.183827 -152.289880 -40.075958 -0.483028 -0.263616 0.819875 0.158098
1520616946.273319 -59.291627 -152.005940 -40.427180 -0.512050 -0.274958 0.795432 0.171730
1520616946.323320 -58.475700 -151.460374 -40.618546 -0.529444 -0.296463 0.770708 0.194445
1520616946.373322 -59.256137 -152.081175 -40.544224 -0.542041 -0.319059 0.746384 0.217496
1520616946.423509 -60.078272 -152.623314 -40.717947 -0.548755 -0.342853 0.722047 0.244884
1520616946.473511 -59.102504 -152.584198 -40.933228 -0.557207 -0.357436 0.698922 0.270679
1520616946.523512 -60.033405 -152.683764 -41.284667 -0.557929 -0.375008 0.677211 0.299115
1520616946.573514 -59.143758 -152.814998 -40.847283 -0.553107 -0.391408 0.658055 0.328384
1520616946.623515 -58.187331 -153.049698 -40.673603 -0.544791 -0.403766 0.641348 0.358954
1520616946.673518 -57.298636 -153.258536 -40.265427 -0.533086 -0.419891 0.623095 0.388927
1520616946.723519 -56.382882 -153.576294 -40.019615 -0.520009 -0.434041 0.608113 0.414002
1520616946.773520 -55.514510 -154.050175 -39.873441 -0.505063 -0.450549 0.591175 0.438667
1520616946.823522 -54.639377 -154.527393 -39.793400 -0.487586 -0.473969 0.570740 0.460292
1520616946.873523 -53.772535 -155.021182 -39.724432 -0.469908 -0.499957 0.551139 0.474843
1520616946.923524 -52.999010 -155.259237 -40.311790 -0.444775 -0.523878 0.539550 0.486430
1520616946.973527 -52.096219 -155.625188 -40.537728 0.430623 0.549578 -0.527912 -0.483567
1520616947.023528 -51.709145 -156.465128 -40.918089 0.421262 0.562192 -0.517642 -0.488391
1520616947.073529 -50.939173 -156.372996 -41.549481 0.383589 0.582805 -0.526351 -0.485955
1520616947.123531 -50.570015 -157.278443 -41.758974 0.370824 0.592349 -0.521637 -0.489395
1520616947.173532 -49.583541 -157.134147 -41.836738 0.341506 0.613671 -0.532276 -0.472719
1520616947.223534 -48.588043 -157.039507 -41.831468 0.312745 0.633408 -0.543091 -0.453913
1520616947.273535 -47.611165 -156.830003 -41.874081 0.284402 0.653135 -0.551779 -0.433670
1520616947.323536 -46.968491 -157.420758 -42.361912 0.267278 0.664934 -0.556900 -0.419866
1520616947.373539 -46.255292 -158.036349 -42.697165 0.267605 0.671062 -0.552380 -0.415860
1520616947.423540 -45.356622 -157.600797 -42.645322 0.260887 0.691966 -0.554168 -0.382125
1520616947.473541 -44.420413 -157.320552 -42.433251 0.269100 0.709107 -0.556293 -0.339545
1520616947.523544 -45.165181 -157.885786 -42.787979 0.274409 0.724111 -0.558928 -0.296584
1520616947.573545 -44.336724 -157.405420 -42.500042 0.276683 0.734046 -0.564688 -0.256419
1520616947.621970 -43.634180 -156.739172 -42.249951 0.283529 0.740748 -0.569092 -0.216883
1520616947.671971 -43.012228 -155.979950 -42.058227 0.287676 0.744498 -0.573040 -0.185986
1520616947.721973 -43.129328 -156.890466 -42.454772 0.296498 0.743045 -0.578597 -0.158741
1520616947.771974 -42.175223 -156.742651 -42.715222 0.328712 0.726152 -0.584643 -0.151143
1520616947.821976 -41.846669 -157.140957 -43.571613 0.346473 0.720908 -0.586993 -0.125250
1520616947.871978 -41.452885 -156.933022 -44.466988 0.373297 0.705882 -0.594301 -0.095839
1520616947.921979 -40.719222 -156.380111 -44.861991 0.409334 0.691300 -0.591022 -0.072403
1520616947.971981 -40.137109 -155.918512 -45.531372 0.438277 0.670386 -0.595689 -0.060423
1520616948.021054 -39.409543 -155.244130 -45.657293 0.487568 0.656694 -0.573732 -0.043150
1520616948.071054 -38.688410 -154.564611 -45.522310 0.530824 0.644280 -0.549952 -0.026129
1520616948.121055 -37.840728 -154.039512 -45.446762 0.575248 0.621448 -0.531365 -0.023300
1520616948.171057 -36.928139 -153.891586 -45.065582 0.620239 0.600329 -0.503989 -0.030049
1520616948.221059 -36.199061 -153.658629 -44.422016 0.652682 0.590410 -0.471947 -0.051842
1520616948.271061 -35.470697 -153.586696 -43.740613 0.677878 0.584950 -0.437859 -0.081209
1520616948.321063 -34.732351 -153.374201 -43.100541 0.688287 0.589092 -0.409004 -0.109303
1520616948.371063 -34.123444 -153.023931 -42.388823 0.687245 0.602451 -0.382888 -0.134696
1520616948.421172 -33.459059 -152.677547 -41.726546 0.680030 0.620933 -0.356961 -0.156781
1520616948.470330 -32.922534 -152.301654 -40.971003 0.663842 0.647013 -0.333612 -0.171438
1520616948.520332 -32.390694 -151.948318 -40.201392 0.645080 0.672699 -0.314547 -0.180024
1520616948.570333 -31.949280 -151.637924 -39.359484 0.620009 0.699542 -0.302550 -0.186258
1520616948.620338 -31.429008 -151.465585 -38.523054 0.589183 0.727053 -0.293827 -0.194737
1520616948.670337 -30.903625 -151.262727 -37.696724 0.554008 0.754355 -0.295767 -0.191168
1520616948.720337 -30.281208 -150.825572 -37.047499 0.516071 0.779421 -0.306383 -0.179727
1520616948.770339 -29.397195 -151.292941 -37.038217 0.490874 0.791325 -0.315866 -0.181867
1520616948.820341 -28.880606 -152.149134 -37.029864 0.475472 0.804235 -0.304762 -0.185074
1520616948.867841 -28.284103 -152.950499 -36.985159 0.464635 0.815813 -0.295520 -0.176724
1520616948.917842 -27.399059 -153.392084 -36.837852 0.451917 0.824087 -0.303101 -0.157423
1520616948.967948 -26.559602 -153.859110 -36.560004 0.442789 0.828960 -0.318983 -0.122526
1520616949.017845 -25.784932 -154.476731 -36.695764 0.441005 0.823788 -0.338906 -0.109688
1520616949.067847 -25.308518 -154.170186 -35.871713 0.438627 0.821350 -0.360212 -0.056907
1520616949.117849 -24.891757 -153.713273 -35.085875 0.443065 0.814983 -0.373429 -0.006883
1520616949.167850 -24.013796 -153.953761 -34.671931 0.465912 0.802280 -0.372662 0.019902
1520616949.217852 -23.789910 -153.127193 -34.155540 0.491220 0.787761 -0.364802 0.071100
1520616949.266532 -23.768545 -152.502493 -33.374967 0.519085 0.773373 -0.343222 0.121013
1520616949.316534 -23.699054 -151.766309 -32.701763 0.548341 0.757285 -0.314483 0.164141
1520616949.366535 -23.975586 -151.167024 -31.950506 0.575669 0.741098 -0.283094 0.198083
1520616949.416537 -24.322792 -150.576620 -31.221897 0.599904 0.728333 -0.251330 0.215593
1520616949.466539 -24.455979 -149.901114 -30.496670 0.624088 0.717124 -0.221452 0.217272
1520616949.516540 -24.096028 -148.971811 -30.579313 0.640001 0.707534 -0.212663 0.211115
1520616949.566542 -24.124066 -148.222700 -29.917462 0.642288 0.716251 -0.195740 0.190094
1520616949.616543 -24.234993 -147.229900 -29.872251 0.632687 0.728978 -0.193261 0.175922
1520616949.665872 -24.674199 -146.333340 -29.814998 0.611642 0.749455 -0.193134 0.164046
1520616949.715873 -25.191069 -145.606183 -29.363236 0.580889 0.774914 -0.200536 0.147859
1520616949.765875 -25.512273 -145.413836 -28.435965 0.544893 0.799786 -0.214928 0.131302
1520616949.815877 -25.998615 -146.108920 -27.906505 0.509216 0.823213 -0.223816 0.113693
1520616949.865878 -26.006355 -146.496414 -26.984665 0.466054 0.842991 -0.247793 0.103723
1520616949.915880 -26.057710 -145.880935 -26.198186 0.430649 0.850202 -0.280943 0.112997
1520616949.965882 -26.255790 -145.446338 -25.319613 0.397018 0.855489 -0.304427 0.133562
1520616950.015882 -26.505436 -144.507456 -25.082595 0.351519 0.860996 -0.330078 0.161765
1520616950.065272 -25.927890 -144.867992 -24.350165 0.335889 0.865993 -0.332648 0.163037
1520616950.115273 -26.336518 -144.274812 -23.656507 0.327164 0.853834 -0.350263 0.203094
1520616950.165275 -26.695530 -143.534887 -23.087631 0.324613 0.837838 -0.364091 0.245135
1520616950.215277 -27.064518 -142.820989 -22.492485 0.336960 0.817559 -0.368150 0.287266
1520616950.265278 -27.465565 -141.930302 -22.278386 0.356145 0.797534 -0.363913 0.323524
1520616950.315279 -27.841887 -141.124644 -21.820896 0.393110 0.774754 -0.342099 0.358036
1520616950.365281 -28.140739 -140.374584 -21.230898 0.433412 0.752947 -0.306730 0.388770
1520616950.415285 -28.517329 -139.513443 -20.889408 0.467187 0.737052 -0.262447 0.411841
1520616950.465304 -29.126276 -138.804318 -20.533985 0.491617 0.730071 -0.209340 0.426012
1520616950.515307 -29.769385 -138.058532 -20.360162 0.508682 0.725333 -0.158818 0.435787
1520616950.565307 -30.320285 -137.369140 -19.889793 0.523255 0.726043 -0.107609 0.432998
1520616950.615385 -30.984063 -136.726492 -19.507167 0.524719 0.733652 -0.060882 0.427456
1520616950.665310 -31.713239 -136.095576 -19.242124 0.514756 0.747438 -0.020486 0.419456
1520616950.715312 -32.338585 -135.453332 -18.798881 0.504566 0.761245 0.021707 0.406754
1520616950.765313 -31.512941 -135.835755 -19.213688 0.485589 0.779710 0.064193 0.390045
1520616950.815315 -30.676547 -136.023592 -19.728627 0.462094 0.799611 0.107389 0.368182
1520616950.865316 -30.080156 -136.557040 -20.328420 0.441983 0.816583 0.146304 0.341230
1520616950.915429 -30.083205 -135.596907 -20.048893 0.435308 0.828136 0.151370 0.319036
1520616950.965430 -30.561517 -134.746220 -19.830836 0.420884 0.836775 0.159382 0.311868
1520616951.015431 -29.747097 -134.948679 -20.374647 0.394390 0.851796 0.180095 0.294049
1520616951.065434 -29.589984 -135.924762 -20.224394 0.358723 0.866611 0.193565 0.287813
1520616951.115435 -30.297894 -135.218798 -20.202556 0.330255 0.878199 0.195142 0.285689
1520616951.165437 -31.097411 -134.618379 -20.186105 0.311378 0.881626 0.186035 0.301943
1520616951.215438 -31.782014 -133.957505 -19.878593 0.295013 0.891181 0.173592 0.297708
1520616951.265440 -32.301158 -133.166824 -19.554072 0.269506 0.902353 0.154349 0.298834
1520616951.315727 -33.120201 -132.723192 -19.190260 0.240912 0.912296 0.144745 0.297870
1520616951.365729 -33.907088 -133.017897 -18.648081 0.196752 0.922871 0.149082 0.295589
1520616951.415731 -34.506445 -133.082617 -17.850219 0.163387 0.930314 0.148935 0.292641
1520616951.465732 -34.915043 -132.746918 -17.001483 0.129712 0.936100 0.144107 0.293470
1520616951.515734 -34.674230 -133.688107 -17.238490 0.105017 0.937995 0.169924 0.283308
1520616951.565735 -34.796550 -133.213920 -16.366605 0.080490 0.940544 0.164383 0.286141
1520616951.615737 -34.805187 -132.873893 -15.426229 0.060204 0.941483 0.160988 0.289947
1520616951.665739 -34.719581 -133.095453 -14.454847 0.035470 0.940736 0.158594 0.297666
1520616951.717198 -34.682562 -133.322089 -13.481571 0.015180 0.938627 0.154658 0.307943
1520616951.767200 -35.618973 -133.550523 -13.215203 0.017377 0.921024 0.153853 0.357410
1520616951.817202 -35.490045 -133.907669 -12.290095 0.009150 0.916829 0.158627 0.366303
1520616951.867203 -35.327663 -134.051002 -11.313833 -0.002810 0.911690 0.161256 0.377902
1520616951.917204 -36.290908 -134.224072 -11.108392 -0.008917 0.889638 0.168929 0.424180
1520616951.967206 -36.371995 -134.475692 -10.143968 -0.016774 0.881469 0.180685 0.435985
1520616952.017208 -36.413817 -134.611412 -9.154104 -0.029422 0.873680 0.186030 0.448564
1520616952.067211 -36.609650 -134.786438 -8.189213 -0.034313 0.864540 0.188514 0.464603
1520616952.118068 -37.483232 -135.132376 -8.531530 -0.022491 0.811355 0.210125 0.545018
1520616952.168070 -37.928088 -135.525114 -7.726632 -0.019920 0.797591 0.213639 0.563747
1520616952.218072 -38.711483 -135.927249 -8.200532 -0.000908 0.759548 0.227239 0.609466
1520616952.268123 -39.373879 -136.610596 -7.893500 0.009290 0.732918 0.246703 0.633942
1520616952.318075 -40.078302 -136.647923 -8.602298 0.007792 0.682686 0.250166 0.686510
1520616952.368076 -40.840566 -137.119362 -9.045806 0.009305 0.644682 0.270920 0.714773
1520616952.418078 -41.313013 -136.982664 -8.175113 0.012464 0.635726 0.280306 0.719114
1520616952.468079 -41.734082 -137.887299 -8.240968 -0.004957 0.601088 0.332552 0.726690
1520616952.516941 -42.263241 -138.386081 -8.927413 -0.015321 0.559211 0.369135 0.742151
1520616952.566942 -42.671404 -139.066150 -9.536436 -0.018364 0.515197 0.413563 0.750467
1520616952.616944 -43.302319 -139.449102 -8.861681 -0.013976 0.499761 0.440198 0.745835
1520616952.666946 -43.672940 -140.027041 -8.134614 -0.019702 0.488899 0.460044 0.740911
1520616952.716947 -44.002076 -140.652342 -7.427035 -0.027287 0.480069 0.474684 0.737200
1520616952.766949 -44.092775 -141.340975 -6.707620 -0.043212 0.474310 0.491660 0.728995
1520616952.816950 -44.451651 -142.007403 -6.054105 -0.044330 0.471498 0.498596 0.726035
1520616952.866952 -44.678559 -142.811220 -5.504203 -0.045149 0.454875 0.513597 0.726132
1520616952.915788 -44.990131 -143.637148 -5.034346 -0.041071 0.438862 0.527657 0.726149
1520616952.965789 -45.380638 -144.418276 -4.547168 -0.035652 0.431324 0.537098 0.724026
1520616953.015790 -45.452053 -145.159382 -3.879588 -0.044505 0.426012 0.547422 0.718931
1520616953.065792 -45.565682 -146.026317 -3.394294 -0.044730 0.418219 0.559982 0.713801
1520616953.115794 -45.648653 -146.946633 -3.012018 -0.045825 0.410043 0.571922 0.708992
1520616953.165795 -45.488294 -147.707659 -2.383429 -0.068741 0.404530 0.580691 0.703156
1520616953.215796 -45.563746 -148.640679 -2.031604 -0.065068 0.390705 0.596110 0.698405
1520616953.265799 -45.683272 -149.553038 -1.640049 -0.069477 0.383363 0.603007 0.696124
1520616953.315801 -45.709532 -150.459027 -1.217563 -0.079983 0.374253 0.608753 0.694951
1520616953.365205 -45.940154 -151.347546 -0.820894 -0.083699 0.363884 0.616583 0.693114
1520616953.415206 -46.313920 -152.134348 -0.329729 -0.077588 0.348885 0.619968 0.698498
1520616953.465208 -46.537624 -153.094080 -0.159814 -0.075791 0.334943 0.627529 0.698768
1520616953.515210 -46.923295 -153.937845 0.213439 -0.071523 0.328626 0.627878 0.701897
1520616953.565211 -46.736259 -153.523935 1.104335 -0.057189 0.293881 0.635641 0.711565
1520616953.615213 -47.200764 -154.404767 1.195821 -0.051296 0.284885 0.637188 0.714284
1520616953.665214 -47.759703 -155.232324 1.248135 -0.045469 0.275763 0.642335 0.713648
1520616953.715215 -48.076832 -155.571834 0.362606 -0.035819 0.249335 0.653614 0.713679
1520616953.765325 -48.628271 -156.387303 0.538464 -0.033875 0.259140 0.660356 0.704009
1520616953.815324 -48.383781 -157.351315 0.434040 -0.050602 0.255709 0.675474 0.689774
1520616953.865325 -48.394492 -158.348467 0.359384 -0.063950 0.260812 0.684728 0.677521
1520616953.915349 -48.592307 -158.910014 -0.444067 -0.053723 0.244823 0.698155 0.670638
1520616953.965328 -48.741524 -159.898819 -0.443963 -0.060275 0.247782 0.706417 0.660262
1520616954.015330 -49.111559 -160.772697 -0.759259 -0.055070 0.239477 0.713306 0.656364
1520616954.065331 -49.350880 -161.253113 -1.603016 -0.039493 0.218668 0.721373 0.655931
1520616954.115334 -49.563693 -162.203794 -1.828662 -0.035012 0.216309 0.729329 0.648124
1520616954.165451 -49.553726 -162.537162 -2.771406 -0.015940 0.199364 0.746336 0.634809
1520616954.215452 -49.351756 -162.999164 -3.634981 -0.006928 0.187840 0.763791 0.617488
1520616954.265455 -49.192238 -163.797127 -4.216195 -0.009631 0.187849 0.779387 0.597642
1520616954.315456 -49.484051 -164.438910 -4.925392 -0.005277 0.192918 0.795956 0.573768
1520616954.365458 -49.921597 -164.951453 -5.664210 0.002262 0.198384 0.811885 0.549073
1520616954.415458 -49.952974 -165.293304 -6.603441 0.000599 0.192822 0.829420 0.524292
1520616954.465461 -50.514389 -165.620353 -7.363607 0.003672 0.195959 0.841811 0.502932
1520616954.515461 -51.148373 -165.665424 -8.135638 0.004166 0.197343 0.853736 0.481843
1520616954.565722 -51.873840 -165.453770 -8.790544 0.006305 0.199691 0.867288 0.455955
1520616954.615724 -52.534972 -165.125265 -9.465072 0.005954 0.202530 0.878503 0.432641
1520616954.665725 -52.609145 -165.696293 -10.282645 -0.018749 0.214701 0.886135 0.410265
1520616954.715727 -53.176831 -165.364631 -11.036126 -0.025044 0.216389 0.890226 0.400058
1520616954.765728 -53.885962 -165.143511 -11.705632 -0.032052 0.218733 0.890606 0.397429
1520616954.815730 -53.801692 -165.626508 -12.577189 -0.063279 0.223552 0.888708 0.395244
1520616954.865732 -53.626551 -166.165677 -13.400975 -0.103312 0.226229 0.880748 0.403025
1520616954.915733 -54.234983 -165.996907 -14.176427 -0.117386 0.217919 0.869738 0.426951
1520616954.966293 -54.731769 -166.429858 -14.928596 -0.136828 0.216743 0.853982 0.452786
1520616955.016294 -55.250052 -167.012284 -15.554825 -0.152804 0.215271 0.836006 0.481045
1520616955.066296 -55.191887 -167.679045 -16.297823 -0.167580 0.214357 0.817788 0.507140
1520616955.116297 -54.838588 -167.972743 -17.186035 -0.175229 0.207914 0.799800 0.535151
1520616955.166299 -54.629778 -168.343481 -18.090995 -0.180083 0.204399 0.776253 0.568526
1520616955.216300 -54.180498 -168.704429 -18.908225 -0.171464 0.184734 0.766050 0.591304
1520616955.266302 -54.105914 -169.549797 -19.437176 -0.168977 0.178414 0.745474 0.619584
1520616955.316307 -54.359238 -170.327685 -20.012256 -0.158351 0.165243 0.735193 0.638053
1520616955.366152 -54.791515 -171.196900 -20.252260 -0.152222 0.158703 0.724877 0.652837
1520616955.416153 -55.443941 -171.945660 -20.369305 -0.137965 0.158547 0.717260 0.664355
1520616955.466154 -55.561835 -171.816374 -21.353879 -0.119395 0.106739 0.707290 0.688544
1520616955.516156 -55.372704 -171.509702 -22.286714 -0.088980 0.045080 0.704852 0.702306
1520616955.566158 -55.130034 -171.392342 -23.249698 -0.065733 -0.004082 0.703890 0.707249
1520616955.616159 -55.222624 -172.380299 -23.373666 -0.067070 -0.017377 0.701930 0.708868
1520616955.666160 -55.447153 -173.261426 -23.789842 -0.050458 -0.037032 0.710072 0.701342
1520616955.716162 -55.739262 -174.202646 -23.959481 -0.037007 -0.049073 0.715638 0.695762
1520616955.766163 -56.113234 -175.087008 -24.238850 -0.018627 -0.058866 0.723897 0.687139
1520616955.816668 -56.066753 -174.780365 -25.189539 0.006867 -0.097613 0.731192 0.675116
1520616955.866670 -56.306272 -175.643556 -25.633985 0.016728 -0.112783 0.744260 0.658086
1520616955.916671 -55.953581 -175.338053 -26.518450 0.031412 -0.156803 0.767760 0.620460
1520616955.966673 -56.092491 -175.782751 -27.403292 0.031576 -0.173320 0.785843 0.592802
1520616956.016674 -56.045554 -176.258552 -28.281592 0.025572 -0.194294 0.801539 0.564917
1520616956.066676 -56.292616 -175.977212 -29.208850 0.035087 -0.224921 0.811228 0.538599
1520616956.116677 -55.827764 -175.220106 -29.667874 0.034309 -0.264639 0.826591 0.495515
1520616956.166679 -55.850761 -175.435710 -30.644084 0.033256 -0.275801 0.843815 0.459135
1520616956.217822 -55.709341 -175.187722 -31.602470 0.031426 -0.287896 0.857567 0.425096
1520616956.267824 -55.601131 -174.824573 -32.527896 0.026395 -0.290703 0.872457 0.391936
1520616956.317826 -55.249002 -174.060517 -33.068473 0.019450 -0.290069 0.882177 0.370465
1520616956.367828 -55.370912 -173.243501 -33.632054 0.016174 -0.278864 0.893044 0.352768
1520616956.417829 -55.664132 -172.711280 -34.426260 0.014449 -0.251956 0.904640 0.343418
1520616956.467830 -55.737032 -172.150923 -35.251296 0.019632 -0.224249 0.909799 0.348701
1520616956.517832 -55.557532 -171.243707 -35.631741 0.031407 -0.220393 0.908409 0.353883
1520616956.567834 -55.717712 -171.250906 -36.618803 0.044132 -0.211650 0.903750 0.369450
1520616956.616280 -55.692130 -171.258962 -37.618443 0.053644 -0.212904 0.890902 0.397603
1520616956.666282 -55.240677 -171.149238 -38.503966 0.063205 -0.228864 0.868967 0.434191
1520616956.716284 -55.234142 -171.444676 -39.459305 0.084088 -0.234758 0.850736 0.462673
1520616956.766286 -54.917224 -170.547594 -39.767214 0.121894 -0.294591 0.821108 0.473433
1520616956.816287 -55.531353 -169.823018 -40.080000 0.188938 -0.317747 0.785000 0.497107
1520616956.866288 -56.207130 -169.099060 -39.941396 0.265987 -0.334523 0.741385 0.517391
1520616956.916289 -56.248000 -169.274315 -40.925071 0.299228 -0.333419 0.715963 0.535436
1520616956.966292 -56.160674 -169.274329 -41.921250 0.316404 -0.335376 0.697768 0.548208
1520616957.016061 -56.169301 -168.793177 -42.797846 0.335761 -0.352770 0.678923 0.549438
1520616957.066063 -55.960647 -167.901983 -43.200630 0.352723 -0.384746 0.658566 0.542077
1520616957.116065 -55.827978 -167.221435 -43.921223 0.354848 -0.414708 0.643621 0.536519
1520616957.166066 -55.552054 -166.275187 -44.089988 0.363221 -0.448686 0.628708 0.521035
1520616957.216068 -56.134791 -166.109381 -44.885554 0.376643 -0.468642 0.621964 0.501674
1520616957.266068 -55.617445 -165.254161 -44.854689 0.382940 -0.510780 0.617179 0.459945
1520616957.316071 -55.874260 -165.384552 -45.812314 0.390783 -0.526724 0.613936 0.439242
1520616957.366072 -56.196776 -165.434318 -46.757569 0.387833 -0.534529 0.621954 0.420758
1520616957.416188 -56.169561 -164.434707 -46.763541 0.384976 -0.576090 0.605398 0.391671
1520616957.466190 -56.333382 -163.466261 -46.575721 -0.379435 0.609520 -0.585453 -0.376508
1520616957.516191 -56.774135 -163.338799 -47.464254 -0.354486 0.612511 -0.606264 -0.362786
1520616957.566193 -57.183984 -162.726125 -48.140016 -0.319984 0.631824 -0.613979 -0.348480
1520616957.616194 -57.539307 -161.996364 -48.724134 -0.288199 0.646976 -0.618770 -0.339834
1520616957.666196 -57.541661 -161.161746 -49.274958 -0.251998 0.656155 -0.626268 -0.337263
1520616957.716197 -57.668109 -160.303024 -48.778362 -0.225451 0.668141 -0.631181 -0.323064
1520616957.766199 -57.716682 -159.457754 -48.246235 -0.201582 0.671541 -0.642206 -0.309790
1520616957.816200 -57.916829 -158.576218 -47.818642 -0.181326 0.671088 -0.655576 -0.294927
1520616957.867723 -58.172437 -157.756523 -47.306038 -0.166882 0.667632 -0.666301 -0.287160
1520616957.917725 -57.930633 -156.813098 -47.079144 0.150166 -0.661420 0.672890 0.295286
1520616957.967726 -58.047597 -156.027454 -46.471622 0.132829 -0.658395 0.677102 0.300674
1520616958.017728 -57.601129 -155.133783 -46.516548 0.108466 -0.648369 0.682835 0.318730
1520616958.067729 -57.169007 -154.272417 -46.249492 0.091215 -0.640948 0.684081 0.336004
1520616958.117731 -56.768864 -153.379714 -46.456777 0.074503 -0.625341 0.692726 0.351465
1520616958.167732 -56.618305 -152.415720 -46.237580 0.067641 -0.611960 0.698306 0.365100
1520616958.217733 -56.316474 -151.476391 -46.400548 0.064624 -0.590018 0.701904 0.393742
1520616958.267895 -55.905278 -150.631633 -46.743043 0.065157 -0.566978 0.699275 0.430471
1520616958.317896 -55.373798 -149.860724 -47.094082 0.069520 -0.544938 0.688286 0.473786
1520616958.367898 -54.913260 -149.110731 -47.568861 0.073995 -0.525966 0.675314 0.511699
1520616958.417900 -54.450162 -148.350036 -48.023706 0.080839 -0.509701 0.656083 0.550659
1520616958.467901 -54.068802 -147.548562 -48.484361 0.090171 -0.495515 0.636613 0.584002
1520616958.517902 -53.535912 -146.857928 -48.973292 0.100644 -0.486419 0.613542 0.613867
1520616958.567904 -53.095371 -146.304525 -49.680165 0.114699 -0.480053 0.590091 0.638894
1520616958.617906 -52.402228 -145.812195 -50.206628 0.127577 -0.481838 0.564483 0.657962
1520616958.668427 -52.016622 -145.023226 -50.684997 0.150078 -0.488393 0.538220 0.670274
1520616958.718429 -51.575402 -144.222317 -51.089805 0.176852 -0.502541 0.514002 0.672293
1520616958.768430 -51.139301 -143.383503 -51.415698 0.204650 -0.521686 0.495202 0.663880
1520616958.818432 -50.768527 -142.457689 -51.489151 0.233473 -0.545422 0.482101 0.644658
1520616958.868433 -50.137562 -141.705004 -51.677161 0.249814 -0.577929 0.478202 0.612302
1520616958.918525 -49.978305 -141.592289 -52.657943 0.261460 -0.585875 0.475135 0.602192
1520616958.968436 -49.399358 -140.817626 -52.403546 0.269913 -0.622082 0.469080 0.565795
1520616959.018438 -49.614596 -140.635687 -53.363010 0.273855 -0.642778 0.465114 0.543607
1520616959.068472 -49.858213 -140.291794 -54.269866 0.267494 -0.662518 0.468925 0.519255
1520616959.118473 -50.102748 -139.995783 -55.193219 0.249265 -0.668541 0.488306 0.502471
1520616959.168475 -49.851995 -139.081094 -55.510185 -0.226834 0.686536 -0.490759 -0.486180
1520616959.218476 -49.692379 -138.102320 -55.381644 -0.205418 0.700900 -0.495852 -0.469758
1520616959.268478 -49.499875 -137.230498 -54.931235 -0.176142 0.712369 -0.505104 -0.454284
1520616959.318479 -49.304099 -136.358677 -54.482235 -0.138898 0.722756 -0.516177 -0.438056
1520616959.368481 -48.447172 -135.843291 -54.474972 -0.086558 0.726016 -0.518877 -0.442918
1520616959.418482 -47.952513 -134.982955 -54.351949 -0.035708 0.733543 -0.522806 -0.432797
1520616959.467777 -48.466204 -134.167260 -54.617964 -0.004771 0.728777 -0.539562 -0.421586
1520616959.517779 -47.556251 -133.754029 -54.582969 0.048774 0.726901 -0.532318 -0.431131
1520616959.567780 -46.657515 -133.334626 -54.710934 0.098803 0.721383 -0.523043 -0.443024
1520616959.617782 -45.731326 -132.966137 -54.630991 0.139114 0.712384 -0.503127 -0.469063
1520616959.667783 -46.060703 -132.056828 -54.885289 0.149420 0.703597 -0.506528 -0.475452
1520616959.717785 -45.168533 -131.609465 -54.822852 -0.171871 -0.693478 0.482288 0.506899
1520616959.767786 -44.207639 -131.334954 -54.786434 -0.187546 -0.684138 0.457383 0.536267
1520616959.817788 -43.256858 -131.193286 -54.510852 -0.188578 -0.674643 0.426080 0.572496
1520616959.867023 -42.295599 -131.009203 -54.305679 -0.180776 -0.666437 0.390881 0.608600
1520616959.917025 -41.297205 -131.004509 -54.362126 -0.169367 -0.659399 0.359236 0.638324
1520616959.967026 -40.411056 -131.402866 -54.598881 -0.153113 -0.652675 0.325170 0.666961
1520616960.017028 -39.428101 -131.494836 -54.758065 -0.126693 -0.651888 0.293522 0.687630
1520616960.067029 -38.518694 -131.248995 -55.093537 -0.098138 -0.654859 0.266198 0.700476
1520616960.117031 -37.790204 -131.234643 -55.778443 -0.074798 -0.657755 0.243208 0.708952
1520616960.167033 -37.275203 -131.454878 -56.606857 -0.056793 -0.653203 0.219810 0.722346
1520616960.217033 -36.445472 -131.287565 -57.139355 -0.026377 -0.665022 0.197114 0.719858
1520616960.267035 -35.571261 -131.101909 -57.588004 0.006220 -0.682645 0.175201 0.709410
1520616960.316322 -35.037037 -131.179374 -58.429790 0.033083 -0.689362 0.156111 0.706623
1520616960.366325 -34.839207 -130.968794 -59.387140 0.059296 -0.692588 0.145747 0.703962
1520616960.416326 -34.559720 -130.858562 -60.340941 0.070620 -0.692569 0.135801 0.704925
1520616960.466327 -35.504911 -131.163358 -60.223831 0.073798 -0.717983 0.123742 0.680986
1520616960.516329 -35.423150 -130.712547 -61.112699 0.076319 -0.734947 0.121524 0.662767
1520616960.566392 -35.664813 -131.105421 -60.225428 0.070611 -0.758294 0.119865 0.636897
1520616960.616332 -36.334655 -131.818045 -60.016914 0.058055 -0.779538 0.118715 0.612256
1520616960.666333 -37.050271 -132.485516 -60.222770 0.039440 -0.797276 0.120935 0.590060
1520616960.717010 -36.119632 -132.210979 -59.980819 0.009734 -0.808956 0.129283 0.573394
1520616960.767012 -35.431540 -132.869139 -59.675278 -0.030217 -0.815505 0.129793 0.563198
1520616960.817013 -34.985044 -132.012131 -59.418024 -0.063933 -0.818950 0.145089 0.551528
1520616960.867015 -34.269243 -132.127482 -58.729313 -0.101139 -0.819110 0.150926 0.544105
1520616960.917016 -33.562433 -131.861524 -58.073809 -0.135601 -0.816504 0.158791 0.538256
1520616960.967018 -32.962572 -131.063892 -58.010953 -0.166970 -0.806696 0.182201 0.536810
1520616961.017019 -32.265423 -131.042962 -57.294333 -0.205847 -0.796109 0.189790 0.536487
1520616961.067021 -31.310434 -131.244233 -57.076422 -0.242301 -0.774632 0.199986 0.548855
1520616961.121178 -30.446079 -131.191904 -56.576269 -0.271016 -0.752325 0.211300 0.562059
1520616961.171179 -30.346819 -130.877871 -55.632060 -0.292977 -0.739869 0.211530 0.567462
1520616961.221181 -29.381270 -130.900872 -55.372858 -0.299422 -0.716381 0.192076 0.600209
1520616961.271182 -28.385466 -130.809890 -55.363040 -0.297765 -0.695762 0.160829 0.633549
1520616961.321184 -29.253638 -131.300596 -55.288982 -0.297893 -0.677097 0.115740 0.662875
1520616961.371186 -29.077430 -130.316445 -55.269046 -0.257569 -0.678812 0.099583 0.680408
1520616961.421187 -28.906562 -130.094411 -54.309096 -0.251981 -0.716601 0.060469 0.647559
1520616961.471189 -28.482957 -129.193319 -54.216402 -0.218458 -0.724561 0.042782 0.652271
1520616961.523094 -29.018125 -128.425427 -54.568450 -0.196283 -0.724633 0.000082 0.660590
1520616961.573097 -28.059702 -128.661213 -54.729171 -0.172751 -0.728033 -0.032553 0.662620
1520616961.623098 -27.288140 -129.163318 -55.119789 -0.146056 -0.731628 -0.054424 0.663646
1520616961.673099 -26.549668 -128.508657 -55.281278 -0.103175 -0.740680 -0.070528 0.660132
1520616961.723102 -25.566730 -128.679932 -55.214214 -0.073032 -0.750058 -0.080892 0.652332
1520616961.773103 -25.411231 -129.035310 -56.135912 -0.049409 -0.749271 -0.100590 0.652712
1520616961.823104 -24.941290 -129.239675 -56.994626 -0.026341 -0.753950 -0.126573 0.644085
1520616961.873106 -23.978330 -129.299298 -56.731655 -0.010037 -0.780090 -0.146889 0.608097
1520616961.923438 -23.233350 -129.398050 -56.071919 0.005578 -0.807956 -0.175997 0.562317
1520616961.973439 -22.496043 -129.114285 -56.684990 0.013235 -0.814773 -0.188595 0.548088
1520616962.023441 -21.694959 -129.429307 -56.176044 0.006722 -0.838674 -0.210237 0.502376
1520616962.073442 -21.110565 -128.798310 -56.686266 -0.013365 0.847829 0.207005 -0.488012
1520616962.123444 -20.404457 -128.560206 -57.353138 -0.009163 0.845707 0.217727 -0.487126
1520616962.173445 -19.696794 -129.081344 -56.876034 0.012609 0.867716 0.234769 -0.437942
1520616962.223482 -18.727628 -128.929941 -57.070444 0.022239 0.880371 0.249455 -0.402770
1520616962.273449 -17.900821 -128.481764 -57.410337 0.028168 0.884767 0.251237 -0.391503
1520616962.323450 -16.953980 -128.166654 -57.475124 0.040672 0.890704 0.260553 -0.370277
1520616962.374008 -16.420701 -127.346886 -57.683913 0.061481 0.898721 0.227431 -0.369858
1520616962.424009 -15.442867 -127.258655 -57.873796 0.097852 0.899085 0.234895 -0.356224
1520616962.474010 -14.492499 -127.326475 -57.570151 0.131833 0.898648 0.239546 -0.343029
1520616962.524012 -13.494027 -127.271217 -57.569003 0.163741 0.892244 0.240743 -0.345156
1520616962.574013 -12.496434 -127.204792 -57.549101 0.195440 0.883547 0.240109 -0.351419
1520616962.624014 -11.645963 -127.073652 -57.039688 0.226409 0.877108 0.239445 -0.349409
1520616962.674017 -11.384202 -127.645499 -56.262211 0.262243 0.866858 0.246037 -0.345329
1520616962.724019 -10.409751 -127.856625 -56.338830 0.285781 0.854306 0.244305 -0.358894
1520616962.770085 -10.123555 -128.437245 -55.576615 0.316754 0.843672 0.241007 -0.360277
1520616962.820087 -9.544446 -129.126493 -55.141219 0.341578 0.831109 0.234044 -0.371222
1520616962.870089 -9.125501 -129.348040 -54.260650 0.357019 0.821561 0.224157 -0.383833
1520616962.920090 -8.557476 -130.024471 -53.791833 0.362382 0.811689 0.218738 -0.402485
1520616962.970091 -8.339462 -130.991330 -53.658968 0.365728 0.801025 0.217004 -0.421321
1520616963.020093 -7.984283 -131.830182 -53.246446 0.369149 0.791234 0.218773 -0.435680
1520616963.070095 -7.606481 -132.690536 -52.904309 0.362679 0.783829 0.229855 -0.448602
1520616963.120096 -7.243215 -133.367870 -52.264578 0.349790 0.778677 0.249025 -0.457488
1520616963.166458 -7.064281 -134.122344 -51.633111 0.332293 0.776397 0.277592 -0.457965
1520616963.216459 -6.627305 -134.786438 -51.026455 0.310452 0.775636 0.305593 -0.456751
1520616963.266462 -6.070342 -135.604160 -50.881120 0.286479 0.773819 0.337483 -0.453034
1520616963.316463 -5.670952 -135.370928 -49.994502 0.254796 0.784750 0.352134 -0.441870
1520616963.366464 -5.591261 -135.204122 -49.011738 0.224546 0.803539 0.357278 -0.419828
1520616963.416466 -5.244336 -135.964104 -48.462128 0.196054 0.805113 0.380688 -0.410404
1520616963.466468 -5.394380 -136.698364 -47.800049 0.171284 0.808775 0.403769 -0.391811
1520616963.516469 -5.532732 -137.127284 -46.907364 0.140329 0.815741 0.417971 -0.374399
1520616963.565768 -5.900123 -137.502189 -46.056206 0.112951 0.825305 0.424309 -0.355071
1520616963.615774 -6.156475 -136.548820 -46.215490 0.065418 0.822709 0.435100 -0.359943
1520616963.665772 -6.650726 -137.339471 -45.854122 0.037303 0.821709 0.444106 -0.355207
1520616963.715773 -6.585376 -136.545898 -46.459079 0.011000 0.820611 0.433657 -0.372045
1520616963.765775 -7.325873 -137.213231 -46.379509 -0.019164 0.810402 0.440568 -0.385723
1520616963.815776 -7.544015 -136.239603 -46.446308 -0.066822 0.793342 0.437920 -0.417576
1520616963.865787 -7.736486 -137.098360 -45.971449 -0.068331 0.791230 0.428871 -0.430530
1520616963.915779 -8.050528 -136.356354 -46.563737 -0.074357 0.782595 0.401564 -0.469853
1520616963.965763 -8.616191 -135.801060 -47.173387 -0.075164 0.778871 0.375453 -0.496734
1520616964.015764 -7.991776 -136.370636 -46.638888 0.072761 -0.781240 -0.354522 0.508610
1520616964.065766 -7.072995 -136.089855 -46.916382 0.074690 -0.777783 -0.330475 0.529397
1520616964.115767 -7.061010 -136.837799 -46.252728 0.072729 -0.780505 -0.324645 0.529271
1520616964.165769 -7.066157 -137.683474 -45.719054 0.078182 -0.775425 -0.317000 0.540477
1520616964.215770 -7.808291 -137.045044 -45.514982 0.107566 -0.758064 -0.318019 0.559136
1520616964.265772 -7.211746 -137.311743 -44.758011 0.110439 -0.752484 -0.298652 0.576522
1520616964.315774 -7.500608 -138.158711 -45.204334 0.109432 -0.743625 -0.295884 0.589490
1520616964.367579 -8.287866 -138.252001 -45.813860 0.108418 -0.737061 -0.285417 0.602929
1520616964.417581 -9.075237 -138.395249 -46.413466 0.105308 -0.727587 -0.276041 0.619136
1520616964.467582 -9.629017 -138.276875 -45.589261 0.110870 -0.723891 -0.266266 0.626731
1520616964.517583 -8.922198 -138.300999 -44.882278 0.111227 -0.721207 -0.247109 0.637515
1520616964.567585 -8.338843 -138.263898 -44.070909 0.109615 -0.714976 -0.234526 0.649455
1520616964.617587 -8.811891 -138.523512 -44.912826 0.114093 -0.700815 -0.233758 0.664227
1520616964.667588 -8.364700 -138.647733 -44.027056 0.117375 -0.697250 -0.228438 0.669240
1520616964.717590 -8.145569 -137.720659 -44.331218 0.145644 -0.670868 -0.207139 0.697006
1520616964.767591 -8.974719 -138.204461 -44.611302 0.147130 -0.657300 -0.200362 0.711453
1520616964.819689 -8.839447 -137.214437 -44.650730 0.181874 -0.634831 -0.168258 0.731847
1520616964.869690 -9.530865 -137.698066 -45.187428 0.184115 -0.623013 -0.154493 0.744371
1520616964.919692 -10.080234 -138.025873 -45.956021 0.184565 -0.606153 -0.139799 0.760901
1520616964.969694 -10.821741 -138.291144 -45.339743 0.199014 -0.586992 -0.143707 0.771481
1520616965.019695 -10.157043 -137.546425 -45.279993 0.208253 -0.567910 -0.138280 0.784212
1520616965.069696 -9.625575 -136.861232 -45.778042 0.215238 -0.547662 -0.133557 0.797434
1520616965.119698 -9.878594 -136.676506 -46.727704 0.222574 -0.525810 -0.126715 0.811128
1520616965.169699 -8.879820 -136.704637 -46.686979 0.227197 -0.512097 -0.148310 0.814949
1520616965.221405 -8.778777 -136.058705 -47.443658 0.235177 -0.494165 -0.143881 0.824494
1520616965.271407 -9.132956 -136.775200 -46.842665 0.240168 -0.477851 -0.140889 0.833144
1520616965.321408 -9.476596 -137.131782 -45.973895 0.245518 -0.461319 -0.144773 0.840206
1520616965.371409 -8.740211 -136.538501 -46.299095 0.245303 -0.454874 -0.143338 0.844021
1520616965.421411 -9.199330 -137.236435 -45.749461 0.240459 -0.446460 -0.144397 0.849707
1520616965.471413 -8.596031 -136.559177 -46.170592 0.235581 -0.438980 -0.145386 0.854787
1520616965.521414 -8.869235 -137.382172 -45.672558 0.232672 -0.430533 -0.150529 0.858979
1520616965.571416 -8.009558 -136.944073 -45.409835 0.236600 -0.425476 -0.157864 0.859110
1520616965.624039 -8.325693 -137.651232 -44.777392 0.239234 -0.417531 -0.168217 0.860313
1520616965.674042 -7.374850 -137.814913 -45.040270 0.243784 -0.419335 -0.185168 0.854658
1520616965.724042 -6.936817 -137.176728 -45.673396 0.250854 -0.420584 -0.200353 0.848551
1520616965.774044 -6.713920 -136.371272 -46.222539 0.259706 -0.419710 -0.215426 0.842608
1520616965.824045 -6.063254 -135.742949 -46.648970 0.263059 -0.422113 -0.233215 0.835602
1520616965.874047 -5.598718 -134.922422 -46.982050 0.265107 -0.422927 -0.247443 0.830436
1520616965.924049 -5.193875 -134.057757 -47.279465 0.266527 -0.422341 -0.259215 0.826680
1520616965.974050 -4.825753 -133.242907 -47.727244 0.262840 -0.422881 -0.267582 0.824917
1520616966.024122 -4.355551 -132.506933 -48.214329 0.255609 -0.425919 -0.277231 0.822435
1520616966.074123 -4.043490 -131.744269 -48.780864 0.253986 -0.427274 -0.292523 0.816920
1520616966.124125 -3.639317 -130.911310 -49.158784 0.257860 -0.425525 -0.312760 0.809085
1520616966.174126 -2.891448 -131.490824 -49.482599 0.224095 -0.448237 -0.351663 0.790695
1520616966.224128 -2.142797 -130.924550 -49.827354 0.220049 -0.450262 -0.374116 0.780308
1520616966.274129 -1.865198 -129.964035 -49.846074 0.224514 -0.451862 -0.384374 0.773092
1520616966.324131 -1.788936 -129.016929 -49.534347 0.240580 -0.457656 -0.383851 0.765069
1520616966.374133 -1.051220 -128.451545 -49.903287 0.229310 -0.464923 -0.392965 0.759501
1520616966.424134 -0.273072 -129.073512 -49.990711 0.197519 -0.494387 -0.413805 0.738467
1520616966.474136 0.525279 -128.615193 -50.381324 0.185098 -0.506948 -0.412963 0.733624
1520616966.524137 1.439351 -128.931579 -50.635041 0.164285 -0.522441 -0.425066 0.720684
1520616966.574138 2.162406 -129.451481 -51.089897 0.127333 -0.540236 -0.433892 0.709696
1520616966.624140 3.068263 -129.440411 -51.513336 0.102866 -0.550270 -0.439317 0.702582
1520616966.674143 3.619364 -128.620255 -51.667064 0.092890 -0.561931 -0.424411 0.703904
1520616966.724144 4.411596 -129.125378 -52.009438 0.053539 -0.581101 -0.429543 0.689165
1520616966.774146 4.968813 -129.696590 -52.612120 0.005657 -0.597507 -0.433702 0.674431
1520616966.823094 5.658713 -129.063617 -52.963380 -0.008499 -0.612959 -0.420909 0.668614
1520616966.873099 6.204928 -128.474445 -53.558800 -0.022652 -0.620439 -0.409815 0.668276
1520616966.923097 7.051583 -128.986042 -53.705235 -0.058536 -0.642875 -0.408388 0.645372
1520616966.973099 7.564561 -128.211956 -54.076239 -0.065300 -0.656585 -0.398453 0.637078
1520616967.023100 8.384240 -127.859063 -54.527452 -0.076797 -0.667547 -0.391707 0.628529
1520616967.073102 9.070364 -127.138353 -54.626506 -0.096283 -0.683887 -0.390754 0.608555
1520616967.123103 9.907435 -126.715930 -54.974170 -0.095707 -0.683554 -0.375957 0.618264
1520616967.173105 9.677372 -125.805947 -54.629205 -0.127657 -0.693425 -0.370422 0.604693
1520616967.223106 10.384635 -125.159004 -54.914238 -0.142424 -0.695214 -0.336379 0.619065
1520616967.270091 11.237874 -124.726507 -55.205664 -0.165990 -0.697783 -0.311469 0.623325
1520616967.320092 11.934607 -124.200875 -55.693797 -0.179300 -0.703020 -0.296746 0.620932
1520616967.370094 12.687393 -123.589061 -55.936693 -0.186357 -0.701717 -0.266053 0.634098
1520616967.420095 13.540890 -123.078562 -56.041248 -0.204332 -0.697193 -0.240820 0.643565
1520616967.470097 14.412213 -123.568967 -56.023938 -0.253666 -0.681186 -0.227554 0.647964
1520616967.520099 15.383275 -123.741784 -55.859097 -0.278934 -0.669774 -0.212133 0.654674
1520616967.570100 16.207302 -124.297849 -55.750603 -0.311931 -0.653044 -0.204290 0.659165
1520616967.620102 16.773146 -125.014367 -55.342652 -0.339351 -0.643350 -0.193562 0.658388
1520616967.668640 17.406976 -125.561407 -54.795838 -0.359310 -0.634921 -0.181354 0.659456
1520616967.718642 18.128944 -126.022958 -54.280346 -0.369978 -0.626769 -0.167512 0.664993
1520616967.768642 18.844336 -126.562796 -53.836737 -0.381592 -0.618167 -0.151113 0.670390
1520616967.818645 19.620583 -126.901922 -53.305292 -0.393132 -0.607238 -0.133772 0.677358
1520616967.868646 19.900410 -127.639486 -53.919862 -0.406491 -0.566111 -0.137035 0.703921
1520616967.918647 20.874342 -127.770575 -53.734737 -0.414360 -0.553520 -0.125193 0.711511
1520616967.968650 21.868613 -127.852889 -53.666541 -0.417998 -0.542025 -0.123380 0.718515
1520616968.018651 22.618056 -127.651042 -53.035991 -0.414406 -0.544394 -0.126614 0.718243
1520616968.068083 23.514950 -127.747860 -52.604475 -0.410922 -0.539917 -0.136315 0.721838
1520616968.118084 24.452429 -127.782919 -52.258203 -0.407098 -0.533306 -0.141828 0.727833
1520616968.168086 25.094187 -128.535747 -52.111928 -0.415207 -0.513859 -0.151861 0.735180
1520616968.218088 26.070244 -128.722926 -52.001130 -0.417907 -0.498463 -0.155398 0.743465
1520616968.268089 27.007786 -128.664859 -51.658138 -0.421597 -0.487451 -0.153272 0.749103
1520616968.318091 27.800701 -129.272256 -51.706648 -0.426942 -0.462317 -0.166753 0.759063
1520616968.368093 28.735301 -129.189784 -51.360639 -0.427178 -0.447956 -0.166512 0.767547
1520616968.418094 28.716696 -129.928668 -52.034215 -0.431656 -0.406213 -0.184486 0.783983
1520616968.468092 29.689210 -129.950459 -51.802395 -0.427732 -0.381090 -0.190853 0.797114
1520616968.518093 30.020761 -130.704816 -52.368982 -0.411086 -0.344748 -0.220318 0.814627
1520616968.568095 30.950411 -130.722365 -52.000957 -0.403197 -0.325364 -0.229696 0.823899
1520616968.618096 31.917210 -130.976559 -51.974778 -0.398438 -0.308655 -0.230976 0.832243
1520616968.668099 32.886264 -131.220887 -51.939588 -0.395745 -0.299038 -0.234823 0.835954
1520616968.718099 32.855389 -130.318805 -51.509131 -0.400426 -0.266777 -0.256474 0.838278
1520616968.768101 33.659462 -130.652264 -52.001341 -0.400973 -0.249649 -0.261471 0.841742
1520616968.818102 34.496184 -130.939242 -52.467752 -0.401255 -0.234199 -0.269940 0.843373
1520616968.868914 35.209979 -131.285261 -53.076660 -0.397087 -0.220251 -0.277909 0.846509
1520616968.918833 35.958699 -131.797645 -53.497231 -0.393933 -0.207411 -0.290935 0.846850
1520616968.968835 36.037236 -130.878645 -53.110876 -0.391456 -0.186613 -0.322477 0.841396
1520616969.018836 36.032241 -129.938268 -52.770780 -0.391966 -0.171298 -0.349865 0.833435
1520616969.068838 36.477003 -130.294282 -53.592632 -0.386897 -0.155444 -0.360775 0.834260
1520616969.118840 36.631791 -131.094117 -54.172549 -0.382056 -0.141206 -0.386126 0.827647
1520616969.168841 37.200807 -131.863032 -53.881016 -0.384014 -0.146083 -0.403239 0.817674
1520616969.218843 37.517495 -132.673401 -54.373977 -0.376615 -0.135446 -0.418053 0.815504
1520616969.268844 37.612794 -133.626438 -54.661446 -0.373197 -0.124070 -0.439034 0.807824
1520616969.321067 37.361210 -134.451888 -55.166755 -0.368336 -0.104268 -0.459675 0.801346
1520616969.371068 37.078072 -135.220450 -55.740467 -0.364986 -0.081208 -0.479610 0.793829
1520616969.421070 37.647808 -135.680792 -56.421265 -0.357111 -0.060624 -0.489624 0.793136
1520616969.471072 37.567323 -136.006665 -57.363247 -0.348094 -0.033031 -0.501709 0.791219
1520616969.521073 37.016158 -136.654266 -57.889394 -0.341797 -0.001841 -0.525039 0.779426
1520616969.571075 37.414540 -137.569301 -57.952662 -0.343729 0.001298 -0.534104 0.772387
1520616969.621077 37.040623 -138.272333 -58.557585 -0.338004 0.030575 -0.552710 0.761137
1520616969.671078 36.398516 -138.828529 -59.085169 -0.331419 0.060128 -0.569796 0.749586
1520616969.720778 36.059687 -139.639582 -59.562021 -0.332249 0.076937 -0.571937 0.746042
1520616969.770780 36.251664 -138.757493 -59.992211 -0.310569 0.099770 -0.586712 0.741190
1520616969.820782 35.923324 -138.103890 -60.674116 -0.300094 0.117666 -0.594528 0.736637
1520616969.870784 36.099976 -138.896204 -61.258096 -0.301078 0.114562 -0.598856 0.733212
1520616969.920785 35.601357 -139.502735 -61.877370 -0.299128 0.129189 -0.606453 0.725292
1520616969.970786 35.033512 -139.818171 -62.637667 -0.300085 0.147198 -0.613912 0.715118
1520616970.020788 35.828494 -139.214220 -62.694646 -0.296764 0.169611 -0.619685 0.706508
1520616970.070790 36.541360 -138.517412 -62.615401 -0.279493 0.199140 -0.635434 0.691701
1520616970.119722 36.266087 -138.755320 -61.683938 -0.281127 0.240495 -0.623319 0.688914
1520616970.169723 36.231179 -139.619167 -62.186481 -0.279942 0.245686 -0.624955 0.686077
1520616970.219724 36.135239 -140.451299 -62.732696 -0.284727 0.250984 -0.634019 0.673764
1520616970.269726 36.932216 -140.908913 -62.338465 -0.275311 0.270925 -0.641050 0.663218
1520616970.319727 37.057872 -141.839228 -62.683028 -0.263009 0.283256 -0.643809 0.660381
1520616970.369729 37.087269 -142.695167 -63.199268 -0.256109 0.282492 -0.644570 0.662674
1520616970.419731 36.732396 -143.391729 -63.822861 -0.238303 0.292194 -0.642150 0.667442
1520616970.469732 37.061743 -142.682094 -63.200006 -0.214793 0.308602 -0.641277 0.668875
1520616970.519142 37.274051 -143.658867 -63.171030 -0.203179 0.326809 -0.638355 0.666646
1520616970.569088 36.332001 -143.992859 -63.202525 -0.188758 0.350154 -0.661547 0.635703
1520616970.619089 36.158502 -143.932139 -64.185486 -0.168265 0.373251 -0.662307 0.627471
1520616970.669091 35.280894 -144.323513 -64.462306 -0.156659 0.400991 -0.671807 0.602777
1520616970.719093 34.684334 -145.052436 -64.798147 -0.172668 0.413998 -0.669504 0.592077
1520616970.769094 34.750341 -145.976702 -65.174145 -0.153454 0.427593 -0.666085 0.591563
1520616970.819096 34.781862 -146.879121 -65.603851 -0.137940 0.435006 -0.665824 0.590272
1520616970.869097 34.741118 -147.740358 -66.110418 -0.125009 0.443937 -0.660457 0.592528
1520616970.919780 35.088109 -148.546962 -66.588944 -0.109514 0.432702 -0.669242 0.594046
1520616970.969781 35.019936 -149.327591 -67.210209 -0.093107 0.443917 -0.667086 0.590987
1520616971.019783 34.357244 -148.721211 -67.649689 -0.065135 0.474475 -0.667665 0.569960
1520616971.069784 35.006754 -149.139965 -67.015039 -0.041196 0.504807 -0.667575 0.545725
1520616971.119786 34.602331 -149.756230 -67.690805 -0.037045 0.510189 -0.663584 0.545885
1520616971.169787 35.180798 -150.529505 -67.431150 -0.016960 0.532616 -0.662728 0.526140
1520616971.219789 34.891075 -151.341817 -67.937321 -0.001308 0.548053 -0.656291 0.518573
1520616971.269791 34.494814 -151.441655 -68.850015 0.007552 0.557953 -0.653203 0.511819
1520616971.319963 35.179247 -152.014419 -68.398913 -0.015688 -0.583023 0.648594 -0.489044
1520616971.369965 34.666535 -152.326705 -69.198665 -0.016798 -0.587258 0.647059 -0.485963
1520616971.419966 34.067176 -152.399964 -69.995786 -0.015774 -0.597553 0.646184 -0.474475
1520616971.469968 34.764694 -153.064450 -69.727595 -0.009126 -0.626979 0.643040 -0.439675
1520616971.519970 34.302823 -153.201290 -70.603923 -0.006889 -0.628017 0.644364 -0.436283
1520616971.569972 34.295756 -153.386427 -71.586610 -0.005141 -0.623297 0.653474 -0.429472
1520616971.619973 34.049840 -153.520050 -72.546647 0.001132 -0.620177 0.659223 -0.425212
1520616971.669975 33.801696 -153.787020 -73.477856 0.004438 -0.620999 0.662503 -0.418845
1520616971.719976 33.671829 -154.184077 -74.386416 0.016011 -0.608689 0.679025 -0.410080
1520616971.769199 33.497611 -154.577374 -75.289170 0.031774 -0.593665 0.696703 -0.401443
1520616971.819201 33.277156 -155.278704 -74.611280 0.030954 -0.608180 0.695101 -0.382092
1520616971.869203 33.055476 -154.875851 -75.499293 0.036624 -0.612362 0.697392 -0.370560
1520616971.919204 33.010178 -154.403023 -76.379283 0.037622 -0.616645 0.698275 -0.361587
1520616971.969206 33.502109 -153.568066 -76.625961 0.036113 -0.629876 0.695977 -0.342883
1520616972.019207 33.193978 -153.402664 -77.562816 0.055343 -0.622022 0.705443 -0.335225
1520616972.069208 33.473373 -152.783281 -78.296508 0.063578 -0.622516 0.708823 -0.325580
1520616972.119210 33.447433 -152.174690 -79.089568 0.079958 -0.614354 0.716694 -0.320197
1520616972.170724 33.645062 -151.312170 -79.555404 0.095192 -0.606934 0.724516 -0.312482
1520616972.220695 33.714044 -150.356881 -79.842917 0.112812 -0.599950 0.726796 -0.314802
1520616972.270697 33.508767 -149.381151 -79.919156 0.139637 -0.596226 0.723182 -0.319412
1520616972.320699 33.304042 -148.421249 -80.110664 0.169614 -0.593066 0.715933 -0.327022
1520616972.370700 33.631952 -147.502457 -80.330431 0.191836 -0.588680 0.714727 -0.325299
1520616972.420702 33.809690 -146.599815 -80.722408 0.214576 -0.583893 0.711892 -0.325939
1520616972.470703 33.948092 -145.696454 -81.128342 0.237421 -0.580346 0.706084 -0.329052
1520616972.520705 34.104307 -144.911497 -81.727875 0.254614 -0.573431 0.703149 -0.334561
1520616972.572062 33.548579 -144.563421 -82.482866 0.305292 -0.553558 0.698697 -0.334953
1520616972.622064 32.912018 -143.868615 -82.817579 0.334834 -0.547303 0.685368 -0.344408
1520616972.672066 31.948597 -144.067094 -82.997653 0.420667 -0.515349 0.651976 -0.363844
1520616972.722067 30.967177 -144.190628 -82.850841 0.468872 -0.501855 0.624391 -0.372071
1520616972.772069 30.140054 -144.154646 -83.411710 0.512668 -0.473549 0.612737 -0.370778
1520616972.822070 29.934546 -143.477849 -84.118613 0.527151 -0.464700 0.609521 -0.366947
1520616972.872072 29.037651 -143.606217 -83.695410 0.561519 -0.463221 0.576487 -0.371194
1520616972.922073 28.066238 -143.369694 -83.675081 0.579131 -0.466988 0.554507 -0.372895
1520616972.970899 27.079241 -143.521180 -83.728839 0.599219 -0.465506 0.537748 -0.367515
1520616973.020900 26.097860 -143.405462 -83.882135 0.606588 -0.472768 0.518178 -0.374210
1520616973.070902 25.124038 -143.311177 -83.675298 0.611850 -0.478111 0.499430 -0.384212
1520616973.120904 24.336715 -143.900372 -83.856880 0.622444 -0.467092 0.483186 -0.401149
1520616973.170906 23.360099 -144.064906 -83.718496 0.627922 -0.468828 0.462765 -0.414442
1520616973.220907 22.417791 -144.211676 -83.417641 0.634597 -0.472634 0.440106 -0.424511
1520616973.270909 21.881291 -143.795678 -84.151884 0.621303 -0.473615 0.440466 -0.442336
1520616973.320910 21.078597 -144.357902 -83.952921 0.631547 -0.471293 0.415030 -0.454733
1520616973.369652 20.254030 -144.900131 -83.791437 0.638318 -0.473193 0.386909 -0.467910
1520616973.419653 19.433337 -145.388642 -83.495093 0.643885 -0.478284 0.358418 -0.477695
1520616973.469655 18.732118 -145.798249 -82.911557 0.648270 -0.485218 0.325230 -0.488401
1520616973.519656 19.475219 -145.386404 -83.438988 -0.649394 0.493723 -0.290430 0.500175
1520616973.569659 19.022443 -146.142632 -82.966642 -0.650159 0.495786 -0.263797 0.511763
1520616973.619660 19.696005 -145.633268 -83.502237 -0.645334 0.501076 -0.236489 0.525871
1520616973.669661 20.175866 -144.964809 -84.070476 -0.634894 0.510040 -0.211308 0.540479
1520616973.719662 19.340091 -145.511417 -84.018516 -0.624584 0.515661 -0.192221 0.554112
1520616973.772500 18.848401 -146.316076 -83.685702 -0.611859 0.525834 -0.175637 0.564162
1520616973.822506 18.650291 -147.242598 -83.365843 -0.600477 0.536093 -0.160830 0.571108
1520616973.872503 18.098501 -148.058709 -83.194116 -0.586673 0.548142 -0.149917 0.576958
1520616973.922505 17.099172 -148.023619 -83.183629 -0.563756 0.568475 -0.150315 0.580018
1520616973.972506 16.268957 -148.508507 -83.458633 -0.542052 0.587630 -0.144649 0.583050
1520616974.022508 16.195527 -149.499264 -83.572686 -0.525327 0.603054 -0.135899 0.584712
1520616974.072509 16.596968 -150.369826 -83.857231 -0.513192 0.611759 -0.121486 0.589599
1520616974.122511 15.613643 -150.212344 -83.948185 -0.485016 0.641338 -0.123437 0.581556
1520616974.172512 15.040621 -149.697571 -83.310491 -0.457357 0.686077 -0.158292 0.543201
1520616974.223020 14.081895 -149.638848 -83.032290 -0.441565 0.703500 -0.183528 0.525762
1520616974.273021 13.665049 -150.537206 -82.893755 -0.443600 0.711738 -0.189020 0.510803
1520616974.323023 13.266805 -149.981552 -82.163926 -0.431753 0.724899 -0.210410 0.493800
1520616974.373025 12.742065 -150.749529 -81.796695 -0.437984 0.732517 -0.211457 0.476314
1520616974.423026 11.916873 -150.764673 -81.232045 -0.436471 0.745669 -0.229932 0.447886
1520616974.473028 11.091203 -150.935025 -80.694226 -0.442949 0.755044 -0.248142 0.414885
1520616974.523029 10.266032 -150.772289 -80.153292 -0.447549 0.763729 -0.258649 0.386676
1520616974.573030 9.436013 -151.193254 -80.519155 -0.454694 0.762213 -0.264028 0.377589
1520616974.623538 8.607664 -150.784370 -80.136204 -0.461675 0.768332 -0.267132 0.353782
1520616974.673539 7.774850 -151.179359 -80.524024 -0.476559 0.761342 -0.272946 0.344601
1520616974.723541 7.098186 -151.058802 -79.797669 -0.496556 0.757559 -0.281026 0.317114
1520616974.773542 6.330067 -150.892275 -79.179395 -0.515422 0.750365 -0.290306 0.294983
1520616974.823545 5.340128 -150.870958 -79.319277 -0.533895 0.736655 -0.301742 0.285038
1520616974.873546 4.810036 -150.308010 -78.685170 -0.548532 0.730078 -0.306072 0.269109
1520616974.923548 4.213345 -149.741665 -78.116651 -0.562350 0.722944 -0.310599 0.254249
1520616974.973549 3.386084 -149.287357 -77.786130 -0.577889 0.714402 -0.313303 0.239825
1520616975.024249 2.798905 -148.863359 -77.096604 -0.592937 0.708847 -0.308203 0.225772
1520616975.074251 2.297181 -148.217120 -76.521584 -0.605541 0.706336 -0.299589 0.211319
1520616975.124252 1.798476 -147.551237 -75.966704 -0.615985 0.706138 -0.286444 0.199702
1520616975.174254 1.425449 -147.044884 -75.189235 -0.623225 0.710832 -0.264734 0.190329
1520616975.224256 0.949771 -146.617229 -74.420573 -0.630824 0.711400 -0.245868 0.188466
1520616975.274257 0.376127 -146.142860 -73.752810 -0.637013 0.710396 -0.230842 0.190430
1520616975.324259 -0.273511 -145.890158 -73.035794 -0.648103 0.703718 -0.217754 0.193200
1520616975.374260 -0.494969 -145.161960 -72.387192 -0.660553 0.695164 -0.211685 0.188696
1520616975.424301 -1.028656 -145.432463 -71.585939 -0.678676 0.679873 -0.196553 0.196313
1520616975.474306 -1.671194 -145.510555 -70.823674 0.691478 -0.668537 0.180021 -0.206177
1520616975.524304 -2.453008 -145.790032 -70.266306 0.705629 -0.654843 0.165427 -0.214248
1520616975.574305 -2.597222 -145.480555 -69.326398 0.710966 -0.654457 0.145109 -0.212501
1520616975.624307 -3.056049 -145.658140 -68.455800 0.713612 -0.655088 0.120536 -0.216999
1520616975.674308 -3.708294 -145.964376 -67.762405 0.717676 -0.652332 0.091090 -0.226067
1520616975.724310 -4.068624 -146.295288 -66.890247 0.715772 -0.655945 0.057409 -0.232617
1520616975.774311 -4.733098 -146.497271 -66.170749 0.710805 -0.659259 0.024431 -0.244004
1520616975.824274 -5.107083 -146.999449 -65.391036 0.706394 -0.660138 -0.009589 -0.255213
1520616975.874276 -5.836616 -147.200134 -64.737196 0.697910 -0.664409 -0.035510 -0.264993
1520616975.924277 -5.610096 -146.584401 -65.491889 0.685551 -0.672812 -0.064493 -0.270524
1520616975.974279 -5.642400 -145.917455 -66.236294 -0.670139 0.685318 0.088881 0.270837
1520616976.024280 -5.249569 -146.538885 -65.558424 -0.656356 0.696124 0.109137 0.269625
1520616976.074282 -6.054506 -147.106060 -65.732749 -0.635189 0.713068 0.125464 0.268939
1520616976.124283 -6.155100 -147.919911 -65.160448 -0.618810 0.728692 0.135544 0.260213
1520616976.174285 -5.562176 -148.329534 -64.467159 -0.610050 0.740632 0.141095 0.243711
1520616976.222926 -5.546929 -149.062793 -63.787380 -0.600890 0.752791 0.142327 0.227991
1520616976.272928 -5.861491 -149.713346 -63.096126 -0.589697 0.766711 0.140289 0.211496
1520616976.322930 -6.026119 -150.422444 -62.410504 -0.577729 0.779979 0.141999 0.194159
1520616976.372931 -6.081185 -150.907693 -61.537864 -0.567430 0.794235 0.136199 0.169303
1520616976.422933 -6.103758 -151.056044 -60.549187 -0.560197 0.807221 0.122121 0.140211
1520616976.472935 -6.271952 -151.142437 -59.567226 -0.557210 0.816164 0.103633 0.112490
1520616976.522936 -6.999919 -151.683027 -59.145532 -0.555131 0.820860 0.084191 0.104545
1520616976.572938 -7.707212 -152.254446 -58.729338 -0.549480 0.826933 0.067064 0.098773
1520616976.622939 -8.174111 -152.271587 -57.845194 -0.537827 0.837552 0.050525 0.081824
1520616976.671811 -8.279386 -152.791643 -56.997574 -0.535250 0.841004 0.044347 0.065206
1520616976.721812 -8.484972 -153.088565 -56.065066 -0.524934 0.848644 0.041852 0.049956
1520616976.771814 -9.014440 -152.899353 -55.238106 -0.512315 0.857034 0.031917 0.044801
1520616976.821815 -8.805012 -152.382305 -54.408166 -0.500555 0.864790 0.019026 0.034959
1520616976.871817 -8.628794 -152.762277 -53.500108 -0.491763 0.869994 0.003841 0.035560
1520616976.921819 -7.820196 -153.299334 -53.259819 -0.484346 0.874405 -0.000311 0.028719
1520616976.971820 -6.896877 -153.655251 -53.115580 -0.489050 0.871934 -0.009939 0.021480
1520616977.021821 -6.202043 -154.046443 -52.512111 -0.499329 0.865725 -0.024664 0.024142
1520616977.070592 -5.803680 -154.147425 -51.600459 -0.513597 0.857047 -0.033105 0.024333
1520616977.120594 -5.954446 -154.040807 -50.617656 -0.534642 0.843968 -0.037897 0.020986
1520616977.170696 -6.134042 -153.731019 -49.683966 -0.557409 0.829239 -0.037202 0.016535
1520616977.220597 -5.875362 -153.921265 -48.736923 -0.585910 0.810094 -0.020511 0.006056
1520616977.270598 -5.631179 -153.718545 -47.788619 -0.608924 0.793189 -0.005601 -0.005709
1520616977.320600 -5.656460 -153.802353 -46.792458 -0.634043 0.773056 0.012114 -0.015074
1520616977.370601 -5.516962 -154.063512 -45.837295 -0.654998 0.754569 0.035828 -0.017891
1520616977.420603 -5.454831 -153.859668 -44.860265 -0.667455 0.742668 0.052693 -0.013109
1520616977.469717 -5.331679 -154.011861 -43.879617 -0.680255 0.729764 0.068490 -0.002685
1520616977.519718 -4.767927 -154.376388 -43.138467 -0.684196 0.723271 0.093145 0.008863
1520616977.569721 -4.427766 -154.872508 -42.339621 -0.688246 0.715771 0.115943 0.023386
1520616977.619722 -4.417487 -155.397346 -41.488481 -0.693001 0.707003 0.134900 0.041210
1520616977.669724 -4.401993 -156.145092 -40.824678 -0.693702 0.699821 0.158607 0.062222
1520616977.719724 -4.010712 -156.455215 -39.958235 -0.690314 0.695754 0.182346 0.078377
1520616977.769727 -3.793138 -157.026575 -39.166901 0.691295 -0.686637 -0.203184 -0.096730
1520616977.819727 -3.672730 -157.663675 -38.405583 0.692992 -0.675913 -0.223282 -0.114232
1520616977.868644 -4.047217 -157.196801 -37.604466 0.695384 -0.671199 -0.224549 -0.124547
1520616977.918646 -3.857657 -157.718752 -36.772820 0.696314 -0.659683 -0.246502 -0.138572
1520616977.968647 -4.093794 -157.206922 -35.946824 0.700818 -0.651018 -0.252574 -0.145726
1520616978.018649 -4.231944 -156.801287 -35.043290 0.700907 -0.644688 -0.263556 -0.153768
1520616978.068651 -4.442709 -156.284048 -34.213807 0.700302 -0.638934 -0.273207 -0.163397
1520616978.118652 -4.293202 -156.111765 -33.240172 0.697728 -0.632102 -0.289743 -0.172255
1520616978.168653 -3.835953 -156.781403 -32.654930 0.686049 -0.626678 -0.317309 -0.189541
1520616978.218656 -3.653965 -157.043162 -31.707110 0.683628 -0.618325 -0.333059 -0.198489
1520616978.267195 -3.409483 -157.981423 -31.462375 0.674466 -0.609580 -0.358953 -0.211328
1520616978.317196 -3.035904 -158.887828 -31.265223 0.669759 -0.596607 -0.383626 -0.219805
1520616978.367198 -2.771581 -159.286109 -30.386869 0.667946 -0.587973 -0.398132 -0.222770
1520616978.417201 -2.321611 -159.749139 -29.623240 0.665584 -0.579269 -0.413221 -0.225153
1520616978.467201 -1.966144 -160.116971 -28.763971 0.665702 -0.569598 -0.426064 -0.225540
1520616978.517204 -1.694785 -161.077798 -28.707610 0.660320 -0.556134 -0.446676 -0.234889
1520616978.567204 -0.838608 -161.542036 -28.480796 0.651861 -0.547527 -0.471269 -0.230644
1520616978.617206 -0.390983 -162.413076 -28.683084 0.644030 -0.534666 -0.492540 -0.238248
1520616978.666618 0.116937 -163.059118 -28.113305 0.639944 -0.530403 -0.502760 -0.237437
1520616978.716623 0.602019 -163.930498 -28.039880 0.626982 -0.531667 -0.517116 -0.238356
1520616978.766621 1.049728 -164.816231 -27.917265 0.613358 -0.532828 -0.531173 -0.240296
1520616978.816695 1.651103 -165.614390 -27.881357 0.598341 -0.531747 -0.548106 -0.242514
1520616978.866624 2.241672 -166.418491 -27.813159 0.587973 -0.529674 -0.559452 -0.246469
1520616978.916626 2.862167 -167.169727 -28.038173 -0.573514 0.528471 0.575091 0.247124
1520616978.966627 2.984308 -167.685860 -27.190419 -0.565999 0.531328 0.580458 0.245773
1520616979.016629 3.001033 -168.655046 -27.436183 -0.557363 0.520532 0.594902 0.253937
1520616979.066631 3.682186 -169.376264 -27.562179 -0.550687 0.511239 0.610158 0.251167
1520616979.116288 3.841603 -170.099541 -26.890275 -0.543070 0.511562 0.618708 0.246131
1520616979.166290 4.283376 -170.929841 -26.550511 -0.530674 0.513220 0.629666 0.241890
1520616979.216291 4.714228 -171.451400 -25.814072 -0.522354 0.515858 0.635791 0.238340
1520616979.266293 5.228871 -172.246746 -26.134332 -0.506030 0.515556 0.647804 0.241840
1520616979.316294 5.763777 -173.000226 -26.516620 -0.493329 0.514847 0.657684 0.242922
1520616979.366297 5.892869 -173.820473 -25.959368 -0.487772 0.517309 0.659154 0.244919
1520616979.416297 5.922367 -174.814543 -26.064034 -0.479650 0.515741 0.664351 0.250168
1520616979.466300 6.067998 -175.789190 -25.894170 -0.473155 0.517560 0.667019 0.251677
1520616979.515960 6.371590 -176.362463 -26.655215 -0.464809 0.513315 0.675614 0.252994
1520616979.565961 7.022393 -177.117254 -26.737356 -0.462870 0.510427 0.679055 0.253180
1520616979.615963 6.861607 -178.083965 -26.538317 -0.458487 0.511659 0.679494 0.257455
1520616979.665964 6.930533 -179.008587 -26.163719 -0.451641 0.516496 0.679091 0.260934
1520616979.715966 6.943624 -179.936987 -25.792368 -0.443004 0.523210 0.678180 0.264711
1520616979.765968 7.033503 -180.786979 -25.273296 -0.438565 0.528406 0.676865 0.265144
1520616979.815970 7.162230 -181.738223 -24.993004 -0.436144 0.530540 0.676864 0.264880
1520616979.865971 7.526908 -182.653320 -24.820935 -0.431119 0.530028 0.682869 0.258643
1520616979.915789 8.277390 -183.313440 -24.852868 -0.428587 0.529815 0.688670 0.247675
1520616979.965791 8.644766 -184.034504 -24.265415 -0.427595 0.533663 0.688955 0.240224
1520616980.015792 9.159733 -184.807259 -23.894393 -0.432651 0.538426 0.681914 0.240631
1520616980.065795 9.869268 -185.492482 -24.058802 -0.435573 0.540576 0.678697 0.239631
1520616980.115796 10.091641 -186.366645 -23.627073 -0.434392 0.546908 0.674120 0.240327
1520616980.165800 10.643756 -187.130297 -23.961744 -0.427975 0.548284 0.677942 0.237943
1520616980.215799 10.901158 -187.972263 -24.435915 -0.415207 0.548390 0.685783 0.237852
1520616980.265800 11.220093 -188.915876 -24.524653 -0.402616 0.548314 0.692337 0.240670
1520616980.316152 11.617817 -189.832134 -24.572484 -0.388342 0.548381 0.698045 0.247389
1520616980.366153 12.500641 -190.261813 -24.382753 -0.382962 0.545926 0.702310 0.249130
1520616980.416155 13.272046 -190.878407 -24.540062 -0.373758 0.543057 0.708225 0.252610
1520616980.466204 14.198152 -191.079094 -24.220606 -0.380074 0.538638 0.709692 0.248496
1520616980.516158 14.741416 -191.912398 -24.322926 -0.373352 0.537447 0.713409 0.250611
1520616980.566160 15.112006 -192.839523 -24.378625 -0.369339 0.537184 0.714975 0.252652
1520616980.616161 15.605543 -193.568364 -23.904060 -0.369458 0.539289 0.714237 0.250066
1520616980.666163 15.731751 -194.414927 -23.386950 -0.368025 0.546283 0.711478 0.244809
1520616980.716925 16.039819 -195.207312 -22.860433 -0.369755 0.550694 0.707166 0.244814
1520616980.766927 16.286151 -195.795275 -22.089965 -0.372391 0.556417 0.701646 0.243757
1520616980.816928 16.777307 -196.618153 -21.804244 -0.374213 0.558269 0.699357 0.243310
1520616980.866930 17.142327 -197.368696 -21.253385 -0.377864 0.559464 0.697333 0.240718
1520616980.916931 17.352015 -197.926159 -20.450100 -0.387890 0.561760 0.690726 0.238463
1520616980.966933 17.691930 -198.678743 -19.886118 -0.394135 0.558779 0.691342 0.233388
1520616981.016934 17.971468 -199.103044 -19.024825 -0.399022 0.563146 0.689506 0.219610
1520616981.066936 18.511025 -199.832833 -18.604960 -0.399969 0.561557 0.693955 0.207619
1520616981.116938 19.282955 -200.391479 -18.301580 -0.403866 0.558552 0.697784 0.194960
1520616981.166482 19.139140 -201.267369 -17.841000 -0.399660 0.563091 0.697907 0.190071
1520616981.216484 19.917450 -201.491965 -17.254663 -0.399442 0.564191 0.699278 0.182059
1520616981.266486 20.639742 -201.848113 -16.661828 -0.398592 0.564981 0.699412 0.180953
1520616981.316487 21.030040 -202.742264 -16.881288 -0.386307 0.562657 0.706994 0.185318
1520616981.366488 21.543665 -202.997180 -16.062015 -0.383133 0.569082 0.705028 0.179694
1520616981.416490 22.071566 -203.828245 -16.237088 -0.363152 0.566357 0.718488 0.176449
1520616981.466492 22.898472 -204.128073 -15.761347 -0.366510 0.562255 0.721946 0.168328
1520616981.516494 23.488534 -204.433753 -15.014094 -0.372551 0.559084 0.720614 0.171308
1520616981.566055 24.171806 -204.689339 -14.330124 -0.382792 0.553839 0.717987 0.176712
1520616981.616056 24.751678 -204.999952 -13.576952 -0.392234 0.548602 0.714411 0.186560
1520616981.666058 25.447624 -205.201591 -12.887750 -0.404809 0.543291 0.711265 0.187260
1520616981.716060 26.025254 -205.496336 -12.126521 -0.411706 0.542111 0.708681 0.185431
1520616981.766061 26.350373 -205.775586 -11.223018 -0.415689 0.547795 0.703999 0.177508
1520616981.816063 26.940933 -206.032266 -10.457934 -0.421707 0.548592 0.701820 0.169288
1520616981.866065 27.625717 -206.030690 -9.729189 -0.431616 0.548616 0.697110 0.163604
1520616981.916066 27.819307 -205.961621 -8.750541 -0.432289 0.556386 0.690218 0.164803
1520616981.965775 28.437866 -205.491697 -8.120814 -0.431951 0.557852 0.687820 0.170656
1520616982.015776 29.341058 -205.300845 -7.736341 -0.440060 0.554321 0.686413 0.167069
1520616982.065778 29.744573 -206.202738 -7.890501 -0.425380 0.554221 0.692828 0.178551
1520616982.115799 30.469521 -206.066080 -7.215390 -0.425872 0.555718 0.690392 0.182124
1520616982.165781 30.891443 -205.786558 -6.352924 -0.424387 0.558751 0.688149 0.184782
1520616982.215781 31.038533 -205.652932 -5.372868 -0.423101 0.567909 0.682237 0.181706
1520616982.265784 31.810279 -205.848748 -4.767835 -0.424579 0.566786 0.684081 0.174698
1520616982.315784 32.312317 -206.004662 -3.917160 -0.423653 0.570533 0.683230 0.167951
1520616982.365704 32.998906 -206.006348 -3.190116 -0.425083 0.576309 0.680932 0.153308
1520616982.415705 33.420536 -206.912271 -3.150983 -0.417839 0.573587 0.685654 0.162130
1520616982.465707 34.134095 -207.085731 -2.472201 -0.426752 0.572114 0.681356 0.162242
1520616982.515708 34.993428 -207.389981 -2.061129 -0.433179 0.567347 0.681793 0.160102
1520616982.565710 35.649603 -207.278802 -1.314756 -0.437881 0.568110 0.679406 0.154660
1520616982.615711 36.279102 -208.024128 -1.534348 -0.423713 0.561171 0.693476 0.156989
1520616982.665713 36.770777 -208.041760 -0.663747 -0.425790 0.563294 0.692071 0.149799
1520616982.715715 37.133884 -208.849661 -0.199582 -0.420060 0.557840 0.699264 0.152950
1520616982.765818 37.383820 -209.809346 -0.070984 -0.411561 0.551638 0.708619 0.155474
1520616982.815820 38.008557 -210.518500 0.255824 -0.404651 0.547071 0.717924 0.146820
1520616982.865820 38.260940 -211.484368 0.314148 -0.394753 0.542314 0.727240 0.145559
1520616982.915823 38.384676 -212.315431 0.856387 -0.390239 0.538997 0.732245 0.144959
1520616982.965824 38.797783 -213.212633 0.700274 -0.380014 0.532363 0.743559 0.138921
1520616983.015826 38.726233 -214.175464 0.960731 -0.372291 0.530484 0.749112 0.137174
1520616983.065828 38.753915 -214.908839 1.639991 -0.369501 0.531527 0.751317 0.128339
1520616983.115830 38.496555 -215.681398 2.220437 -0.366012 0.532926 0.753443 0.119788
1520616983.165884 39.088201 -216.482017 2.125753 -0.356981 0.520604 0.769598 0.096202
1520616983.215885 38.696819 -217.167601 2.739589 -0.346328 0.525554 0.773018 0.079326
1520616983.265887 39.172505 -217.996693 2.445768 -0.335740 0.515520 0.785861 0.062767
1520616983.315888 39.784198 -218.717662 2.120138 -0.316965 0.511140 0.797224 0.051986
1520616983.365891 40.563584 -218.813410 2.739322 -0.305492 0.515433 0.799489 0.042675
1520616983.415892 41.163640 -219.564055 2.462797 -0.280770 0.514359 0.809147 0.043409
1520616983.465893 41.858367 -219.189579 3.076900 -0.270143 0.512726 0.813477 0.048895
1520616983.515895 41.465809 -218.286590 2.902234 -0.250893 0.515450 0.817864 0.049637
1520616983.565896 41.568181 -217.300311 2.772719 -0.231439 0.519010 0.821799 0.041371
1520616983.615724 41.448627 -216.638966 3.513212 -0.216071 0.522600 0.824459 0.021690
1520616983.665725 41.242380 -215.797396 4.012434 -0.218508 0.523429 0.823566 -0.003900
1520616983.715727 41.523126 -216.543134 3.408235 -0.239267 0.523141 0.817204 -0.035398
1520616983.765729 41.195852 -215.791516 3.980915 -0.269061 0.513799 0.811733 -0.068602
1520616983.815730 40.760303 -215.065312 4.512821 -0.309263 0.498786 0.803197 -0.102195
1520616983.865732 40.185948 -214.429346 5.028247 -0.353436 0.479620 0.792302 -0.131550
1520616983.915733 39.481385 -215.112574 4.836439 -0.370119 0.472396 0.789360 -0.129483
1520616983.965735 38.764919 -215.690699 4.445994 -0.387611 0.460893 0.789536 -0.118186
1520616984.015579 37.918533 -215.179909 4.596739 -0.449426 0.436351 0.770403 -0.118715
1520616984.065580 37.418306 -215.644209 3.865850 -0.460493 0.417469 0.777122 -0.098724
1520616984.115581 36.664676 -216.096260 3.388679 -0.489998 0.406239 0.767389 -0.077367
1520616984.165583 35.871599 -216.616476 3.071813 -0.505264 0.402371 0.762455 -0.038317
1520616984.215585 35.458788 -217.131451 2.320556 -0.515471 0.383803 0.766102 -0.008482
1520616984.265586 35.366082 -217.475315 1.386124 -0.527056 0.361316 0.769023 0.016309
1520616984.315588 35.077266 -217.724334 0.461691 -0.532040 0.340783 0.773777 0.045505
1520616984.365589 34.430973 -217.225951 -0.116167 -0.538758 0.327706 0.772692 0.072767
1520616984.415641 35.127551 -217.681922 0.437791 -0.538534 0.320700 0.772631 0.100872
1520616984.465642 34.401080 -217.702077 -0.249110 -0.523654 0.319168 0.779456 0.127931
1520616984.515644 33.690735 -217.932660 -0.914123 -0.503800 0.323411 0.788057 0.143377
1520616984.565646 33.182658 -217.918675 -1.775321 -0.484996 0.325258 0.798069 0.148565
1520616984.615647 32.749888 -217.273169 -2.404631 -0.465818 0.327485 0.809410 0.143608
1520616984.665649 32.732379 -216.825223 -3.298521 -0.446613 0.328346 0.822616 0.126602
1520616984.715650 32.280187 -217.538207 -2.762633 -0.423074 0.354271 0.826092 0.114333
1520616984.765652 32.892881 -217.399596 -3.540703 -0.401965 0.354440 0.840985 0.074438
1520616984.815819 33.250504 -217.940427 -4.302023 -0.397231 0.335275 0.853583 0.034570
1520616984.865820 32.647356 -218.721570 -4.140692 -0.382667 0.348678 0.855560 0.002330
1520616984.915822 32.016299 -219.490998 -4.041959 -0.370950 0.356077 0.857073 -0.032100
1520616984.965824 31.361245 -220.244599 -3.987281 -0.370142 0.362458 0.853683 -0.053341
1520616985.015825 30.749626 -220.981957 -4.274031 -0.379550 0.364103 0.847873 -0.066951
1520616985.065826 30.067259 -221.411740 -4.865352 -0.384760 0.361415 0.846555 -0.068437
1520616985.115828 29.481129 -221.720441 -5.614456 -0.398440 0.357660 0.842216 -0.063226
1520616985.165829 29.022814 -221.908836 -6.483049 -0.415359 0.348109 0.838985 -0.049004
1520616985.215872 28.459157 -222.079841 -7.291163 -0.434435 0.340132 0.833397 -0.032041
1520616985.265874 27.825925 -222.377073 -8.005775 -0.453114 0.330172 0.828031 -0.006281
1520616985.315875 28.745656 -222.727746 -8.182191 -0.490806 0.308834 0.814694 0.002351
1520616985.365877 28.148497 -223.472399 -8.480341 -0.500957 0.295562 0.812740 0.033732
1520616985.415881 29.041336 -223.782166 -8.807269 -0.518200 0.261511 0.813152 0.043169
1520616985.465880 29.132806 -224.749786 -9.042523 -0.526041 0.234938 0.813949 0.074644
1520616985.515881 29.050476 -224.630041 -10.031908 -0.522600 0.208623 0.820094 0.103981
1520616985.565883 28.800195 -224.727516 -10.995162 -0.512638 0.191645 0.825721 0.136598
1520616985.615884 28.234999 -224.978424 -11.781036 -0.498581 0.177384 0.829643 0.177888
1520616985.665736 28.936354 -224.852979 -11.079350 -0.497616 0.159351 0.827684 0.204755
1520616985.715738 28.371983 -224.765870 -11.900262 -0.480312 0.147784 0.832686 0.232581
1520616985.765740 28.873778 -225.086126 -11.096746 -0.464073 0.141998 0.840263 0.241726
1520616985.815742 29.310619 -225.525721 -10.311936 -0.446647 0.137048 0.850282 0.242375
1520616985.865743 29.798631 -226.114122 -9.667243 -0.427560 0.135468 0.862721 0.233567
1520616985.915745 30.126448 -226.687513 -8.916405 -0.415329 0.137560 0.872583 0.217205
1520616985.965746 30.687260 -227.409102 -8.510449 -0.403716 0.141669 0.882922 0.193371
1520616986.015748 30.795929 -228.342290 -8.853016 -0.389286 0.142409 0.892599 0.177325
1520616986.065976 30.748511 -229.312720 -8.616338 -0.383662 0.149172 0.899342 0.147432
1520616986.115978 31.526556 -229.348171 -7.989131 -0.398479 0.141876 0.900088 0.104534
1520616986.165979 31.119217 -230.258663 -8.060386 -0.393376 0.153870 0.903902 0.067382
1520616986.215981 30.515381 -230.943851 -8.467694 -0.390566 0.162374 0.905380 0.037148
1520616986.265983 31.340713 -231.012045 -9.028208 -0.406148 0.164303 0.898787 0.015161
1520616986.315984 30.738269 -231.133149 -9.817128 -0.407375 0.170040 0.897286 -0.002988
1520616986.365986 30.119926 -231.209456 -10.599323 -0.417943 0.174987 0.891344 -0.014438
1520616986.415988 29.476698 -231.329795 -11.355482 -0.429915 0.175179 0.885595 -0.014398
1520616986.466095 28.953729 -231.578568 -12.170722 -0.448608 0.168771 0.877649 -0.000750
1520616986.516097 29.942876 -231.492430 -12.289753 -0.489723 0.152592 0.858128 0.022439
1520616986.566098 29.342951 -231.428636 -13.087261 -0.500898 0.137748 0.853026 0.049726
1520616986.616100 29.447814 -231.003467 -13.986280 -0.512459 0.132761 0.844950 0.076282
1520616986.666102 29.521949 -230.007529 -14.037374 -0.515468 0.133451 0.840523 0.100019
1520616986.716103 29.854291 -229.065742 -13.986525 -0.512642 0.134971 0.839383 0.120075
1520616986.766104 30.233088 -228.193569 -13.676965 -0.507635 0.139784 0.839520 0.134066
1520616986.816106 30.620449 -227.356574 -13.290454 -0.503152 0.145638 0.839654 0.143557
1520616986.865979 31.070225 -226.519747 -12.978329 -0.497179 0.154605 0.840306 0.150983
1520616986.915982 31.567827 -225.731403 -12.616518 -0.492466 0.163181 0.840952 0.153784
1520616986.965983 32.002709 -224.926314 -12.213147 -0.492676 0.161387 0.840368 0.158135
1520616987.015985 32.229457 -224.846665 -11.242456 -0.493913 0.160711 0.839646 0.158795
1520616987.065986 31.907204 -225.620061 -10.696552 -0.495198 0.149009 0.841497 0.156394
1520616987.116074 31.551713 -226.504286 -10.393613 -0.498008 0.130947 0.843438 0.153142
1520616987.165989 31.143718 -227.390843 -10.175540 -0.501395 0.111204 0.845074 0.148616
1520616987.215990 30.764473 -228.309095 -10.061584 -0.503727 0.093503 0.845930 0.148050
1520616987.266605 30.429390 -229.247155 -9.973474 -0.505248 0.076190 0.847298 0.144936
1520616987.316606 30.274455 -230.224940 -9.832291 -0.508720 0.049725 0.847494 0.143126
1520616987.366608 30.055892 -231.197769 -9.755915 -0.512077 0.028187 0.846728 0.141544
1520616987.416609 29.748208 -232.145691 -9.673606 -0.514804 0.013391 0.845247 0.142673
1520616987.466611 29.600096 -233.122713 -9.520341 -0.517495 0.001571 0.842919 0.147254
1520616987.516613 29.261032 -234.043464 -9.327329 -0.517530 -0.006830 0.843046 0.146254
1520616987.566614 29.487622 -234.155891 -8.359849 -0.518543 -0.006166 0.842509 0.145785
1520616987.616616 29.764496 -234.913850 -7.769223 -0.520761 0.019639 0.838802 0.157585
1520616987.666622 29.998396 -234.038438 -7.346203 -0.518899 0.033356 0.838104 0.164963
1520616987.716624 30.407483 -233.187775 -7.016020 -0.515407 0.059285 0.838034 0.168938
1520616987.766625 30.811525 -232.334443 -6.686515 -0.513012 0.076403 0.837466 0.172142
1520616987.816627 31.190588 -231.447723 -6.421865 -0.507127 0.095633 0.838310 0.175822
1520616987.866629 31.527224 -230.546864 -6.147768 -0.501815 0.112022 0.838878 0.178653
1520616987.916630 31.806365 -229.704202 -5.687332 -0.495700 0.129648 0.840134 0.177901
1520616987.966632 31.923294 -228.748255 -5.418090 -0.491711 0.139326 0.839679 0.183705
1520616988.016633 31.264909 -228.714301 -6.170006 -0.469004 0.145364 0.844952 0.212037
1520616988.066636 31.408531 -228.117377 -5.380668 -0.467330 0.150012 0.844986 0.212361
1520616988.115685 31.518524 -228.637033 -4.533402 -0.468781 0.150048 0.844305 0.211844
1520616988.165688 31.165644 -229.512844 -4.204115 -0.473662 0.138732 0.843634 0.211376
1520616988.215689 30.751170 -230.404501 -4.022017 -0.481082 0.116274 0.841870 0.215164
1520616988.265691 30.411305 -231.338908 -3.915363 -0.486959 0.090381 0.840652 0.219104
1520616988.315692 30.215541 -232.294055 -3.693167 -0.495176 0.057651 0.840079 0.213878
1520616988.365694 30.009875 -233.267007 -3.587971 -0.501200 0.042200 0.837940 0.211835
1520616988.415695 29.733222 -234.225267 -3.515852 -0.505996 0.024923 0.835850 0.211427
1520616988.465697 29.695957 -235.222962 -3.459145 -0.510653 0.003885 0.833952 0.209148
1520616988.516411 30.643030 -235.463295 -3.671965 -0.509615 -0.018167 0.835649 0.204091
1520616988.566413 30.767204 -236.369033 -3.266724 -0.514134 -0.026547 0.830951 0.210909
1520616988.616414 31.040262 -237.213084 -2.805187 -0.517079 -0.024503 0.826892 0.219723
1520616988.666417 31.620565 -236.967923 -2.028562 -0.521020 -0.021443 0.823507 0.223417
1520616988.716417 32.089097 -236.305190 -1.444386 -0.522004 -0.014305 0.821685 0.228343
1520616988.766475 32.512288 -235.621209 -0.850181 -0.524377 -0.003405 0.818744 0.233828
1520616988.816420 32.981142 -234.921695 -0.310870 -0.526426 0.010698 0.816895 0.235465
1520616988.866422 33.464705 -234.183341 0.159237 -0.525108 0.027611 0.815238 0.242663
1520616988.915899 33.962612 -233.402399 0.536355 -0.521899 0.040444 0.813499 0.253386
1520616988.965901 34.403766 -232.753743 1.156539 -0.523565 0.047376 0.808420 0.264750
1520616989.015903 35.075712 -232.182114 1.627420 -0.519621 0.054420 0.809502 0.267840
1520616989.065904 35.615705 -231.710052 2.324245 -0.520118 0.059641 0.809550 0.265611
1520616989.115906 34.816268 -231.665622 2.923350 -0.497710 0.085013 0.821182 0.265927
1520616989.165907 33.950584 -231.569309 2.432112 -0.482093 0.097984 0.822685 0.284912
1520616989.215909 33.339571 -231.555554 3.223614 -0.461898 0.124838 0.829530 0.288003
1520616989.265910 33.917707 -231.848209 3.985264 -0.466009 0.126179 0.828630 0.283350
1520616989.315804 33.757646 -232.813308 4.192538 -0.465597 0.114014 0.831081 0.282000
1520616989.365805 33.542305 -233.782580 4.311457 -0.471075 0.092892 0.829671 0.284790
1520616989.415807 33.230797 -234.727013 4.416378 -0.475284 0.062559 0.830006 0.285099
1520616989.465809 33.080056 -235.715019 4.449870 -0.482019 0.026951 0.828767 0.282977
1520616989.515810 32.857795 -236.689497 4.481375 -0.487519 0.006914 0.822718 0.292254
1520616989.565812 33.518752 -236.969076 3.784976 -0.481018 -0.055060 0.826211 0.288037
1520616989.615814 34.262342 -237.114765 3.132405 -0.468725 -0.091921 0.830610 0.286241
1520616989.665815 34.874529 -237.719309 3.642064 -0.473529 -0.096912 0.826523 0.288511
1520616989.717325 35.816202 -237.750831 3.307015 -0.458280 -0.091856 0.835408 0.289197
1520616989.767327 36.782332 -237.755966 3.049010 -0.438270 -0.072950 0.845295 0.296772
1520616989.817328 37.577425 -237.569721 2.471826 -0.405004 -0.043873 0.863091 0.298530
1520616989.867330 38.328027 -237.126477 2.961857 -0.392245 -0.032534 0.869882 0.297307
1520616989.917331 37.546338 -237.183825 3.582882 -0.348868 -0.005298 0.888577 0.297816
1520616989.967334 38.432962 -237.332460 4.020837 -0.340703 -0.001814 0.892967 0.294156
1520616990.017334 39.065095 -237.842569 4.604101 -0.311848 -0.005874 0.901372 0.300409
1520616990.067336 39.232497 -237.952232 3.624330 -0.265801 -0.025404 0.917191 0.295745
1520616990.115925 39.991592 -238.544119 3.895334 -0.284125 -0.030490 0.914295 0.287069
1520616990.165927 39.424967 -238.792855 4.680869 -0.241502 -0.047404 0.932616 0.263925
1520616990.215928 39.018929 -239.656013 4.981022 -0.206138 -0.024093 0.945222 0.251957
1520616990.265930 39.422870 -240.570752 4.990178 -0.198125 -0.026184 0.947967 0.247831
1520616990.315931 39.398801 -240.283809 4.032533 -0.202752 -0.027903 0.945822 0.252060
1520616990.365933 38.690432 -239.676691 3.672505 -0.204523 -0.029075 0.943504 0.259085
1520616990.415961 37.968830 -239.060745 3.356434 -0.220247 -0.019703 0.939308 0.262306
1520616990.465936 38.312381 -238.818069 2.449197 -0.273600 -0.000373 0.922377 0.272697
1520616990.515937 38.660418 -239.030705 1.536149 -0.335583 0.024759 0.903093 0.266822
1520616990.566101 38.199304 -239.015725 2.423363 -0.404829 0.036488 0.872695 0.270529
1520616990.616102 37.571804 -238.741583 1.694604 -0.427879 0.038116 0.859319 0.277556
1520616990.666104 37.129559 -238.532376 0.822450 -0.447446 0.032681 0.847862 0.282585
1520616990.716106 36.576798 -238.315841 0.017734 -0.464632 0.033013 0.838032 0.284130
1520616990.766108 36.027416 -238.082032 -0.784458 -0.467694 0.034717 0.834938 0.287985
1520616990.816109 35.851865 -237.553688 -1.615141 -0.473938 0.035616 0.831672 0.287116
1520616990.866111 35.899068 -236.640215 -2.019294 -0.470232 0.038426 0.835747 0.280949
1520616990.916112 35.090429 -236.332512 -2.520713 -0.450834 0.047633 0.844534 0.285031
1520616990.966140 34.406441 -235.972179 -3.155001 -0.427563 0.049783 0.855161 0.288811
1520616991.016142 34.947296 -236.476025 -2.481491 -0.410970 0.045840 0.863738 0.288026
1520616991.066144 35.143399 -237.181650 -1.800582 -0.399638 0.042575 0.871082 0.282299
1520616991.116145 35.196523 -238.006795 -1.238164 -0.388250 0.028853 0.878403 0.277197
1520616991.166147 35.158452 -237.227749 -1.863974 -0.372353 0.004503 0.889152 0.265972
1520616991.216149 35.401443 -236.894062 -2.774803 -0.356818 -0.024599 0.899433 0.251189
1520616991.266150 35.043746 -236.042968 -3.159111 -0.334558 -0.053805 0.910044 0.238737
1520616991.316151 34.305088 -235.471735 -3.516991 -0.314074 -0.066967 0.919651 0.226084
1520616991.366086 34.960826 -235.896430 -2.892778 -0.303725 -0.070531 0.923249 0.224471
1520616991.416087 35.898681 -235.656750 -3.143739 -0.291968 -0.064456 0.927493 0.224404
1520616991.466088 35.590162 -235.210866 -2.303499 -0.301012 -0.051783 0.925703 0.223126
1520616991.516092 35.047096 -234.428575 -2.608621 -0.301578 -0.053905 0.925287 0.223580
1520616991.566092 34.399239 -233.818099 -3.064253 -0.306276 -0.051587 0.923376 0.225634
1520616991.616093 33.715776 -233.264105 -3.539615 -0.319493 -0.044844 0.919272 0.225505
1520616991.666095 33.331825 -232.613047 -4.194371 -0.324127 -0.060291 0.916253 0.227568
1520616991.716096 32.715172 -232.150457 -4.831356 -0.335359 -0.063254 0.910622 0.233026
1520616991.765949 31.966317 -231.829674 -5.411281 -0.342248 -0.063572 0.904991 0.244573
1520616991.815951 31.314844 -231.430350 -6.056358 -0.352129 -0.066634 0.898645 0.252986
1520616991.865952 30.716041 -230.974757 -6.715046 -0.363147 -0.069630 0.890499 0.265117
1520616991.915953 30.240408 -230.428423 -7.404460 -0.375662 -0.072024 0.882345 0.274151
1520616991.965955 30.075183 -229.745931 -8.116433 -0.389771 -0.077192 0.872723 0.283680
1520616992.015957 29.545934 -229.224212 -8.785540 -0.393743 -0.075483 0.867820 0.293526
1520616992.065958 29.290390 -228.537813 -9.466388 -0.395141 -0.074093 0.867054 0.294262
1520616992.115959 29.270143 -228.172785 -10.397164 -0.386715 -0.070869 0.872785 0.289267
1520616992.165961 30.089279 -228.626337 -10.046014 -0.380379 -0.070287 0.876718 0.285898
1520616992.215963 30.700754 -229.316921 -9.659758 -0.365770 -0.072037 0.884409 0.280791
1520616992.265964 30.902233 -230.035085 -8.993690 -0.345254 -0.080274 0.893228 0.276586
1520616992.315966 31.548609 -230.782661 -8.840955 -0.330887 -0.086530 0.899396 0.272237
1520616992.365967 32.110010 -230.250755 -9.474914 -0.305812 -0.094472 0.913781 0.250116
1520616992.415969 32.293972 -231.075815 -8.940653 -0.289093 -0.098179 0.923019 0.234139
1520616992.465970 31.628120 -230.391319 -9.237483 -0.271275 -0.098564 0.931755 0.220290
1520616992.515972 32.207978 -230.674695 -8.473635 -0.254053 -0.097999 0.938723 0.211309
1520616992.565973 31.259244 -230.386513 -8.603463 -0.235474 -0.094989 0.945124 0.205598
1520616992.615978 31.804513 -230.386790 -7.765202 -0.220649 -0.093078 0.950620 0.197413
1520616992.665979 30.862253 -230.219014 -8.055025 -0.205484 -0.090993 0.955259 0.192295
1520616992.715980 30.214142 -229.685907 -7.511197 -0.196330 -0.090606 0.957774 0.189508
1520616992.765983 29.608305 -229.047091 -7.985408 -0.190919 -0.100530 0.957706 0.190375
1520616992.815984 28.633266 -229.080693 -8.204884 -0.186020 -0.090989 0.956639 0.204839
1520616992.865985 27.648265 -229.143900 -8.365442 -0.180565 -0.075137 0.954975 0.223099
1520616992.915987 26.850683 -228.664894 -8.732070 -0.186854 -0.077006 0.951345 0.232590
1520616992.965988 26.058873 -228.179485 -9.102764 -0.196210 -0.077019 0.947450 0.240643
1520616993.015920 25.218539 -227.736446 -9.415102 -0.202712 -0.072686 0.943715 0.251051
1520616993.065922 24.449878 -227.206685 -9.773592 -0.212856 -0.067599 0.939265 0.260585
1520616993.115923 23.823589 -226.557122 -10.204671 -0.228599 -0.062588 0.933007 0.270783
1520616993.165924 23.397722 -225.785229 -10.676708 -0.244681 -0.062951 0.924455 0.285574
1520616993.215926 22.624420 -225.286289 -11.067941 -0.244200 -0.057700 0.920398 0.299842
1520616993.265928 22.386828 -224.517869 -11.662147 -0.260809 -0.061246 0.912643 0.308725
1520616993.315929 21.791317 -223.978271 -12.257294 -0.262799 -0.060848 0.910622 0.313052
1520616993.365930 22.428599 -223.751335 -12.993753 -0.272978 -0.059508 0.906638 0.316149
1520616993.415956 22.112881 -223.038401 -13.619890 -0.258469 -0.061164 0.912919 0.309888
1520616993.465958 22.778135 -223.734539 -13.350023 -0.243404 -0.059969 0.917222 0.309616
1520616993.515959 23.289405 -224.453842 -12.879698 -0.216845 -0.064530 0.926485 0.300732
1520616993.565961 24.167370 -224.894834 -12.693410 -0.202782 -0.072142 0.932469 0.290133
1520616993.615963 25.011272 -225.431234 -12.683167 -0.188130 -0.079189 0.937901 0.280497
1520616993.665964 25.641171 -226.202268 -12.589713 -0.167243 -0.088023 0.943569 0.271954
1520616993.715965 26.311967 -226.938296 -12.498632 -0.150460 -0.099207 0.948312 0.261198
1520616993.765967 26.890205 -227.749302 -12.409689 -0.135254 -0.108093 0.953070 0.248352
1520616993.816106 27.476841 -228.554075 -12.319148 -0.122888 -0.114283 0.957983 0.232610
1520616993.866107 28.361611 -228.937888 -12.054817 -0.111510 -0.119352 0.961851 0.219463
1520616993.916109 28.935163 -228.761152 -11.254941 -0.105057 -0.116305 0.965164 0.209510
1520616993.966110 28.336950 -228.845343 -10.458039 -0.112726 -0.105944 0.966873 0.203042
1520616994.016112 27.673422 -228.110965 -10.600937 -0.118008 -0.101748 0.969515 0.189107
1520616994.066113 26.792375 -227.715199 -10.860022 -0.128355 -0.096965 0.972479 0.168543
1520616994.116115 25.869844 -227.724851 -11.245825 -0.140375 -0.095292 0.974736 0.145272
1520616994.166116 25.012628 -228.209220 -11.420660 -0.151617 -0.091108 0.976278 0.124868
1520616994.216082 24.098228 -228.366516 -11.793662 -0.167764 -0.096238 0.976466 0.095433
1520616994.266084 23.184135 -228.496815 -12.177663 -0.184879 -0.099057 0.975102 0.071994
1520616994.316085 22.271085 -228.468564 -12.584529 -0.203044 -0.100280 0.972430 0.055651
1520616994.366087 21.385709 -228.156992 -12.929541 -0.216848 -0.101689 0.969582 0.050468
1520616994.416088 20.420999 -227.910474 -13.022081 -0.230030 -0.099906 0.966656 0.051790
1520616994.466090 19.567374 -227.426025 -13.213478 -0.241964 -0.099345 0.962647 0.069959
1520616994.516091 18.710111 -226.961902 -13.436392 -0.251961 -0.100497 0.957190 0.101010
1520616994.566093 18.003640 -226.290159 -13.659236 -0.257703 -0.107810 0.950007 0.139471
1520616994.616054 17.254182 -225.629637 -13.704220 -0.266927 -0.112591 0.940273 0.178775
1520616994.666056 16.732918 -224.942833 -14.210762 -0.268642 -0.121203 0.929990 0.219683
1520616994.716058 16.649475 -225.762307 -13.643753 -0.262826 -0.131990 0.919371 0.261262
1520616994.766059 17.161707 -226.307753 -12.980348 -0.255023 -0.144521 0.907116 0.302024
1520616994.816061 16.556569 -226.308282 -12.184228 -0.228955 -0.162061 0.894296 0.348641
1520616994.866063 17.143546 -226.922212 -11.656451 -0.217169 -0.177556 0.876482 0.391267
1520616994.916064 17.819810 -227.631826 -11.458679 -0.209748 -0.189778 0.860752 0.423197
1520616994.966067 18.229442 -228.508809 -11.207474 -0.191430 -0.202665 0.850890 0.445273
1520616995.016068 18.636787 -229.396324 -10.992101 -0.183654 -0.215146 0.843247 0.457076
1520616995.066224 18.977674 -230.335583 -10.952227 -0.169758 -0.227291 0.844728 0.453824
1520616995.116225 19.084452 -231.329327 -10.984948 -0.149216 -0.247601 0.851475 0.437514
1520616995.166227 19.178900 -232.296865 -11.219361 -0.149449 -0.251254 0.862677 0.412703
1520616995.216229 19.219012 -233.171886 -11.701781 -0.149768 -0.260574 0.875619 0.378104
1520616995.266230 19.395090 -234.011963 -12.214877 -0.160841 -0.266971 0.888059 0.337947
1520616995.316232 19.732870 -234.721600 -12.833197 -0.175504 -0.279924 0.897183 0.293095
1520616995.366233 19.953419 -234.148993 -13.622804 -0.178812 -0.330596 0.890669 0.255815
1520616995.416327 20.419692 -234.042978 -14.501070 -0.196363 -0.340920 0.894298 0.213183
1520616995.466610 21.317324 -233.652965 -14.706367 -0.222064 -0.344697 0.894400 0.178661
1520616995.516613 20.679013 -233.387693 -15.428994 -0.245967 -0.339155 0.895410 0.150712
1520616995.566613 19.985581 -232.751577 -15.767386 -0.261536 -0.337312 0.895074 0.129080
1520616995.616615 19.109596 -232.436259 -16.132386 -0.280412 -0.332421 0.892169 0.122063
1520616995.666616 18.250113 -232.228166 -16.599275 -0.295730 -0.328002 0.887297 0.132901
1520616995.716618 17.545017 -231.548623 -16.801910 -0.306320 -0.332978 0.877168 0.160839
1520616995.766619 16.772765 -230.930086 -16.946960 -0.313680 -0.333347 0.867115 0.196458
1520616995.816621 16.025428 -230.266466 -16.913872 -0.312564 -0.338003 0.856578 0.233094
1520616995.866175 15.687950 -229.434503 -16.473478 -0.303389 -0.351114 0.841630 0.276285
1520616995.916177 15.440753 -228.640366 -15.918285 -0.288759 -0.359716 0.828412 0.317736
1520616995.966178 15.461404 -227.960112 -15.185599 -0.271771 -0.370568 0.811241 0.361534
1520616996.016179 15.586187 -227.524350 -14.294229 -0.251189 -0.380354 0.793082 0.404049
1520616996.066181 15.969974 -227.747900 -13.398276 -0.230028 -0.388729 0.773289 0.444973
1520616996.116182 16.177363 -228.671527 -13.075934 -0.206898 -0.396561 0.754260 0.480650
1520616996.166184 16.465990 -229.611066 -12.891649 -0.186414 -0.406958 0.736336 0.507390
1520616996.216185 16.925515 -230.457970 -13.159213 -0.174914 -0.414661 0.722076 0.525422
1520616996.266078 17.267232 -231.326476 -13.518277 -0.164291 -0.420797 0.710534 0.539518
1520616996.316080 17.408142 -232.279428 -13.786654 -0.149603 -0.430842 0.701403 0.547747
1520616996.366081 17.542299 -233.177456 -14.205638 -0.141649 -0.437784 0.696264 0.550905
1520616996.416084 17.692625 -233.990398 -14.768245 -0.145612 -0.438835 0.700376 0.543778
1520616996.466085 17.762094 -234.750176 -15.414706 -0.160030 -0.436437 0.712817 0.525172
1520616996.516086 17.593121 -235.470255 -16.087710 -0.176547 -0.437054 0.731937 0.492020
1520616996.566088 17.596431 -236.034592 -16.913248 -0.197076 -0.447996 0.746850 0.450195
1520616996.616089 17.677678 -236.603016 -17.731962 -0.224820 -0.453202 0.761445 0.405296
1520616996.666723 18.559395 -236.218473 -18.005278 -0.255954 -0.485683 0.755595 0.357316
1520616996.716723 19.490980 -236.013207 -17.705252 -0.296422 -0.504478 0.748708 0.311563
1520616996.766726 18.772603 -236.696666 -17.834933 -0.329431 -0.510203 0.739819 0.289544
1520616996.816728 18.368025 -235.905359 -18.293355 -0.353630 -0.501802 0.737611 0.281196
1520616996.866729 17.608305 -235.292318 -18.510161 -0.376054 -0.492546 0.729810 0.288718
1520616996.916730 16.934943 -234.628982 -18.836610 -0.386929 -0.485728 0.717943 0.314502
1520616996.966732 16.049642 -234.204189 -19.025800 -0.392828 -0.480994 0.698698 0.355179
1520616997.016732 15.694999 -233.275416 -18.918048 -0.387305 -0.483720 0.678104 0.395202
1520616997.066611 14.981094 -232.576150 -18.881101 -0.371580 -0.489073 0.654366 0.441068
1520616997.116548 14.088756 -232.130701 -18.953960 -0.346509 -0.498196 0.628402 0.486666
1520616997.166549 14.265504 -233.111458 -18.871037 -0.327396 -0.510971 0.600484 0.520710
1520616997.216551 13.760580 -233.891039 -19.241584 -0.307150 -0.525909 0.580057 0.540937
1520616997.266552 13.547151 -234.703297 -19.784433 -0.291734 -0.537008 0.567191 0.552094
1520616997.316554 13.512148 -235.563277 -20.293559 -0.282336 -0.544986 0.557923 0.558569
1520616997.366555 13.279111 -236.259482 -20.972523 -0.275236 -0.551266 0.557591 0.556277
1520616997.416557 13.061324 -236.918271 -21.692638 -0.272976 -0.552511 0.561278 0.552433
1520616997.466559 12.816269 -237.518281 -22.454174 -0.275500 -0.550137 0.571205 0.543300
1520616997.516137 12.671841 -238.253517 -23.116418 -0.283725 -0.543728 0.585199 0.530474
1520616997.566139 12.532531 -239.225394 -23.306284 -0.292824 -0.536719 0.598626 0.517526
1520616997.616140 12.708036 -240.156305 -22.985969 -0.300902 -0.531206 0.609284 0.506015
1520616997.666142 12.823104 -240.918472 -22.348897 -0.306855 -0.526556 0.615954 0.499179
1520616997.716143 12.921602 -241.553696 -21.582875 -0.308763 -0.522841 0.622467 0.493800
1520616997.766145 13.919733 -241.492789 -21.578006 -0.299171 -0.516728 0.642259 0.480617
1520616997.816147 12.960683 -241.775187 -21.556243 -0.286349 -0.509202 0.659534 0.473004
1520616997.866148 12.393049 -242.206375 -20.854909 -0.280148 -0.505093 0.667468 0.469984
1520616997.916203 11.575964 -242.781233 -20.811213 -0.272594 -0.496634 0.680995 0.463997
1520616997.966204 11.195349 -243.548989 -20.295768 -0.271293 -0.491577 0.687690 0.460254
1520616998.016207 11.111759 -244.296170 -19.636425 -0.270811 -0.491155 0.688613 0.459609
1520616998.066208 10.747557 -244.549799 -18.740306 -0.262420 -0.496604 0.687702 0.459985
1520616998.116210 10.110370 -245.301675 -18.909640 -0.256197 -0.490870 0.693276 0.461279
1520616998.166211 10.984309 -245.071453 -19.337691 -0.252035 -0.492109 0.695451 0.458971
1520616998.216213 10.213223 -245.590032 -18.968229 -0.248319 -0.494578 0.696731 0.456395
1520616998.266215 10.331818 -246.579738 -19.048334 -0.249508 -0.492174 0.697176 0.457664
1520616998.316223 11.157933 -246.245133 -19.501735 -0.242921 -0.492950 0.698297 0.458663
1520616998.366224 11.004760 -246.705693 -18.627423 -0.236857 -0.494539 0.697166 0.461833
1520616998.416226 10.399010 -247.095698 -17.933908 -0.231492 -0.497673 0.697103 0.461281
1520616998.466227 10.907972 -247.926185 -18.160295 -0.233034 -0.498710 0.696235 0.460696
1520616998.516229 10.520326 -248.474925 -18.900980 -0.231723 -0.495776 0.700334 0.458304
1520616998.566230 11.396648 -248.277370 -19.340334 -0.238974 -0.507959 0.696304 0.447247
1520616998.616232 10.906057 -248.563111 -20.163543 -0.240099 -0.507391 0.697661 0.445170
1520616998.666233 9.993189 -248.902608 -19.936795 -0.255437 -0.523072 0.688929 0.431885
1520616998.716419 10.876264 -248.506406 -20.188198 -0.272859 -0.540038 0.681377 0.411865
1520616998.766382 10.441362 -248.626396 -21.080646 -0.273956 -0.536200 0.685024 0.410098
1520616998.816383 9.988543 -248.585126 -21.971293 -0.276667 -0.536099 0.686489 0.405939
1520616998.866384 9.458938 -247.758951 -21.779059 -0.276486 -0.545371 0.683773 0.398222
1520616998.916386 8.558383 -248.168417 -21.632982 -0.281270 -0.543322 0.678757 0.406174
1520616998.966387 7.680166 -247.972972 -21.196478 -0.281995 -0.539601 0.676783 0.413853
1520616999.016389 6.916270 -247.914385 -20.553803 -0.287631 -0.536607 0.674931 0.416881
1520616999.066391 6.429314 -247.042964 -20.494663 -0.287631 -0.536607 0.674931 0.416881
1520616999.116469 5.859853 -246.221047 -20.507563 -0.282544 -0.538429 0.678595 0.412034
1520616999.166471 5.011961 -246.731538 -20.364459 -0.290632 -0.535440 0.673258 0.419000
1520616999.216472 4.334019 -246.002960 -20.462276 -0.285313 -0.535989 0.674432 0.420064
1520616999.266474 3.847269 -245.209227 -20.097498 -0.279075 -0.541163 0.672313 0.421016
1520616999.316475 2.998499 -245.543086 -19.687464 -0.283583 -0.531461 0.671087 0.432172
1520616999.366477 2.785895 -244.786345 -19.069288 -0.279631 -0.533817 0.670254 0.433135
1520616999.416478 2.685168 -244.318615 -18.191174 -0.274861 -0.537512 0.667788 0.435421
1520616999.466480 2.230781 -244.164407 -17.313819 -0.267270 -0.528692 0.672667 0.443363
1520616999.516482 2.301824 -243.752465 -16.405383 -0.263291 -0.534239 0.668909 0.444778
1520616999.566754 2.162573 -243.399281 -15.480250 -0.259604 -0.530482 0.671859 0.446991
1520616999.616757 1.214854 -243.627395 -15.257109 -0.253781 -0.514897 0.676396 0.461481
1520616999.666758 1.305123 -243.293066 -14.318985 -0.251624 -0.512247 0.679036 0.461733
1520616999.716760 1.242552 -242.829030 -13.435381 -0.251034 -0.512837 0.681331 0.458005
1520616999.766762 0.266633 -242.783351 -13.222083 -0.245898 -0.500272 0.692011 0.458676
1520616999.816763 0.514695 -242.232628 -12.425108 -0.248325 -0.495299 0.700342 0.450039
1520616999.866764 1.221856 -242.037899 -11.745399 -0.252925 -0.491463 0.706587 0.441847
1520616999.916767 1.962378 -242.333948 -11.142090 -0.257593 -0.489149 0.710144 0.435975
1520616999.966793 2.427716 -242.605741 -11.984462 -0.258569 -0.489716 0.715025 0.426684
1520617000.016798 2.971228 -243.085134 -12.673502 -0.258745 -0.495783 0.716645 0.416738
1520617000.066796 3.104058 -243.590640 -13.526039 -0.260943 -0.495934 0.721245 0.407142
1520617000.116798 3.768083 -242.851062 -13.636017 -0.263128 -0.506395 0.719041 0.396620
1520617000.166799 4.525258 -242.204713 -13.730454 -0.263497 -0.513703 0.717320 0.390039
1520617000.216800 4.406599 -241.948621 -14.689796 -0.260890 -0.516625 0.716793 0.388899
1520617000.266802 5.135853 -241.322993 -14.966882 -0.271128 -0.528251 0.705394 0.387117
1520617000.316804 5.910161 -240.702316 -15.090201 -0.283815 -0.540092 0.691370 0.386984
1520617000.366745 5.503811 -240.524070 -15.986364 -0.281211 -0.540840 0.688357 0.393163
1520617000.416736 4.934803 -240.143840 -16.715510 -0.275371 -0.543980 0.684812 0.399109
1520617000.466737 4.397147 -239.572946 -17.335999 -0.270326 -0.547930 0.682208 0.401608
1520617000.516739 3.970122 -238.709846 -17.605643 -0.274057 -0.556885 0.673482 0.401490
1520617000.566740 3.396478 -238.129497 -18.183681 -0.267181 -0.556767 0.674744 0.404160
1520617000.616741 2.850806 -237.415228 -18.621929 -0.259481 -0.557747 0.674846 0.407639
1520617000.666744 2.254136 -236.663671 -18.903261 -0.252602 -0.559423 0.672399 0.413663
1520617000.716745 1.723113 -235.828406 -19.045900 -0.243800 -0.562036 0.669222 0.420498
1520617000.766617 1.152276 -235.009605 -18.984975 -0.233138 -0.566068 0.664119 0.429139
1520617000.816618 0.782668 -234.139273 -18.659535 -0.222001 -0.572449 0.656971 0.437500
1520617000.866620 0.570123 -233.380239 -18.044155 -0.213549 -0.580258 0.647081 0.446076
1520617000.916621 0.266956 -232.555082 -17.567493 -0.202849 -0.582118 0.644453 0.452406
1520617000.966623 0.211136 -231.977478 -16.753087 -0.199556 -0.587988 0.637305 0.456388
1520617001.016624 0.197028 -231.298786 -16.018799 -0.194932 -0.589154 0.634592 0.460643
1520617001.066626 0.258494 -230.662591 -15.249724 -0.191297 -0.590060 0.632870 0.463369
1520617001.116628 0.326565 -230.155423 -14.390569 -0.189558 -0.592531 0.631410 0.462921
1520617001.166699 0.758566 -229.863055 -13.537400 -0.192963 -0.594840 0.627353 0.464068
1520617001.216701 1.528524 -229.228830 -13.607562 -0.189265 -0.579874 0.638628 0.469125
1520617001.266702 2.123079 -229.136973 -12.808772 -0.191630 -0.577754 0.640993 0.467553
1520617001.316704 2.659966 -228.935268 -11.989585 -0.193065 -0.578334 0.641974 0.464893
1520617001.366706 3.543791 -228.477439 -11.893426 -0.191977 -0.570562 0.649042 0.465132
1520617001.416707 4.528295 -228.312102 -11.951863 -0.192889 -0.565305 0.654690 0.463256
1520617001.466709 5.505380 -228.209267 -11.765499 -0.196190 -0.563511 0.658030 0.459305
1520617001.516711 6.479635 -228.404742 -11.877824 -0.202727 -0.565453 0.659323 0.452170
1520617001.566705 7.364873 -228.816059 -12.095011 -0.206890 -0.567387 0.658117 0.449612
1520617001.616706 8.357796 -228.918069 -12.034190 -0.207263 -0.573570 0.655580 0.445280
1520617001.666708 8.953000 -228.254911 -12.488011 -0.199355 -0.577780 0.657538 0.440535
1520617001.716709 9.655604 -228.394021 -13.185863 -0.201296 -0.576583 0.658991 0.439048
1520617001.766710 9.931829 -228.588415 -14.127091 -0.205401 -0.577325 0.661114 0.432937
1520617001.816713 10.146024 -228.827006 -15.074295 -0.210635 -0.578765 0.662762 0.425923
1520617001.866714 10.408871 -229.052981 -16.012296 -0.216837 -0.580301 0.666071 0.415430
1520617001.916715 10.760756 -229.294480 -16.916649 -0.218764 -0.580563 0.670325 0.407128
1520617001.966680 11.277453 -229.237750 -17.770936 -0.215645 -0.583740 0.670509 0.403933
1520617002.016646 11.550763 -229.387834 -18.721082 -0.214141 -0.581172 0.673411 0.403610
1520617002.066647 11.599465 -229.399353 -19.719829 -0.210019 -0.579535 0.675748 0.404223
1520617002.116649 11.587184 -229.483017 -20.716247 -0.205993 -0.577362 0.675964 0.409015
1520617002.166650 11.492322 -229.311153 -21.696789 -0.200996 -0.579773 0.672039 0.414521
1520617002.216652 11.268998 -229.040385 -22.633171 -0.197600 -0.579138 0.670658 0.419251
1520617002.266654 10.973400 -228.655897 -23.507695 -0.201197 -0.581773 0.666623 0.420325
1520617002.316655 10.619440 -228.128864 -24.280319 -0.198756 -0.582133 0.665218 0.423204
1520617002.366657 10.332494 -227.419618 -24.924238 -0.197239 -0.583277 0.663250 0.425422
1520617002.416535 10.081647 -226.517537 -25.275417 -0.192946 -0.584620 0.657349 0.434608
1520617002.466537 9.810897 -225.645950 -24.866723 -0.183018 -0.586439 0.650232 0.446981
1520617002.516538 8.956307 -226.107983 -25.103792 -0.173773 -0.578142 0.642263 0.472284
1520617002.566540 9.074118 -225.669222 -24.212944 -0.165780 -0.574905 0.638812 0.483653
1520617002.616541 9.933458 -225.198413 -24.013261 -0.158980 -0.560654 0.636766 0.504898
1520617002.666543 10.492296 -225.260471 -23.186310 -0.159565 -0.560110 0.632039 0.511217
1520617002.716545 9.778261 -225.943171 -23.031149 -0.156137 -0.547979 0.638881 0.516886
1520617002.766546 10.180085 -226.007870 -22.117721 -0.160585 -0.548810 0.635289 0.519064
1520617002.816246 10.815567 -226.200891 -21.370121 -0.164216 -0.550987 0.629783 0.522322
1520617002.866247 9.898985 -226.499043 -21.103695 -0.152446 -0.543761 0.636577 0.525218
1520617002.916250 10.483917 -227.174521 -20.654713 -0.162989 -0.542891 0.635076 0.524768
1520617002.966250 10.934909 -227.931025 -20.181101 -0.166245 -0.541315 0.636941 0.523112
1520617003.016253 11.485773 -228.761857 -20.101936 -0.174427 -0.539756 0.638589 0.520040
1520617003.066254 12.166054 -229.492494 -20.043744 -0.181596 -0.540993 0.637723 0.517357
1520617003.116255 12.194057 -230.490091 -20.107132 -0.179659 -0.540278 0.639226 0.516926
1520617003.166257 12.575408 -231.414414 -20.121158 -0.179421 -0.538008 0.642119 0.515789
1520617003.216340 11.669972 -231.825720 -20.016215 -0.164873 -0.538462 0.660796 0.496210
1520617003.266341 12.136131 -232.703242 -19.903746 -0.165115 -0.534515 0.665276 0.494408
1520617003.316343 12.434819 -233.603369 -19.586637 -0.161948 -0.534425 0.664540 0.496537
1520617003.366345 13.044669 -234.392904 -19.655323 -0.175591 -0.531104 0.665707 0.493894
1520617003.416345 13.542564 -235.241394 -19.834667 -0.186829 -0.526075 0.667776 0.492358
1520617003.466347 14.219886 -235.961649 -19.984564 -0.200076 -0.522763 0.666136 0.492901
1520617003.516349 14.382157 -236.917323 -20.230235 -0.202647 -0.514776 0.670476 0.494370
1520617003.566350 15.180546 -236.429709 -20.583516 -0.187845 -0.524702 0.676617 0.481240
1520617003.616840 15.181539 -237.348397 -20.978500 -0.185941 -0.511041 0.685200 0.484525
1520617003.666841 15.847870 -237.930246 -21.444820 -0.185148 -0.513027 0.682834 0.486067
1520617003.716843 15.882905 -238.803694 -21.930476 -0.187080 -0.502179 0.689410 0.487371
1520617003.766844 16.177458 -239.544830 -22.533764 -0.192537 -0.498742 0.691447 0.485888
1520617003.816846 16.188379 -240.207386 -23.282697 -0.196496 -0.491792 0.693267 0.488785
1520617003.866848 15.999784 -240.641903 -24.163394 -0.198810 -0.488155 0.693629 0.490976
1520617003.916849 15.631506 -240.850511 -25.069403 -0.194086 -0.476251 0.696318 0.500656
1520617003.966851 16.601988 -240.717043 -24.868527 -0.207666 -0.488822 0.690309 0.491326
1520617004.017411 16.158766 -240.795564 -25.761493 -0.207016 -0.481235 0.692403 0.496120
1520617004.067413 15.251740 -241.187120 -25.916375 -0.212528 -0.489234 0.679363 0.503933
1520617004.117414 14.688284 -240.960251 -26.710760 -0.212267 -0.485485 0.677685 0.509893
1520617004.167416 13.748016 -240.670887 -26.890105 -0.216448 -0.487975 0.670589 0.515114
1520617004.217417 12.920134 -240.177440 -26.623420 -0.216077 -0.486858 0.666455 0.521649
1520617004.267419 12.817303 -240.027778 -25.640045 -0.219064 -0.485840 0.664139 0.524300
1520617004.317421 11.970787 -240.172664 -25.127777 -0.212514 -0.477835 0.666251 0.531621
1520617004.367422 12.205924 -240.210288 -24.156544 -0.214864 -0.476614 0.664154 0.534390
1520617004.417424 11.513662 -240.601458 -23.550112 -0.207221 -0.467232 0.667158 0.541898
1520617004.467168 10.805192 -241.087398 -23.038319 -0.201560 -0.454728 0.671104 0.549742
1520617004.517170 10.941038 -241.498641 -22.136973 -0.202751 -0.439789 0.681880 0.548195
1520617004.567171 10.476062 -241.828527 -21.315406 -0.190440 -0.434545 0.684199 0.553873
1520617004.617173 10.978770 -242.286668 -20.582336 -0.193232 -0.436063 0.681641 0.554866
1520617004.667175 11.296982 -243.061651 -20.036311 -0.194490 -0.432966 0.683909 0.554060
1520617004.717176 11.796889 -243.795144 -19.575789 -0.199317 -0.433223 0.681784 0.554762
1520617004.767178 12.091512 -244.699390 -19.266699 -0.196487 -0.430975 0.682667 0.556434
1520617004.817180 13.055205 -244.582313 -19.506678 -0.179991 -0.438585 0.699181 0.535156
1520617004.866489 13.431848 -245.435722 -19.146355 -0.175672 -0.438678 0.702886 0.531651
1520617004.916491 14.150250 -246.123689 -19.043395 -0.196948 -0.440939 0.701437 0.524185
1520617004.966491 14.903325 -246.773151 -18.938153 -0.223138 -0.445303 0.697938 0.514585
1520617005.016494 15.440442 -247.616623 -18.930363 -0.228974 -0.444318 0.698521 0.512075
1520617005.066496 15.818892 -248.537970 -19.019223 -0.227554 -0.443251 0.699437 0.512382
1520617005.116497 16.157434 -249.475066 -19.104311 -0.235905 -0.436444 0.700614 0.512841
1520617005.166500 16.543399 -250.388307 -19.234778 -0.231196 -0.441011 0.704026 0.506364
1520617005.216500 16.896709 -251.315513 -19.359120 -0.229482 -0.443085 0.705509 0.503261
1520617005.266827 17.327435 -252.203685 -19.519201 -0.221383 -0.448789 0.706728 0.500114
1520617005.316827 17.741994 -253.100662 -19.672736 -0.217264 -0.451488 0.707306 0.498671
1520617005.366904 18.367410 -253.871340 -19.794846 -0.241317 -0.450732 0.699886 0.498765
1520617005.416830 17.661864 -254.524349 -19.519559 -0.220639 -0.470154 0.712572 0.471715
1520617005.466832 18.519607 -254.193624 -19.913129 -0.208401 -0.493462 0.714138 0.450634
1520617005.516833 19.410821 -253.743257 -19.859214 -0.205764 -0.519215 0.714472 0.421434
1520617005.566835 20.209748 -253.287183 -20.251277 -0.206862 -0.543169 0.703365 0.409211
1520617005.616836 20.966390 -252.671281 -20.470723 -0.207273 -0.567993 0.691315 0.395607
1520617005.667319 21.413615 -251.908423 -20.937668 -0.204359 -0.589262 0.677807 0.389341
1520617005.717320 22.145849 -251.252498 -21.120959 -0.210000 -0.607061 0.664831 0.381283
1520617005.767322 21.876441 -251.135350 -22.076833 -0.206786 -0.606344 0.666181 0.381823
1520617005.817323 22.578900 -250.424192 -22.105207 -0.214410 -0.622123 0.646049 0.386797
1520617005.867325 23.461718 -249.976481 -22.247289 0.235058 0.631670 -0.625184 -0.393556
1520617005.917327 22.904121 -249.303093 -22.732709 -0.221423 -0.631679 0.631785 0.390898
1520617005.967328 22.315552 -248.587713 -23.109298 -0.214192 -0.632326 0.634827 0.388949
1520617006.017330 21.536597 -249.214785 -23.112639 0.239543 0.631304 -0.616066 -0.405632
1520617006.066762 20.676420 -249.715269 -23.210676 0.260291 0.627546 -0.597481 -0.425971
1520617006.116764 19.791793 -250.171328 -23.307863 0.277755 0.620149 -0.580920 -0.448107
1520617006.166765 19.295926 -249.344262 -23.043142 0.274429 0.621799 -0.581705 -0.446848
1520617006.216767 18.916323 -248.590103 -22.507282 0.267304 0.632029 -0.578121 -0.441433
1520617006.266769 18.245053 -247.953448 -22.127721 0.260262 0.630086 -0.578665 -0.447664
1520617006.316770 17.777452 -247.326187 -21.504910 0.247797 0.639055 -0.574282 -0.447667
1520617006.366772 17.324116 -246.748467 -20.826142 0.236610 0.646574 -0.569127 -0.449502
1520617006.416774 16.913965 -246.198570 -20.098551 0.230071 0.651547 -0.565815 -0.449896
1520617006.466332 16.545962 -245.619141 -19.371339 0.221330 0.661653 -0.561218 -0.445267
1520617006.516335 16.208387 -245.090592 -18.592444 0.210304 0.673280 -0.552755 -0.443766
1520617006.566336 15.394961 -244.801869 -18.087490 0.197953 0.668814 -0.557139 -0.450665
1520617006.616338 14.443866 -245.102791 -18.017756 0.186165 0.652951 -0.559237 -0.475659
1520617006.666338 14.242667 -244.589278 -17.183595 0.170355 0.666347 -0.545494 -0.478954
1520617006.716341 13.398266 -245.116697 -17.089697 -0.170914 -0.648513 0.541155 0.507317
1520617006.766341 13.087416 -244.453845 -16.408521 -0.163036 -0.652869 0.535646 0.510162
1520617006.816348 12.750047 -243.644919 -15.927044 -0.157858 -0.655064 0.532875 0.511876
1520617006.866346 12.334470 -242.766079 -15.692657 -0.157107 -0.654844 0.531396 0.513921
1520617006.916497 11.830155 -241.910763 -15.573916 -0.156079 -0.655674 0.526084 0.518621
1520617006.966499 11.423506 -240.999378 -15.637276 -0.153880 -0.656998 0.522161 0.521557
1520617007.016546 10.837038 -240.236316 -15.908921 -0.160369 -0.657753 0.515839 0.524932
1520617007.066501 10.392817 -239.476026 -16.382869 -0.157706 -0.658173 0.517117 0.523954
1520617007.116503 11.207455 -239.841665 -16.833062 -0.170006 -0.659557 0.511713 0.523671
1520617007.166505 11.124007 -239.729265 -17.823215 -0.170395 -0.658488 0.512945 0.523685
1520617007.216506 11.167588 -240.006098 -18.783144 -0.172879 -0.655592 0.515927 0.523575
1520617007.266508 11.736169 -240.683202 -19.250313 -0.181182 -0.654230 0.515217 0.523170
1520617007.316928 11.624939 -241.468171 -19.859780 -0.182751 -0.654244 0.519151 0.518699
1520617007.366930 12.044202 -242.371373 -19.951674 -0.188503 -0.652884 0.523323 0.514142
1520617007.416931 12.192581 -243.259746 -20.386158 -0.190228 -0.650455 0.528952 0.510814
1520617007.466933 12.876048 -243.972376 -20.544370 -0.192871 -0.650957 0.533707 0.504195
1520617007.516935 13.470627 -244.776120 -20.522640 0.205129 0.649705 -0.534790 -0.499804
1520617007.566936 13.968252 -245.587271 -20.215388 0.212976 0.648430 -0.537306 -0.495462
1520617007.616938 14.388099 -246.480025 -20.051928 0.219516 0.645471 -0.540643 -0.492834
1520617007.666939 14.351386 -247.478307 -20.097591 0.212507 0.645483 -0.545399 -0.490645
1520617007.716563 14.887466 -248.322467 -20.094192 0.214961 0.643928 -0.549208 -0.487359
1520617007.766564 15.622377 -247.650734 -20.001028 0.199839 0.644122 -0.576302 -0.461571
1520617007.816566 16.325417 -246.950452 -19.877171 0.185168 0.641354 -0.603808 -0.435654
1520617007.866569 17.015315 -247.674045 -19.898464 0.182085 0.640878 -0.607736 -0.432178
1520617007.916569 17.656687 -248.365162 -20.231630 0.178371 0.643587 -0.608429 -0.428711
1520617007.966571 18.165036 -248.726841 -21.013148 0.178537 0.644734 -0.612722 -0.420730
1520617008.016573 18.916371 -248.158985 -20.676939 0.185854 0.666708 -0.608193 -0.388663
1520617008.066574 18.924204 -248.144392 -21.676802 0.188191 0.667772 -0.610044 -0.382768
1520617008.116703 19.607201 -247.445098 -21.465846 0.199491 0.688829 -0.585366 -0.378240
1520617008.166704 20.538305 -247.529141 -21.110906 0.224395 0.703601 -0.562334 -0.371984
1520617008.216706 19.864777 -248.092834 -21.589038 0.234069 0.713459 -0.540948 -0.378897
1520617008.266707 19.497568 -247.239943 -21.960163 0.236047 0.714951 -0.537962 -0.379109
1520617008.316709 18.708151 -246.904415 -22.474209 0.237512 0.715175 -0.530330 -0.388410
1520617008.366710 19.280299 -246.118161 -22.240861 0.245211 0.705336 -0.526734 -0.406109
1520617008.416712 18.381665 -246.511415 -22.435304 0.246671 0.695998 -0.522499 -0.426305
1520617008.466713 17.865478 -246.079210 -21.695878 0.241445 0.697653 -0.520320 -0.429247
1520617008.517259 17.574100 -245.832527 -20.771624 0.238207 0.699315 -0.515991 -0.433554
1520617008.567261 17.058895 -245.700442 -19.924796 0.234841 0.697563 -0.513842 -0.440706
1520617008.617262 16.909192 -245.400238 -18.982741 0.230484 0.700735 -0.509820 -0.442642
1520617008.667281 16.207435 -245.322788 -18.274547 0.223755 0.695808 -0.510060 -0.453457
1520617008.717265 15.380372 -245.468800 -17.731733 0.219667 0.688957 -0.512207 -0.463388
1520617008.767267 14.877196 -245.477390 -16.867591 0.213785 0.683842 -0.514019 -0.471636
1520617008.817268 14.710984 -245.366120 -15.887799 0.210652 0.684822 -0.512348 -0.473439
1520617008.867270 13.773208 -245.217984 -15.573742 0.197662 0.678625 -0.515863 -0.484028
1520617008.917271 12.791055 -245.394045 -15.639912 0.196597 0.670955 -0.514582 -0.496361
1520617008.966612 12.587313 -244.442549 -15.870444 0.200571 0.671113 -0.513746 -0.495422
1520617009.016613 12.165791 -243.657955 -16.325121 0.205320 0.671573 -0.514511 -0.492049
1520617009.066615 11.175148 -243.763069 -16.412167 0.216253 0.675476 -0.503506 -0.493405
1520617009.116617 10.243640 -243.738610 -16.775065 0.225747 0.680364 -0.494916 -0.491122
1520617009.166618 9.991373 -243.572590 -17.728374 0.227326 0.681485 -0.493286 -0.490479
1520617009.216620 10.162103 -243.843933 -18.675593 0.227326 0.681485 -0.493286 -0.490479
1520617009.266621 9.277103 -244.113061 -19.055523 0.226000 0.684079 -0.495828 -0.484886
1520617009.316623 10.269361 -244.158394 -18.939895 0.223627 0.686364 -0.498982 -0.479492
1520617009.367223 11.119029 -243.858553 -18.506122 0.221269 0.688236 -0.508549 -0.467706
1520617009.417224 10.314553 -244.435919 -18.645644 0.217121 0.687958 -0.515391 -0.462541
1520617009.467226 9.924610 -245.330115 -18.865548 0.213999 0.683988 -0.524118 -0.460070
1520617009.517227 10.475343 -246.113913 -18.578573 0.214254 0.683969 -0.522807 -0.461470
1520617009.567229 9.627080 -246.633810 -18.679358 0.210224 0.685687 -0.524303 -0.459070
1520617009.617230 10.595685 -246.525686 -18.903218 0.209476 0.688599 -0.523274 -0.456219
1520617009.667233 10.573209 -246.422005 -19.897575 0.209476 0.688598 -0.523274 -0.456220
1520617009.717233 10.404127 -246.061609 -20.814922 0.211313 0.689318 -0.522544 -0.455122
1520617009.766970 9.958243 -245.579446 -21.569048 0.213672 0.689641 -0.523719 -0.452171
1520617009.816971 10.937870 -245.694219 -21.733845 0.221273 0.691363 -0.520375 -0.449739
1520617009.866973 9.941500 -245.778637 -21.744827 0.225611 0.689191 -0.521145 -0.450026
1520617009.916974 8.957401 -245.922334 -21.640418 0.225725 0.686074 -0.525639 -0.449504
1520617009.966976 8.064147 -245.490794 -21.766394 0.214876 0.680248 -0.534143 -0.453633
1520617010.016977 7.526429 -245.391046 -20.929190 0.212126 0.678994 -0.535653 -0.455022
1520617010.066980 7.827169 -245.200664 -19.994680 0.210600 0.679836 -0.532779 -0.457839
1520617010.116980 7.012311 -245.183597 -19.415272 0.207880 0.678680 -0.531965 -0.461728
1520617010.167055 6.991312 -246.083842 -19.850148 0.208819 0.678024 -0.531519 -0.462781
1520617010.217056 6.011864 -245.954551 -20.004955 0.212723 0.679027 -0.529235 -0.462149
1520617010.267058 6.898512 -245.507909 -19.885094 0.216072 0.681306 -0.526597 -0.460250
1520617010.317060 6.165419 -245.129634 -20.450323 0.217883 0.681438 -0.526946 -0.458799
1520617010.367061 6.582420 -245.969025 -20.798938 0.217883 0.681438 -0.526946 -0.458799
1520617010.417062 5.872876 -245.277199 -20.932814 0.214555 0.680703 -0.530012 -0.457927
1520617010.467064 6.607646 -245.597512 -20.334891 -0.569905 0.666103 0.293790 0.381054
1520617010.517065 7.345268 -245.344701 -19.708792 -0.569905 0.666103 0.293790 0.381054
1520617010.566927 6.859950 -246.161357 -20.021106 -0.570718 0.664487 0.293363 0.382984
1520617010.616928 6.632529 -246.841872 -20.717654 -0.570525 0.663298 0.294694 0.384309
1520617010.666930 6.663760 -247.593889 -21.376057 -0.569519 0.663396 0.297089 0.383786
1520617010.716932 6.685473 -248.334873 -20.704885 -0.567112 0.663050 0.301382 0.384601
1520617010.766933 6.545757 -249.324964 -20.690807 -0.567112 0.663050 0.301382 0.384601
1520617010.816935 6.382846 -248.618701 -21.379758 -0.567112 0.663050 0.301382 0.384601
1520617010.866936 6.081445 -247.994347 -22.100410 -0.565929 0.663360 0.303641 0.384032
1520617010.916938 5.496516 -248.192833 -21.313987 -0.565929 0.663360 0.303641 0.384032
1520617010.966973 5.982444 -248.559621 -20.520677 -0.565245 0.663958 0.305014 0.382916
1520617011.016975 6.839081 -248.532417 -21.035879 -0.564893 0.664292 0.306719 0.381490
1520617011.066977 6.064017 -248.939226 -20.552369 -0.564297 0.663682 0.309876 0.380883
1520617011.116978 5.785992 -249.810041 -20.146927 -0.567494 0.660261 0.314774 0.378051
1520617011.166980 5.900221 -250.270367 -19.266557 -0.570731 0.656731 0.320098 0.374842
1520617011.216981 5.900268 -249.556285 -19.966619 -0.573424 0.653947 0.321854 0.374096
1520617011.266983 5.986351 -249.052269 -20.826012 -0.572852 0.653777 0.320549 0.376383
1520617011.316985 6.445858 -248.183821 -20.639860 -0.575026 0.651113 0.318510 0.379406
1520617011.366986 6.632629 -248.899406 -19.966766 -0.575529 0.650214 0.311932 0.385599
1520617011.417002 7.584443 -249.091299 -19.727544 -0.576013 0.649625 0.307149 0.389688
1520617011.467004 7.407480 -249.419162 -18.799541 -0.574374 0.649856 0.306339 0.392350
1520617011.517006 7.498905 -248.939117 -19.672008 -0.573656 0.650205 0.309515 0.390325
1520617011.567007 7.410442 -248.141909 -20.269197 -0.570204 0.650503 0.317942 0.388106
1520617011.617008 7.414169 -247.160282 -20.459970 -0.569580 0.651896 0.322146 0.383187
1520617011.667010 7.579998 -246.777825 -21.368940 -0.568113 0.652673 0.324962 0.381662
1520617011.717011 6.939945 -246.340947 -22.000977 -0.568448 0.652400 0.322517 0.383698
1520617011.767013 6.940341 -245.509442 -22.556493 -0.567211 0.655135 0.316788 0.385636
1520617011.816891 7.024487 -245.149483 -23.485659 -0.566339 0.655942 0.312371 0.389133
1520617011.866894 7.787107 -245.472123 -22.925021 -0.566339 0.655942 0.312371 0.389133
1520617011.916893 7.690390 -245.837034 -21.999016 -0.564873 0.656141 0.316447 0.387632
1520617011.966895 7.715096 -246.389766 -21.166023 -0.566249 0.653990 0.320868 0.385620
1520617012.016896 8.360555 -245.796629 -21.647241 -0.566191 0.654145 0.320771 0.385522
1520617012.066898 8.133902 -244.896902 -22.020230 -0.570062 0.655894 0.311345 0.384575
1520617012.116899 7.735410 -244.365315 -22.767638 -0.570397 0.655733 0.306969 0.387854
1520617012.166901 8.182482 -243.820272 -23.476902 -0.571777 0.653645 0.306581 0.389650
1520617012.216943 8.091627 -244.241206 -22.574372 -0.570388 0.654281 0.307093 0.390214
1520617012.266945 8.035443 -243.843649 -23.490228 -0.567760 0.656009 0.306914 0.391286
1520617012.316947 7.817473 -243.406823 -24.362966 -0.566095 0.656260 0.307947 0.392465
1520617012.366948 7.853524 -242.530429 -24.843210 -0.561820 0.657437 0.309868 0.395116
1520617012.416950 7.512154 -242.836671 -23.954569 -0.561056 0.656944 0.308669 0.397949
1520617012.466951 7.564429 -243.835065 -23.976403 -0.562766 0.656641 0.304439 0.399292
1520617012.516953 8.453564 -244.045112 -23.569809 -0.564257 0.655371 0.302118 0.401033
1520617012.566954 8.757870 -243.651326 -24.437179 -0.561720 0.656047 0.303398 0.402520
1520617012.616969 8.716967 -243.185326 -25.321018 -0.560666 0.655674 0.305510 0.403001
1520617012.666971 8.932516 -243.456765 -24.383010 -0.560589 0.655147 0.308617 0.401594
1520617012.716972 9.087384 -243.176141 -25.330251 -0.559466 0.655160 0.309961 0.402103
1520617012.766974 9.059881 -244.135303 -25.048735 -0.556938 0.656714 0.311459 0.401920
1520617012.816975 8.980245 -245.042542 -24.635725 -0.557072 0.657415 0.312374 0.399874
1520617012.866977 8.814887 -245.482953 -23.753289 -0.558036 0.657191 0.314286 0.397392
1520617012.916978 9.622732 -245.182907 -23.245984 -0.559357 0.656221 0.314452 0.397007
1520617012.966980 9.730842 -244.737877 -24.134950 -0.559357 0.656221 0.314452 0.397007
1520617013.017036 10.418023 -244.065914 -23.858817 -0.559357 0.656221 0.314452 0.397007
1520617013.067038 11.129403 -243.391021 -23.662711 -0.559357 0.656221 0.314452 0.397007
1520617013.117038 10.961982 -242.534824 -24.151482 -0.560489 0.655689 0.315912 0.395126
1520617013.167041 10.891874 -241.654856 -24.621312 -0.560657 0.655385 0.320208 0.391919
1520617013.217041 10.828023 -242.570925 -24.225407 -0.560688 0.657173 0.320905 0.388295
1520617013.267043 10.858750 -243.023705 -23.334314 -0.560650 0.659657 0.322736 0.382576
1520617013.317044 10.105513 -243.256832 -23.949364 -0.560650 0.659657 0.322736 0.382576
1520617013.367047 9.887830 -242.438639 -24.481505 -0.565565 0.658087 0.322273 0.378415
1520617013.417050 9.585027 -241.778296 -25.168716 -0.567587 0.657063 0.322385 0.377068
1520617013.467055 9.546472 -241.463093 -26.116956 -0.569062 0.656889 0.321440 0.375954
1520617013.517053 9.616073 -240.956915 -25.257340 -0.569062 0.656889 0.321440 0.375954
1520617013.567055 9.685726 -240.450987 -24.397581 -0.569062 0.656889 0.321440 0.375954
1520617013.617056 10.072789 -239.542699 -24.556310 -0.568947 0.658273 0.320203 0.374761
1520617013.667144 9.810089 -239.671096 -25.512606 -0.568669 0.656717 0.318843 0.379048
1520617013.717059 9.899904 -239.041651 -24.740769 -0.568669 0.656717 0.318843 0.379048
1520617013.767061 9.992910 -238.198095 -25.269694 -0.568849 0.657650 0.319502 0.376596
1520617013.817062 9.471287 -238.172370 -26.122482 -0.567009 0.658174 0.321461 0.376789
1520617013.866968 9.499105 -238.551654 -25.197620 -0.566740 0.658385 0.323539 0.375044
1520617013.916970 9.248771 -237.802971 -24.583775 -0.566740 0.658385 0.323539 0.375044
1520617013.966971 9.077769 -237.516409 -25.526452 -0.565366 0.659383 0.321255 0.377320
1520617014.016973 9.143605 -238.325527 -24.942506 -0.564879 0.660375 0.317143 0.379785
1520617014.066973 9.248428 -237.978565 -25.874509 -0.564536 0.661081 0.312109 0.383221
1520617014.116976 10.213247 -237.730781 -25.962408 -0.564802 0.661484 0.310100 0.383764
