1520616724.357818 0.587125 0.510557 -0.612026 0.001013 -0.000799 -0.002401 0.999996
1520616724.407773 0.872738 0.090086 0.231028 0.000542 -0.000563 -0.005616 0.999984
1520616724.457775 1.514114 0.125517 -0.516048 0.001251 -0.000585 -0.010963 0.999939
1520616724.507776 1.126411 -0.319867 0.267711 0.000800 -0.004067 -0.015602 0.999870
1520616724.557778 0.265446 0.167013 0.337434 0.003348 -0.002861 -0.016203 0.999859
1520616724.607779 -0.389457 0.161087 1.088179 0.003228 -0.006717 -0.016210 0.999841
1520616724.657781 0.299077 0.782096 0.762399 0.004254 -0.009351 -0.021429 0.999718
1520616724.707782 -0.324563 0.033845 0.874599 0.005464 -0.010463 -0.027427 0.999554
1520616724.757784 -0.920095 -0.752211 0.712585 0.005791 -0.009562 -0.029685 0.999497
1520616724.807789 -0.418537 -0.220917 1.368403 0.013319 -0.009867 -0.032071 0.999348
1520616724.857790 0.018292 -0.629136 0.586053 0.015755 -0.006826 -0.035211 0.999232
1520616724.907792 0.271026 -0.840957 -0.357308 0.015261 -0.003527 -0.039178 0.999109
1520616724.957895 0.869853 -0.920072 -1.153259 0.012838 -0.002608 -0.039764 0.999123
1520616725.007795 0.213402 -1.655532 -1.196669 0.012027 -0.001369 -0.045184 0.998905
1520616725.057796 0.794019 -1.736450 -1.991033 0.009250 -0.001639 -0.043137 0.999025
1520616725.107798 0.395532 -1.570745 -2.887260 0.006367 -0.003487 -0.039768 0.999183
1520616725.157799 -0.275682 -2.295276 -2.988644 0.002470 -0.002427 -0.038509 0.999252
1520616725.207801 0.505022 -1.714002 -2.870856 0.002470 -0.002427 -0.038509 0.999252
1520616725.257856 -0.142939 -1.835244 -2.138707 0.001867 -0.000775 -0.039000 0.999237
1520616725.307858 -0.186089 -1.351084 -1.269568 0.005748 -0.001202 -0.037600 0.999276
1520616725.357859 -0.730969 -0.788225 -0.650408 0.013843 -0.000907 -0.032061 0.999390
1520616725.407861 -0.597283 -0.401849 0.258769 0.021610 0.002111 -0.033485 0.999203
1520616725.457864 -0.382914 -0.103792 1.188789 0.028835 0.005088 -0.038167 0.998842
1520616725.507864 0.547287 -0.046615 1.537867 0.034156 0.002641 -0.043016 0.998487
1520616725.557866 1.219412 -0.200515 0.822725 0.036282 0.003859 -0.044993 0.998321
1520616725.607868 1.844779 -0.057086 0.056365 0.037888 0.004298 -0.042859 0.998353
1520616725.657862 2.020632 -0.284854 0.996727 0.037370 0.005182 -0.041506 0.998426
1520616725.707863 2.756988 0.192246 0.546244 0.036252 0.005879 -0.039723 0.998536
1520616725.757866 3.068430 -0.331262 -0.238379 0.032511 0.006425 -0.039274 0.998679
1520616725.807867 3.362454 0.526460 0.142369 0.027122 0.006335 -0.034874 0.999004
1520616725.857868 3.060617 -0.280496 -0.325480 0.021861 0.006362 -0.031476 0.999245
1520616725.907871 3.723261 -0.202830 -1.058042 0.020443 0.005514 -0.030606 0.999307
1520616725.957871 3.138254 0.104392 -0.333069 0.020443 0.005514 -0.030606 0.999307
1520616726.007873 3.687065 0.634313 -0.954119 0.020443 0.005514 -0.030606 0.999307
1520616726.057950 3.697601 -0.178213 -0.402676 0.020443 0.005514 -0.030606 0.999307
1520616726.107951 3.212792 -0.168298 -1.259545 0.019042 0.004897 -0.028962 0.999387
1520616726.157953 3.351285 0.800762 -1.407764 0.017185 0.004668 -0.028867 0.999425
1520616726.207954 2.951268 0.834828 -2.314504 0.013848 0.004100 -0.027751 0.999511
1520616726.257956 2.396688 0.193990 -1.807398 0.011452 0.002733 -0.028073 0.999537
1520616726.307958 1.975945 -0.482076 -1.202838 0.013637 0.002686 -0.026017 0.999565
1520616726.357959 1.731858 -0.569127 -2.153723 0.018761 0.001396 -0.023049 0.999557
1520616726.407961 2.331594 -0.599945 -1.377866 0.024851 0.000451 -0.023904 0.999405
1520616726.457913 2.379408 0.386680 -1.296001 0.025578 0.000427 -0.023409 0.999399
1520616726.507915 1.873523 1.052501 -0.753461 0.025578 0.000427 -0.023409 0.999399
1520616726.557916 1.174848 1.210754 -1.438677 0.019699 0.000138 -0.020740 0.999591
1520616726.607917 1.156703 1.785799 -2.252047 0.014592 -0.001288 -0.023882 0.999607
1520616726.657919 0.660077 1.588647 -3.092792 0.008486 -0.003098 -0.021589 0.999726
1520616726.707921 0.034577 1.466728 -2.339115 0.007826 -0.003226 -0.022745 0.999705
1520616726.757922 -0.553316 0.880946 -1.783663 0.009377 -0.004324 -0.025001 0.999634
1520616726.807924 -1.225340 0.941565 -1.048933 0.012525 -0.004346 -0.024923 0.999601
1520616726.857948 -0.571938 1.647243 -0.824681 0.012525 -0.004346 -0.024923 0.999601
1520616726.907950 0.002125 1.434235 -1.603075 0.008397 -0.003843 -0.026667 0.999602
1520616726.957951 -0.045347 0.443777 -1.627897 0.008397 -0.003843 -0.026667 0.999602
1520616727.007953 -0.732231 0.434609 -0.915055 0.003054 -0.004447 -0.029178 0.999560
1520616727.057955 -0.927564 1.366980 -0.634678 -0.001026 -0.004315 -0.032887 0.999449
1520616727.107956 -1.432333 1.091776 -1.436223 -0.003906 -0.004427 -0.031475 0.999487
1520616727.157958 -2.084408 0.347532 -1.334684 -0.003906 -0.004427 -0.031475 0.999487
1520616727.207959 -2.376962 0.305752 -0.386649 -0.001178 -0.005072 -0.032507 0.999458
1520616727.257899 -2.420052 -0.683579 -0.409771 -0.001440 -0.005062 -0.032647 0.999453
1520616727.307900 -2.348189 -1.400412 0.279352 0.001390 -0.004005 -0.030638 0.999522
1520616727.357902 -2.408484 -2.360541 0.547213 0.004269 -0.004263 -0.030082 0.999529
1520616727.407904 -1.882431 -2.358500 -0.288674 0.005954 -0.004497 -0.027982 0.999581
1520616727.457905 -1.373760 -2.887520 0.371116 0.005954 -0.004497 -0.027982 0.999581
1520616727.507907 -1.964630 -3.510796 0.869845 0.004240 -0.004842 -0.026757 0.999621
1520616727.557909 -2.304440 -4.316416 0.395622 -0.001080 -0.004462 -0.026538 0.999637
1520616727.607910 -1.616975 -4.254647 -0.315040 -0.004183 -0.005483 -0.026701 0.999620
1520616727.657912 -1.286716 -3.511606 0.247735 -0.005134 -0.004192 -0.027927 0.999588
1520616727.707913 -1.826797 -3.428871 1.077749 -0.005134 -0.004192 -0.027927 0.999588
1520616727.757913 -1.155080 -3.613011 1.784387 -0.005134 -0.004192 -0.027927 0.999588
1520616727.807916 -0.502549 -3.198883 1.166502 -0.005134 -0.004192 -0.027927 0.999588
1520616727.857917 -0.572239 -2.819290 0.247246 -0.006217 -0.003449 -0.027962 0.999584
1520616727.907918 -1.251993 -3.516914 0.403498 -0.006217 -0.003449 -0.027962 0.999584
1520616727.957920 -0.562014 -4.148342 0.079819 -0.004707 -0.001476 -0.027639 0.999606
1520616728.007921 0.172423 -4.391691 0.704850 -0.002504 -0.001905 -0.027062 0.999629
1520616728.057923 0.758701 -4.558890 -0.074974 -0.000110 -0.000568 -0.027461 0.999623
1520616728.107906 0.987558 -3.934194 0.651045 0.003999 -0.000507 -0.026460 0.999642
1520616728.157908 1.620186 -3.535542 0.003732 0.006650 -0.000345 -0.023579 0.999700
1520616728.207921 2.612495 -3.596686 0.054082 0.006627 -0.000577 -0.023628 0.999699
1520616728.257911 3.511767 -3.641451 -0.378095 0.006627 -0.000577 -0.023628 0.999699
1520616728.307913 4.042979 -2.989893 -0.914195 0.006627 -0.000577 -0.023628 0.999699
1520616728.357914 3.321360 -3.655613 -0.914735 0.006627 -0.000577 -0.023628 0.999699
1520616728.407916 3.183730 -2.850694 -0.363439 0.006627 -0.000577 -0.023628 0.999699
1520616728.457917 2.639164 -2.236851 -0.922376 0.006627 -0.000577 -0.023628 0.999699
1520616728.507942 2.525354 -2.878785 -0.187178 0.007037 -0.000580 -0.024243 0.999681
1520616728.557943 3.066577 -3.492090 0.384114 0.007037 -0.000580 -0.024243 0.999681
1520616728.607945 3.731876 -3.375703 -0.338235 0.007934 0.000055 -0.023229 0.999699
1520616728.657947 4.420121 -3.483689 -1.055030 0.007934 0.000055 -0.023229 0.999699
1520616728.707948 3.578592 -3.049953 -1.329294 0.007934 0.000055 -0.023229 0.999699
1520616728.757950 4.304281 -3.646578 -1.615472 0.007934 0.000055 -0.023229 0.999699
1520616728.807951 4.855797 -4.259099 -1.056169 0.007934 0.000055 -0.023229 0.999699
1520616728.857953 4.105917 -4.428706 -0.432238 0.007934 0.000055 -0.023229 0.999699
1520616728.907965 3.445303 -5.105086 -0.111990 0.007934 0.000055 -0.023229 0.999699
1520616728.957968 3.930186 -5.362871 0.713501 0.007934 0.000055 -0.023229 0.999699
1520616729.007969 3.267007 -5.377149 1.452237 0.009089 -0.000414 -0.024924 0.999648
1520616729.057971 3.801740 -5.987500 2.020821 0.009089 -0.000414 -0.024924 0.999648
1520616729.107973 2.927054 -6.068025 1.579907 0.009089 -0.000414 -0.024924 0.999648
1520616729.157974 3.038874 -5.212068 2.055814 0.009089 -0.000414 -0.024924 0.999648
1520616729.207976 2.622632 -5.959728 2.544377 0.009089 -0.000414 -0.024924 0.999648
1520616729.257978 2.715051 -6.221898 3.501263 0.010118 -0.000508 -0.023174 0.999680
1520616729.307997 3.428911 -5.537278 3.504442 0.010118 -0.000508 -0.023174 0.999680
1520616729.357999 2.849184 -5.235857 2.763038 0.010118 -0.000508 -0.023174 0.999680
1520616729.408001 2.299895 -4.624003 2.195493 0.010118 -0.000508 -0.023174 0.999680
1520616729.458002 2.163656 -4.446097 1.223553 0.008973 -0.001210 -0.024026 0.999670
1520616729.508003 1.962964 -5.386888 1.442898 0.008651 -0.001467 -0.021594 0.999728
1520616729.558005 1.338739 -5.178037 2.183312 0.008651 -0.001467 -0.021594 0.999728
1520616729.608006 1.891824 -5.801698 2.715881 0.008651 -0.001467 -0.021594 0.999728
1520616729.658008 1.855862 -6.793792 2.797415 0.008651 -0.001467 -0.021594 0.999728
1520616729.708019 2.400147 -7.409547 3.361346 0.008651 -0.001467 -0.021594 0.999728
1520616729.758019 3.094217 -7.462757 2.657125 0.009185 -0.001810 -0.019331 0.999769
1520616729.808021 3.647705 -8.067057 3.212787 0.009185 -0.001810 -0.019331 0.999769
1520616729.858068 4.324797 -8.770979 3.013559 0.009185 -0.001810 -0.019331 0.999769
1520616729.908024 5.089288 -9.173770 2.512112 0.009185 -0.001810 -0.019331 0.999769
1520616729.958025 5.387116 -8.418589 1.941546 0.009185 -0.001810 -0.019331 0.999769
1520616730.008028 4.761898 -8.391241 2.700854 0.008582 -0.002660 -0.019799 0.999764
1520616730.058028 4.349459 -9.293769 2.724290 0.008582 -0.002660 -0.019799 0.999764
1520616730.108031 3.617401 -9.951838 2.893935 0.008582 -0.002660 -0.019799 0.999764
1520616730.158038 3.649122 -9.258336 2.197116 0.008582 -0.002660 -0.019799 0.999764
1520616730.208040 3.137577 -9.807158 2.830095 0.008584 -0.002661 -0.019802 0.999764
1520616730.258042 2.502637 -10.248998 3.463216 0.008584 -0.002661 -0.019802 0.999764
1520616730.308043 1.936030 -10.879868 3.992881 0.008584 -0.002661 -0.019802 0.999764
1520616730.358045 1.270483 -11.602318 3.820500 0.008584 -0.002661 -0.019802 0.999764
1520616730.408046 0.719096 -11.006055 3.254551 0.008584 -0.002661 -0.019802 0.999764
1520616730.458048 0.209889 -10.986709 4.101155 0.008584 -0.002661 -0.019802 0.999764
1520616730.508050 -0.329500 -10.696270 4.890871 0.009036 -0.004325 -0.018033 0.999787
1520616730.558051 -0.533426 -9.743088 4.704962 0.009036 -0.004325 -0.018033 0.999787
1520616730.608052 -0.910324 -9.020311 4.127639 0.009036 -0.004325 -0.018033 0.999787
1520616730.658054 -1.780123 -8.534794 4.081305 0.009036 -0.004325 -0.018033 0.999787
1520616730.708056 -2.535463 -9.142948 4.298821 0.009036 -0.004325 -0.018033 0.999787
1520616730.758057 -3.206360 -9.543956 4.920828 0.009036 -0.004325 -0.018033 0.999787
1520616730.808059 -3.216258 -8.558674 4.893203 0.009036 -0.004325 -0.018033 0.999787
1520616730.858061 -2.576352 -8.707404 4.154583 0.009805 -0.004523 -0.016227 0.999810
1520616730.908063 -3.087841 -9.052880 4.917571 0.010710 -0.004609 -0.014327 0.999829
1520616730.958052 -2.611539 -8.930822 4.069308 0.012530 -0.003851 -0.012818 0.999832
1520616731.008054 -2.345966 -9.124280 3.125809 0.011167 0.001033 -0.014853 0.999827
1520616731.058055 -2.490043 -9.024547 2.142644 0.005552 0.006180 -0.015071 0.999852
1520616731.108056 -2.021983 -8.152238 2.136955 0.005552 0.006180 -0.015071 0.999852
1520616731.158058 -2.166190 -8.402180 1.192911 -0.003833 0.014548 -0.016610 0.999749
1520616731.208059 -1.622976 -7.773004 0.650134 -0.009945 0.016066 -0.011939 0.999750
1520616731.258061 -1.313631 -7.944292 -0.280360 -0.021366 0.020453 -0.008715 0.999524
1520616731.308062 -1.264823 -7.731192 -1.255029 -0.030690 0.029329 -0.003023 0.999094
1520616731.358057 -0.714083 -7.318028 -1.978222 -0.036696 0.032562 -0.002673 0.998792
1520616731.408059 -0.798343 -7.729088 -2.878904 -0.047949 0.040111 -0.006880 0.998020
1520616731.458060 -0.105809 -7.139670 -3.274030 -0.055004 0.041877 -0.009902 0.997558
1520616731.508142 0.579530 -6.621288 -3.784869 -0.061522 0.043772 -0.019437 0.996956
1520616731.558063 1.363149 -6.563441 -4.400886 -0.072977 0.051933 -0.030500 0.995513
1520616731.608065 2.272902 -6.629018 -4.810185 -0.078184 0.051350 -0.039544 0.994830
1520616731.658066 2.396567 -6.420520 -5.774650 -0.071880 0.066496 -0.040184 0.994383
1520616731.708068 2.595583 -6.389721 -4.813679 -0.060740 0.078836 -0.046947 0.993927
1520616731.757886 3.271950 -7.110214 -4.726715 -0.056479 0.078847 -0.049061 0.994076
1520616731.807888 3.928716 -7.821445 -4.476950 -0.050874 0.080291 -0.050186 0.994207
1520616731.857890 4.208517 -7.613552 -3.546843 -0.035219 0.090748 -0.053954 0.993787
1520616731.907891 4.539476 -7.334290 -2.645688 -0.020651 0.104530 -0.063824 0.992257
1520616731.957893 4.988779 -7.316413 -1.753095 -0.009797 0.114087 -0.068407 0.991064
1520616732.007894 4.950809 -7.255029 -0.755851 0.001295 0.120187 -0.065536 0.990585
1520616732.057896 4.820671 -7.152181 0.230489 0.012761 0.121767 -0.059694 0.990680
1520616732.107897 4.753845 -8.138302 0.190461 0.014984 0.121126 -0.057088 0.990881
1520616732.157943 4.876585 -7.836841 1.122499 0.031968 0.118041 -0.056891 0.990862
1520616732.207944 4.632224 -7.481143 2.024800 0.052285 0.115311 -0.050483 0.990667
1520616732.257946 4.388610 -7.839689 2.922794 0.062240 0.110748 -0.048806 0.990696
1520616732.307948 4.207250 -7.853249 3.905615 0.071909 0.102572 -0.045737 0.991068
1520616732.357949 4.362433 -7.929283 4.889187 0.078716 0.091129 -0.044851 0.991710
1520616732.407951 3.990938 -8.099677 5.801102 0.084154 0.085345 -0.046522 0.991701
1520616732.457953 3.501185 -8.488249 6.580998 0.084820 0.080889 -0.052297 0.991730
1520616732.507954 3.748423 -8.721173 7.517859 0.085472 0.069816 -0.055722 0.992328
1520616732.557956 2.789456 -8.639873 7.755882 0.085524 0.072143 -0.055670 0.992160
1520616732.608239 3.001232 -8.676733 8.721273 0.084727 0.056744 -0.049772 0.993541
1520616732.658241 3.041490 -8.556193 9.713272 0.085191 0.041290 -0.042223 0.994613
1520616732.708242 3.057298 -8.736431 10.695773 0.083448 0.026519 -0.037477 0.995454
1520616732.758244 2.102700 -8.893243 10.492398 0.072709 0.036323 -0.029539 0.996254
1520616732.808248 2.079352 -9.138198 11.450130 0.071905 0.019879 -0.029511 0.996777
1520616732.858247 1.444175 -9.388566 12.177971 0.073230 0.015157 -0.029126 0.996774
1520616732.908249 0.970218 -9.831336 12.938465 0.074717 0.006334 -0.032584 0.996652
1520616732.958250 0.021989 -10.130678 12.896511 0.074791 0.009142 -0.029622 0.996717
1520616733.008351 0.063673 -10.052035 13.881845 0.082059 -0.013434 -0.023814 0.996252
1520616733.058352 -0.829049 -10.449542 13.739181 0.073631 -0.006857 -0.023997 0.996973
1520616733.108353 -1.625634 -10.775238 14.244999 0.073625 -0.010006 -0.029024 0.996813
1520616733.158355 -2.613245 -10.904895 14.313336 0.069104 -0.006337 -0.035331 0.996964
1520616733.208356 -2.448261 -10.882316 15.288703 0.060324 -0.030157 -0.035157 0.997104
1520616733.258357 -3.235171 -11.316707 14.888126 0.033079 -0.026267 -0.027178 0.998738
1520616733.308360 -3.954618 -11.339311 15.573150 0.031167 -0.032363 -0.025288 0.998670
1520616733.358361 -4.729512 -11.058785 16.138400 0.034747 -0.035760 -0.018049 0.998593
1520616733.408396 -5.697338 -11.295535 16.119673 0.029689 -0.033310 -0.012120 0.998930
1520616733.458398 -6.678491 -11.438864 16.248466 0.030645 -0.033509 -0.005322 0.998954
1520616733.508399 -7.463483 -11.548105 16.856663 0.039391 -0.035960 -0.004057 0.998568
1520616733.558401 -7.782627 -11.556437 17.802989 0.049096 -0.054566 -0.000694 0.997302
1520616733.608402 -8.515825 -12.216866 17.715827 0.041677 -0.053725 -0.003991 0.997678
1520616733.658404 -9.400666 -12.407358 17.296376 0.040554 -0.056113 -0.003066 0.997596
1520616733.708405 -10.385953 -12.285786 17.403513 0.044987 -0.053970 -0.005534 0.997513
1520616733.758407 -11.379740 -12.268601 17.298403 0.044987 -0.053970 -0.005534 0.997513
1520616733.808285 -11.231606 -12.020798 16.352957 0.041871 -0.069644 -0.006173 0.996674
1520616733.858286 -11.834956 -12.265309 15.598072 0.028833 -0.069598 0.001343 0.997157
1520616733.908288 -12.734697 -12.162587 15.176890 0.027712 -0.071226 0.002303 0.997072
1520616733.958289 -13.168093 -11.977336 14.298363 0.024094 -0.074920 0.006496 0.996877
1520616734.008291 -13.635277 -11.159199 13.974037 0.022755 -0.076116 0.012466 0.996761
1520616734.058293 -13.683580 -10.162593 14.004348 0.025378 -0.075913 0.014105 0.996692
1520616734.108294 -13.495770 -9.200670 13.807753 0.023452 -0.077049 0.018386 0.996582
1520616734.158296 -13.117041 -8.280992 13.706991 0.011803 -0.075995 0.018360 0.996869
1520616734.208431 -12.914181 -7.305673 13.787013 0.011217 -0.073943 0.015392 0.997081
1520616734.258432 -12.477768 -6.438856 13.548162 0.004057 -0.074179 0.012128 0.997163
1520616734.308433 -12.201384 -5.484326 13.649853 0.013430 -0.075499 0.008392 0.997020
1520616734.358435 -11.711363 -4.625437 13.503349 0.010682 -0.074459 0.008817 0.997128
1520616734.408437 -11.028155 -3.905855 13.620192 0.010683 -0.074458 0.008816 0.997128
1520616734.458437 -10.290452 -3.239919 13.731127 0.015327 -0.078057 0.007663 0.996802
1520616734.508439 -9.457930 -2.817056 13.375386 0.012521 -0.076201 0.002868 0.997010
1520616734.558440 -9.302373 -2.659365 12.403567 0.006071 -0.062597 -0.001208 0.998020
1520616734.608036 -8.338559 -2.435363 12.436902 0.007114 -0.062742 -0.011454 0.997939
1520616734.658037 -7.365705 -2.317418 12.633492 0.010569 -0.069824 -0.018906 0.997324
1520616734.708039 -7.320715 -2.167453 11.655928 0.013296 -0.050769 -0.021735 0.998385
1520616734.758040 -6.343373 -2.173529 11.797935 0.017651 -0.052560 -0.028263 0.998062
1520616734.808042 -5.411674 -2.020765 12.125838 0.028112 -0.058153 -0.035833 0.997268
1520616734.858043 -5.398255 -1.861196 11.150578 0.036690 -0.034590 -0.041138 0.997880
1520616734.908045 -4.667161 -2.521615 11.060008 0.025786 -0.040719 -0.046021 0.997777
1520616734.958046 -3.830449 -2.894662 11.457086 0.034379 -0.047861 -0.047436 0.997135
1520616735.008048 -3.169081 -3.640910 11.418675 0.026193 -0.054572 -0.043258 0.997228
1520616735.057911 -2.498735 -4.377516 11.506998 0.023689 -0.059259 -0.034104 0.997379
1520616735.107913 -1.734449 -4.997112 11.685574 0.028008 -0.060652 -0.023404 0.997491
1520616735.157914 -1.067862 -5.738271 11.611888 0.023389 -0.063226 -0.018479 0.997554
1520616735.207915 -1.040005 -5.972273 10.647234 0.041685 -0.037974 -0.024865 0.998099
1520616735.257918 -0.241846 -5.932701 11.220880 0.065028 -0.048078 -0.027981 0.996332
1520616735.307919 0.559135 -6.425518 10.897717 0.052668 -0.050717 -0.026360 0.996975
1520616735.357920 0.666453 -6.445844 9.909381 0.063417 -0.015207 -0.031268 0.997381
1520616735.407922 1.593635 -6.773645 10.017682 0.067071 -0.017053 -0.023495 0.997326
1520616735.458165 2.516520 -7.153511 9.960501 0.071390 -0.016466 -0.017664 0.997156
1520616735.508167 2.470143 -7.163459 8.971584 0.086461 0.013898 -0.017025 0.996013
1520616735.558168 2.763631 -7.188549 9.906949 0.103956 0.044417 -0.020154 0.993385
1520616735.608170 3.752229 -7.102713 9.885684 0.111112 0.045252 -0.015113 0.992662
1520616735.658171 3.457489 -6.926668 8.960184 0.111592 0.078655 -0.019577 0.990443
1520616735.708173 4.422271 -6.735147 8.858429 0.112388 0.073628 -0.025983 0.990592
1520616735.758175 5.392442 -6.532880 8.725910 0.110565 0.065542 -0.031861 0.991194
1520616735.808176 6.177157 -6.008804 8.397989 0.107564 0.070955 -0.026719 0.991303
1520616735.858806 6.980474 -5.414371 8.384657 0.112697 0.067758 -0.025722 0.990983
1520616735.908808 7.703165 -4.724496 8.342754 0.112518 0.066673 -0.024952 0.991096
1520616735.958809 8.408274 -4.019547 8.417671 0.111028 0.064497 -0.031386 0.991225
1520616736.008811 8.917013 -3.158767 8.410413 0.108315 0.066650 -0.035812 0.991233
1520616736.058812 8.973203 -2.891476 7.454482 0.075795 0.086695 -0.036307 0.992684
1520616736.108814 9.539996 -2.084508 7.341700 0.079098 0.084754 -0.038995 0.992492
1520616736.158815 10.179528 -1.327865 7.206947 0.081503 0.083388 -0.041494 0.992311
1520616736.208817 10.308462 -1.395283 8.185159 0.067807 0.102715 -0.044082 0.991418
1520616736.258398 10.585446 -1.600540 9.123023 0.055402 0.125080 -0.044448 0.989601
1520616736.308400 10.428998 -1.399062 8.176288 0.041402 0.145373 -0.046669 0.987408
1520616736.358401 10.857802 -1.567548 9.043513 0.024671 0.170036 -0.045525 0.984077
1520616736.408424 11.697719 -1.145308 8.737783 0.017258 0.177314 -0.047179 0.982871
1520616736.458404 12.388834 -0.551074 8.328096 0.011924 0.185965 -0.054010 0.980998
1520616736.508406 13.029312 -0.074170 7.727316 0.009869 0.194280 -0.053144 0.979456
1520616736.558407 13.724249 0.361256 7.154769 0.009970 0.199381 -0.056141 0.978262
1520616736.608409 13.515603 0.687874 6.240394 0.010445 0.201587 -0.058660 0.977657
1520616736.658057 12.633708 0.823216 6.660323 0.011662 0.205570 -0.058457 0.976825
1520616736.708058 12.318429 0.296081 5.879466 -0.002461 0.168990 -0.042243 0.984709
1520616736.758060 11.465083 0.675407 6.192722 -0.002467 0.161220 -0.036613 0.986236
1520616736.808061 11.328751 0.451718 5.236945 -0.014019 0.107219 -0.016937 0.993992
1520616736.858063 10.388023 0.654435 5.450929 -0.011037 0.096803 0.000211 0.995242
1520616736.908064 9.401450 0.596337 5.601516 -0.008870 0.083082 0.019620 0.996310
1520616736.958066 8.441954 0.470556 5.852311 -0.000488 0.069546 0.032890 0.997036
1520616737.008067 7.468875 0.275498 5.975492 0.007363 0.055057 0.033114 0.997907
1520616737.058069 6.577803 -0.129058 6.178318 0.005736 0.051555 0.029034 0.998232
1520616737.107940 5.703625 -0.593978 6.318232 0.000770 0.050205 0.025696 0.998408
1520616737.157941 4.834454 -1.087366 6.351623 -0.003984 0.048202 0.021795 0.998592
1520616737.207943 3.968019 -1.575996 6.453355 -0.005848 0.044972 0.020842 0.998754
1520616737.257944 3.186422 -2.194091 6.535130 -0.018147 0.050892 0.030877 0.998062
1520616737.307945 2.516772 -2.897058 6.773181 -0.019659 0.053932 0.040999 0.997509
1520616737.357948 2.471551 -3.862791 7.017534 -0.013973 0.055801 0.057631 0.996679
1520616737.407949 2.859825 -4.775746 6.908439 -0.013876 0.063522 0.064152 0.995820
1520616737.457951 3.148069 -5.722810 6.766992 -0.028552 0.076496 0.068611 0.994297
1520616737.508017 3.832825 -6.440801 6.654950 -0.030048 0.081608 0.069116 0.993811
1520616737.558018 3.936422 -6.152570 7.594057 -0.010685 0.110915 0.057622 0.992100
1520616737.608020 4.509649 -6.544329 8.308440 -0.003464 0.133793 0.058105 0.989298
1520616737.658022 5.418285 -6.787351 8.640403 -0.004638 0.148916 0.051722 0.987485
1520616737.708023 6.411943 -6.809652 8.737045 -0.010515 0.163029 0.043418 0.985609
1520616737.758024 7.317656 -6.409637 8.868245 -0.008314 0.172172 0.028892 0.984608
1520616737.808026 8.097853 -5.829922 9.102544 -0.001211 0.182023 0.016739 0.983151
1520616737.858027 7.605993 -6.145629 9.901007 -0.004920 0.202556 0.019099 0.979072
1520616737.908360 8.457870 -6.322125 10.368164 -0.003996 0.209203 0.023104 0.977591
1520616737.958361 8.686056 -7.144630 10.884079 -0.007327 0.211966 0.026332 0.976895
1520616738.008363 8.876749 -7.460420 11.811967 0.000528 0.204064 0.021820 0.978714
1520616738.058416 9.175582 -7.590377 12.756605 0.013481 0.175922 0.017257 0.984161
1520616738.108366 8.342723 -7.864403 13.230198 0.013645 0.165935 0.020255 0.985834
1520616738.158367 7.465081 -7.948315 13.701866 0.014533 0.150110 0.024396 0.988261
1520616738.208369 6.544302 -7.910915 14.090528 0.013708 0.142306 0.025955 0.989387
1520616738.258371 5.611512 -7.776753 14.425372 0.013210 0.131890 0.029907 0.990725
1520616738.308405 4.623358 -7.754577 14.578331 0.007406 0.135247 0.038081 0.990052
1520616738.358407 3.690408 -7.836922 14.926462 0.003248 0.123803 0.043827 0.991333
1520616738.408408 2.701049 -7.976238 14.880950 -0.001261 0.114714 0.053637 0.991949
1520616738.458410 1.790434 -8.227576 15.203498 -0.001074 0.101097 0.058234 0.993170
1520616738.508411 1.990490 -8.023053 16.150013 0.004635 0.058216 0.079562 0.995118
1520616738.558413 1.320950 -8.749351 16.121261 -0.012745 0.063438 0.086249 0.994170
1520616738.608414 0.817976 -8.974805 16.949046 -0.009525 0.065761 0.087364 0.993958
1520616738.658416 1.752711 -9.282330 16.922165 -0.011251 0.070306 0.086159 0.993734
1520616738.708338 2.704714 -9.395995 17.203649 -0.010923 0.080583 0.081400 0.993358
1520616738.758339 3.678623 -9.521765 17.391772 -0.006527 0.100554 0.080411 0.991655
1520616738.808341 3.577393 -9.894922 16.483535 0.003631 0.142637 0.052411 0.988380
1520616738.858341 4.183179 -10.567980 16.067446 -0.003980 0.155768 0.036548 0.987109
1520616738.908344 4.324153 -10.683995 15.089892 0.006120 0.176897 0.025850 0.983871
1520616738.958344 5.050586 -10.941278 15.708924 0.016585 0.184884 0.017254 0.982469
1520616739.008347 5.511185 -11.757843 16.049639 0.017551 0.189050 0.015108 0.981694
1520616739.058349 4.980846 -12.046293 16.841292 0.019621 0.196672 0.012302 0.980196
1520616739.108449 4.981221 -12.540742 17.706543 0.017791 0.199677 0.011156 0.979637
1520616739.158451 5.548937 -13.352999 17.668617 0.012417 0.196251 0.016320 0.980339
1520616739.208453 5.960052 -13.090671 18.532982 0.014784 0.174315 0.039104 0.983802
1520616739.258455 5.056876 -13.480479 18.643964 0.004606 0.177432 0.067953 0.981773
1520616739.308456 4.438160 -13.298055 19.400429 0.034936 0.172020 0.093264 0.980046
1520616739.358457 3.541319 -13.575282 19.742018 0.040332 0.158241 0.097437 0.981753
1520616739.408458 3.561475 -13.261549 20.680776 0.060883 0.110474 0.122087 0.984471
1520616739.458461 2.611354 -13.494096 20.528356 0.055797 0.108958 0.130680 0.983838
1520616739.508462 1.721727 -13.524192 20.978182 0.065553 0.109164 0.147095 0.980892
1520616739.558615 0.734589 -13.474458 21.133121 0.066827 0.103214 0.165159 0.978572
1520616739.608617 -0.237036 -13.235239 21.117463 0.065854 0.093912 0.179813 0.976991
1520616739.658619 -0.935236 -12.545742 21.308315 0.071856 0.095422 0.180741 0.976250
1520616739.708700 -0.951114 -12.744630 20.340060 0.054435 0.094315 0.174358 0.978642
1520616739.758621 -0.538326 -11.957701 19.898174 0.044497 0.094708 0.161566 0.981299
1520616739.808623 -0.363225 -11.177713 19.299675 0.038125 0.104867 0.150388 0.982310
1520616739.858625 0.234213 -11.013431 18.515586 0.020080 0.112659 0.123525 0.985721
1520616739.908626 0.690356 -10.718491 17.677103 0.012511 0.125404 0.106834 0.986257
1520616739.958545 0.451226 -10.907883 16.729881 0.003175 0.148758 0.086065 0.985116
1520616740.008546 1.107200 -10.470024 16.122461 -0.000927 0.157435 0.072028 0.984899
1520616740.058548 1.730292 -9.690993 16.149986 0.012624 0.158070 0.050814 0.986039
1520616740.108549 2.429169 -9.256136 15.587525 0.005207 0.162084 0.042950 0.985828
1520616740.158551 2.441191 -8.263381 15.546940 0.009784 0.160612 0.041317 0.986104
1520616740.208552 1.606136 -7.730537 15.637621 0.016560 0.166585 0.051470 0.984544
1520616740.258554 0.783429 -7.274689 15.974222 0.016622 0.153573 0.066396 0.985764
1520616740.308556 -0.117314 -6.985218 16.297258 0.014157 0.137490 0.079608 0.987197
1520616740.358345 -1.062096 -6.668592 16.208649 0.010487 0.120284 0.084319 0.989097
1520616740.408347 -2.032244 -6.433690 16.154313 0.010836 0.116131 0.092215 0.988884
1520616740.458349 -2.909802 -6.377832 15.678808 0.008349 0.104700 0.102823 0.989139
1520616740.508350 -3.855642 -6.243156 15.385339 0.010398 0.099080 0.111447 0.988764
1520616740.558351 -4.053972 -6.130171 14.414904 0.009936 0.090795 0.125664 0.987859
1520616740.608353 -3.658064 -5.310979 14.010953 0.015824 0.089645 0.137765 0.986273
1520616740.658355 -3.241272 -4.412996 13.871727 0.030077 0.091696 0.151559 0.983726
1520616740.708357 -2.765801 -3.720547 13.330356 0.030640 0.099392 0.179051 0.978327
1520616740.758201 -2.246486 -2.950290 12.959979 0.032260 0.104485 0.216567 0.970124
1520616740.808203 -1.642682 -2.378764 12.403395 0.031166 0.105953 0.261356 0.958903
1520616740.858204 -1.260089 -1.540213 12.019773 0.030868 0.113570 0.307158 0.944353
1520616740.908206 -0.980799 -0.649718 11.660902 0.030919 0.116868 0.347066 0.930017
1520616740.958208 -0.624005 0.125110 11.137313 0.025852 0.120305 0.380969 0.916363
1520616741.008209 -0.302058 1.038575 10.889926 0.021376 0.131475 0.401356 0.906185
1520616741.058211 0.204686 1.637341 10.268412 0.012794 0.138146 0.403884 0.904229
1520616741.108212 0.177115 1.390966 9.305803 -0.011081 0.176128 0.373218 0.910804
1520616741.158145 0.801826 2.088562 8.969868 -0.016900 0.185286 0.341410 0.921316
1520616741.208147 1.338437 2.669536 8.360479 -0.029620 0.182636 0.294361 0.937613
1520616741.258148 1.787414 3.334280 7.765618 -0.043677 0.180221 0.246317 0.951284
1520616741.308150 2.214202 4.059088 7.226057 -0.056803 0.177221 0.198590 0.962252
1520616741.358151 1.944802 4.438623 6.349319 -0.073972 0.186347 0.152735 0.967716
1520616741.408153 2.446015 4.588393 5.497232 -0.086820 0.177832 0.104188 0.974671
1520616741.458155 2.511134 4.432053 4.514919 -0.092895 0.167200 0.060259 0.979685
1520616741.508156 1.716139 4.376892 3.922376 -0.097240 0.157100 0.014075 0.982683
1520616741.558158 1.443690 3.733370 3.211638 -0.108528 0.130944 -0.016932 0.985286
1520616741.608345 0.459287 3.831274 3.161750 -0.119088 0.120575 -0.049073 0.984313
1520616741.658347 -0.171229 4.141140 2.452295 -0.123293 0.094648 -0.071582 0.985249
1520616741.708348 -0.990046 4.626545 2.151133 -0.123591 0.080113 -0.075757 0.986189
1520616741.758350 -1.750386 5.083537 1.689899 -0.132706 0.059451 -0.063893 0.987306
1520616741.808351 -2.487437 5.724094 1.476577 -0.136869 0.049017 -0.041948 0.988486
1520616741.858353 -2.827468 5.132172 0.758729 -0.149761 0.036498 -0.006889 0.988024
1520616741.908355 -3.389665 5.490083 1.482132 -0.157327 0.033667 0.024828 0.986660
1520616741.958356 -3.084640 5.272530 0.575242 -0.164760 0.034162 0.059849 0.983923
1520616742.008560 -2.128006 5.037211 0.438617 -0.173477 0.032772 0.101488 0.979046
1520616742.058561 -1.934766 4.602508 -0.435259 -0.181790 0.045911 0.141219 0.972061
1520616742.108563 -1.223769 5.196558 -0.796917 -0.181426 0.056137 0.178506 0.965437
1520616742.158564 -0.404275 5.725867 -1.019560 -0.182270 0.062675 0.203217 0.959975
1520616742.208566 0.405067 6.242971 -1.297989 -0.188557 0.070788 0.218039 0.954932
1520616742.258568 1.040442 6.959081 -1.583884 -0.188536 0.085541 0.218292 0.953669
1520616742.308570 1.756662 7.584416 -1.894587 -0.197975 0.094777 0.209151 0.952932
1520616742.358571 2.338033 8.295903 -2.286993 -0.200337 0.099680 0.187966 0.956346
1520616742.408460 3.133680 8.771145 -2.663368 -0.213304 0.094095 0.157874 0.959543
1520616742.458461 3.882692 9.114891 -3.227958 -0.226447 0.094726 0.120774 0.961853
1520616742.508463 4.788526 9.284469 -3.616923 -0.242548 0.093380 0.072206 0.962932
1520616742.558464 5.615843 9.694751 -3.999933 -0.244959 0.080918 0.019545 0.965953
1520616742.608465 6.545054 9.949952 -4.267484 -0.246803 0.065682 -0.028603 0.966414
1520616742.658467 6.517507 9.616751 -5.199137 -0.252544 0.058656 -0.072438 0.963085
1520616742.708469 6.470135 10.576503 -4.959125 -0.259387 0.038467 -0.098080 0.960010
1520616742.758470 5.712616 11.086584 -4.554485 -0.269805 0.015620 -0.117905 0.955542
1520616742.808309 4.926054 11.700678 -4.568329 -0.275815 -0.006712 -0.127071 0.952751
1520616742.858311 4.053268 12.189235 -4.578455 -0.284594 -0.028666 -0.133832 0.948828
1520616742.908312 3.110729 12.497922 -4.705043 -0.293987 -0.034377 -0.143855 0.944297
1520616742.958313 2.348751 13.110654 -4.909712 -0.304697 -0.065748 -0.131452 0.941041
1520616743.008315 1.489239 13.569260 -5.135789 -0.314561 -0.070481 -0.113651 0.939770
1520616743.058317 0.687164 14.129564 -5.342522 -0.325725 -0.082930 -0.080679 0.938358
1520616743.108318 -0.215785 14.432974 -5.644428 -0.336125 -0.078944 -0.041139 0.937601
1520616743.158320 -1.205317 14.573006 -5.685796 -0.351075 -0.056113 -0.002430 0.934661
1520616743.208206 -2.005971 15.128810 -5.463909 -0.356732 -0.046553 0.048264 0.931797
1520616743.258208 -2.588033 15.790146 -4.989266 -0.364546 -0.035652 0.090982 0.926044
1520616743.308209 -2.541005 16.763646 -5.178775 -0.377242 -0.027295 0.110117 0.919140
1520616743.358211 -2.435709 17.537946 -5.796690 -0.387408 -0.021514 0.109789 0.915095
1520616743.408212 -2.287804 18.338283 -6.378499 -0.393326 -0.020535 0.100689 0.913638
1520616743.458214 -2.099230 19.083493 -7.017389 -0.400943 -0.020896 0.086882 0.911734
1520616743.508216 -1.862615 19.821649 -7.649363 -0.406725 -0.021018 0.076964 0.910060
1520616743.558217 -1.559295 20.614192 -8.179901 -0.411808 -0.022806 0.068931 0.908374
1520616743.608169 -1.186072 21.413707 -8.651325 -0.414511 -0.026064 0.066203 0.907259
1520616743.658170 -0.929636 22.210699 -9.197402 -0.418318 -0.025959 0.063701 0.905692
1520616743.708172 -0.390844 22.982369 -9.536589 -0.419888 -0.027964 0.061359 0.905068
1520616743.758173 -0.533686 23.502563 -8.696078 -0.418027 -0.017155 0.052500 0.906754
1520616743.808176 -0.092890 23.835505 -7.862813 -0.400032 -0.023633 0.038390 0.915392
1520616743.858177 0.569746 23.552555 -7.166737 -0.378845 -0.028292 0.025450 0.924678
1520616743.908178 1.122414 23.441682 -6.342680 -0.362996 -0.027549 0.020142 0.931166
1520616743.958180 1.465749 22.998231 -5.513150 -0.359866 -0.023001 0.014825 0.932602
1520616744.008182 1.954483 22.750513 -4.678505 -0.342630 -0.016798 0.012247 0.939240
1520616744.058113 2.280887 22.251916 -3.874227 -0.333339 -0.009096 0.013078 0.942672
1520616744.108115 2.649314 21.636945 -3.176002 -0.324981 -0.004193 0.015257 0.945588
1520616744.158116 3.036984 21.007146 -2.502819 -0.307897 -0.000671 0.012424 0.951338
1520616744.208118 3.382576 20.330714 -1.852293 -0.301618 0.003323 0.016406 0.953282
1520616744.258120 3.504934 21.013002 -1.150170 -0.262275 0.016956 0.007352 0.964816
1520616744.308121 3.869261 20.236216 -0.645635 -0.263318 0.015273 0.003637 0.964581
1520616744.358123 4.125519 20.983760 -0.056902 -0.215299 0.024956 -0.013228 0.976140
1520616744.408124 4.436987 20.120305 0.318936 -0.218333 0.026893 -0.018654 0.975325
1520616744.458284 4.875597 19.274144 0.621630 -0.226487 0.019720 -0.021067 0.973587
1520616744.508285 5.297998 18.558384 1.175412 -0.214309 0.023056 -0.021557 0.976256
1520616744.558286 5.755778 17.876863 1.745866 -0.204050 0.025720 -0.020165 0.978415
1520616744.608301 5.913594 18.491350 2.503641 -0.175834 0.034728 -0.020636 0.983591
1520616744.658290 6.347686 17.628027 2.721322 -0.175050 0.034814 -0.018762 0.983765
1520616744.708291 5.859731 17.877858 3.540227 -0.147816 0.048744 -0.003632 0.987806
1520616744.758293 5.489547 17.899207 4.468983 -0.131166 0.055746 0.004383 0.989782
1520616744.808294 4.945887 17.422043 5.159400 -0.132570 0.058116 0.010962 0.989408
1520616744.859206 5.004861 18.300088 4.723042 -0.146139 0.056291 0.010800 0.987602
1520616744.909207 4.890227 19.234612 4.386585 -0.163203 0.053367 0.013568 0.985055
1520616744.959209 4.887086 20.212068 4.173555 -0.170768 0.050502 0.015139 0.983900
1520616745.009210 5.034016 21.168478 3.921677 -0.175544 0.046567 0.011164 0.983306
1520616745.059212 4.980040 22.098820 3.561153 -0.192655 0.049786 0.006048 0.979984
1520616745.109214 4.926043 23.022986 3.182958 -0.198474 0.050941 0.007297 0.978754
1520616745.159215 4.875000 23.977653 2.888610 -0.192820 0.051149 0.012393 0.979822
1520616745.209217 4.791558 24.886752 2.481965 -0.198961 0.052234 0.011875 0.978542
1520616745.259242 4.791110 25.762112 1.998984 -0.207891 0.050312 0.014282 0.976753
1520616745.309244 4.674304 26.675996 1.609630 -0.222689 0.050373 0.019016 0.973401
1520616745.359245 4.586126 27.530510 1.098696 -0.220727 0.046526 0.016363 0.974088
1520616745.409247 4.554215 28.366468 0.551162 -0.221190 0.040675 0.017671 0.974222
1520616745.459249 4.525636 29.192088 -0.012178 -0.223083 0.039140 0.027537 0.973624
1520616745.509250 4.260182 30.155361 -0.060213 -0.237416 0.045031 0.035749 0.969705
1520616745.559252 4.175671 31.117660 -0.315318 -0.243496 0.048696 0.042130 0.967762
1520616745.609254 3.216803 31.310060 -0.479981 -0.238590 0.055952 0.041016 0.968639
1520616745.658397 3.251017 31.787135 0.388422 -0.224343 0.058797 0.043811 0.971748
1520616745.708399 3.376018 30.913931 0.849521 -0.222993 0.058711 0.044639 0.972026
1520616745.758400 3.522670 29.997452 1.222477 -0.213930 0.059195 0.047375 0.973902
1520616745.808402 3.660063 29.035125 1.458956 -0.178717 0.059845 0.054804 0.980549
1520616745.858403 3.705001 28.060259 1.676763 -0.163698 0.059333 0.050528 0.983427
1520616745.908405 3.599134 27.109447 1.966802 -0.140950 0.059915 0.051293 0.986870
1520616745.958406 3.431427 26.169222 2.262756 -0.131044 0.061084 0.047982 0.988329
1520616746.008408 3.217471 25.251204 2.596131 -0.118672 0.058399 0.042996 0.990282
1520616746.058376 2.935753 25.348788 3.540936 -0.095343 0.050857 0.048287 0.992971
1520616746.108377 2.415180 24.519801 3.717350 -0.094935 0.055004 0.038342 0.993223
1520616746.158378 1.745320 23.806569 3.922932 -0.094454 0.059239 0.033027 0.993216
1520616746.208380 1.131981 23.064504 4.192544 -0.086210 0.052926 0.025723 0.994538
1520616746.258423 0.475993 22.517639 4.710669 -0.071002 0.032884 0.019938 0.996735
1520616746.308383 -0.427997 22.094345 4.670033 -0.072560 0.035310 0.019840 0.996541
1520616746.358385 -1.190933 21.719550 5.192263 -0.067269 0.015608 0.010266 0.997560
1520616746.408386 -2.131809 21.581828 5.500051 -0.066570 0.003589 0.007749 0.997745
1520616746.458388 -3.068408 21.366584 5.228783 -0.081472 0.001277 0.006686 0.996652
1520616746.508873 -4.044644 21.569838 5.168252 -0.084806 -0.006124 0.000918 0.996378
1520616746.558874 -4.908437 22.027835 4.960523 -0.084519 -0.011405 -0.007687 0.996327
1520616746.608875 -5.778892 22.518844 4.925503 -0.090855 -0.017178 -0.004934 0.995704
1520616746.658878 -6.320425 23.295807 4.609671 -0.096632 -0.020749 -0.003596 0.995097
1520616746.708879 -6.754986 24.124755 4.257958 -0.107410 -0.024040 -0.004092 0.993916
1520616746.758880 -7.079154 24.979208 3.852288 -0.116410 -0.025092 -0.004128 0.992876
1520616746.808882 -7.216027 25.882062 3.445190 -0.125094 -0.026453 -0.005544 0.991777
1520616746.858883 -7.235238 26.787297 3.020994 -0.133135 -0.026445 -0.003270 0.990740
1520616746.909001 -6.927713 27.679559 2.691916 -0.129804 -0.024825 -0.010418 0.991174
1520616746.959002 -6.195492 27.952976 2.075405 -0.138475 -0.020620 -0.019277 0.989964
1520616747.009004 -5.460975 28.570869 1.796484 -0.140592 -0.017468 -0.032722 0.989373
1520616747.059006 -4.681554 28.633847 1.178100 -0.155550 -0.009284 -0.046310 0.986698
1520616747.109007 -3.946237 28.812482 0.523912 -0.163012 -0.004786 -0.054970 0.985080
1520616747.159009 -3.129550 28.867195 -0.049835 -0.164719 -0.003584 -0.062833 0.984331
1520616747.209011 -2.483663 28.507533 -0.720208 -0.160684 -0.001374 -0.071702 0.984397
1520616747.259012 -1.838346 28.114839 -1.375264 -0.156112 0.000436 -0.077371 0.984704
1520616747.308445 -1.248473 27.626767 -2.017945 -0.152526 0.002792 -0.083982 0.984721
1520616747.358446 -0.619107 27.205166 -2.671049 -0.149891 0.004464 -0.088814 0.984695
1520616747.408448 0.006592 26.722574 -3.283482 -0.150095 0.005906 -0.091126 0.984445
1520616747.458449 0.488678 26.165736 -3.959331 -0.149094 0.008740 -0.093733 0.984332
1520616747.508451 1.143886 25.526697 -4.359515 -0.144188 0.010274 -0.095163 0.984910
1520616747.558452 1.734460 24.747982 -4.164555 -0.137911 0.011296 -0.099408 0.985379
1520616747.608454 1.799709 23.754822 -4.094295 -0.141328 0.015027 -0.112420 0.983444
1520616747.658456 1.866673 22.762088 -4.197955 -0.134997 0.018585 -0.124934 0.982762
1520616747.708350 2.064883 21.803120 -4.000664 -0.134686 0.019072 -0.134620 0.981516
1520616747.758352 2.193669 20.813958 -3.928517 -0.136111 0.021590 -0.142150 0.980205
1520616747.808353 2.241169 19.826278 -3.782159 -0.134908 0.025722 -0.142402 0.980235
1520616747.858355 2.094406 20.209068 -2.886073 -0.119228 0.032382 -0.143136 0.981961
1520616747.908423 2.415138 21.079545 -2.529716 -0.107421 0.037285 -0.149038 0.982272
1520616747.958358 1.939817 21.220366 -1.665311 -0.098884 0.039729 -0.151507 0.982695
1520616748.008359 1.193736 21.161113 -1.001845 -0.095008 0.042787 -0.156525 0.982162
1520616748.058361 0.870500 20.930902 -0.085293 -0.094039 0.034635 -0.166605 0.980918
1520616748.108475 0.788067 20.749497 0.894041 -0.100545 0.019228 -0.177802 0.978727
1520616748.158477 0.025393 20.959450 0.308470 -0.109766 0.017282 -0.180790 0.977225
1520616748.208478 -0.570750 21.739856 0.138023 -0.101046 0.023034 -0.180119 0.978170
1520616748.258480 -1.338157 22.239978 -0.262404 -0.103357 0.023334 -0.175528 0.978756
1520616748.308482 -2.276636 22.135533 -0.590455 -0.123615 0.038564 -0.158921 0.978763
1520616748.358483 -3.231690 22.421893 -0.625077 -0.122788 0.044514 -0.149881 0.980039
1520616748.408485 -4.203809 22.412135 -0.860094 -0.131316 0.039013 -0.140098 0.980615
1520616748.458486 -5.179777 22.624133 -0.850728 -0.133954 0.028541 -0.136438 0.981135
1520616748.508488 -6.129136 22.685183 -1.158038 -0.147001 0.035306 -0.123468 0.980765
1520616748.558606 -7.019379 23.090946 -1.358643 -0.144253 0.038360 -0.113925 0.982212
1520616748.608608 -7.908067 23.385617 -1.709493 -0.146192 0.032569 -0.106497 0.982968
1520616748.658610 -8.885097 23.523698 -1.871380 -0.150312 0.027499 -0.101169 0.983064
1520616748.708611 -9.836421 23.716900 -2.110817 -0.147296 0.025006 -0.098825 0.983825
1520616748.758613 -10.675539 23.382919 -2.538010 -0.151613 0.019501 -0.099429 0.983233
1520616748.808614 -11.622796 23.416464 -2.852893 -0.149346 0.018686 -0.103666 0.983158
1520616748.858616 -12.418760 23.407457 -3.457475 -0.150306 0.018543 -0.112559 0.982036
1520616748.908617 -13.132615 23.559017 -4.140993 -0.153551 0.019419 -0.122974 0.980267
1520616748.958833 -13.778100 23.755400 -4.879028 -0.161111 0.021169 -0.131120 0.977958
1520616749.008834 -14.276753 24.009086 -5.707710 -0.175011 0.020770 -0.134167 0.975161
1520616749.058836 -14.800672 24.217199 -6.533599 -0.185987 0.019776 -0.131579 0.973501
1520616749.108837 -15.621222 23.853342 -6.967243 -0.199302 0.024822 -0.119503 0.972307
1520616749.158838 -16.330224 23.220615 -7.277903 -0.204340 0.027145 -0.111627 0.972136
1520616749.208841 -16.310826 22.527215 -7.997316 -0.197041 0.020476 -0.107433 0.974276
1520616749.258842 -15.993792 21.879102 -8.689887 -0.193185 0.016324 -0.113429 0.974447
1520616749.308843 -16.220530 21.131568 -9.309340 -0.196363 0.027390 -0.133242 0.971050
1520616749.358799 -15.706309 20.712021 -10.056532 -0.197211 0.024669 -0.134183 0.970821
1520616749.408799 -15.823391 20.019184 -10.761712 -0.200796 0.031705 -0.139508 0.969130
1520616749.458801 -16.485252 19.660864 -11.415882 -0.201177 0.041275 -0.140286 0.968578
1520616749.508802 -16.860610 18.903282 -11.948005 -0.208865 0.051990 -0.142849 0.966057
1520616749.558894 -16.816123 18.261750 -12.715149 -0.206466 0.051739 -0.140514 0.966928
1520616749.608805 -16.678567 17.602516 -13.454468 -0.202574 0.049349 -0.138989 0.968096
1520616749.658807 -16.878134 16.962128 -14.194085 -0.194984 0.048468 -0.128362 0.971162
1520616749.708808 -16.813331 16.167419 -14.796472 -0.192075 0.043853 -0.114651 0.973673
1520616749.759189 -16.673856 15.617182 -15.620736 -0.184827 0.044848 -0.113196 0.975200
1520616749.809190 -17.235375 15.537747 -16.439993 -0.172864 0.053970 -0.114565 0.976770
1520616749.859192 -17.536008 15.348024 -17.374445 -0.166208 0.052211 -0.113409 0.978155
1520616749.909194 -17.803202 15.048806 -18.290111 -0.165126 0.053558 -0.116627 0.977887
1520616749.959195 -18.214868 14.919828 -19.192075 -0.163000 0.055611 -0.123690 0.977261
1520616750.009197 -18.687406 14.509752 -19.970730 -0.167349 0.061541 -0.133316 0.974902
1520616750.059198 -18.924271 13.975900 -20.782641 -0.168248 0.065957 -0.144400 0.972878
1520616750.109200 -19.298401 13.759479 -21.684105 -0.160678 0.071829 -0.149252 0.973009
1520616750.160124 -19.641674 13.023931 -22.263249 -0.170057 0.085142 -0.157335 0.969060
1520616750.210125 -19.961255 12.530952 -23.072922 -0.165525 0.100827 -0.158992 0.968069
1520616750.260127 -20.464784 12.342682 -23.915317 -0.154408 0.114600 -0.154941 0.969030
1520616750.310128 -21.043777 12.096215 -24.692085 -0.145136 0.130733 -0.162978 0.967100
1520616750.360130 -20.317039 12.003113 -25.365924 -0.135990 0.131554 -0.173352 0.966514
1520616750.410131 -20.237533 12.169787 -26.344752 -0.126157 0.145279 -0.177234 0.965177
1520616750.460133 -20.843737 12.072642 -27.128329 -0.122961 0.165858 -0.183741 0.961047
1520616750.510134 -20.412687 11.901627 -28.012514 -0.116003 0.170184 -0.177247 0.962374
1520616750.560397 -20.349511 11.850101 -29.007232 -0.112277 0.178788 -0.175272 0.961618
1520616750.610398 -20.431294 11.284988 -29.824557 -0.113750 0.189247 -0.173244 0.959809
1520616750.660400 -20.197679 10.866614 -30.703763 -0.113498 0.196818 -0.172756 0.958403
1520616750.710401 -20.093228 10.457887 -31.609736 -0.113181 0.204626 -0.173059 0.956749
1520616750.760403 -20.236958 10.619960 -32.583807 -0.103798 0.219221 -0.167598 0.955552
1520616750.810404 -20.174721 10.402455 -33.557441 -0.101354 0.228770 -0.167255 0.953634
1520616750.860409 -20.102634 10.264597 -34.545497 -0.097504 0.240822 -0.163651 0.951691
1520616750.910407 -19.808791 10.268413 -35.502577 -0.093002 0.250077 -0.158071 0.950698
1520616750.960408 -20.095158 10.038413 -36.427692 -0.092354 0.266563 -0.155213 0.946744
1520616751.010887 -20.223315 9.776580 -37.385220 -0.091532 0.283618 -0.155598 0.941792
1520616751.060889 -19.636378 9.626015 -38.183337 -0.088155 0.287406 -0.162749 0.939755
1520616751.110890 -19.286323 9.153502 -38.988796 -0.091158 0.295180 -0.165264 0.936614
1520616751.160892 -18.816618 8.900914 -39.835890 -0.087161 0.308294 -0.167350 0.932390
1520616751.210893 -18.436951 8.494993 -40.666113 -0.085840 0.321426 -0.169181 0.927736
1520616751.260895 -17.767211 8.376120 -41.402004 -0.078267 0.326390 -0.175308 0.925533
1520616751.310896 -18.260766 8.506646 -42.248708 -0.068055 0.358488 -0.173271 0.914785
1520616751.360898 -17.787516 8.162491 -43.060524 -0.065252 0.370006 -0.173690 0.910313
1520616751.413729 -17.433005 7.470284 -43.685791 -0.075828 0.375034 -0.172127 0.907729
1520616751.463731 -17.093534 6.847664 -44.390926 -0.075648 0.387113 -0.176119 0.901889
1520616751.513733 -16.925101 6.474146 -45.301846 -0.065667 0.405038 -0.180152 0.893968
1520616751.563734 -17.817174 6.586973 -45.710441 -0.053136 0.436787 -0.183797 0.878984
1520616751.613736 -18.752949 6.758849 -46.016702 -0.042238 0.465161 -0.183485 0.864971
1520616751.663737 -19.091817 6.931113 -46.945372 -0.032790 0.484756 -0.178422 0.855630
1520616751.713739 -19.921477 6.818236 -47.483246 -0.035587 0.510786 -0.181802 0.839511
1520616751.763740 -20.694666 6.874605 -48.115896 -0.038045 0.534281 -0.186970 0.823492
1520616751.816834 -21.386758 7.152760 -48.781730 -0.033221 0.548036 -0.185027 0.815057
1520616751.866836 -22.177459 7.638132 -49.146492 -0.030589 0.555810 -0.183728 0.810175
1520616751.916837 -23.096546 8.025539 -49.119639 -0.031522 0.563614 -0.182881 0.804923
1520616751.966839 -23.914029 8.177364 -49.684010 -0.035670 0.569815 -0.181276 0.800736
1520616752.016840 -24.590100 8.702010 -50.196827 -0.039677 0.575117 -0.179145 0.797228
1520616752.066842 -25.489046 8.636762 -50.629652 -0.056702 0.584165 -0.180364 0.789306
1520616752.116843 -26.484747 8.618222 -50.637239 -0.065021 0.592120 -0.182379 0.782243
1520616752.166845 -27.407010 8.618177 -51.032244 -0.074904 0.599960 -0.186524 0.774369
1520616752.217441 -28.383544 8.621026 -51.240095 -0.076065 0.606031 -0.185741 0.769701
1520616752.267442 -29.148940 8.140171 -51.674095 -0.081955 0.607732 -0.184404 0.768076
1520616752.317443 -30.133136 8.115697 -51.819060 -0.081600 0.612614 -0.187697 0.763423
1520616752.367446 -31.086200 8.187524 -52.116621 -0.080911 0.613744 -0.190295 0.761945
1520616752.417447 -31.988058 8.552312 -52.337547 -0.072803 0.617719 -0.190787 0.759423
1520616752.467449 -32.963082 8.734698 -52.466416 -0.069753 0.623375 -0.193377 0.754416
1520616752.517450 -33.651327 9.300314 -52.918851 -0.059480 0.632231 -0.194520 0.747602
1520616752.567451 -34.565665 9.616132 -53.171959 -0.057116 0.640351 -0.199038 0.739644
1520616752.617172 -35.424198 10.068594 -53.409740 -0.050378 0.646086 -0.200005 0.734869
1520616752.667175 -36.393148 10.258797 -53.572776 -0.046488 0.648581 -0.198013 0.733466
1520616752.717176 -37.361414 10.488351 -53.663805 -0.043042 0.651326 -0.193169 0.732535
1520616752.767178 -38.360460 10.498435 -53.715964 -0.048230 0.651868 -0.193732 0.731580
1520616752.817179 -39.325848 10.722657 -53.845335 -0.052717 0.652515 -0.192470 0.731027
1520616752.867181 -40.313693 10.828276 -53.963160 -0.057432 0.650864 -0.188323 0.733220
1520616752.917182 -41.200142 11.093143 -54.345627 -0.060863 0.647091 -0.189822 0.735891
1520616752.967184 -42.021324 11.422850 -54.811917 -0.061441 0.645204 -0.193561 0.736526
1520616753.017465 -42.903791 11.684368 -55.201980 -0.061441 0.645204 -0.193561 0.736526
1520616753.067466 -43.153628 12.181944 -56.035872 -0.051878 0.635508 -0.196043 0.744987
1520616753.117469 -43.797918 12.760473 -56.529053 -0.049423 0.633201 -0.197899 0.746626
1520616753.167470 -44.496892 13.464780 -56.438095 -0.047283 0.636628 -0.203216 0.742410
1520616753.217472 -45.398123 13.701253 -56.815604 -0.050902 0.636576 -0.206623 0.741274
1520616753.267473 -46.376753 13.861365 -56.928627 -0.053061 0.637153 -0.205229 0.741014
1520616753.317475 -47.310741 13.531521 -56.808154 -0.054101 0.639266 -0.195975 0.741624
1520616753.367476 -48.234673 13.838463 -57.028306 -0.053577 0.641613 -0.195179 0.739842
1520616753.417477 -49.052826 14.263548 -57.416761 -0.051563 0.642567 -0.196403 0.738833
1520616753.467480 -50.038731 14.352133 -57.551870 -0.053461 0.644658 -0.199134 0.736141
1520616753.517481 -50.998637 14.624895 -57.559309 -0.053873 0.650039 -0.206001 0.729459
1520616753.567482 -51.950803 14.906828 -57.685607 -0.054545 0.655914 -0.214394 0.721690
1520616753.617484 -52.909309 15.117422 -57.883563 -0.053063 0.660385 -0.219228 0.716250
1520616753.667485 -53.878930 15.351668 -57.848789 -0.052141 0.662574 -0.219797 0.714119
1520616753.717486 -54.779464 15.782800 -57.828341 -0.048859 0.661166 -0.216549 0.716644
1520616753.767489 -55.763519 15.946351 -57.926222 -0.053623 0.657329 -0.208899 0.722083
1520616753.817489 -56.650410 15.558882 -58.185356 -0.069593 0.651485 -0.208030 0.726256
1520616753.867492 -57.580398 15.665179 -58.530788 -0.087309 0.638186 -0.211848 0.734993
1520616753.917494 -58.490884 15.560417 -58.933215 -0.106989 0.618157 -0.210854 0.749650
1520616753.967494 -59.326509 15.439364 -59.470783 -0.130746 0.593212 -0.211655 0.765641
1520616754.017497 -59.783188 15.975746 -58.776948 -0.145021 0.589889 -0.217787 0.763917
1520616754.067499 -60.019834 16.729473 -58.168767 -0.158443 0.575037 -0.225993 0.770166
1520616754.117500 -60.491957 17.354358 -57.543385 -0.170003 0.564384 -0.229494 0.774533
1520616754.167501 -61.052400 18.013104 -57.040798 -0.180294 0.550785 -0.235367 0.780213
1520616754.217503 -61.264252 18.942519 -56.752810 -0.182963 0.535493 -0.245281 0.787152
1520616754.266214 -61.754937 19.690400 -56.299901 -0.196336 0.524187 -0.248889 0.790402
1520616754.316215 -62.316128 20.516332 -56.268451 -0.209648 0.509828 -0.250661 0.795797
1520616754.366217 -62.727608 21.358425 -55.921371 -0.215148 0.506174 -0.248297 0.797401
1520616754.416219 -63.066403 22.272485 -55.703828 -0.218150 0.498969 -0.245213 0.802067
1520616754.466228 -63.829280 22.909193 -55.570215 -0.226128 0.487929 -0.239231 0.808431
1520616754.516221 -64.432327 23.644854 -55.267066 -0.228556 0.478937 -0.237787 0.813535
1520616754.566223 -65.067700 22.963687 -55.634744 -0.246912 0.443708 -0.206342 0.836410
1520616754.616225 -65.765367 23.627637 -55.428154 -0.246360 0.434641 -0.199467 0.842975
1520616754.665355 -66.397615 23.001622 -55.886478 -0.255103 0.409339 -0.174860 0.858364
1520616754.715357 -67.213587 23.543508 -55.768383 -0.256039 0.401764 -0.167076 0.863201
1520616754.765358 -67.720741 22.815946 -56.228230 -0.270057 0.373627 -0.142071 0.875950
1520616754.815360 -68.145741 22.137334 -56.828853 -0.284797 0.347877 -0.124025 0.884585
1520616754.865361 -68.938029 22.724723 -56.840024 -0.281886 0.344518 -0.120080 0.887371
1520616754.915363 -69.793692 23.235826 -56.758176 -0.283932 0.340124 -0.115477 0.889024
1520616754.965364 -70.264515 22.502555 -57.243032 -0.297065 0.317602 -0.099420 0.894984
1520616755.015366 -70.916688 21.788108 -57.484957 -0.306678 0.302338 -0.085682 0.898442
1520616755.062587 -71.845696 21.439709 -57.408091 -0.313167 0.295846 -0.076179 0.899221
1520616755.112588 -72.311373 20.630853 -57.771873 -0.318383 0.273241 -0.051992 0.906239
1520616755.162590 -73.190176 21.058255 -57.633992 -0.313965 0.266961 -0.044985 0.910019
1520616755.212590 -74.034444 21.583875 -57.735683 -0.310899 0.258522 -0.043981 0.913550
1520616755.262593 -74.718016 21.040788 -58.216433 -0.322227 0.235696 -0.041439 0.915915
1520616755.312594 -75.047263 20.200914 -58.645297 -0.333393 0.211310 -0.026057 0.918433
1520616755.362595 -75.455878 19.393335 -59.070023 -0.346696 0.190151 -0.020653 0.918269
1520616755.412598 -76.037419 18.769189 -59.592285 -0.354223 0.172753 -0.018112 0.918888
1520616755.460412 -76.985867 18.548074 -59.800411 -0.359432 0.168834 -0.025519 0.917416
1520616755.510414 -77.310251 17.982874 -60.558810 -0.363198 0.152689 -0.027764 0.918696
1520616755.560416 -77.804566 17.374649 -61.177115 -0.368089 0.143209 -0.019173 0.918495
1520616755.610417 -78.780706 17.295433 -61.349218 -0.371980 0.148366 -0.015051 0.916183
1520616755.660419 -78.986333 16.699439 -62.122475 -0.381539 0.133228 -0.004868 0.914688
1520616755.710420 -79.494890 16.103070 -62.740218 -0.389896 0.123617 0.003413 0.912518
1520616755.760421 -79.752619 15.431398 -63.435312 -0.398648 0.106650 0.014483 0.910767
1520616755.810423 -80.660429 15.290554 -63.817631 -0.399229 0.105299 0.018317 0.910600
1520616755.860425 -81.567693 15.149456 -64.213878 -0.399437 0.101675 0.018194 0.910923
1520616755.909452 -82.449766 15.286561 -64.666008 -0.394836 0.099385 0.023607 0.913055
1520616755.959454 -82.491813 14.482815 -65.244708 -0.399792 0.081507 0.036146 0.912259
1520616756.009455 -82.631305 13.620566 -65.729687 -0.406411 0.067013 0.055038 0.909566
1520616756.059457 -82.807276 12.763670 -66.214441 -0.414165 0.054626 0.072636 0.905653
1520616756.109494 -83.280723 12.179063 -66.875542 -0.417213 0.039834 0.090589 0.903405
1520616756.159460 -83.209709 13.118252 -66.562938 -0.426821 0.016645 0.131666 0.894545
1520616756.209462 -84.117692 12.943790 -66.906894 -0.424406 0.006224 0.140508 0.894482
1520616756.259463 -84.925629 12.610270 -67.391820 -0.421232 -0.005045 0.140059 0.896059
1520616756.309030 -85.802433 12.407898 -67.828716 -0.414772 -0.010626 0.132463 0.900170
1520616756.359031 -86.053058 11.501356 -68.147151 -0.424443 -0.029836 0.141466 0.893837
1520616756.409033 -86.015434 10.513702 -68.282882 -0.435556 -0.051169 0.151663 0.885817
1520616756.459033 -86.323729 10.059261 -69.123690 -0.433516 -0.067308 0.147494 0.886442
1520616756.509036 -86.712389 9.587779 -69.914966 -0.433018 -0.078391 0.142445 0.886600
1520616756.559036 -86.945186 9.058515 -70.729929 -0.434408 -0.086163 0.141013 0.885427
1520616756.609038 -86.759868 8.098236 -70.891576 -0.440205 -0.098503 0.145182 0.880590
1520616756.659041 -87.265595 7.451529 -71.466624 -0.432941 -0.095824 0.140412 0.885248
1520616756.709248 -87.467291 6.991011 -72.331920 -0.424256 -0.110772 0.141188 0.887582
1520616756.759250 -87.676154 6.651701 -73.250130 -0.418738 -0.121838 0.140143 0.888917
1520616756.809251 -87.713185 6.318268 -74.191540 -0.411042 -0.139930 0.137574 0.890245
1520616756.859253 -87.792168 6.109617 -75.167415 -0.407713 -0.155090 0.140400 0.888822
1520616756.909254 -87.881350 5.595210 -76.017223 -0.402725 -0.171314 0.144129 0.887519
1520616756.959256 -87.713447 4.671503 -76.340874 -0.427474 -0.191749 0.173056 0.866342
1520616757.009258 -87.559762 3.749708 -76.699596 -0.453170 -0.208190 0.197311 0.844015
1520616757.059259 -87.223234 2.827397 -76.882141 -0.466106 -0.235455 0.214840 0.825318
1520616757.111738 -86.310101 2.445050 -76.970649 -0.470083 -0.275465 0.225413 0.807670
1520616757.161740 -86.189054 3.142102 -77.675261 -0.387570 -0.322467 0.260691 0.823313
1520616757.211741 -85.507808 3.674546 -78.171723 -0.374240 -0.367960 0.273471 0.806079
1520616757.261744 -85.672769 3.124115 -77.373180 -0.378145 -0.403377 0.289980 0.781156
1520616757.311744 -85.090845 3.043802 -78.172088 -0.369337 -0.435825 0.307504 0.760978
1520616757.361746 -84.134785 2.894484 -78.408501 -0.359920 -0.470560 0.313680 0.742048
1520616757.411747 -85.073400 2.721260 -78.147882 -0.354242 -0.502151 0.319150 0.721457
1520616757.461749 -85.032224 2.022249 -77.432666 -0.376946 -0.540029 0.300455 0.689933
1520616757.517491 -84.039998 1.974649 -77.506316 -0.374116 -0.563020 0.302438 0.671995
1520616757.567495 -83.724185 1.545078 -78.363362 -0.369199 -0.569247 0.301670 0.669810
1520616757.617495 -83.142315 0.836338 -78.748944 -0.371264 -0.576422 0.296820 0.664679
1520616757.667497 -84.139686 0.718704 -78.766143 -0.364404 -0.594324 0.296287 0.652842
1520616757.717498 -83.443249 0.255109 -79.303600 -0.361489 -0.601934 0.293353 0.648803
1520616757.767558 -82.880763 0.020044 -80.098853 -0.355805 -0.608700 0.297407 0.643767
1520616757.817501 -82.288162 -0.431128 -80.765194 -0.354886 -0.615938 0.297077 0.637512
1520616757.867502 -81.614457 -0.702310 -81.451352 -0.349656 -0.624477 0.296014 0.632570
1520616757.917504 -80.938760 -0.906629 -82.159718 -0.344028 -0.635114 0.294246 0.625855
1520616757.967064 -80.302811 -1.160154 -82.889732 -0.340727 -0.645930 0.293680 0.616791
1520616758.017066 -79.590912 -1.405665 -83.546605 -0.336925 -0.657168 0.296206 0.605701
1520616758.067067 -78.896251 -1.137628 -82.887600 -0.333472 -0.699487 0.301152 0.555717
1520616758.117069 -78.081284 -0.837501 -82.388448 -0.327441 -0.723965 0.314648 0.519281
1520616758.167070 -77.536022 -0.946582 -83.233827 -0.323593 -0.727817 0.337457 0.501690
1520616758.217072 -77.195254 -1.399909 -84.059685 0.323287 0.729036 -0.340898 -0.497776
1520616758.267074 -76.677162 -1.293290 -83.210238 0.332908 0.763438 -0.337805 -0.438432
1520616758.317075 -76.034518 -1.595267 -83.934706 0.333105 0.771734 -0.347808 -0.415328
1520616758.367632 -75.388763 -2.178274 -84.425748 0.335671 0.775065 -0.351909 -0.403433
1520616758.417635 -74.725839 -1.944599 -83.715835 0.332669 0.789496 -0.372864 -0.356371
1520616758.467636 -73.943243 -1.333640 -83.638585 0.309751 0.801481 -0.390213 -0.330782
1520616758.517637 -72.984518 -1.642459 -83.660063 0.303109 0.806921 -0.395568 -0.317063
1520616758.567639 -72.412058 -0.912754 -83.302407 0.288566 0.820771 -0.397466 -0.291694
1520616758.617640 -71.637801 -0.354509 -82.995800 0.280354 0.829362 -0.400111 -0.271055
1520616758.667641 -70.896225 0.141003 -82.541154 0.269294 0.836178 -0.402686 -0.257160
1520616758.717643 -70.554764 1.024028 -82.232061 0.255152 0.842558 -0.407033 -0.243553
1520616758.767646 -69.817248 1.654900 -81.975431 0.238682 0.847913 -0.409181 -0.238003
1520616758.817647 -69.051028 1.789297 -81.343209 0.234819 0.852100 -0.405999 -0.232272
1520616758.867649 -68.789758 2.533972 -80.735007 0.231305 0.858601 -0.404348 -0.214020
1520616758.917650 -68.233331 3.145819 -80.169074 0.231703 0.866828 -0.396205 -0.194793
1520616758.967651 -67.772690 3.912453 -79.726567 0.226782 0.876260 -0.387519 -0.174832
1520616759.017654 -67.443587 4.393890 -78.911383 0.217759 0.885931 -0.379272 -0.154467
1520616759.067655 -67.199631 5.140863 -78.297341 0.206411 0.893685 -0.375466 -0.133217
1520616759.117656 -67.117882 5.897451 -77.648448 0.198182 0.898780 -0.374846 -0.111399
1520616759.167658 -66.534900 6.301475 -76.937520 0.191406 0.903040 -0.372844 -0.094177
1520616759.217659 -66.105405 6.523839 -76.062358 0.192990 0.907032 -0.367958 -0.068227
1520616759.267661 -65.180875 6.834510 -75.835712 0.190823 0.907427 -0.370009 -0.057058
1520616759.317662 -64.190838 6.884954 -75.694062 0.188594 0.908624 -0.369453 -0.048361
1520616759.367663 -64.327261 7.497287 -74.904491 0.180523 0.912729 -0.365995 -0.019617
1520616759.417751 -63.391350 7.757048 -74.634938 0.178368 0.914016 -0.364265 -0.008338
1520616759.467667 -62.419259 7.974654 -74.547720 0.172601 0.915242 -0.364049 0.002942
1520616759.517668 -61.430769 8.048552 -74.410185 0.164294 0.917380 -0.362457 0.006772
1520616759.565590 -60.562971 8.365545 -74.027316 0.149767 0.920516 -0.360685 0.011209
1520616759.615592 -59.653668 8.758635 -73.898517 0.134516 0.922890 -0.360529 0.014115
1520616759.665593 -58.720182 9.096199 -73.772438 0.124934 0.924470 -0.359595 0.020938
1520616759.715595 -57.796273 9.467297 -73.681857 0.115810 0.925151 -0.360584 0.025754
1520616759.765596 -57.782562 10.071140 -72.874760 0.105212 0.926782 -0.357767 0.044811
1520616759.815598 -58.255364 10.473406 -72.088691 0.097018 0.929165 -0.348327 0.076871
1520616759.865600 -58.685941 10.913172 -71.300796 0.099193 0.926626 -0.343549 0.116184
1520616759.915601 -57.760001 11.204837 -71.030232 0.103078 0.925082 -0.344167 0.123071
1520616759.963821 -58.272914 11.709992 -70.316855 0.097289 0.922092 -0.338032 0.161295
1520616760.013822 -58.866638 12.057533 -69.591058 0.091362 0.919332 -0.329035 0.195492
1520616760.063824 -59.584052 12.551522 -69.099997 0.079508 0.913576 -0.323609 0.233099
1520616760.113825 -58.719994 12.893515 -68.710049 0.078069 0.913420 -0.324160 0.233431
1520616760.163826 -59.378131 13.114062 -67.970339 0.067452 0.908714 -0.305467 0.276369
1520616760.213828 -59.100704 13.688944 -67.203368 0.049279 0.908563 -0.299136 0.287406
1520616760.263830 -59.753549 14.073368 -66.538117 0.023944 0.902417 -0.288173 0.319416
1520616760.313832 -59.360604 14.552752 -65.754732 0.002634 0.901419 -0.283328 0.327357
1520616760.363834 -59.086663 15.198730 -65.043011 -0.013283 0.898256 -0.280174 0.338321
1520616760.412088 -59.886863 15.414214 -64.464577 -0.031340 0.889327 -0.262401 0.373178
1520616760.462090 -59.392047 16.117673 -63.960131 -0.039675 0.886032 -0.258279 0.382969
1520616760.512091 -58.947155 16.831092 -63.418109 -0.043834 0.880871 -0.256565 0.395373
1520616760.562093 -59.356753 17.490423 -62.776018 -0.062649 0.867116 -0.257017 0.422052
1520616760.612094 -58.906133 18.246912 -62.308440 -0.067739 0.859618 -0.264881 0.431632
1520616760.662097 -58.727023 19.064433 -61.758269 -0.077707 0.849614 -0.265250 0.449176
1520616760.712097 -58.671712 19.833668 -61.119538 -0.088936 0.843928 -0.262196 0.459487
1520616760.762099 -59.526067 20.179403 -60.706576 -0.106421 0.831932 -0.248008 0.484826
1520616760.809894 -59.372922 20.889094 -60.025939 -0.111923 0.831487 -0.251500 0.482545
1520616760.859895 -59.199830 21.581672 -59.325403 -0.118022 0.829073 -0.253364 0.484267
1520616760.909897 -59.648861 22.248745 -58.723136 -0.129176 0.820608 -0.251224 0.496792
1520616760.959898 -59.742198 23.159629 -58.332589 -0.133229 0.815307 -0.252813 0.503597
1520616761.009900 -59.862414 24.074626 -57.947325 -0.131117 0.812979 -0.248391 0.510073
1520616761.059901 -60.096359 24.905103 -57.438462 -0.127902 0.813850 -0.243605 0.511806
1520616761.109903 -60.887497 25.139794 -56.861267 -0.130365 0.808671 -0.230059 0.525479
1520616761.159904 -61.775903 25.403325 -56.482702 -0.132156 0.798388 -0.224361 0.542931
1520616761.209288 -62.072900 26.057894 -55.796054 -0.132988 0.794583 -0.227756 0.546882
1520616761.259289 -62.649483 26.599786 -55.179887 -0.140135 0.786658 -0.219430 0.559806
1520616761.309291 -63.475102 26.470033 -54.625151 -0.151540 0.776599 -0.197294 0.578796
1520616761.359292 -63.628038 27.327742 -54.158458 -0.150514 0.775433 -0.197200 0.580655
1520616761.409294 -64.248911 27.921109 -53.636440 -0.160042 0.764539 -0.200622 0.591285
1520616761.459296 -65.102148 27.855274 -53.112884 -0.167770 0.753071 -0.176818 0.611124
1520616761.509297 -65.386690 28.626876 -52.562190 -0.156371 0.760040 -0.181286 0.604171
1520616761.559299 -65.583889 29.484485 -52.089869 -0.150531 0.758046 -0.184215 0.607265
1520616761.609657 -65.981093 30.253124 -51.584630 -0.156623 0.747309 -0.186686 0.618180
1520616761.659659 -66.842771 30.193326 -51.070515 -0.175708 0.731282 -0.148946 0.642003
1520616761.709660 -67.655052 29.988297 -50.525859 -0.195941 0.714800 -0.112929 0.661752
1520616761.759662 -68.471304 30.556641 -50.558905 -0.214272 0.690919 -0.116003 0.680633
1520616761.809663 -69.313704 31.083532 -50.673249 -0.230049 0.667306 -0.113700 0.699179
1520616761.859665 -70.255121 31.413764 -50.746907 -0.236190 0.649109 -0.101459 0.715945
1520616761.909667 -70.971363 31.609523 -51.424318 -0.249186 0.618338 -0.103372 0.738160
1520616761.959668 -71.927697 31.468084 -51.661256 -0.259623 0.594740 -0.088887 0.755632
1520616762.014317 -72.857346 31.367321 -52.016908 -0.259393 0.572215 -0.066265 0.775174
1520616762.064319 -73.716924 30.954154 -52.314227 -0.261927 0.551604 -0.041110 0.790846
1520616762.114320 -74.498255 30.498187 -52.742464 -0.262857 0.537013 -0.024385 0.801204
1520616762.164322 -75.427707 30.354153 -53.075396 -0.261938 0.527049 -0.003915 0.808450
1520616762.214324 -76.112354 30.141065 -53.777431 -0.264303 0.515899 0.012414 0.814762
1520616762.264325 -76.858207 29.869517 -54.383376 -0.261175 0.511607 0.032941 0.817900
1520616762.314326 -77.463017 29.492818 -55.086245 -0.256728 0.511956 0.052158 0.818090
1520616762.364328 -78.047311 29.119151 -55.806920 -0.248518 0.514897 0.069780 0.817466
1520616762.416154 -79.015948 29.005789 -55.996883 -0.236881 0.527682 0.075619 0.812232
1520616762.466155 -79.329502 28.840947 -56.937819 -0.226579 0.534199 0.077510 0.810732
1520616762.516157 -79.728055 28.496566 -57.785528 -0.217347 0.544415 0.083723 0.805831
1520616762.566159 -79.959636 28.514524 -58.761268 -0.205319 0.554741 0.085507 0.801745
1520616762.616159 -80.865613 28.250484 -58.470891 -0.202284 0.581980 0.082144 0.783348
1520616762.666161 -81.839846 28.148315 -58.263928 -0.196011 0.611694 0.078734 0.762372
1520616762.716163 -82.696223 28.146216 -57.752803 -0.189444 0.645154 0.078950 0.735971
1520616762.766164 -82.841636 27.647232 -58.609857 -0.190743 0.657305 0.086255 0.723966
1520616762.816166 -83.698010 27.243395 -58.315046 -0.193112 0.686998 0.074998 0.696503
1520616762.864168 -84.609723 27.008048 -57.976844 -0.192394 0.715433 0.056195 0.669315
1520616762.914170 -84.930426 26.589049 -58.835979 -0.194385 0.719967 0.051537 0.664234
1520616762.964171 -85.812842 26.268813 -59.164007 -0.191389 0.736720 0.042218 0.647172
1520616763.014173 -86.770501 26.504256 -59.040240 -0.183366 0.752787 0.037237 0.631112
1520616763.064175 -87.671966 26.534105 -58.611750 -0.176898 0.769645 0.036399 0.612396
1520616763.114176 -88.671183 26.516796 -58.515790 -0.170292 0.787066 0.038124 0.591671
1520616763.164178 -89.617026 26.494968 -58.196826 -0.166506 0.802491 0.037383 0.571740
1520616763.214179 -88.907837 26.911272 -58.781188 -0.178127 0.818520 0.024113 0.545633
1520616763.262399 -89.791712 26.986852 -59.235960 -0.177066 0.823525 0.017068 0.538667
1520616763.312402 -90.388224 26.599386 -58.542314 -0.185837 0.830864 0.015357 0.524303
1520616763.362402 -91.017682 25.967917 -58.087548 -0.198728 0.833170 0.015525 0.515842
1520616763.412404 -91.951023 25.774881 -57.776540 -0.205585 0.831543 0.013255 0.515845
1520616763.462405 -92.769988 25.439344 -57.314592 -0.213508 0.828316 0.017129 0.517700
1520616763.512407 -93.717102 25.161774 -57.136367 -0.212920 0.820801 0.021337 0.529619
1520616763.562408 -94.688633 24.984223 -56.980306 -0.213458 0.811549 0.020513 0.543510
1520616763.612411 -95.532991 25.077006 -56.460808 -0.215925 0.808428 0.016013 0.547325
1520616763.661420 -96.520418 24.941084 -56.336722 -0.220358 0.804325 0.017502 0.551540
1520616763.711421 -97.512421 24.812713 -56.384797 -0.231613 0.798153 0.022140 0.555713
1520616763.761423 -98.417593 24.588759 -56.032977 -0.245982 0.795766 0.026521 0.552763
1520616763.811425 -99.378815 24.337499 -55.901292 -0.259649 0.791834 0.025470 0.552207
1520616763.861427 -100.220173 23.948575 -55.532236 -0.269829 0.790015 0.025814 0.549912
1520616763.911427 -101.120136 23.534242 -55.380920 -0.273598 0.788922 0.022834 0.549749
1520616763.961429 -102.021188 23.235524 -55.070922 -0.274533 0.791284 0.015983 0.546119
1520616764.011431 -102.882323 22.839515 -54.752487 -0.277134 0.793592 0.009531 0.541588
1520616764.060730 -103.702700 22.589928 -54.241372 -0.280029 0.797916 0.002469 0.533767
1520616764.110732 -104.530512 22.567711 -53.682897 -0.276840 0.805106 -0.001720 0.524557
1520616764.160734 -105.498688 22.676703 -53.447814 -0.269790 0.813558 -0.005327 0.515081
1520616764.210734 -106.464885 22.751584 -53.199665 -0.263918 0.821125 -0.008250 0.505997
1520616764.260736 -107.414248 22.846276 -52.901080 -0.258778 0.827872 -0.010099 0.497554
1520616764.310744 -108.364541 22.786500 -52.592827 -0.254233 0.833588 -0.007974 0.490340
1520616764.360739 -109.066745 22.369453 -52.020853 -0.257972 0.838011 -0.000383 0.480821
1520616764.410741 -109.886819 21.949422 -51.626661 -0.264513 0.840128 0.006001 0.473478
1520616764.461072 -110.728252 21.484349 -51.347559 -0.272102 0.839602 0.010475 0.470020
1520616764.511074 -111.536647 21.137752 -50.874467 -0.272853 0.838610 0.014082 0.471261
1520616764.561075 -112.404464 20.899233 -50.437847 -0.273631 0.836004 0.012058 0.475477
1520616764.611077 -113.346033 20.939731 -50.105178 -0.273918 0.831510 0.002387 0.483274
1520616764.661079 -114.302903 20.731064 -50.333318 -0.275320 0.822475 -0.001937 0.497725
1520616764.711080 -115.012353 20.046153 -50.476700 -0.274533 0.809563 0.010834 0.518769
1520616764.761082 -115.993789 19.869155 -50.445354 -0.277464 0.800502 0.012855 0.531080
1520616764.811083 -116.963617 19.696816 -50.281258 -0.283449 0.793337 0.010788 0.538663
1520616764.861085 -117.882852 19.526175 -49.931531 -0.289176 0.788042 0.008165 0.543415
1520616764.912137 -118.606833 18.846397 -49.818609 -0.297775 0.782426 0.010811 0.546830
1520616764.962138 -119.396505 18.453204 -49.352233 -0.298123 0.782275 0.010186 0.546869
1520616765.012140 -120.252997 18.014604 -49.073136 -0.297904 0.783092 0.006069 0.545879
1520616765.062141 -121.202459 17.752918 -48.894992 -0.298168 0.786140 -0.000901 0.541367
1520616765.112144 -122.192712 17.612157 -48.954742 -0.292526 0.789888 -0.005231 0.538961
1520616765.162144 -123.007820 17.477594 -48.398939 -0.279063 0.798713 -0.004335 0.533069
1520616765.212147 -123.896689 17.633150 -47.969573 -0.266101 0.807319 -0.009555 0.526627
1520616765.262148 -124.599317 17.321062 -47.332193 -0.265104 0.813978 -0.016016 0.516627
1520616765.312943 -125.587511 17.343531 -47.160655 -0.260983 0.818083 -0.019019 0.512120
1520616765.362946 -126.298769 17.595671 -46.511149 -0.253830 0.826140 -0.019247 0.502685
1520616765.412946 -127.133319 17.501688 -45.962635 -0.248971 0.832125 -0.016645 0.495281
1520616765.462949 -127.658458 17.497201 -45.115200 -0.243474 0.840383 -0.013307 0.484045
1520616765.512950 -128.323375 17.508317 -44.366315 -0.243581 0.844298 -0.015042 0.477078
1520616765.562952 -129.286208 17.517871 -44.078953 -0.242438 0.840068 -0.013986 0.485092
1520616765.612954 -130.117503 17.381872 -43.543247 -0.241349 0.833845 -0.011870 0.496299
1520616765.662955 -131.043093 17.211409 -43.200149 -0.244931 0.823796 -0.016383 0.510980
1520616765.712479 -131.943920 17.076461 -42.789828 -0.248258 0.815995 -0.016733 0.521767
1520616765.762481 -132.749802 16.481335 -42.785173 -0.248150 0.804953 -0.009466 0.538872
1520616765.812484 -133.617899 16.597939 -42.316102 -0.251935 0.800038 -0.012836 0.544337
1520616765.862483 -134.586088 16.523975 -42.065776 -0.260875 0.794467 -0.017255 0.548150
1520616765.912485 -135.421903 16.124497 -41.693248 -0.274646 0.789562 -0.013984 0.548604
1520616765.962517 -136.178691 15.634532 -41.262582 -0.284761 0.785848 -0.003925 0.548944
1520616766.012488 -136.873469 15.170407 -40.715063 -0.290507 0.784345 0.005100 0.548071
1520616766.062489 -137.355966 14.809622 -39.920193 -0.299941 0.788467 0.009020 0.536912
1520616766.111555 -138.006060 14.613460 -39.184365 -0.301881 0.795078 0.012455 0.525893
1520616766.161556 -138.932449 14.389683 -38.865483 -0.297437 0.798679 0.012678 0.522956
1520616766.211558 -139.753950 14.575949 -38.334558 -0.286611 0.806698 0.010029 0.516713
1520616766.261560 -140.712566 14.572118 -38.037731 -0.280632 0.812024 0.008528 0.511654
1520616766.311561 -141.463062 14.824355 -37.433233 -0.274887 0.821371 0.005702 0.499755
1520616766.361563 -142.324238 14.802063 -36.919713 -0.271498 0.827967 0.007291 0.490618
1520616766.411564 -143.123097 14.507111 -36.394968 -0.273602 0.833578 0.014434 0.479668
1520616766.461566 -143.768040 14.385675 -35.643428 -0.268748 0.840710 0.019292 0.469691
1520616766.510796 -144.338785 13.957053 -34.943333 -0.271266 0.847257 0.023382 0.456096
1520616766.560797 -144.913270 13.455816 -34.295619 -0.272877 0.851619 0.029019 0.446588
1520616766.610798 -145.729732 13.136021 -33.809542 -0.271710 0.852982 0.030333 0.444607
1520616766.660801 -146.556324 12.942794 -33.281838 -0.270686 0.852972 0.030878 0.445214
1520616766.710803 -147.527638 12.684754 -33.309518 -0.267743 0.851403 0.024926 0.450339
1520616766.760803 -148.399528 12.647222 -32.829213 -0.267019 0.851259 0.021989 0.451194
1520616766.810806 -149.377616 12.418745 -32.809922 -0.266503 0.845483 0.021128 0.462265
1520616766.860806 -149.975593 12.617282 -32.040578 -0.266106 0.847224 0.019252 0.459378
1520616766.910777 -150.734846 12.414707 -31.416906 -0.274886 0.846104 0.020919 0.456189
1520616766.960778 -151.541380 12.006562 -30.985403 -0.287726 0.845612 0.021377 0.449108
1520616767.010781 -151.869086 11.551834 -30.162132 -0.297181 0.850508 0.030140 0.432910
1520616767.060782 -152.707035 11.057130 -29.900148 -0.306276 0.850582 0.035255 0.425983
1520616767.110783 -153.144697 10.734055 -29.065007 -0.312199 0.856421 0.030745 0.410037
1520616767.160784 -153.658510 10.420089 -28.265435 -0.318164 0.863986 0.024761 0.389470
1520616767.210787 -154.233459 10.326051 -27.452869 -0.314088 0.873186 0.019443 0.372178
1520616767.260787 -154.911688 10.282996 -26.718127 -0.306725 0.882453 0.014126 0.356367
1520616767.310790 -155.368613 10.305515 -25.830308 -0.305494 0.891153 0.001147 0.335438
1520616767.361925 -155.889642 10.420441 -24.984322 -0.303076 0.899128 -0.012292 0.315535
1520616767.411926 -155.879098 10.820485 -24.070311 -0.294836 0.908423 -0.023033 0.295480
1520616767.461928 -156.062537 10.818135 -23.084132 -0.293805 0.914792 -0.030686 0.275487
1520616767.511930 -156.643211 10.951676 -22.278815 -0.283611 0.922683 -0.029012 0.259576
1520616767.561931 -156.711082 10.759647 -21.301781 -0.288869 0.927859 -0.034403 0.233344
1520616767.611989 -157.236690 10.910762 -20.463320 -0.276362 0.935629 -0.033959 0.216955
1520616767.661934 -157.886683 10.868893 -19.702399 -0.267850 0.940593 -0.035912 0.205549
1520616767.711936 -158.395914 10.293626 -19.066541 -0.261045 0.944522 -0.036295 0.195999
1520616767.762353 -158.993734 10.562268 -18.316074 -0.258611 0.947313 -0.040017 0.184706
1520616767.812356 -159.445605 10.787904 -17.452712 -0.254043 0.951329 -0.041281 0.169502
1520616767.862358 -159.585841 11.098799 -16.513187 -0.250950 0.955704 -0.039211 0.148714
1520616767.912359 -160.137946 10.903890 -15.698481 -0.251502 0.958420 -0.036401 0.129818
1520616767.962361 -160.492566 10.871785 -14.764393 -0.250275 0.961736 -0.038794 0.104504
1520616768.012362 -161.440936 10.529582 -14.802766 -0.252941 0.961773 -0.041952 0.096193
1520616768.062363 -160.938367 10.294027 -13.959059 -0.273128 0.960534 -0.038085 0.036399
1520616768.112365 -160.853903 10.358917 -12.962626 -0.273948 0.960464 -0.047858 0.013109
1520616768.160436 -160.750324 10.320594 -11.968947 -0.285632 0.956170 -0.062441 -0.015928
1520616768.210437 -160.880537 10.276498 -10.978104 -0.292174 0.952955 -0.072625 -0.035163
1520616768.260439 -161.722835 9.902472 -10.579143 -0.294604 0.951629 -0.076762 -0.041449
1520616768.310441 -161.324695 10.753486 -10.223646 -0.278824 0.950679 -0.100040 -0.091969
1520616768.360442 -161.916449 10.532683 -9.436805 -0.284706 0.946442 -0.101690 -0.113356
1520616768.410444 -162.332682 10.563445 -8.527336 -0.280283 0.944091 -0.110994 -0.133466
1520616768.460445 -163.082044 10.186857 -7.983476 -0.280255 0.942283 -0.116913 -0.141041
1520616768.510447 -163.006170 10.454553 -7.015079 -0.276783 0.938845 -0.127475 -0.160346
1520616768.559714 -163.876064 10.313346 -6.535158 -0.277384 0.936727 -0.134460 -0.165892
1520616768.609716 -163.323928 10.740848 -5.799969 -0.276637 0.932475 -0.139783 -0.185533
1520616768.659718 -162.697136 11.358400 -5.325226 -0.271999 0.929257 -0.145490 -0.203299
1520616768.709719 -162.189573 11.907709 -4.661871 -0.275349 0.924875 -0.147305 -0.217006
1520616768.759721 -161.679311 12.287481 -3.890093 -0.274680 0.922676 -0.147091 -0.227119
1520616768.809722 -161.188912 12.979197 -3.362763 -0.275886 0.920239 -0.148332 -0.234615
1520616768.859723 -160.686389 13.509654 -2.679178 -0.276998 0.918642 -0.145012 -0.241539
1520616768.909724 -160.895416 14.396426 -2.285769 -0.277669 0.918655 -0.148697 -0.238458
1520616768.959624 -160.719269 15.284189 -1.852834 -0.271549 0.919089 -0.147059 -0.244766
1520616769.009625 -161.333637 15.894572 -1.349951 -0.273723 0.916613 -0.150582 -0.249441
1520616769.059627 -161.261952 16.409330 -0.487169 -0.262912 0.913355 -0.154277 -0.269924
1520616769.109629 -161.290389 15.596570 0.072378 -0.247175 0.923058 -0.108611 -0.273993
1520616769.159634 -161.096490 15.835784 1.031145 -0.235949 0.918442 -0.116795 -0.295213
1520616769.209632 -161.362292 15.516205 1.936594 -0.230047 0.915766 -0.119146 -0.307009
1520616769.259712 -161.498906 15.797705 2.887574 -0.226977 0.908191 -0.130475 -0.326567
1520616769.309635 -160.922951 16.065584 3.667426 -0.221440 0.898414 -0.141340 -0.351910
1520616769.359636 -160.494982 16.411770 4.500746 -0.213108 0.887001 -0.152605 -0.380165
1520616769.409699 -160.800560 16.247538 3.546178 -0.211169 0.867281 -0.157433 -0.422429
1520616769.459701 -160.955933 15.763911 2.687533 -0.202076 0.848110 -0.167509 -0.460233
1520616769.509702 -161.562449 15.340985 2.008577 -0.194429 0.829169 -0.183642 -0.490869
1520616769.559704 -161.472226 14.794160 2.847304 -0.177652 0.841498 -0.152603 -0.486861
1520616769.609704 -161.523205 14.283672 3.706170 0.175873 -0.835058 0.143326 0.501203
1520616769.659707 -162.354082 13.921635 3.283105 0.172867 -0.819857 0.149325 0.525027
1520616769.709707 -163.193881 13.491368 2.951891 0.168372 -0.803935 0.153423 0.549365
1520616769.759710 -163.492672 13.512604 3.919769 0.166551 -0.793427 0.156728 0.564067
1520616769.810701 -162.787726 13.924073 4.514938 0.166160 -0.784742 0.164855 0.573928
1520616769.860703 -162.304515 14.235878 5.329530 0.171719 -0.781985 0.168861 0.574889
1520616769.910705 -161.505661 14.763610 5.634890 0.171407 -0.771303 0.173522 0.587878
1520616769.960706 -160.948753 15.548800 5.893933 0.167867 -0.760958 0.179088 0.600576
1520616770.010708 -160.567270 16.217966 6.528327 0.173661 -0.759056 0.173360 0.603011
1520616770.060710 -159.828037 16.875739 6.704887 0.170271 -0.751967 0.170280 0.613643
1520616770.110711 -159.627319 17.429021 7.506595 0.176634 -0.755920 0.178069 0.604712
1520616770.160712 -159.083022 17.785786 8.270388 0.181210 -0.757052 0.178475 0.601815
1520616770.211904 -158.118507 17.996102 8.469602 0.183594 -0.751217 0.175736 0.609166
1520616770.261906 -157.264306 18.451861 8.712920 0.186022 -0.748740 0.177676 0.610913
1520616770.311908 -156.275478 18.601807 8.777013 0.184227 -0.748632 0.172398 0.613098
1520616770.361909 -155.527781 19.220390 8.540855 0.187052 -0.747464 0.171985 0.613784
1520616770.411911 -154.742587 19.834224 8.594586 0.194517 -0.748258 0.166830 0.611915
1520616770.461912 -153.894761 19.894909 9.112860 0.193240 -0.755646 0.152768 0.606893
1520616770.511914 -153.106916 20.484770 9.291124 0.190869 -0.764792 0.146765 0.597597
1520616770.561915 -152.387362 21.147216 9.495519 0.191740 -0.772897 0.137436 0.589048
1520616770.612808 -151.695890 21.786582 9.146183 0.189362 -0.775355 0.132547 0.587706
1520616770.662811 -150.884043 22.193186 8.723123 0.182876 -0.780311 0.128116 0.584172
1520616770.712812 -149.987215 22.534975 8.445946 0.177248 -0.788459 0.123451 0.575913
1520616770.762813 -149.079181 22.721649 8.067042 0.175222 -0.794477 0.119219 0.569114
1520616770.812815 -148.287046 23.065668 7.561467 0.182675 -0.798937 0.111240 0.562100
1520616770.862817 -147.471805 23.323944 7.041940 0.184895 -0.805435 0.106688 0.552906
1520616770.912921 -146.966156 23.785801 7.762549 0.201236 -0.833446 0.094502 0.505906
1520616770.962821 -146.390323 24.104991 8.517070 -0.212509 0.856900 -0.072947 -0.463940
1520616771.012595 -146.028512 24.484528 9.366903 -0.225011 0.881131 -0.057638 -0.411894
1520616771.062597 -145.866760 24.472650 10.352022 -0.227749 0.911265 -0.027139 -0.342037
1520616771.112598 -145.745515 24.431554 11.344550 -0.222570 0.933082 -0.011918 -0.282272
1520616771.162600 -145.976454 24.563027 12.307148 -0.239983 0.948509 0.004044 -0.206691
1520616771.212601 -145.134259 25.106232 12.145106 -0.238444 0.952071 0.001856 -0.191580
1520616771.262603 -144.297271 25.567403 11.847327 -0.240309 0.953282 0.005107 -0.182972
1520616771.312604 -144.457285 25.637735 12.842023 -0.257277 0.957233 0.028040 -0.129333
1520616771.362606 -144.677634 25.549743 13.813405 -0.274410 0.956204 0.057806 -0.083851
1520616771.411129 -144.005394 26.189740 14.202089 -0.281199 0.954105 0.073101 -0.072577
1520616771.461130 -143.860733 25.735223 15.080845 -0.267341 0.956678 0.111683 -0.028690
1520616771.511132 -143.666354 25.345995 15.982429 -0.256076 0.955924 0.142507 0.018051
1520616771.561133 -142.745400 25.590199 16.306800 -0.254861 0.954196 0.155149 0.022000
1520616771.611135 -142.630937 25.198842 17.226035 -0.238366 0.953728 0.168613 0.071788
1520616771.661136 -142.577311 24.564172 17.994514 -0.214626 0.951943 0.185257 0.115840
1520616771.711138 -142.540600 24.008148 18.825919 -0.194173 0.946065 0.202647 0.161838
1520616771.761139 -141.713824 24.104605 19.385701 -0.196548 0.942401 0.214847 0.164588
1520616771.811141 -141.983779 23.505306 20.150184 -0.179771 0.930511 0.235999 0.214795
1520616771.860009 -141.206696 23.482387 20.784946 -0.182597 0.928122 0.246629 0.210764
1520616771.910012 -140.589591 23.380504 21.566715 -0.175817 0.923239 0.255439 0.226867
1520616771.960012 -140.539164 22.737554 22.333326 -0.158449 0.914012 0.266455 0.261683
1520616772.010014 -139.728780 22.558971 22.893262 -0.163317 0.909463 0.278446 0.262053
1520616772.060015 -139.866697 21.886529 23.630503 -0.148092 0.897257 0.287411 0.300656
1520616772.110017 -139.379947 21.931432 24.500187 -0.140577 0.892345 0.286326 0.319338
1520616772.160018 -139.503953 21.142184 25.101965 -0.119575 0.878512 0.302585 0.349800
1520616772.210021 -139.903415 20.550270 25.805841 -0.109854 0.864490 0.306931 0.382600
1520616772.259750 -140.199245 19.841784 26.443911 -0.102810 0.851311 0.310386 0.410316
1520616772.309752 -140.577978 19.132577 27.039057 -0.090794 0.835501 0.321328 0.436398
1520616772.359753 -140.300952 18.986755 27.984676 -0.088385 0.835360 0.319475 0.438518
1520616772.409755 -140.128888 18.531040 28.858922 -0.085708 0.833758 0.322944 0.439554
1520616772.459757 -140.186720 17.965824 29.683893 -0.078285 0.832095 0.332071 0.437285
1520616772.509759 -140.746065 17.318962 30.210743 -0.062885 0.827491 0.340029 0.442363
1520616772.559759 -141.459979 16.774422 30.654752 -0.049484 0.823068 0.344967 0.448450
1520616772.609761 -142.127782 16.170285 31.087756 -0.040330 0.817912 0.348499 0.456007
1520616772.659722 -142.576993 15.582647 31.758198 -0.033177 0.814768 0.348318 0.462306
1520616772.709723 -143.295787 14.962756 32.080553 -0.026110 0.806659 0.347886 0.477069
1520616772.759725 -143.894074 14.404191 32.652972 -0.024329 0.801317 0.344538 0.488460
1520616772.809726 -144.624493 13.719952 32.661927 -0.012753 0.786364 0.348704 0.509779
1520616772.859728 -145.303807 12.988353 32.624857 0.002509 0.770250 0.354161 0.530356
1520616772.909729 -145.372458 12.430436 33.449452 0.001381 0.773138 0.348763 0.529735
1520616772.959731 -146.323186 12.087845 33.470258 0.005678 0.760889 0.342429 0.551143
1520616773.009732 -147.002430 11.364470 33.393622 0.016869 0.740613 0.352176 0.571997
1520616773.060005 -147.719675 10.740686 33.078839 0.029700 0.718477 0.363176 0.592463
1520616773.110007 -148.409448 10.108555 33.426391 0.027744 0.709792 0.367113 0.600544
1520616773.160008 -149.158004 9.564332 33.807182 0.028351 0.701285 0.370863 0.608158
1520616773.210011 -149.737438 8.969072 34.360155 0.029996 0.700404 0.370657 0.609219
1520616773.260011 -150.350754 8.292378 34.767367 0.029574 0.696991 0.368443 0.614474
1520616773.310014 -151.238790 7.934002 35.068791 0.029641 0.693987 0.360655 0.622440
1520616773.360015 -151.917234 7.367795 35.529565 0.025592 0.694915 0.357249 0.623548
1520616773.410016 -152.827250 7.011794 35.290453 0.026248 0.680405 0.357209 0.639345
1520616773.461805 -153.761855 6.704642 35.112934 0.027675 0.667920 0.354735 0.653666
1520616773.511806 -154.676648 6.398784 34.848443 0.038091 0.657678 0.355899 0.662831
1520616773.561809 -155.593309 6.189690 34.505185 0.044899 0.652028 0.354872 0.668513
1520616773.611810 -156.485780 6.023127 34.084427 0.055053 0.645784 0.358345 0.671954
1520616773.661811 -157.422116 6.017285 33.732557 0.068306 0.637262 0.364466 0.675571
1520616773.711813 -158.372829 6.031685 33.424312 0.076173 0.630989 0.372279 0.676357
1520616773.761815 -159.328864 6.155578 33.157663 0.079577 0.625339 0.381242 0.676220
1520616773.811816 -160.294737 6.334406 32.972313 0.078095 0.622658 0.386616 0.675815
1520616773.863091 -161.219205 6.245625 32.603925 0.075953 0.617679 0.394077 0.676318
1520616773.913093 -162.169818 5.952016 32.545147 0.078375 0.617211 0.400151 0.672895
1520616773.963094 -162.645345 5.405410 33.224817 0.081772 0.625625 0.400675 0.664354
1520616774.013096 -163.563662 4.998678 33.274243 0.087817 0.630139 0.400936 0.659138
1520616774.063097 -164.503078 4.705066 33.085227 0.092147 0.630938 0.403911 0.655958
1520616774.113099 -165.216335 5.390380 32.931003 0.102356 0.629804 0.398099 0.659081
1520616774.163101 -166.150743 5.099815 33.092362 0.106999 0.632106 0.405375 0.651663
1520616774.213102 -166.977469 4.683824 32.712479 0.104679 0.629854 0.414806 0.648276
1520616774.263104 -167.821121 5.182097 32.891549 0.108177 0.630630 0.412631 0.648336
1520616774.312895 -168.632594 4.635127 33.048280 0.105211 0.632695 0.417144 0.643909
1520616774.362897 -169.502288 4.158230 33.183537 0.100535 0.636356 0.418066 0.640441
1520616774.412898 -170.349453 3.653098 33.346494 0.092633 0.643525 0.419221 0.633678
1520616774.462900 -171.343569 3.776958 33.253465 0.090758 0.649061 0.422232 0.626261
1520616774.512901 -172.162387 4.204074 32.858029 0.090372 0.652248 0.423862 0.621889
1520616774.562903 -173.088477 3.985269 33.141117 0.088310 0.665180 0.431655 0.602836
1520616774.612904 -174.072399 3.840131 33.264563 0.083599 0.678409 0.435535 0.585733
1520616774.662906 -174.884298 3.562006 33.771544 0.080682 0.694385 0.447398 0.557813
1520616774.713840 -175.840940 3.670239 33.468946 0.077960 0.702931 0.450228 0.545074
1520616774.763841 -176.348637 4.475056 33.155166 0.081712 0.712621 0.439390 0.540769
1520616774.813843 -177.271369 4.287487 33.476554 0.078544 0.728664 0.444351 0.515200
1520616774.863844 -178.225986 4.205182 33.172670 0.067913 0.737479 0.446582 0.502073
1520616774.913846 -179.092633 4.492851 32.757033 0.057211 0.742691 0.443158 0.498746
1520616774.963848 -179.800034 4.138021 33.360702 0.041515 0.755745 0.447452 0.476353
1520616775.013849 -180.781399 3.940304 33.254272 0.022731 0.758312 0.451632 0.469547
1520616775.063851 -181.644344 3.469554 33.083320 0.000754 0.760734 0.453619 0.464234
1520616775.116383 -182.510075 2.982150 32.968296 -0.011294 0.764442 0.451340 0.460209
1520616775.166384 -183.139065 2.277631 33.289290 -0.017041 0.769334 0.448427 0.454696
1520616775.216386 -184.022819 1.834110 33.108069 -0.019656 0.770681 0.442238 0.458355
1520616775.266387 -184.992183 1.586706 33.082926 -0.028132 0.772046 0.429953 0.467220
1520616775.316389 -185.792282 1.120776 32.708663 -0.033788 0.771922 0.423121 0.473249
1520616775.366391 -186.654366 0.687988 32.966982 -0.038139 0.769355 0.419029 0.480679
1520616775.416392 -187.543614 0.242280 32.850026 -0.042234 0.762826 0.418137 0.491400
1520616775.466395 -188.333149 -0.347530 32.690175 -0.048139 0.755401 0.415778 0.504163
1520616775.518124 -188.884200 -1.125005 32.396171 -0.054383 0.747737 0.417235 0.513660
1520616775.568128 -189.497319 -1.756237 32.872320 -0.062263 0.742235 0.416351 0.521404
1520616775.618127 -190.397760 -2.174316 32.708815 -0.068355 0.733528 0.415165 0.533762
1520616775.668128 -190.977867 -2.981767 32.672450 -0.064687 0.722298 0.423607 0.542825
1520616775.718130 -191.446481 -3.859669 32.758201 -0.063910 0.714339 0.430517 0.547988
1520616775.768131 -192.339154 -4.118502 33.134849 -0.064823 0.709700 0.426587 0.556909
1520616775.818147 -192.531699 -4.719570 33.902813 -0.066350 0.709347 0.429220 0.555153
1520616775.868135 -193.088283 -5.532338 34.085285 -0.061678 0.701060 0.439480 0.558183
1520616775.918136 -193.318828 -5.933516 34.967146 -0.057118 0.700306 0.443761 0.556225
1520616775.968138 -193.934936 -6.701255 35.151717 -0.049823 0.690437 0.452140 0.562480
1520616776.018139 -194.298691 -7.619073 35.291316 -0.045707 0.679107 0.463246 0.567563
1520616776.068141 -194.605317 -7.954485 36.178589 -0.042530 0.680155 0.459694 0.569439
1520616776.118142 -194.835380 -8.553131 36.944905 -0.037987 0.675718 0.464322 0.571285
1520616776.168144 -194.810047 -9.110673 37.771878 -0.036776 0.673298 0.469231 0.570211
1520616776.218145 -195.491282 -9.780057 37.465052 -0.022990 0.658364 0.477032 0.581781
1520616776.268147 -195.906899 -10.669223 37.290360 -0.007778 0.645948 0.487092 0.587734
1520616776.318193 -195.927227 -11.381311 37.990637 -0.001296 0.648654 0.488268 0.583815
1520616776.368176 -195.905299 -12.374810 37.986243 0.001736 0.645069 0.492671 0.584087
1520616776.418178 -196.070855 -13.269801 38.409115 0.012989 0.645033 0.496157 0.581026
1520616776.468179 -196.800894 -13.923978 38.187302 0.022825 0.638659 0.501978 0.582761
1520616776.518181 -197.528342 -14.587529 38.358343 0.026623 0.639268 0.504557 0.579698
1520616776.568182 -198.485957 -14.818341 38.153684 0.030824 0.637956 0.506154 0.579542
1520616776.618184 -199.222660 -14.767897 37.471884 0.034646 0.632994 0.509191 0.582102
1520616776.668186 -199.899837 -15.440207 37.196625 0.031210 0.637795 0.514480 0.572324
1520616776.718187 -200.684668 -16.004848 36.935191 0.027383 0.646180 0.518221 0.559597
1520616776.767155 -201.403098 -16.540494 36.490475 0.013840 0.657504 0.522306 0.542857
1520616776.817157 -202.063849 -17.285380 36.413809 0.001838 0.673135 0.523836 0.521997
1520616776.867158 -202.873170 -17.875722 36.449196 -0.000680 0.691070 0.527378 0.494261
1520616776.917160 -203.703144 -17.533417 35.986232 -0.002776 0.700452 0.527189 0.481072
1520616776.967161 -204.688727 -17.521083 35.838100 -0.009783 0.711889 0.526293 0.464902
1520616777.017162 -203.732482 -17.232418 35.665085 -0.021279 0.725670 0.532737 0.434904
1520616777.067164 -204.708964 -17.194126 35.423553 -0.024782 0.730598 0.532249 0.426994
1520616777.117167 -205.438618 -17.828234 35.194895 -0.045249 0.735224 0.533867 0.415192
1520616777.166659 -205.132654 -16.898970 35.366049 -0.074703 0.738357 0.531381 0.408514
1520616777.216661 -205.352400 -17.576441 34.688674 -0.098397 0.734170 0.531442 0.410952
1520616777.266662 -206.276562 -17.852043 34.404760 -0.105383 0.727804 0.525214 0.428189
1520616777.316664 -206.542295 -18.806346 34.339589 -0.117112 0.721464 0.523415 0.437963
1520616777.366666 -206.913300 -19.663465 33.980390 -0.119919 0.713129 0.523252 0.450860
1520616777.416667 -207.221169 -20.541560 33.615434 -0.122752 0.703762 0.523000 0.464889
1520616777.466704 -207.580171 -21.286670 33.051491 -0.118253 0.692000 0.524463 0.481758
1520616777.516670 -207.613141 -22.205470 33.450941 -0.118487 0.688430 0.521642 0.489810
1520616777.566918 -207.658049 -23.056235 33.975608 -0.127750 0.684731 0.514836 0.499767
1520616777.616919 -208.340328 -23.681791 33.579876 -0.124360 0.676815 0.510078 0.516020
1520616777.666921 -208.752188 -24.529232 33.907929 -0.131761 0.673160 0.504273 0.524599
1520616777.716922 -209.082819 -25.390595 34.291460 -0.139590 0.667997 0.502116 0.531201
1520616777.766924 -209.610817 -25.960267 33.654883 -0.140004 0.644685 0.510037 0.551945
1520616777.816925 -209.863895 -26.721569 33.062291 -0.145579 0.622840 0.521163 0.565036
1520616777.866927 -210.104986 -27.359259 33.793322 -0.157441 0.614530 0.520864 0.571197
1520616777.916929 -210.279879 -28.150991 34.377207 -0.168632 0.604438 0.524690 0.575255
1520616777.965326 -210.484842 -28.936850 34.961163 -0.175795 0.594545 0.527040 0.581241
1520616778.015328 -210.769625 -29.621802 34.292539 -0.160596 0.565515 0.543607 0.599077
1520616778.065329 -211.237712 -30.341769 33.779634 -0.146305 0.542758 0.550607 0.617123
1520616778.115331 -211.267157 -31.077818 34.450567 -0.151017 0.536901 0.549050 0.622475
1520616778.165332 -211.649156 -31.956087 34.163795 -0.138441 0.512646 0.558746 0.637049
1520616778.215334 -211.994332 -32.751083 33.665132 -0.119938 0.484764 0.573412 0.649475
1520616778.265336 -212.294028 -33.360864 32.930713 -0.106681 0.450042 0.588279 0.663332
1520616778.315337 -212.554772 -34.053027 32.258709 -0.095607 0.421975 0.602794 0.670400
1520616778.362358 -212.884215 -34.711739 31.581689 -0.081577 0.387615 0.617916 0.679176
1520616778.412360 -213.211660 -35.269803 30.818875 -0.066856 0.358224 0.632194 0.683766
1520616778.462361 -213.539001 -35.923338 30.136957 -0.050735 0.331628 0.649284 0.682553
1520616778.512362 -213.501129 -36.915321 30.248494 -0.051612 0.320662 0.665082 0.672442
1520616778.562364 -213.835554 -37.536487 29.541077 -0.034390 0.296312 0.681072 0.668699
1520616778.612365 -214.123648 -38.146580 28.803274 -0.020320 0.274521 0.694304 0.664956
1520616778.662367 -214.285891 -38.773506 28.041989 -0.008705 0.255223 0.709026 0.657319
1520616778.712369 -214.408733 -39.129302 27.115679 0.006189 0.235093 0.724095 0.648366
1520616778.762370 -214.542397 -39.604790 26.246097 0.016152 0.221716 0.734424 0.641251
1520616778.810537 -214.964084 -39.508782 25.341460 0.024277 0.206535 0.739962 0.639695
1520616778.860535 -215.291019 -39.526769 24.397651 0.026661 0.192620 0.750768 0.631296
1520616778.910536 -215.006777 -40.476190 24.245343 0.003537 0.191152 0.762237 0.618419
1520616778.960537 -215.282817 -40.173905 23.334192 0.002856 0.182760 0.770979 0.610067
1520616779.010539 -215.785916 -39.794452 22.557348 0.003568 0.180415 0.779431 0.599938
1520616779.060541 -215.937134 -39.996769 21.593874 -0.005766 0.186873 0.783999 0.591938
1520616779.110598 -215.946840 -40.048360 20.594868 -0.010560 0.189045 0.789977 0.583170
1520616779.160544 -216.027453 -40.246158 19.618179 -0.016622 0.199686 0.791933 0.576794
1520616779.209789 -215.993622 -40.600558 18.683719 -0.023452 0.212672 0.791685 0.572238
1520616779.259791 -216.028176 -40.795511 17.703414 -0.029129 0.221095 0.790569 0.570323
1520616779.309792 -215.936324 -41.132121 16.766224 -0.037815 0.228044 0.788899 0.569389
1520616779.359794 -216.095197 -40.968677 15.790619 -0.042306 0.228235 0.790156 0.567250
1520616779.409795 -216.558856 -40.770013 14.926703 -0.045565 0.231722 0.791542 0.563640
1520616779.459797 -216.503522 -41.053048 13.971834 -0.060096 0.236283 0.792836 0.558543
1520616779.509799 -216.629996 -41.217098 12.993033 -0.068980 0.239004 0.793332 0.555647
1520616779.559800 -216.735781 -41.553268 12.057505 -0.076972 0.248144 0.792991 0.551057
1520616779.609576 -216.821724 -41.886386 11.118580 -0.092653 0.257333 0.790915 0.547402
1520616779.659576 -216.546852 -41.942768 10.157604 -0.111413 0.252765 0.790212 0.547049
1520616779.709578 -217.019472 -41.848316 9.279343 -0.109384 0.255833 0.793311 0.541518
1520616779.759579 -217.379196 -41.710099 8.356332 -0.103468 0.255555 0.796062 0.538768
1520616779.809582 -217.148306 -42.269432 7.561833 -0.116700 0.259709 0.794539 0.536321
1520616779.859583 -217.464249 -42.603014 6.670597 -0.131441 0.270587 0.789244 0.535350
1520616779.909585 -217.328596 -42.903962 5.727694 -0.157684 0.276184 0.778706 0.540809
1520616779.959586 -217.788093 -42.578095 4.894935 -0.174241 0.283332 0.772070 0.541545
1520616780.010065 -218.127090 -42.227455 4.021250 -0.189047 0.284635 0.768463 0.541026
1520616780.060066 -218.748347 -41.919535 3.301101 -0.189451 0.290621 0.765556 0.541823
1520616780.110068 -219.421744 -41.591934 2.638069 -0.195636 0.295348 0.758989 0.546289
1520616780.160069 -219.847506 -41.171715 1.835215 -0.216288 0.297265 0.751922 0.547236
1520616780.210071 -219.830017 -41.569617 0.924915 -0.253856 0.308541 0.738905 0.542566
1520616780.260072 -220.127092 -41.276402 0.009286 -0.266243 0.309052 0.736571 0.539505
1520616780.310074 -220.563497 -40.956015 -0.831992 -0.278811 0.315320 0.731218 0.536803
1520616780.360075 -220.813308 -40.632185 -1.744947 -0.283665 0.317305 0.733826 0.529482
1520616780.411786 -220.933657 -40.345684 -2.695259 -0.294386 0.318097 0.736798 0.518922
1520616780.461787 -221.212990 -40.154615 -3.635552 -0.294486 0.320529 0.739840 0.513007
1520616780.511789 -220.753335 -40.724513 -4.313437 -0.342513 0.331029 0.720577 0.503858
1520616780.561790 -220.371561 -41.536628 -4.759423 -0.391074 0.347895 0.701703 0.483366
1520616780.611791 -220.293574 -42.277492 -5.429117 -0.424484 0.372507 0.684930 0.460351
1520616780.661796 -220.325337 -42.454336 -6.417348 -0.443163 0.372804 0.678814 0.451481
1520616780.711795 -220.560449 -42.493609 -7.390982 -0.457017 0.372981 0.672122 0.447518
1520616780.761876 -220.586656 -42.592082 -8.384700 -0.471480 0.370905 0.668834 0.439086
1520616780.810660 -220.636176 -42.031506 -9.219275 -0.473065 0.335318 0.702983 0.411809
1520616780.860663 -220.892208 -42.489267 -10.064518 -0.471722 0.365804 0.688205 0.412359
1520616780.910664 -221.038963 -42.554132 -11.054468 -0.473650 0.366894 0.685531 0.413631
1520616780.960665 -221.205185 -42.636938 -12.037061 -0.488119 0.371282 0.672832 0.413746
1520616781.010667 -221.349965 -42.759364 -13.018839 -0.493830 0.374715 0.665931 0.415039
1520616781.060668 -221.473370 -42.986003 -13.984152 -0.517423 0.381930 0.645358 0.412209
1520616781.110671 -221.839179 -43.188867 -14.894731 -0.570211 0.388410 0.604248 0.398600
1520616781.160671 -222.213745 -43.295025 -15.818099 0.601589 -0.392710 -0.573393 -0.393814
1520616781.210674 -222.899171 -42.590989 -15.979648 0.655705 -0.394685 -0.522504 -0.375851
1520616781.261109 -223.032928 -43.169450 -16.773299 0.646170 -0.408701 -0.509548 -0.394701
1520616781.311111 -223.742784 -42.483287 -16.894955 0.689468 -0.403262 -0.465852 -0.380783
1520616781.361112 -223.515734 -42.826955 -17.791716 0.694361 -0.394502 -0.463435 -0.384004
1520616781.411114 -223.082202 -43.566494 -17.261962 0.727349 -0.397286 -0.424188 -0.364956
1520616781.461116 -222.763891 -44.298070 -16.657866 0.754997 -0.404135 -0.385488 -0.343589
1520616781.511117 -222.082432 -44.896729 -16.248199 0.781399 -0.391666 -0.349655 -0.337275
1520616781.561119 -221.482028 -45.584677 -15.839197 0.795737 -0.385093 -0.324721 -0.336249
1520616781.611120 -220.727453 -46.235252 -15.816219 0.804292 -0.377520 -0.314895 -0.333819
1520616781.664536 -220.164977 -46.961151 -15.411571 0.815725 -0.366861 -0.297248 -0.334141
1520616781.714537 -219.492541 -47.686271 -15.277961 0.823180 -0.355740 -0.287800 -0.336147
1520616781.764540 -218.764074 -48.360547 -15.162199 0.829658 -0.342688 -0.284835 -0.336307
1520616781.814541 -218.005930 -48.999125 -15.031321 0.836382 -0.325915 -0.283839 -0.337166
1520616781.864543 -217.585456 -49.908540 -14.959856 0.840146 -0.313201 -0.280248 -0.342813
1520616781.914544 -216.770086 -50.465566 -14.827079 0.843525 -0.300651 -0.280207 -0.345772
1520616781.964545 -216.372856 -51.195281 -14.260999 0.845514 -0.293823 -0.276939 -0.349397
1520616782.014547 -216.313337 -51.983794 -13.645667 0.844688 -0.287270 -0.273333 -0.359536
1520616782.066580 -216.094364 -52.660531 -12.944901 0.842616 -0.275882 -0.271862 -0.374137
1520616782.116582 -215.795242 -53.308332 -12.245333 0.839582 -0.264464 -0.276094 -0.385917
1520616782.166584 -216.025056 -54.052713 -11.615661 0.835249 -0.250966 -0.278270 -0.402418
1520616782.216585 -216.302389 -54.846095 -11.072901 0.832424 -0.231869 -0.285622 -0.414401
1520616782.266587 -216.115309 -55.758888 -10.714507 0.827700 -0.211461 -0.306332 -0.419951
1520616782.316588 -216.108457 -55.940115 -9.735978 0.831883 -0.210088 -0.323705 -0.398809
1520616782.366590 -215.755643 -56.783905 -9.322891 0.826321 -0.192246 -0.351720 -0.395637
1520616782.416692 -215.470277 -57.710247 -9.070344 0.817353 -0.175843 -0.380883 -0.394895
1520616782.467312 -215.689969 -58.428008 -8.414740 0.814213 -0.173452 -0.390755 -0.392787
1520616782.517313 -216.113671 -59.156788 -7.876205 0.810649 -0.173964 -0.394835 -0.395841
1520616782.567315 -216.073973 -59.935116 -7.250323 0.806225 -0.170603 -0.406681 -0.394343
1520616782.617316 -216.372036 -60.590374 -6.559087 0.803595 -0.171684 -0.413102 -0.392563
1520616782.667318 -216.438035 -61.168698 -5.746622 0.802702 -0.171484 -0.417618 -0.389690
1520616782.717320 -216.574414 -61.734990 -4.934076 0.800837 -0.175121 -0.423572 -0.385459
1520616782.767321 -216.751119 -62.388875 -4.197042 0.798526 -0.178091 -0.429503 -0.382317
1520616782.817323 -216.775213 -62.976268 -3.388707 0.799011 -0.180062 -0.433516 -0.375796
1520616782.868398 -216.652072 -63.583700 -2.603618 0.801060 -0.182531 -0.436964 -0.366126
1520616782.918400 -216.198719 -64.473863 -2.582894 0.796746 -0.173360 -0.450148 -0.364018
1520616782.968400 -216.194242 -65.088361 -1.797888 0.799418 -0.181521 -0.452015 -0.351658
1520616783.018403 -215.455785 -65.713608 -2.008610 0.793483 -0.184245 -0.466908 -0.344146
1520616783.068405 -215.187671 -66.160418 -1.153294 0.797485 -0.193892 -0.464551 -0.332588
1520616783.118406 -214.434498 -66.807648 -1.120123 0.796064 -0.204859 -0.469457 -0.322374
1520616783.168408 -213.615568 -67.135240 -0.645769 0.804427 -0.212562 -0.461701 -0.307485
1520616783.218409 -212.860829 -67.577131 -1.124469 0.802399 -0.221983 -0.468164 -0.296145
1520616783.268410 -212.172356 -68.190744 -0.721096 0.817466 -0.236170 -0.446324 -0.277071
1520616783.318412 -211.557857 -68.796684 -1.224124 0.821543 -0.248125 -0.440937 -0.262823
1520616783.368413 -211.004985 -69.538540 -1.605945 0.829153 -0.259391 -0.429810 -0.245936
1520616783.418414 -210.877729 -70.145261 -0.817581 0.853414 -0.304311 -0.383718 -0.178439
1520616783.468418 -210.652768 -71.049272 -1.186145 0.859519 -0.311876 -0.370211 -0.164025
1520616783.518419 -210.427254 -71.157764 -0.211269 0.881693 -0.325624 -0.327480 -0.096657
1520616783.568419 -210.164834 -71.963317 -0.750969 0.887166 -0.327191 -0.316281 -0.076479
1520616783.618422 -210.149044 -72.731700 -0.101134 0.896394 -0.355538 -0.257584 -0.061009
1520616783.668423 -209.649504 -73.589374 -0.069409 0.905961 -0.346281 -0.237835 -0.052531
1520616783.718425 -209.378329 -73.303408 0.858714 0.923914 -0.327730 -0.195204 -0.029507
1520616783.768427 -208.809717 -74.117755 0.765828 0.929190 -0.318817 -0.185104 -0.026418
1520616783.818428 -208.130740 -74.785218 0.463613 0.932201 -0.309494 -0.186139 -0.023819
1520616783.868430 -207.620440 -75.646245 0.536737 0.937306 -0.298487 -0.178160 -0.024950
1520616783.918431 -206.949231 -76.362431 0.722127 0.944767 -0.278510 -0.170750 -0.026313
1520616783.968432 -206.154775 -76.953224 0.853574 0.950684 -0.260619 -0.166319 -0.024793
1520616784.018435 -205.388680 -77.541046 1.117818 0.958487 -0.238079 -0.154792 -0.025712
1520616784.068436 -204.540963 -78.057646 1.227302 0.964283 -0.218932 -0.146649 -0.026849
1520616784.118436 -203.796952 -78.688704 1.455323 0.970313 -0.199611 -0.133137 -0.030384
1520616784.168439 -202.809692 -78.808370 1.365193 0.975176 -0.180276 -0.125460 -0.028157
1520616784.218440 -201.958989 -79.279201 1.612829 0.980779 -0.156307 -0.111815 -0.033737
1520616784.268441 -201.085113 -79.655635 1.920495 0.985457 -0.132008 -0.099619 -0.039053
1520616784.318444 -201.213137 -79.346394 2.865691 0.990247 -0.104397 -0.082743 -0.040814
1520616784.368444 -200.894679 -79.071742 3.771917 0.993908 -0.072366 -0.070979 -0.043272
1520616784.418447 -200.829597 -78.634716 4.669091 0.996051 -0.042901 -0.065067 -0.042520
1520616784.468448 -201.148644 -78.154295 5.483428 0.997122 -0.021439 -0.063709 -0.035057
1520616784.518265 -200.917200 -78.234363 6.454713 0.996817 0.001688 -0.073139 -0.031695
1520616784.568265 -201.709755 -77.875203 6.927880 0.996564 0.023718 -0.075309 -0.025022
1520616784.618268 -201.649144 -77.808889 7.929744 0.994570 0.040196 -0.093648 -0.021075
1520616784.668269 -202.390399 -78.335802 8.331660 0.993435 0.053740 -0.096515 -0.029740
1520616784.718270 -202.721323 -78.314495 7.373064 0.989954 0.064045 -0.123825 -0.023615
1520616784.768272 -203.184442 -78.425220 8.266952 0.986770 0.070409 -0.145092 -0.016587
1520616784.818273 -203.873573 -78.915129 8.797263 0.985243 0.077785 -0.150412 -0.024926
1520616784.868275 -203.953815 -78.857705 9.799177 0.980963 0.080822 -0.175323 -0.021023
1520616784.918462 -204.570944 -78.685014 10.559319 0.977584 0.077823 -0.194969 -0.016129
1520616784.968463 -205.149865 -79.184144 11.207636 0.974076 0.082207 -0.209679 -0.021290
1520616785.018466 -205.454083 -79.342674 10.252054 0.967918 0.083616 -0.236450 -0.015344
1520616785.068466 -206.274858 -79.554060 10.775719 0.967577 0.089949 -0.235764 -0.010918
1520616785.118469 -206.599319 -80.056752 11.584843 0.964106 0.092421 -0.248660 -0.011203
1520616785.168470 -207.213135 -80.359158 12.309180 0.966623 0.080383 -0.243221 -0.004735
1520616785.218472 -206.662654 -80.456137 13.138108 0.959345 0.076818 -0.271530 0.005270
1520616785.268473 -205.916205 -80.120890 13.710207 0.952207 0.071467 -0.296580 0.015288
1520616785.318475 -206.334999 -80.477314 14.536482 0.952806 0.066623 -0.295862 0.013692
1520616785.368477 -206.662396 -81.109046 15.241633 0.951721 0.063498 -0.300286 0.004804
1520616785.418478 -206.148647 -81.093183 16.101839 0.944976 0.067693 -0.319871 0.011014
1520616785.468480 -205.598580 -80.911097 16.916885 0.939610 0.069945 -0.334630 0.016238
1520616785.518481 -205.374057 -80.770457 17.881091 0.934287 0.068935 -0.348635 0.028460
1520616785.568483 -204.747533 -80.899143 18.648031 0.929626 0.077883 -0.359006 0.029068
1520616785.618484 -204.276722 -80.771846 19.522402 0.923819 0.080488 -0.372254 0.038834
1520616785.668485 -203.540471 -80.810277 20.195166 0.917123 0.076879 -0.388053 0.048896
1520616785.718487 -202.948263 -80.893977 20.998082 0.911909 0.078892 -0.399304 0.052487
1520616785.768489 -202.843084 -81.143781 21.958632 0.909286 0.082754 -0.404588 0.051559
1520616785.818490 -202.937280 -81.155750 22.953014 0.906674 0.083833 -0.409862 0.054111
1520616785.868492 -202.745114 -81.460957 23.887552 0.903777 0.079112 -0.416857 0.056201
1520616785.918494 -202.413151 -80.936689 24.677150 0.893986 0.064085 -0.435124 0.085723
1520616785.968494 -201.585907 -81.449291 24.906121 0.882038 0.076219 -0.457373 0.083727
1520616786.018497 -201.456441 -81.667254 25.873270 0.876652 0.077988 -0.466280 0.089338
1520616786.068497 -200.649189 -81.111112 26.045873 0.853647 0.080572 -0.501115 0.116961
1520616786.118500 -200.317588 -81.484376 26.916707 0.845464 0.074693 -0.514777 0.120901
1520616786.168501 -200.664616 -82.059115 27.649768 0.842046 0.059561 -0.522663 0.119309
1520616786.218503 -200.445981 -82.442613 28.552754 0.835881 0.048897 -0.532923 0.122089
1520616786.268505 -199.632371 -82.955962 28.804419 0.814086 0.054738 -0.566908 0.113501
1520616786.318506 -199.725389 -83.290713 29.734518 0.809410 0.036899 -0.574688 0.115011
1520616786.368507 -198.866264 -82.831089 29.556466 0.784372 0.026928 -0.606170 0.128815
1520616786.418509 -197.898144 -82.649769 29.386040 0.764165 0.020316 -0.630177 0.136075
1520616786.468511 -197.080058 -82.075271 29.292271 0.738540 0.010138 -0.655488 0.157451
1520616786.518512 -197.042918 -81.399431 30.023075 0.741864 0.020703 -0.642378 0.191207
1520616786.568514 -196.381839 -80.700276 30.285575 0.726265 0.015485 -0.654752 0.208801
1520616786.618515 -195.918801 -79.813748 30.228930 0.708010 0.016944 -0.666627 0.232473
1520616786.668516 -195.231887 -79.183604 30.590927 0.700203 0.020243 -0.671641 0.241256
1520616786.718519 -194.427423 -78.679088 30.900405 0.691609 0.012685 -0.676837 0.251810
1520616786.768521 -193.432710 -78.708311 30.880398 -0.681788 -0.002651 0.684858 -0.257155
1520616786.818521 -192.479241 -78.474907 31.089245 -0.675833 0.004705 0.689404 -0.260672
1520616786.868524 -191.852989 -77.749650 31.392431 -0.671158 0.012278 0.687089 -0.278039
1520616786.918525 -191.213224 -77.013284 31.611285 -0.666395 0.018171 0.685425 -0.292882
1520616786.967438 -190.325521 -76.586584 31.766335 -0.658171 0.024856 0.686307 -0.308505
1520616787.017440 -189.602368 -75.924830 31.976381 -0.651603 0.028861 0.683865 -0.326969
1520616787.067445 -188.817353 -75.309279 31.939173 -0.643434 0.029890 0.685201 -0.339998
1520616787.117442 -188.076278 -74.659210 31.771469 -0.635278 0.027945 0.689812 -0.346122
1520616787.167444 -187.245800 -74.272580 31.378785 -0.621351 0.030578 0.699067 -0.352553
1520616787.217446 -186.407737 -73.836629 31.048280 -0.604581 0.041052 0.707832 -0.363001
1520616787.267447 -185.531441 -73.720536 30.585379 -0.586838 0.055291 0.719308 -0.367642
1520616787.317463 -184.700219 -73.250815 30.275158 -0.572097 0.064957 0.727229 -0.373663
1520616787.365852 -184.067710 -72.893951 30.961169 -0.566091 0.077157 0.729094 -0.376842
1520616787.415853 -183.132457 -72.722055 30.682241 -0.547184 0.085539 0.739995 -0.381681
1520616787.465855 -182.277256 -72.644916 30.172821 -0.526697 0.089770 0.752081 -0.385883
1520616787.515857 -181.432799 -72.557931 29.643795 -0.510158 0.088635 0.761167 -0.390522
1520616787.565858 -180.630596 -72.356947 29.080263 -0.496944 0.088675 0.766248 -0.397551
1520616787.615860 -179.921526 -72.134765 28.411099 -0.487573 0.093458 0.768025 -0.404568
1520616787.665861 -179.132246 -72.003356 27.811513 -0.483893 0.098715 0.769427 -0.405075
1520616787.715863 -178.403366 -71.912933 27.133519 -0.482582 0.102780 0.770485 -0.403613
1520616787.764108 -177.659921 -71.884893 26.465620 -0.485255 0.108142 0.769355 -0.401155
1520616787.814110 -176.699696 -71.719639 26.224737 -0.489351 0.117910 0.764298 -0.403090
1520616787.864112 -175.743913 -71.644012 25.943949 -0.494550 0.121292 0.761582 -0.400876
1520616787.914113 -174.752096 -71.510364 25.897781 -0.500941 0.123318 0.755606 -0.403622
1520616787.964115 -173.819934 -71.437804 25.550757 -0.504355 0.117251 0.753081 -0.405890
1520616788.014116 -173.063675 -71.170513 24.952948 -0.506240 0.105395 0.749335 -0.413654
1520616788.064118 -172.263908 -70.609596 24.723954 -0.507898 0.097648 0.741062 -0.428173
1520616788.114120 -171.621669 -70.221384 24.066598 -0.506185 0.085864 0.738253 -0.437477
1520616788.164121 -170.922768 -70.012984 23.384567 -0.502906 0.083616 0.737230 -0.443380
1520616788.212737 -170.206352 -69.435549 22.984056 -0.500321 0.082614 0.734767 -0.450523
1520616788.262739 -169.404214 -69.422343 22.394222 -0.495221 0.090783 0.738134 -0.449080
1520616788.312742 -168.527722 -69.023394 22.108732 -0.497696 0.096946 0.738645 -0.444188
1520616788.362743 -167.599928 -68.843811 21.787481 -0.501985 0.105176 0.736566 -0.440930
1520616788.412744 -166.729882 -68.456822 21.475751 -0.500808 0.113262 0.733906 -0.444685
1520616788.462746 -166.006439 -68.502276 20.792343 -0.496224 0.115830 0.736779 -0.444412
1520616788.512747 -165.036143 -68.280671 20.653093 -0.500223 0.115686 0.735111 -0.442726
1520616788.562749 -164.397645 -68.431809 19.904342 -0.498340 0.113045 0.739194 -0.438715
1520616788.611557 -163.779936 -68.301062 19.127742 -0.498019 0.109970 0.740436 -0.437764
1520616788.661558 -162.976510 -68.200610 18.540239 -0.500784 0.111241 0.739783 -0.435387
1520616788.711559 -162.254481 -67.930719 17.901546 -0.503413 0.112801 0.737426 -0.435952
1520616788.761561 -161.520473 -67.911482 17.224702 -0.507436 0.112637 0.734940 -0.435527
1520616788.811563 -160.709046 -67.505266 16.796006 -0.512621 0.109078 0.730033 -0.438603
1520616788.861564 -159.830911 -67.279414 16.377973 -0.519016 0.109737 0.723297 -0.442064
1520616788.911565 -158.847489 -67.115245 16.287211 -0.533749 0.110714 0.708598 -0.448044
1520616788.961603 -157.933964 -66.744731 16.112151 -0.543727 0.110417 0.697017 -0.454242
1520616789.010904 -157.067057 -66.249131 16.038068 -0.555809 0.108503 0.683462 -0.460633
1520616789.060905 -156.248224 -65.752589 15.752636 -0.565434 0.104558 0.672984 -0.465236
1520616789.110908 -155.825356 -64.843093 15.697297 -0.575231 0.097553 0.660207 -0.472989
1520616789.160908 -155.144732 -64.366992 15.151794 -0.578319 0.088853 0.655159 -0.477932
1520616789.210910 -154.581835 -63.932767 14.448207 -0.576429 0.082257 0.653646 -0.483436
1520616789.260911 -153.916472 -63.254922 14.131628 -0.577827 0.081220 0.649766 -0.487158
1520616789.310913 -153.161193 -62.695596 13.794634 -0.579395 0.083392 0.648378 -0.486779
1520616789.360914 -152.261008 -62.267784 13.723288 -0.584780 0.083995 0.648035 -0.480655
1520616789.411003 -151.402056 -62.704467 13.471998 -0.586838 0.089488 0.653850 -0.469142
1520616789.461005 -150.464764 -62.334792 13.453852 -0.589340 0.092295 0.653760 -0.465574
1520616789.511006 -149.545005 -62.444188 13.090082 -0.586856 0.096889 0.658971 -0.460400
1520616789.561008 -148.701660 -61.897177 13.155451 -0.589429 0.095434 0.655977 -0.461694
1520616789.611009 -147.828428 -61.454257 12.962299 -0.593183 0.090029 0.652085 -0.463480
1520616789.661011 -147.137201 -60.799096 12.649388 -0.594235 0.083337 0.646276 -0.471453
1520616789.711012 -146.498957 -60.109897 12.305319 -0.597821 0.070775 0.636506 -0.482142
1520616789.761014 -145.721109 -59.578977 11.976103 -0.602863 0.063331 0.624445 -0.492558
1520616789.812220 -144.935072 -60.109180 11.662242 -0.606677 0.067538 0.619614 -0.493418
1520616789.862222 -144.430023 -59.294480 11.343228 0.617985 -0.045317 -0.607342 0.497169
1520616789.912224 -143.448159 -59.134203 11.335927 0.627965 -0.042450 -0.595501 0.499236
1520616789.962225 -142.601062 -59.523954 10.985640 0.633972 -0.046948 -0.592515 0.494774
1520616790.012228 -141.707068 -59.832263 10.659919 0.643947 -0.050199 -0.586956 0.488155
1520616790.062229 -141.135020 -59.002685 10.587863 0.664164 -0.034395 -0.571203 0.481073
1520616790.112230 -140.208178 -58.681165 10.429822 0.676261 -0.031403 -0.557175 0.480875
1520616790.162232 -139.444446 -58.381982 9.858647 0.681149 -0.023830 -0.547738 0.485233
1520616790.212307 -138.642498 -57.780685 9.894550 0.690654 -0.016007 -0.531497 0.490155
1520616790.262308 -138.031469 -57.108109 9.472951 0.698203 0.003011 -0.518922 0.493177
1520616790.312309 -137.502325 -56.261187 9.534224 0.709946 0.014853 -0.499732 0.496007
1520616790.362311 -136.871973 -55.487628 9.568058 0.719229 0.022387 -0.481137 0.500716
1520616790.412313 -136.032046 -54.951665 9.556359 0.727191 0.028321 -0.466927 0.502365
1520616790.462314 -135.573792 -54.084619 9.335743 0.735185 0.050662 -0.451477 0.503096
1520616790.512316 -134.751935 -53.603236 9.048955 0.740630 0.064482 -0.438766 0.504771
1520616790.562317 -134.047046 -52.902213 9.175713 0.748521 0.079620 -0.421639 0.505567
1520616790.612378 -133.972328 -51.914550 9.342816 0.756380 0.109177 -0.399897 0.506015
1520616790.660990 -133.458415 -51.088677 9.130002 0.758759 0.127372 -0.384895 0.509821
1520616790.710992 -133.472907 -50.199779 9.584283 0.767110 0.150532 -0.358830 0.510023
1520616790.760993 -133.610073 -49.378109 10.136283 0.777044 0.173049 -0.334691 0.504221
1520616790.810995 -133.629697 -48.394453 10.329565 0.784522 0.200026 -0.315159 0.495167
1520616790.860996 -134.047841 -47.909572 11.088453 0.795846 0.217367 -0.285520 0.487709
1520616790.910998 -134.112133 -46.984013 11.471764 0.798949 0.237155 -0.267890 0.483397
1520616790.960999 -133.689141 -46.090681 11.594449 0.796731 0.252716 -0.259099 0.483965
1520616791.011001 -133.663914 -45.186439 12.022586 0.793491 0.272560 -0.246356 0.485173
1520616791.060411 -133.325333 -44.257022 12.155005 0.789896 0.290354 -0.236634 0.485555
1520616791.110412 -132.538837 -43.652713 12.230973 0.790740 0.293975 -0.234101 0.483224
1520616791.160414 -131.941047 -42.940709 12.605849 0.793174 0.300555 -0.223005 0.480428
1520616791.210415 -132.171089 -42.031689 12.967618 0.790842 0.311788 -0.206163 0.484618
1520616791.260417 -132.512572 -41.171455 13.345981 0.789542 0.319135 -0.186455 0.489909
1520616791.310418 -132.712649 -40.288013 13.767761 0.791838 0.324911 -0.167077 0.489399
1520616791.360420 -133.306722 -39.483820 13.847350 0.791637 0.336492 -0.148131 0.487997
1520616791.410422 -133.934023 -38.789818 14.194008 0.794355 0.345071 -0.127329 0.483439
1520616791.460058 -134.358477 -37.921197 14.454476 0.795229 0.354894 -0.108897 0.479377
1520616791.510060 -133.936603 -37.112173 14.842719 0.803741 0.347381 -0.098496 0.472890
1520616791.560062 -133.061054 -36.665617 14.674986 0.807894 0.347995 -0.096782 0.465661
1520616791.610064 -132.240547 -36.093837 14.655635 0.810599 0.350913 -0.093102 0.459479
1520616791.660065 -132.272576 -35.092848 14.756638 0.804495 0.365661 -0.079371 0.461280
1520616791.710066 -131.800585 -34.218900 14.814224 0.803555 0.367337 -0.074744 0.462360
1520616791.760068 -130.906360 -33.777689 14.830113 0.804762 0.372461 -0.068463 0.457104
1520616791.810069 -131.260912 -32.998483 15.357492 0.799752 0.391396 -0.042350 0.453223
1520616791.860033 -130.411731 -32.523608 15.529003 0.808508 0.387333 -0.058255 0.439198
1520616791.910035 -130.101041 -31.631219 15.874633 0.806217 0.403541 -0.035115 0.431203
1520616791.960036 -129.853658 -30.666343 15.979249 0.805619 0.409492 -0.025863 0.427347
1520616792.010038 -130.268110 -29.930823 16.513729 0.803119 0.424141 -0.002379 0.418448
1520616792.060043 -130.245355 -29.029682 16.066465 0.786473 0.425877 -0.000543 0.447312
1520616792.110040 -129.681305 -28.227650 16.224149 0.788340 0.434325 0.011988 0.435590
1520616792.160047 -129.026981 -27.476481 16.303483 0.790858 0.439464 0.018498 0.425526
1520616792.210044 -128.822734 -26.493234 16.311333 0.787261 0.445874 0.026764 0.425089
1520616792.260230 -128.087151 -25.823577 16.359157 0.790120 0.450743 0.028586 0.414396
1520616792.310152 -127.397929 -25.115009 16.511496 0.793919 0.453763 0.032222 0.403426
1520616792.360153 -128.108586 -24.696795 17.073707 0.790411 0.466920 0.051537 0.393167
1520616792.410155 -127.960161 -23.714021 16.979219 0.782602 0.462568 0.037850 0.414887
1520616792.460156 -128.567354 -23.075169 17.445967 0.779529 0.471429 0.047066 0.409724
1520616792.510158 -129.047845 -22.332619 17.913392 0.774415 0.480776 0.052453 0.407902
1520616792.560159 -129.569993 -21.900239 18.645014 0.772058 0.487123 0.053066 0.404748
1520616792.610161 -130.015389 -21.407034 19.392600 0.769015 0.493086 0.047911 0.403964
1520616792.660163 -130.016289 -20.710034 20.106002 0.761426 0.502332 0.039782 0.407812
1520616792.710271 -130.286567 -20.142289 20.884414 0.752902 0.510467 0.034538 0.413968
1520616792.760273 -130.358457 -19.652872 21.751422 0.747908 0.514573 0.026435 0.418509
1520616792.810274 -130.493121 -18.940633 22.443055 0.739177 0.520639 0.018553 0.426858
1520616792.860276 -130.422934 -18.361931 23.252786 0.734531 0.526241 0.010710 0.428275
1520616792.910277 -130.700272 -17.552268 23.779135 0.725322 0.533137 0.004231 0.435495
1520616792.960279 -131.430823 -16.864441 23.733180 0.711253 0.528684 0.000690 0.463263
1520616793.010280 -132.067036 -16.093790 23.730667 0.697491 0.532236 -0.004904 0.479799
1520616793.060282 -132.655307 -15.456340 24.220979 0.694356 0.528242 -0.016147 0.488436
1520616793.110412 -133.059235 -14.705888 24.742690 0.692611 0.523332 -0.031881 0.495375
1520616793.160413 -133.581658 -13.895833 25.017995 0.690692 0.515638 -0.048036 0.504732
1520616793.210415 -133.975268 -13.025156 24.706805 0.676836 0.502495 -0.062596 0.534298
1520616793.260417 -134.151835 -12.436989 25.489551 0.675666 0.501230 -0.068202 0.536277
1520616793.310419 -134.657731 -11.568782 25.571077 0.674457 0.488878 -0.075337 0.548116
1520616793.360420 -134.512888 -10.599709 25.737393 0.680254 0.477334 -0.085203 0.549679
1520616793.410422 -134.920415 -11.482800 25.906943 0.687708 0.467332 -0.087952 0.548564
1520616793.460423 -135.571088 -10.748641 25.682992 0.678447 0.442598 -0.092379 0.579036
1520616793.510510 -135.773926 -9.966459 26.260449 0.674953 0.437838 -0.104287 0.584688
1520616793.560512 -135.999827 -8.989611 26.184051 0.669422 0.421510 -0.121410 0.599552
1520616793.610515 -136.347037 -8.114212 25.839604 0.654829 0.407322 -0.135151 0.622111
1520616793.660515 -136.144101 -7.205407 25.486299 0.630103 0.387902 -0.172792 0.650112
1520616793.710517 -136.066874 -6.326122 25.949524 0.625612 0.374903 -0.188365 0.657705
1520616793.760519 -136.303084 -5.511298 25.403568 0.613941 0.331933 -0.202868 0.686834
1520616793.810520 -136.938997 -5.338470 26.137388 0.611918 0.322947 -0.207088 0.691647
1520616793.860522 -137.100368 -4.440325 25.722367 0.603864 0.284054 -0.223123 0.710548
1520616793.910856 -137.650195 -4.185645 26.500878 0.605827 0.270373 -0.226286 0.713209
1520616793.960753 -137.649668 -3.381849 25.904854 0.582066 0.239333 -0.249133 0.736106
1520616794.010755 -137.957792 -3.097313 26.798255 0.583381 0.230909 -0.253227 0.736358
1520616794.060756 -137.705167 -2.357777 26.179326 0.556658 0.208441 -0.278477 0.754410
1520616794.110758 -137.870396 -1.746860 25.402353 0.527426 0.183158 -0.289131 0.777611
1520616794.160759 -137.539781 -1.041300 24.783129 0.500800 0.172120 -0.310847 0.789271
1520616794.210761 -137.441357 -0.210274 24.235765 0.475919 0.157469 -0.329839 0.799945
1520616794.260763 -137.163135 0.430534 23.520463 0.452314 0.135844 -0.345842 0.810772
1520616794.310712 -137.599763 1.217731 23.931674 0.444445 0.135285 -0.351531 0.812768
1520616794.360714 -137.228005 1.803682 23.221953 0.418623 0.118965 -0.371340 0.820188
1520616794.410715 -137.171941 2.357312 22.389462 0.390497 0.098936 -0.378562 0.833315
1520616794.460717 -137.520121 3.258319 22.609536 0.379024 0.088724 -0.377256 0.840325
1520616794.510718 -137.967434 4.135734 22.785681 0.370141 0.083232 -0.374393 0.846108
1520616794.560720 -138.466633 4.962061 23.044121 0.360134 0.079189 -0.376704 0.849780
1520616794.610721 -138.872271 5.810131 23.381717 0.352304 0.072665 -0.380859 0.851791
1520616794.660723 -138.806705 6.156008 22.451041 0.317412 0.038412 -0.391979 0.862628
1520616794.710424 -139.109576 7.094178 22.547153 0.304288 0.027360 -0.399615 0.864273
1520616794.760426 -139.401467 8.026277 22.757046 0.293531 0.020035 -0.405778 0.865322
1520616794.810427 -139.850126 8.921640 22.784078 0.277789 0.014292 -0.407535 0.869796
1520616794.860428 -140.414667 9.711839 23.019034 0.263388 0.015478 -0.408429 0.873827
1520616794.910431 -140.802607 10.607116 22.801229 0.244261 0.002061 -0.408307 0.879555
1520616794.960433 -141.506064 11.318311 22.812842 0.226393 0.007069 -0.401508 0.887405
1520616795.010434 -142.055076 12.152097 22.794271 0.215868 0.009466 -0.398769 0.891232
1520616795.060436 -142.315074 13.114158 22.829448 0.206404 -0.002160 -0.405959 0.890275
1520616795.110436 -142.597692 14.073516 22.806452 0.198946 -0.003818 -0.410910 0.889696
1520616795.160325 -142.885250 15.026965 22.712166 0.188191 -0.006013 -0.416050 0.889635
1520616795.210327 -143.341070 15.917388 22.737611 0.181648 0.005481 -0.414921 0.891524
1520616795.260328 -143.434091 16.295113 21.822094 0.146514 -0.021272 -0.411472 0.899318
1520616795.310330 -143.531594 17.282187 21.850372 0.134834 -0.036994 -0.412132 0.900332
1520616795.360331 -143.916553 18.201851 21.749619 0.130146 -0.030816 -0.400120 0.906651
1520616795.410333 -143.922299 18.270467 20.759192 0.100351 -0.060527 -0.390896 0.912944
1520616795.460334 -143.896327 18.433541 19.773244 0.073966 -0.090635 -0.384994 0.915475
1520616795.510340 -143.826112 18.439009 18.775764 0.047907 -0.121659 -0.377501 0.916732
1520616795.560232 -143.969429 18.382430 19.744424 0.016753 -0.155135 -0.363141 0.918576
1520616795.610234 -144.439075 19.022992 19.158919 0.004587 -0.153540 -0.349213 0.924367
1520616795.660235 -144.314668 19.274795 18.205775 -0.018462 -0.173449 -0.338639 0.924607
1520616795.710237 -144.458487 19.690507 19.084895 -0.048980 -0.206106 -0.315358 0.925025
1520616795.760238 -144.174320 20.129881 18.249675 -0.063161 -0.222870 -0.309742 0.922171
1520616795.810240 -143.967739 19.785190 17.339402 -0.097662 -0.245291 -0.284023 0.921751
1520616795.860242 -143.776176 19.288651 16.493189 -0.127984 -0.262848 -0.258389 0.920742
1520616795.910243 -143.374666 19.665730 15.658808 -0.136069 -0.268483 -0.249145 0.920505
1520616795.960321 -143.193671 19.139940 14.836050 -0.161235 -0.270374 -0.227849 0.921404
1520616796.010322 -142.647172 18.945114 14.021381 -0.170411 -0.268654 -0.213494 0.923691
1520616796.060324 -142.317266 18.855137 13.080318 -0.171198 -0.257975 -0.199890 0.929615
1520616796.110325 -141.568957 18.565574 12.491260 -0.169141 -0.250136 -0.180653 0.936049
1520616796.160327 -140.979683 17.845302 12.137161 -0.171619 -0.238622 -0.160468 0.942262
1520616796.210329 -140.273889 17.379410 11.601131 -0.168299 -0.222476 -0.145586 0.949202
1520616796.260330 -139.479699 16.779999 11.620898 -0.172477 -0.207290 -0.133459 0.953662
1520616796.310332 -138.650456 16.234206 11.495594 -0.174803 -0.190641 -0.123721 0.958015
1520616796.360355 -138.542226 16.780691 12.308413 -0.161838 -0.147807 -0.130120 0.966970
1520616796.410357 -138.490957 16.736704 13.305880 -0.153272 -0.107615 -0.116422 0.975383
1520616796.460358 -138.495771 16.048243 12.599701 -0.149140 -0.059804 -0.138132 0.977292
1520616796.510360 -137.563610 15.801305 12.360836 -0.146514 -0.046755 -0.137352 0.978510
1520616796.560362 -137.006461 15.007744 12.133440 -0.181186 -0.042270 -0.149982 0.971025
1520616796.610363 -137.231534 14.463866 11.330577 -0.179822 -0.005050 -0.176956 0.967639
1520616796.660365 -137.702494 14.342297 10.457440 -0.177968 0.025600 -0.190353 0.965110
1520616796.710367 -138.126224 13.761392 9.764575 -0.181494 0.059148 -0.223719 0.955778
1520616796.760538 -138.599478 13.194827 9.089832 -0.182287 0.088917 -0.258229 0.944554
1520616796.810539 -138.972496 12.909916 8.206436 -0.180537 0.107821 -0.279130 0.936946
1520616796.860541 -139.216915 12.768521 7.246568 -0.180838 0.118044 -0.297017 0.930131
1520616796.910542 -139.281850 12.348489 6.341448 -0.187907 0.121233 -0.315066 0.922349
1520616796.960544 -139.470474 12.123415 5.385957 -0.197673 0.121078 -0.333504 0.913806
1520616797.010546 -139.582957 11.524550 4.593971 -0.213868 0.117381 -0.353759 0.902960
1520616797.060547 -139.707845 11.157218 3.672064 -0.225835 0.109853 -0.377016 0.891510
1520616797.110549 -140.173103 10.752662 2.887703 -0.240956 0.102654 -0.395758 0.880215
1520616797.160543 -140.603377 10.624197 1.994654 -0.249443 0.094066 -0.415019 0.869879
1520616797.210545 -141.186107 10.733136 1.190371 -0.255961 0.087626 -0.429544 0.861567
1520616797.260546 -141.625742 10.630253 0.297874 -0.265611 0.075246 -0.442200 0.853375
1520616797.310548 -142.006594 10.135521 -0.483317 -0.280857 0.058675 -0.449859 0.845756
1520616797.360549 -142.143903 10.011229 -1.466985 -0.294049 0.026935 -0.462420 0.836049
1520616797.410551 -142.539885 9.822611 -2.364075 -0.309475 0.008386 -0.464027 0.829960
1520616797.460553 -143.000461 9.436532 -3.162841 -0.329298 -0.012193 -0.460933 0.823988
1520616797.510554 -143.353806 9.366423 -4.096026 -0.340182 -0.035368 -0.462506 0.817994
1520616797.560556 -143.982679 8.912387 -4.724983 -0.370850 -0.046950 -0.443162 0.814784
1520616797.610662 -144.542293 9.045911 -5.541507 -0.379962 -0.055079 -0.440858 0.811319
1520616797.660665 -144.996686 8.982070 -6.429476 -0.397035 -0.074771 -0.430215 0.807272
1520616797.710665 -145.152651 8.400669 -7.227184 -0.421703 -0.099058 -0.407836 0.803756
1520616797.760668 -144.848424 7.838697 -7.999386 -0.434933 -0.142534 -0.397215 0.795449
1520616797.810669 -145.020459 7.041913 -8.568933 -0.462803 -0.160804 -0.367451 0.790529
1520616797.860671 -144.133455 6.929562 -8.151175 -0.492971 -0.194016 -0.323448 0.784040
1520616797.910672 -143.543109 6.169534 -8.421883 -0.511442 -0.225092 -0.298567 0.773705
1520616797.960674 -143.617261 7.166494 -8.391552 -0.536007 -0.240284 -0.265180 0.764617
1520616798.012466 -143.465784 6.183906 -8.425584 -0.555812 -0.252539 -0.236184 0.755985
1520616798.062468 -143.047322 5.276982 -8.369121 -0.569561 -0.263647 -0.210607 0.749489
1520616798.112470 -142.449457 4.518459 -8.116221 -0.577278 -0.272134 -0.187899 0.746583
1520616798.162472 -142.061031 3.599022 -8.041685 -0.583531 -0.277181 -0.168709 0.744446
1520616798.212473 -141.975843 2.818752 -8.667938 -0.588266 -0.275107 -0.156981 0.744054
1520616798.262475 -141.166520 2.262977 -8.537124 -0.594693 -0.272627 -0.144556 0.742373
1520616798.312475 -140.459111 1.581540 -8.351164 -0.601573 -0.264906 -0.132771 0.741827
1520616798.362478 -139.579624 1.104269 -8.341187 -0.604117 -0.255564 -0.121846 0.744905
1520616798.412920 -138.870240 0.421355 -8.524511 -0.607715 -0.233858 -0.114298 0.750286
1520616798.462923 -138.227989 -0.332600 -8.656127 -0.612684 -0.209884 -0.110766 0.753855
1520616798.512923 -137.783588 -1.187259 -8.927596 -0.616231 -0.181966 -0.108843 0.758486
1520616798.562928 -137.730766 -2.114086 -9.297541 -0.618430 -0.150706 -0.112180 0.763051
1520616798.612926 -137.370429 -3.013703 -9.538860 -0.618988 -0.120706 -0.120399 0.766673
1520616798.662927 -136.395007 -3.094087 -9.720409 -0.609058 -0.114982 -0.119080 0.775659
1520616798.712929 -136.548160 -3.948062 -10.201276 -0.606486 -0.072511 -0.134169 0.780331
1520616798.762930 -135.598215 -4.209384 -10.293052 -0.599490 -0.063065 -0.134632 0.786454
1520616798.812695 -136.116498 -5.049702 -10.311723 -0.593996 -0.028357 -0.174978 0.784696
1520616798.862679 -136.504764 -5.923502 -10.613898 -0.585013 -0.000124 -0.203422 0.785098
1520616798.912681 -137.212018 -6.612482 -10.752312 -0.579533 0.032306 -0.239068 0.778424
1520616798.962682 -137.808205 -7.337916 -11.102563 -0.579141 0.061895 -0.266466 0.767959
1520616799.012684 -138.320025 -8.150635 -11.383512 -0.583085 0.086386 -0.296296 0.751504
1520616799.062686 -138.858529 -8.981348 -11.521588 -0.588331 0.103962 -0.327548 0.731964
1520616799.112687 -139.512182 -9.712072 -11.717394 -0.592519 0.116430 -0.356027 0.713169
1520616799.162689 -140.255967 -10.313322 -12.008281 -0.591620 0.123410 -0.390018 0.694724
1520616799.213304 -140.701706 -11.196562 -12.168562 -0.590251 0.121667 -0.422010 0.677281
1520616799.263306 -141.301707 -11.993596 -12.143183 -0.590516 0.113275 -0.455235 0.656675
1520616799.313307 -142.262213 -12.239590 -12.213027 -0.594256 0.105157 -0.477669 0.638462
1520616799.363309 -142.985999 -12.933110 -12.149185 -0.602495 0.090038 -0.495043 0.619537
1520616799.413310 -143.716156 -13.503504 -12.524572 -0.607893 0.077701 -0.509728 0.603826
1520616799.463312 -144.607983 -13.899523 -12.314035 -0.617443 0.066470 -0.523469 0.583375
1520616799.513314 -145.297366 -14.629199 -12.347863 -0.629244 0.053585 -0.530135 0.565807
1520616799.563315 -145.861134 -15.448929 -12.465629 -0.639809 0.039453 -0.533595 0.551692
1520616799.613317 -146.738198 -15.811038 -12.763048 -0.648729 0.031656 -0.536055 0.539252
1520616799.661990 -147.089016 -15.935753 -13.695145 -0.648259 0.017809 -0.544767 0.531669
1520616799.711992 -148.000015 -16.350129 -13.647811 -0.661278 0.007861 -0.538694 0.521975
1520616799.761994 -148.874297 -16.813038 -13.792522 -0.675393 -0.000196 -0.528760 0.514059
1520616799.811995 -149.331525 -16.934456 -14.676179 -0.678452 -0.005717 -0.524948 0.513907
1520616799.861997 -150.194999 -17.438243 -14.741056 -0.694417 -0.011923 -0.506569 0.510912
1520616799.911999 -150.872461 -17.600978 -15.457164 -0.698756 -0.017380 -0.500662 0.510662
1520616799.961999 -151.720723 -18.114803 -15.599905 -0.714008 -0.023896 -0.482705 0.506575
1520616800.012002 -152.226593 -18.790761 -15.061064 -0.736914 -0.033877 -0.453486 0.500161
1520616800.061088 -153.040861 -19.337918 -14.889881 0.755186 0.031157 0.425723 -0.497477
1520616800.111089 -153.552294 -20.107699 -14.500511 0.770844 0.042002 0.404523 -0.490303
1520616800.161091 -154.108234 -20.808552 -14.055774 0.785732 0.049639 0.378028 -0.487089
1520616800.211093 -154.647358 -21.323774 -13.392000 0.803552 0.053326 0.343712 -0.483035
1520616800.261095 -155.206644 -21.977469 -12.880512 0.816286 0.055328 0.308430 -0.485270
1520616800.311096 -155.706239 -22.626771 -12.307334 0.826500 0.056807 0.276024 -0.487320
1520616800.361097 -156.016368 -23.364096 -11.705326 0.833885 0.058849 0.248640 -0.489235
1520616800.411099 -156.481148 -24.121750 -11.248417 0.840577 0.057354 0.222638 -0.490483
1520616800.460902 -156.635550 -23.494888 -12.026060 0.845715 0.055291 0.201118 -0.491182
1520616800.510864 -156.855643 -23.996561 -12.857215 -0.836984 -0.033963 -0.184811 0.513954
1520616800.560865 -157.787491 -24.328099 -12.947679 -0.836976 -0.007172 -0.190980 0.512784
1520616800.610867 -158.269353 -25.090340 -12.505054 -0.843905 0.017930 -0.172822 0.507578
1520616800.660869 -158.327633 -25.838578 -11.845420 -0.849002 0.041249 -0.157239 0.502762
1520616800.710870 -158.372654 -26.758952 -11.449271 -0.848201 0.067940 -0.142408 0.505627
1520616800.760872 -158.887105 -27.446146 -10.944330 -0.844421 0.093748 -0.136262 0.509506
1520616800.810873 -159.063648 -28.220987 -10.336753 -0.840934 0.118611 -0.128779 0.512033
1520616800.860626 -159.235504 -29.046957 -9.798562 -0.836279 0.144816 -0.118998 0.515272
1520616800.910627 -159.292210 -30.004322 -9.507129 -0.830900 0.166848 -0.108507 0.519608
1520616800.960629 -159.253023 -30.845680 -8.973073 -0.828056 0.186459 -0.101021 0.518990
1520616801.010630 -159.940392 -31.231097 -8.368616 -0.826082 0.210225 -0.108305 0.511531
1520616801.060632 -160.522167 -31.814344 -7.797232 -0.823467 0.233665 -0.110832 0.504994
1520616801.110634 -160.817030 -32.503993 -7.135258 0.822617 -0.251718 0.113029 -0.497156
1520616801.160635 -160.911086 -33.301713 -6.538920 0.823635 -0.268104 0.116755 -0.485915
1520616801.210637 -160.685485 -34.236231 -6.839561 0.820128 -0.277242 0.116585 -0.486760
1520616801.260343 -160.971593 -35.004808 -6.273529 0.822545 -0.291562 0.130559 -0.470495
1520616801.310344 -161.467666 -35.582701 -5.627700 0.825277 -0.304758 0.149186 -0.451424
1520616801.360345 -161.107855 -36.511535 -5.731207 0.824217 -0.311141 0.158888 -0.445658
1520616801.410347 -160.826519 -37.451879 -5.928799 0.821485 -0.314309 0.168971 -0.444770
1520616801.460349 -160.425638 -36.787774 -6.582503 0.822629 -0.320158 0.199531 -0.425404
1520616801.510350 -159.942959 -37.621497 -6.326812 0.825458 -0.313466 0.205736 -0.421938
1520616801.560353 -159.479662 -38.492805 -6.159390 0.825715 -0.306469 0.214188 -0.422368
1520616801.610354 -159.020016 -38.005543 -6.919858 0.826017 -0.301525 0.253850 -0.402912
1520616801.660317 -158.591724 -38.667285 -6.303703 0.834179 -0.287907 0.261426 -0.391039
1520616801.710320 -158.366740 -39.587908 -5.970475 0.835820 -0.276038 0.275466 -0.386427
1520616801.760321 -157.951623 -40.499223 -5.945995 0.836705 -0.263355 0.287295 -0.384746
1520616801.810323 -157.603788 -41.320720 -5.498147 0.843382 -0.248843 0.297158 -0.372131
1520616801.860323 -157.254809 -42.246174 -5.332388 0.845104 -0.231119 0.306837 -0.371798
1520616801.910326 -157.733126 -42.579180 -4.520718 0.843473 -0.221098 0.338206 -0.353956
1520616801.960326 -158.210017 -43.158237 -3.855642 0.837797 -0.216222 0.360557 -0.348342
1520616802.010329 -157.539048 -42.993154 -4.599333 0.832712 -0.207218 0.385857 -0.338772
1520616802.060330 -158.145244 -43.603512 -4.070461 0.829371 -0.202950 0.396787 -0.336921
1520616802.110533 -158.659649 -44.136123 -3.399327 0.835784 -0.192032 0.400803 -0.322405
1520616802.160471 -159.106163 -44.620503 -2.647395 0.844447 -0.179864 0.403370 -0.303068
1520616802.210473 -159.826279 -45.308029 -2.542110 0.848298 -0.172190 0.404020 -0.295818
1520616802.260475 -160.649105 -45.762499 -2.205629 0.853710 -0.164914 0.402999 -0.285613
1520616802.310476 -161.331885 -46.215222 -1.630636 0.860417 -0.155540 0.397887 -0.277807
1520616802.360478 -162.118557 -46.283186 -1.020947 0.864813 -0.143080 0.398820 -0.269387
1520616802.410480 -162.243353 -46.517560 -0.058778 0.872705 -0.128049 0.387176 -0.268484
1520616802.460481 -162.516692 -46.795991 0.863063 0.878273 -0.115891 0.369711 -0.280214
1520616802.510608 -162.643041 -46.976428 1.837338 0.887711 -0.102504 0.348269 -0.283146
1520616802.560610 -162.948621 -47.293401 2.736809 0.898370 -0.085796 0.331132 -0.275541
1520616802.610611 -163.411873 -47.975994 3.306991 0.904889 -0.068069 0.320631 -0.271547
1520616802.660613 -164.076321 -48.710135 3.439269 0.908864 -0.052549 0.315239 -0.268010
1520616802.710615 -164.678171 -49.421217 3.803262 0.914232 -0.035920 0.307649 -0.261230
1520616802.760616 -165.134288 -49.418617 4.693673 0.925957 -0.025730 0.291378 -0.238833
1520616802.810618 -165.796459 -50.058825 5.090997 0.930526 -0.011227 0.281002 -0.234590
1520616802.860619 -166.693819 -50.489727 5.077567 0.932569 -0.001098 0.277431 -0.230969
1520616802.911119 -167.432853 -51.047934 5.463201 0.937322 0.009770 0.264216 -0.226983
1520616802.961120 -168.164099 -51.537083 5.937967 0.942773 0.018066 0.251289 -0.218419
1520616803.011122 -168.148864 -51.587191 6.934775 0.954753 0.027255 0.219533 -0.198770
1520616803.061124 -168.550351 -52.421396 7.325669 0.958396 0.040510 0.202686 -0.196860
1520616803.111126 -169.259248 -52.934645 7.801650 0.963246 0.047713 0.189067 -0.184756
1520616803.161127 -169.334339 -52.995708 8.797585 0.972845 0.048901 0.155667 -0.164159
1520616803.211128 -169.396285 -52.923008 9.792869 0.981164 0.041029 0.118914 -0.146605
1520616803.261130 -169.494816 -52.663284 10.753290 0.989363 0.031773 0.084510 -0.114055
1520616803.311526 -169.541098 -52.389169 11.714022 0.994729 0.025744 0.054736 -0.082803
1520616803.361527 -169.271079 -51.908988 12.546828 0.998988 0.013190 0.011950 -0.041300
1520616803.411528 -169.318502 -51.471488 13.445687 0.999795 -0.003011 -0.018960 -0.006499
1520616803.461529 -168.844526 -51.070524 14.225667 0.998355 -0.004345 -0.053168 0.020994
1520616803.511531 -168.413975 -50.827536 15.096133 0.995388 -0.007676 -0.086977 0.039745
1520616803.561533 -167.969061 -50.382018 15.873799 0.990725 -0.014155 -0.120877 0.060433
1520616803.611534 -167.560820 -50.112640 16.746854 0.985497 -0.013579 -0.151821 0.074574
1520616803.661536 -166.919611 -49.793304 17.442104 0.978446 -0.010390 -0.185763 0.089600
1520616803.710872 -166.014648 -49.829598 17.857818 0.968931 0.010063 -0.226095 0.099761
1520616803.760961 -165.630476 -49.487810 18.722670 0.961717 0.016774 -0.248963 0.113298
1520616803.810875 -165.321610 -48.945215 19.504827 0.951306 0.017299 -0.275495 0.137184
1520616803.860877 -164.971850 -48.472130 20.313168 0.940616 0.014738 -0.299701 0.158759
1520616803.910878 -165.348049 -48.835079 21.159739 0.937825 0.016862 -0.306869 0.161343
1520616803.960880 -164.808958 -48.246041 21.768780 0.920860 0.008105 -0.342428 0.186265
1520616804.010881 -165.289455 -48.469362 22.605950 0.915935 0.009121 -0.353596 0.189606
1520616804.060883 -165.619391 -48.659240 23.532308 0.908479 0.013401 -0.370213 0.193466
1520616804.110661 -166.155679 -48.507562 24.361264 0.910484 0.026142 -0.355557 0.209558
1520616804.160663 -166.672458 -48.612292 25.211010 0.907188 0.036162 -0.358002 0.218028
1520616804.210664 -166.942372 -48.876813 26.139196 0.898117 0.042159 -0.375413 0.225109
1520616804.260666 -167.264441 -48.984385 27.079375 0.892912 0.048573 -0.379116 0.237947
1520616804.310668 -167.598760 -49.070707 28.017616 0.888539 0.056253 -0.379573 0.251513
1520616804.360669 -167.850917 -49.367481 28.938862 0.876534 0.057948 -0.397848 0.264665
1520616804.410671 -168.197819 -49.430530 29.874211 0.870768 0.064887 -0.400326 0.278015
1520616804.460673 -168.482962 -49.730620 30.784330 0.860666 0.070359 -0.416551 0.284234
1520616804.510674 -168.697538 -50.009491 31.720779 0.850907 0.072598 -0.433101 0.288288
1520616804.560966 -168.894366 -50.178645 32.686800 0.834702 0.075658 -0.458632 0.295306
1520616804.610967 -169.178794 -49.977215 33.625293 0.827947 0.087133 -0.462868 0.304410
1520616804.660969 -169.365978 -49.821580 34.595594 0.823052 0.088862 -0.463259 0.316355
1520616804.710970 -169.478172 -49.683082 35.579903 0.817843 0.086135 -0.466354 0.325926
1520616804.760972 -169.670862 -49.790171 36.553228 0.812353 0.080498 -0.472668 0.331944
1520616804.810975 -169.750702 -49.809082 37.551100 0.807672 0.074040 -0.477201 0.338325
1520616804.860976 -170.257263 -50.591842 37.168027 0.785735 0.054201 -0.493413 0.369088
1520616804.910977 -170.716588 -51.367655 36.735508 0.764762 0.031867 -0.501973 0.402674
1520616804.961273 -170.798834 -50.900811 37.627782 0.765234 0.020927 -0.487880 0.419467
1520616805.011274 -171.372233 -51.714764 37.469990 0.745613 -0.001262 -0.495764 0.445283
1520616805.061275 -171.193785 -51.454102 38.433268 0.744075 -0.014739 -0.489702 0.454232
1520616805.111277 -170.750285 -50.620852 38.779370 0.733304 -0.028901 -0.483819 0.476812
1520616805.161279 -170.583360 -49.691254 39.111231 0.722397 -0.043682 -0.467364 0.507745
1520616805.211280 -169.875014 -49.026873 38.899517 0.710095 -0.061943 -0.462444 0.527327
1520616805.261281 -169.604688 -48.123252 38.553154 0.705482 -0.052647 -0.449182 0.545672
1520616805.311283 -168.982219 -47.741487 39.229193 0.707576 -0.065898 -0.425376 0.560401
1520616805.361481 -168.584195 -46.920794 38.800656 0.703340 -0.064953 -0.409245 0.577592
1520616805.411482 -167.834190 -46.269768 38.734116 0.701746 -0.073490 -0.389846 0.591753
1520616805.461484 -166.864612 -46.308654 38.955058 0.702852 -0.082476 -0.372909 0.600113
1520616805.511485 -166.047090 -46.862641 39.093587 0.704885 -0.093851 -0.357909 0.605170
1520616805.561487 -165.918417 -45.876227 39.261495 0.705866 -0.086803 -0.319705 0.626105
1520616805.611488 -165.030432 -46.308560 39.218543 0.705286 -0.093799 -0.303965 0.633544
1520616805.661490 -164.099584 -46.672097 39.186779 0.704319 -0.097152 -0.292423 0.639519
1520616805.711491 -163.104182 -46.746188 39.268042 0.703391 -0.089512 -0.278903 0.647643
1520616805.761116 -162.116965 -46.815330 39.412290 0.706563 -0.075500 -0.270716 0.649447
1520616805.811117 -161.163342 -47.109976 39.442783 0.711943 -0.057617 -0.277504 0.642503
1520616805.861119 -160.163260 -47.142615 39.432237 0.718665 -0.027607 -0.279557 0.636086
1520616805.911121 -159.173104 -47.240439 39.336747 0.725859 0.004453 -0.287193 0.625003
1520616805.961122 -158.277615 -47.350136 38.906452 0.727320 0.036665 -0.297826 0.617220
1520616806.011124 -157.475999 -47.225444 38.321859 0.724674 0.066888 -0.305959 0.613809
1520616806.061125 -156.701209 -47.232696 37.688925 0.724284 0.097224 -0.314933 0.605622
1520616806.111127 -155.901699 -46.928881 37.172486 0.721720 0.126694 -0.329285 0.595516
1520616806.160843 -156.052594 -45.998303 37.502836 0.723896 0.169042 -0.329501 0.582090
1520616806.210845 -156.145301 -44.999843 37.504472 0.723887 0.213554 -0.334393 0.564415
1520616806.260848 -156.243274 -44.059825 37.824443 0.723819 0.248112 -0.336815 0.548709
1520616806.310848 -156.010904 -43.149719 37.481323 0.715660 0.266916 -0.349324 0.542733
1520616806.360850 -155.866155 -42.173894 37.319514 0.704175 0.284181 -0.364818 0.538782
1520616806.410852 -155.893165 -41.390087 37.934054 0.694771 0.302434 -0.381568 0.529370
1520616806.460854 -155.825825 -40.407869 38.120808 0.678018 0.312712 -0.403641 0.528749
1520616806.510855 -155.377690 -39.533600 38.285424 0.659163 0.318792 -0.430403 0.527853
1520616806.560827 -155.763678 -39.101078 39.091584 0.649654 0.334037 -0.430668 0.529995
1520616806.610829 -156.013820 -38.609329 39.926064 0.639416 0.340045 -0.433657 0.536152
1520616806.660830 -155.862750 -37.952797 40.664252 0.619463 0.338885 -0.453068 0.544198
1520616806.710832 -155.853420 -37.472017 41.538982 0.613291 0.346712 -0.458535 0.541674
1520616806.760833 -155.518729 -37.118575 42.410165 0.602344 0.347588 -0.476690 0.537709
1520616806.810835 -155.134714 -36.816418 43.282007 0.591834 0.345503 -0.494312 0.534805
1520616806.860836 -155.033153 -35.860403 43.580939 0.565396 0.338009 -0.502375 0.560086
1520616806.910838 -154.702695 -34.999282 43.960324 0.541562 0.330480 -0.517395 0.574279
1520616806.960839 -154.148396 -35.009904 44.784908 0.565391 0.303273 -0.516818 0.566796
1520616807.011441 -153.903635 -34.406431 44.031662 0.529166 0.301190 -0.538005 0.582940
1520616807.061439 -153.610467 -33.858358 44.812647 0.532811 0.307103 -0.533962 0.580245
1520616807.111439 -153.501954 -33.123626 44.143517 0.509206 0.296156 -0.542501 0.598910
1520616807.161441 -153.362057 -32.679618 43.257342 0.482839 0.286302 -0.552797 0.615885
1520616807.211442 -153.143216 -32.002673 42.557032 0.459741 0.269795 -0.557439 0.636484
1520616807.261444 -152.972590 -31.197545 41.989045 0.439076 0.251505 -0.550620 0.663909
1520616807.311446 -152.721426 -30.567004 42.714969 0.446594 0.251006 -0.535298 0.671570
1520616807.361448 -152.648243 -29.832675 42.042412 0.426137 0.241073 -0.528718 0.693360
1520616807.413039 -151.862964 -29.252267 42.241646 0.424019 0.227810 -0.526174 0.701036
1520616807.463041 -151.397413 -28.365836 42.178004 0.417439 0.215031 -0.521959 0.712085
1520616807.513043 -151.002589 -27.882357 41.398777 0.401955 0.201143 -0.527345 0.721028
1520616807.563044 -150.862609 -27.383341 40.542369 0.384024 0.188361 -0.534890 0.728655
1520616807.613046 -150.593264 -26.571356 41.049759 0.386162 0.184918 -0.540605 0.724176
1520616807.663047 -150.304319 -25.689278 41.423724 0.383904 0.181625 -0.547392 0.721104
1520616807.713049 -149.986092 -24.886700 41.926271 0.379239 0.173927 -0.552898 0.721270
1520616807.763050 -149.599864 -23.977147 42.081454 0.374369 0.164637 -0.552110 0.726579
1520616807.811883 -149.331477 -23.037190 42.296434 0.369703 0.157861 -0.556735 0.726943
1520616807.861885 -149.308201 -22.043235 42.425496 0.362241 0.147021 -0.560633 0.729971
1520616807.911886 -149.069361 -21.112037 42.691188 0.364208 0.138924 -0.561730 0.729735
1520616807.961888 -148.636905 -20.212355 42.683126 0.356496 0.126886 -0.572899 0.727047
1520616808.011889 -148.332759 -19.263647 42.782866 0.350163 0.123677 -0.580010 0.725037
1520616808.061891 -147.779703 -18.439373 42.879926 0.340471 0.117264 -0.590339 0.722377
1520616808.111893 -147.172969 -17.701543 43.172278 0.334738 0.112034 -0.599363 0.718445
1520616808.161895 -146.500202 -16.972176 43.059123 0.324707 0.103479 -0.611960 0.713696
1520616808.211581 -145.879344 -16.192554 42.965655 0.317274 0.095043 -0.623941 0.707815
1520616808.261582 -145.378761 -15.328170 42.890120 0.312656 0.082415 -0.628642 0.707293
1520616808.311583 -144.998170 -15.283510 41.972569 0.298952 0.063360 -0.633867 0.710511
1520616808.361584 -144.537879 -14.581224 41.426372 0.294211 0.058446 -0.640660 0.706808
1520616808.411588 -144.002175 -13.750244 41.570491 0.298867 0.053675 -0.644130 0.702064
1520616808.461588 -143.525340 -12.931180 41.252395 0.284327 0.046822 -0.650916 0.702335
1520616808.511590 -142.733120 -12.418333 40.932924 0.269647 0.034526 -0.658102 0.702140
1520616808.561590 -142.174741 -11.722363 40.476328 0.253684 0.025868 -0.663188 0.703673
1520616808.612309 -141.852329 -10.948579 39.927267 0.235321 0.017691 -0.665450 0.708158
1520616808.662311 -141.280336 -10.354082 39.366493 0.216059 0.003258 -0.668036 0.712065
1520616808.712312 -140.483988 -10.171104 38.795245 0.194850 -0.013291 -0.671930 0.714399
1520616808.762314 -139.565259 -9.917519 38.487351 0.180153 -0.029864 -0.663756 0.725315
1520616808.812315 -139.035336 -9.397533 37.814923 0.160651 -0.041780 -0.653407 0.738583
1520616808.862317 -138.752901 -8.880484 37.005633 0.137528 -0.055367 -0.641292 0.752838
1520616808.912318 -138.394591 -8.623968 36.109532 0.115133 -0.074843 -0.632688 0.762134
1520616808.962320 -138.394922 -8.422693 35.128988 0.090649 -0.091555 -0.628274 0.767250
1520616809.012321 -138.003555 -8.413202 34.210001 0.071602 -0.109034 -0.627619 0.767515
1520616809.065271 -138.002800 -8.326905 33.213133 0.048892 -0.119248 -0.624061 0.770673
1520616809.115273 -137.861992 -8.529479 32.244479 0.030271 -0.124184 -0.623804 0.771058
1520616809.165274 -137.703438 -8.780425 31.289542 0.012408 -0.127138 -0.622272 0.772308
1520616809.215276 -137.644385 -9.042225 30.326371 -0.002591 -0.130169 -0.620085 0.773656
1520616809.265277 -137.536375 -9.303899 29.367194 -0.009946 -0.134933 -0.615899 0.776120
1520616809.315279 -137.159104 -9.556642 28.475536 -0.007935 -0.144505 -0.608241 0.780448
1520616809.365281 -136.820296 -9.898291 27.599436 -0.005205 -0.154123 -0.601216 0.784065
1520616809.415282 -136.518539 -10.209553 26.698407 -0.003100 -0.159021 -0.594732 0.788033
1520616809.468604 -136.202243 -10.527903 25.804749 -0.003042 -0.158355 -0.589686 0.791950
1520616809.518605 -136.135283 -10.698029 24.821730 -0.011190 -0.150263 -0.584246 0.797466
1520616809.568607 -135.926940 -11.026151 23.900478 -0.022980 -0.142712 -0.576298 0.804354
1520616809.618609 -135.939408 -11.328092 22.947645 -0.033527 -0.136354 -0.570196 0.809420
1520616809.668610 -136.073753 -11.735163 22.044239 -0.043055 -0.133361 -0.564927 0.813153
1520616809.718612 -135.787419 -12.150717 21.179861 -0.049505 -0.139291 -0.557706 0.816769
1520616809.768613 -135.592847 -12.678452 20.353795 -0.057411 -0.145484 -0.549294 0.820862
1520616809.818615 -135.078364 -13.087261 19.597855 -0.059599 -0.151451 -0.538494 0.826762
1520616809.869241 -134.737980 -13.399504 18.711410 -0.060023 -0.157926 -0.530125 0.830918
1520616809.919244 -134.440016 -13.807814 17.849140 -0.063032 -0.164805 -0.525238 0.832461
1520616809.969248 -134.220206 -14.307985 17.012216 -0.066792 -0.168057 -0.524715 0.831847
1520616810.019246 -133.931079 -14.836170 16.213515 -0.070708 -0.171967 -0.524672 0.830751
1520616810.069249 -133.912521 -15.324385 15.342251 -0.078062 -0.171472 -0.523837 0.830721
1520616810.119250 -134.008060 -16.057444 14.669269 -0.084267 -0.170102 -0.528680 0.827322
1520616810.169251 -134.048867 -16.671144 13.880896 -0.085571 -0.168690 -0.533814 0.824175
1520616810.219253 -133.801610 -17.194007 13.063800 -0.085119 -0.165787 -0.536908 0.822800
1520616810.269254 -133.435767 -17.694809 12.278589 -0.081096 -0.163543 -0.542801 0.819783
1520616810.319278 -133.224785 -18.193859 11.438991 -0.078091 -0.160532 -0.546316 0.818333
1520616810.369257 -132.900676 -18.763330 10.683185 -0.075854 -0.161986 -0.544792 0.819273
1520616810.419258 -133.016153 -19.522522 10.046907 -0.075542 -0.162354 -0.545203 0.818956
1520616810.469261 -132.904008 -20.047125 9.202562 -0.068236 -0.160198 -0.546075 0.819440
1520616810.519262 -132.592323 -20.388846 8.314868 -0.061222 -0.157305 -0.544783 0.821412
1520616810.569263 -132.566861 -20.896215 7.455122 -0.055838 -0.153117 -0.547335 0.820890
1520616810.619265 -132.521976 -21.267981 6.527860 -0.052619 -0.148740 -0.547545 0.821768
1520616810.669266 -132.809981 -21.660056 5.654740 -0.053800 -0.145140 -0.548988 0.821372
1520616810.719269 -132.370540 -22.166570 4.911341 -0.056555 -0.148872 -0.547144 0.821750
1520616810.769270 -132.272969 -22.409141 3.947155 -0.060998 -0.150021 -0.544775 0.822796
1520616810.819272 -132.018246 -22.849306 3.086319 -0.064086 -0.153943 -0.542507 0.823335
1520616810.869273 -132.253022 -23.369274 2.267336 -0.065325 -0.154347 -0.542387 0.823241
1520616810.919275 -131.789095 -23.659768 1.428957 -0.060552 -0.160297 -0.536715 0.826181
1520616810.969275 -131.298407 -23.934508 0.601918 -0.058117 -0.168450 -0.531207 0.828291
1520616811.019278 -130.945504 -24.257385 -0.275441 -0.056224 -0.172006 -0.524809 0.831762
1520616811.069280 -130.573682 -24.696549 -1.092695 -0.057768 -0.170250 -0.517436 0.836623
1520616811.119281 -130.267913 -24.928554 -2.016681 -0.059508 -0.162146 -0.510391 0.842418
1520616811.169283 -129.830793 -25.228615 -2.864379 -0.064216 -0.154030 -0.503856 0.847514
1520616811.219284 -129.755158 -25.309903 -3.858225 -0.073445 -0.135129 -0.491715 0.857066
1520616811.269285 -129.769353 -25.647246 -4.798815 -0.078378 -0.115812 -0.487791 0.861687
1520616811.319288 -129.848444 -25.996832 -5.732298 -0.084092 -0.098087 -0.481773 0.866720
1520616811.369288 -129.991055 -26.305291 -6.672717 -0.085188 -0.082186 -0.473888 0.872593
1520616811.419291 -129.972024 -26.332513 -7.672178 -0.077680 -0.064736 -0.462996 0.880574
1520616811.469292 -129.976787 -26.463885 -8.663251 -0.071306 -0.048407 -0.454524 0.886555
1520616811.519294 -130.185209 -26.615007 -9.629399 -0.066921 -0.028676 -0.449305 0.890407
1520616811.569294 -130.250733 -26.838869 -10.601926 -0.066641 -0.008267 -0.439743 0.895610
1520616811.619297 -130.334383 -26.893254 -11.596904 -0.064542 0.013736 -0.428920 0.900929
1520616811.669297 -130.791296 -27.165032 -12.443326 -0.065751 0.034474 -0.424234 0.902504
1520616811.719299 -131.341442 -27.222393 -13.275256 -0.065100 0.053503 -0.415881 0.905507
1520616811.769302 -131.716653 -27.465600 -14.170364 -0.067669 0.069920 -0.408612 0.907506
1520616811.819303 -131.562397 -27.622779 -15.146252 -0.068383 0.080485 -0.398234 0.911184
1520616811.869305 -131.842965 -27.475254 -16.093057 -0.070601 0.099837 -0.386157 0.914293
1520616811.918232 -131.772747 -27.360581 -17.083793 -0.068138 0.116230 -0.379707 0.915243
1520616811.968276 -131.920665 -27.298916 -18.070351 -0.066760 0.133995 -0.371974 0.916092
1520616812.018235 -131.758857 -27.331690 -19.057130 -0.064551 0.144507 -0.365642 0.917201
1520616812.068237 -132.290920 -27.332590 -19.899873 -0.064489 0.166350 -0.361266 0.915236
1520616812.118238 -131.855181 -27.153100 -20.780332 -0.053393 0.176417 -0.355302 0.916399
1520616812.168240 -131.191095 -27.083722 -21.524968 -0.042179 0.180135 -0.352975 0.917159
1520616812.218241 -131.613838 -26.898655 -22.404326 -0.041221 0.206719 -0.348431 0.913326
1520616812.268243 -131.501439 -27.233135 -23.340958 -0.045301 0.219747 -0.348456 0.910075
1520616812.317203 -131.585150 -27.511295 -24.296597 -0.050075 0.234465 -0.352784 0.904468
1520616812.367204 -131.880526 -27.310179 -25.227603 -0.050743 0.256000 -0.351649 0.899017
1520616812.417206 -131.794394 -27.486998 -26.209438 -0.054745 0.265153 -0.354837 0.894867
1520616812.467207 -132.222710 -27.635111 -27.096810 -0.057791 0.284754 -0.361006 0.886143
1520616812.517209 -132.351005 -27.959707 -28.036229 -0.059272 0.298104 -0.367903 0.878788
1520616812.567210 -132.719264 -28.282630 -28.906258 -0.055559 0.314589 -0.374528 0.870446
1520616812.617212 -132.690563 -29.092080 -29.495424 -0.058686 0.318468 -0.374074 0.869024
1520616812.667214 -133.566616 -29.039108 -29.947862 -0.048918 0.345080 -0.382017 0.855915
1520616812.715497 -134.057390 -29.107926 -30.819140 -0.040661 0.360473 -0.382073 0.849956
1520616812.765498 -134.887726 -29.099689 -31.371175 -0.036879 0.383614 -0.389510 0.836518
1520616812.815500 -135.778868 -28.893497 -31.770849 -0.035552 0.407891 -0.391075 0.824270
1520616812.865502 -136.659039 -28.729093 -32.218080 -0.035835 0.430843 -0.396845 0.809694
1520616812.915503 -137.484981 -28.403795 -32.676577 -0.035256 0.451045 -0.406760 0.793638
1520616812.965505 -138.222452 -28.245316 -33.336595 -0.037490 0.468480 -0.420972 0.775824
1520616813.015507 -138.748024 -28.328076 -34.187236 -0.041958 0.480765 -0.435372 0.759971
1520616813.065508 -139.638065 -28.182695 -34.608882 -0.051735 0.497875 -0.450024 0.739542
1520616813.112667 -140.504590 -27.856640 -34.982831 -0.060851 0.515778 -0.466896 0.715736
1520616813.162669 -141.377839 -27.454899 -35.256419 -0.068945 0.532566 -0.483772 0.691075
1520616813.212670 -142.182418 -27.183371 -35.788564 -0.075329 0.542615 -0.502175 0.669115
1520616813.262672 -142.886853 -27.414811 -36.467001 -0.084734 0.549339 -0.519250 0.649173
1520616813.312673 -143.670120 -26.825954 -36.623402 -0.087497 0.558004 -0.536971 0.626608
1520616813.362675 -144.528555 -26.341206 -36.800491 -0.092360 0.562863 -0.555169 0.605345
1520616813.412676 -145.285461 -25.861648 -37.244510 -0.094863 0.563113 -0.576020 0.584898
1520616813.462678 -145.815098 -25.028493 -37.387475 -0.097376 0.562397 -0.599254 0.561357
1520616813.511425 -146.118056 -24.080105 -37.468756 -0.097418 0.560408 -0.622720 0.537283
1520616813.561427 -146.823265 -23.496586 -37.881262 -0.097083 0.556585 -0.636643 0.524857
1520616813.611493 -147.497705 -23.357575 -38.612310 -0.092753 0.551704 -0.648074 0.516739
1520616813.661430 -148.060077 -23.295778 -39.438079 -0.093509 0.546954 -0.657066 0.510257
1520616813.711431 -148.926723 -23.112204 -39.900220 -0.098081 0.543940 -0.661860 0.506410
1520616813.761433 -149.787386 -22.665332 -40.135470 0.104408 -0.546387 0.664960 -0.498385
1520616813.811434 -150.042238 -22.513962 -41.092824 0.110118 -0.542879 0.671971 -0.491540
1520616813.861436 -150.934264 -22.298760 -41.492752 0.120881 -0.550902 0.668878 -0.484250
1520616813.911438 -151.355790 -21.923475 -42.314906 0.122843 -0.556818 0.668448 -0.477536
1520616813.961329 -152.075141 -21.353314 -42.714326 0.127095 -0.571639 0.660803 -0.469484
1520616814.011331 -152.253978 -21.359481 -43.704542 0.127909 -0.571644 0.659836 -0.470616
1520616814.061332 -152.886828 -20.638119 -43.986735 0.131273 -0.593949 0.646645 -0.460263
1520616814.111334 -153.656162 -20.008813 -44.112448 0.140822 -0.614415 0.630781 -0.452524
1520616814.161335 -153.930494 -19.657120 -45.008352 0.141338 -0.619849 0.626613 -0.450741
1520616814.211337 -154.531326 -18.861752 -44.881015 -0.144016 0.633506 -0.615621 0.446027
1520616814.261339 -155.136559 -18.124873 -44.577245 -0.146022 0.644551 -0.609533 0.437836
1520616814.311340 -155.967879 -17.603424 -44.370065 -0.150834 0.650556 -0.607087 0.430664
1520616814.361091 -156.121878 -16.628478 -44.246944 -0.149185 0.656021 -0.607469 0.422329
1520616814.411092 -156.437813 -15.766663 -44.636907 -0.139644 0.663025 -0.604453 0.418968
1520616814.461093 -156.672286 -14.793922 -44.569645 -0.124622 0.674452 -0.596747 0.416507
1520616814.511095 -156.570156 -13.989037 -43.983062 -0.112466 0.688277 -0.587650 0.410237
1520616814.561096 -156.916661 -13.275459 -43.367538 -0.100668 0.698295 -0.575710 0.413288
1520616814.611099 -156.647030 -12.500776 -42.801246 -0.086747 0.708661 -0.565516 0.412875
1520616814.661101 -156.454910 -11.690230 -42.247559 -0.071973 0.714470 -0.556753 0.417588
1520616814.711102 -156.347210 -11.017063 -41.514417 -0.057968 0.720141 -0.549051 0.420215
1520616814.760954 -156.059871 -10.154385 -41.106976 -0.043112 0.721934 -0.550016 0.417654
1520616814.810956 -155.620308 -9.302330 -40.828774 -0.026076 0.720447 -0.555641 0.414173
1520616814.860958 -155.729010 -8.670571 -40.052997 -0.015026 0.717893 -0.556868 0.417494
1520616814.910959 -155.995677 -8.180346 -39.221968 -0.002208 0.718383 -0.551902 0.423469
1520616814.960960 -155.959496 -7.530010 -38.466007 0.012047 0.719112 -0.550069 0.424449
1520616815.010962 -156.310391 -7.107581 -37.626814 0.018529 0.721912 -0.546560 0.423995
1520616815.060964 -156.552937 -6.553909 -36.831029 0.024908 0.725305 -0.545161 0.419656
1520616815.110965 -157.169742 -5.968706 -36.298033 0.030749 0.718634 -0.546160 0.429335
1520616815.160939 -157.642778 -5.224816 -35.829785 0.035310 0.710392 -0.549318 0.438574
1520616815.210940 -158.314388 -4.547875 -35.522374 0.038454 0.704579 -0.557401 0.437485
1520616815.261026 -158.825358 -3.804560 -35.093512 0.041150 0.698522 -0.575951 0.422675
1520616815.310943 -159.438866 -3.125055 -34.687592 0.047058 0.696020 -0.589155 0.407723
1520616815.360945 -160.015659 -2.325674 -34.525510 0.056862 0.690610 -0.602331 0.396261
1520616815.410946 -160.466409 -1.462253 -34.301685 0.070117 0.688277 -0.613564 0.380654
1520616815.460948 -161.037417 -0.675640 -34.059372 0.085655 0.688868 -0.620686 0.364518
1520616815.510950 -161.936869 -0.900797 -34.465417 0.076561 0.679763 -0.623981 0.377769
1520616815.560867 -162.518243 -0.101098 -34.347598 0.094838 0.683302 -0.630479 0.355810
1520616815.610870 -163.181927 0.644139 -34.426925 0.112631 0.687633 -0.630982 0.341081
1520616815.660871 -163.847639 1.390061 -34.386166 0.127705 0.699159 -0.625013 0.322841
1520616815.710872 -164.659356 1.874007 -34.723745 0.135837 0.705081 -0.618667 0.318842
1520616815.760874 -165.462134 2.140959 -35.261167 0.133279 0.709603 -0.615859 0.315307
1520616815.810875 -166.127004 2.490221 -35.919612 0.145964 0.713561 -0.613007 0.306183
1520616815.860878 -166.835877 2.751230 -36.576763 0.144022 0.718032 -0.612577 0.297383
1520616815.910879 -167.390266 3.231108 -37.252833 0.166474 0.729308 -0.603201 0.276667
1520616815.960881 -168.037094 3.792314 -37.770489 0.176582 0.730121 -0.604086 0.266124
1520616816.011795 -169.020549 3.895153 -37.624944 0.166936 0.748391 -0.588374 0.256631
1520616816.061797 -169.868157 3.475400 -37.311607 0.161796 0.780552 -0.541136 0.267829
1520616816.111799 -169.511866 2.622403 -36.918147 0.190099 0.786865 -0.531116 0.250243
1520616816.161800 -169.698693 3.571205 -37.129846 0.227057 0.788005 -0.519044 0.241011
1520616816.211802 -169.750569 4.389495 -37.701419 0.251666 0.784860 -0.512462 0.240919
1520616816.261803 -169.715772 5.376130 -37.869526 0.293203 0.787276 -0.490068 0.232514
1520616816.311805 -169.180059 4.878947 -37.193992 0.300290 0.808754 -0.456362 0.217892
1520616816.361807 -168.819970 4.336583 -36.435779 0.307159 0.825873 -0.424089 0.209131
1520616816.412321 -168.379458 4.332286 -37.331918 0.307143 0.833616 -0.412647 0.201171
1520616816.462323 -168.128331 5.277345 -37.091874 0.350166 0.830157 -0.392953 0.183878
1520616816.512324 -167.843976 6.222749 -36.939758 0.380810 0.822307 -0.387029 0.170305
1520616816.562325 -168.382921 6.994269 -36.577750 0.393509 0.820565 -0.379986 0.165636
1520616816.612327 -168.097269 7.611818 -35.843644 0.411536 0.816628 -0.374441 0.153461
1520616816.662329 -168.754313 8.325386 -35.567315 0.421568 0.812387 -0.373134 0.151918
1520616816.712330 -169.405606 8.991968 -35.935361 0.432292 0.807286 -0.371024 0.154127
1520616816.762332 -168.689783 9.552728 -35.500866 0.478127 0.791212 -0.361296 0.121833
1520616816.812090 -169.074403 10.354983 -35.021923 0.485304 0.790510 -0.355933 0.113516
1520616816.862092 -168.726024 10.502709 -34.092898 0.493472 0.793723 -0.344233 0.089400
1520616816.912197 -167.834351 10.811894 -33.777262 0.543902 0.767142 -0.338007 0.037615
1520616816.962095 -167.214049 11.000855 -33.011634 0.564088 0.760626 -0.321306 0.003913
1520616817.012096 -167.807051 11.733992 -33.386792 0.558816 0.760714 -0.329874 0.014850
1520616817.062098 -167.404512 11.800544 -32.457375 0.566179 0.763072 -0.309735 -0.035032
1520616817.112100 -167.831367 12.707174 -32.558675 0.562612 0.764623 -0.311545 -0.041932
1520616817.162101 -167.315313 12.872973 -31.702785 0.566097 0.763557 -0.297810 -0.088450
1520616817.212283 -166.743998 12.836958 -30.882619 0.575563 0.756523 -0.278514 -0.137222
1520616817.262284 -167.012935 13.804082 -30.872336 0.569946 0.757529 -0.285712 -0.140286
1520616817.312286 -166.480269 13.946333 -30.022290 0.572640 0.756008 -0.259205 -0.182613
1520616817.362287 -166.581043 14.937479 -29.949439 0.565389 0.760605 -0.259348 -0.185884
1520616817.412289 -166.145622 14.769068 -29.052193 0.565205 0.762823 -0.212317 -0.231443
1520616817.462291 -166.378809 15.660374 -28.665108 0.563027 0.769870 -0.198890 -0.225262
1520616817.512292 -166.325941 16.641139 -28.499076 0.556161 0.772694 -0.198916 -0.232511
1520616817.562294 -166.489888 17.608224 -28.296413 0.553335 0.776882 -0.197768 -0.226192
1520616817.613728 -166.765635 18.519467 -27.985617 0.550254 0.781262 -0.189484 -0.225711
1520616817.663729 -166.899373 19.398269 -27.526388 0.548528 0.781906 -0.171602 -0.241439
1520616817.713731 -166.863772 20.328494 -27.167120 0.542178 0.782535 -0.174367 -0.251551
1520616817.763733 -166.835986 21.242553 -26.761487 0.545238 0.775843 -0.175292 -0.264680
1520616817.813734 -166.732624 22.158303 -26.374482 0.547522 0.771401 -0.180831 -0.269184
1520616817.863736 -167.520870 22.083113 -26.985753 0.572674 0.746793 -0.157497 -0.299230
1520616817.913738 -167.063330 22.959409 -26.955081 0.579868 0.736805 -0.153420 -0.311984
1520616817.963739 -166.504609 23.748964 -26.695629 0.584197 0.733435 -0.143567 -0.316506
1520616818.014805 -165.880377 24.506127 -26.505227 0.589393 0.728823 -0.137389 -0.320245
1520616818.064807 -165.447500 25.234408 -25.968637 0.594612 0.726595 -0.119216 -0.322930
1520616818.114808 -164.806772 25.920348 -25.627826 0.596795 0.722340 -0.122028 -0.327369
1520616818.164809 -163.924175 25.756316 -25.168360 0.604336 0.712566 -0.113076 -0.337997
1520616818.214811 -163.135148 25.174684 -24.956316 0.612141 0.701911 -0.110890 -0.346853
1520616818.264813 -162.813008 24.401745 -24.417811 0.619195 0.693698 -0.111208 -0.350732
1520616818.314814 -162.776557 23.559654 -23.884789 0.629706 0.684424 -0.111980 -0.349992
1520616818.364816 -162.548561 22.630619 -23.583284 0.633867 0.678616 -0.111262 -0.353996
1520616818.414817 -162.478542 21.763652 -23.093620 0.637176 0.675344 -0.105919 -0.355948
1520616818.462631 -162.315631 20.860067 -22.694141 0.636765 0.674085 -0.101914 -0.360213
1520616818.512632 -162.434070 20.257175 -21.907455 0.634676 0.678730 -0.096936 -0.356533
1520616818.562634 -162.300987 19.832764 -21.009527 0.631957 0.682222 -0.107996 -0.351484
1520616818.612637 -161.753707 19.433897 -20.270051 0.618511 0.688456 -0.123087 -0.358221
1520616818.662637 -161.601544 18.664249 -19.655748 0.611400 0.690259 -0.125590 -0.366006
1520616818.712640 -161.674545 18.146751 -18.805137 0.615250 0.686233 -0.132190 -0.364799
1520616818.762640 -161.499711 17.715029 -17.917915 0.610918 0.688009 -0.140635 -0.365575
1520616818.812642 -161.570918 17.558084 -16.934748 0.605144 0.694790 -0.136329 -0.363980
1520616818.865568 -161.555994 17.303420 -15.966940 0.600025 0.700399 -0.132544 -0.363102
1520616818.915570 -161.710625 17.303236 -14.980101 0.596456 0.706868 -0.127908 -0.358075
1520616818.965571 -161.271217 17.397526 -14.084495 0.590856 0.709350 -0.126650 -0.362865
1520616819.015573 -160.719897 17.082177 -13.308073 0.582963 0.709323 -0.119619 -0.377765
1520616819.065575 -160.653351 17.070873 -12.313241 0.576697 0.714615 -0.110416 -0.380204
1520616819.115577 -160.726141 17.787019 -11.626904 0.567438 0.724543 -0.113842 -0.374289
1520616819.165578 -159.890041 17.531871 -11.114265 0.564607 0.718599 -0.106846 -0.391687
1520616819.215580 -159.567142 17.991986 -10.292073 0.555744 0.726120 -0.101779 -0.391841
1520616819.267743 -158.608291 17.994628 -9.984054 0.560389 0.716630 -0.102728 -0.402309
1520616819.317744 -157.625215 18.026756 -9.804371 0.571638 0.702265 -0.104879 -0.411162
1520616819.367746 -156.658894 18.272090 -9.760193 0.573967 0.697481 -0.111195 -0.414388
1520616819.417747 -155.669627 18.247863 -9.602647 0.578210 0.695156 -0.107206 -0.413447
1520616819.467749 -154.679551 18.158338 -9.488176 0.579699 0.697758 -0.103257 -0.407947
1520616819.517751 -153.690680 18.040814 -9.392717 0.580806 0.703219 -0.097307 -0.398344
1520616819.567753 -152.729328 17.834732 -9.590134 0.577720 0.706529 -0.092695 -0.398076
1520616819.617754 -152.187339 17.146367 -9.115858 0.586117 0.709200 -0.082300 -0.383052
1520616819.668343 -151.447319 16.490077 -9.301475 0.589410 0.706487 -0.081489 -0.383187
1520616819.718344 -150.964924 15.625567 -9.429930 0.595196 0.701726 -0.079571 -0.383394
1520616819.768346 -150.392756 15.063386 -8.836211 0.600556 0.703268 -0.085076 -0.370822
1520616819.818347 -149.960668 14.438121 -8.187677 0.606797 0.703215 -0.092306 -0.358838
1520616819.868349 -149.338677 13.672001 -8.396010 0.603133 0.701519 -0.096953 -0.367017
1520616819.918350 -148.542754 13.348390 -7.891368 0.600623 0.706947 -0.104933 -0.358423
1520616819.968352 -147.742767 13.006065 -8.402109 0.583120 0.709897 -0.111636 -0.378887
1520616820.018354 -146.776595 12.768252 -8.340887 0.575203 0.713791 -0.111277 -0.383746
1520616820.069561 -145.982292 12.183413 -8.173695 0.567264 0.718447 -0.105568 -0.388459
1520616820.119562 -145.223200 11.570293 -7.956793 0.559934 0.723406 -0.104043 -0.390297
1520616820.169564 -144.509428 11.057498 -7.483360 0.548061 0.733002 -0.111912 -0.387057
1520616820.219566 -143.954019 10.231258 -7.371784 0.538928 0.737998 -0.124282 -0.386613
1520616820.269567 -143.469511 9.467835 -7.810439 0.520330 0.740379 -0.133971 -0.403915
1520616820.319568 -144.145013 10.137994 -8.163671 0.510550 0.755871 -0.162352 -0.376352
1520616820.369570 -143.820639 9.189846 -8.155567 0.510100 0.759211 -0.169872 -0.366797
1520616820.419572 -143.727892 8.201942 -8.052481 0.518009 0.759674 -0.154609 -0.361467
1520616820.469573 -143.149252 7.382475 -8.092388 0.501697 0.772498 -0.182310 -0.343963
1520616820.517347 -142.933453 6.427981 -7.910867 0.509897 0.770225 -0.178859 -0.338774
1520616820.567348 -142.396240 5.672014 -7.531635 0.520255 0.765391 -0.189883 -0.327804
1520616820.617350 -141.958941 5.040086 -6.893738 0.543455 0.754575 -0.200102 -0.308598
1520616820.667352 -141.655128 4.668475 -6.017299 0.570851 0.740392 -0.207163 -0.288154
1520616820.717353 -140.974874 4.784774 -5.296330 0.595510 0.722461 -0.213125 -0.279275
1520616820.767355 -140.303992 5.425047 -4.939552 0.616233 0.703849 -0.223107 -0.274001
1520616820.817356 -139.628442 6.078455 -4.598247 0.641177 0.681985 -0.225776 -0.269840
1520616820.867358 -139.014124 6.864216 -4.563416 0.669742 0.655720 -0.228678 -0.263027
1520616820.919587 -138.290800 7.544666 -4.678046 0.696292 0.630018 -0.225985 -0.259200
1520616820.969589 -137.515814 8.166710 -4.789952 0.717391 0.609772 -0.217737 -0.257134
1520616821.019590 -137.255044 7.584249 -4.017931 0.764401 0.576127 -0.130843 -0.258166
1520616821.069592 -136.404312 8.078966 -4.062158 0.771289 0.568388 -0.110935 -0.264087
1520616821.119594 -135.581889 8.647046 -4.042931 0.780963 0.558985 -0.090908 -0.263380
1520616821.169595 -135.316867 7.952156 -3.368423 0.814200 0.515700 -0.006252 -0.266632
1520616821.219597 -134.423932 8.275961 -3.104072 0.816720 0.508497 0.027552 -0.271368
1520616821.269598 -133.578863 8.624600 -2.698761 0.813601 0.508006 0.058813 -0.276629
1520616821.317485 -132.755822 9.019414 -2.291920 0.801754 0.515249 0.092653 -0.288313
1520616821.367486 -132.041041 9.553236 -1.841109 0.781818 0.534647 0.121889 -0.296742
1520616821.417488 -131.414124 9.988441 -1.192680 0.757030 0.555222 0.156168 -0.306993
1520616821.467489 -130.917549 10.517903 -0.505514 0.723860 0.586809 0.185999 -0.311587
1520616821.517490 -130.407832 10.961530 0.231876 0.687599 0.617567 0.210877 -0.318354
1520616821.567492 -130.271574 11.452794 1.093700 0.654817 0.645893 0.235730 -0.313797
1520616821.617493 -129.757215 11.985892 1.760605 0.624714 0.675685 0.237967 -0.310732
1520616821.667495 -129.561968 11.096069 2.178060 0.599858 0.689246 0.260596 -0.311770
1520616821.713177 -129.387388 10.519290 2.975335 0.575069 0.705636 0.278132 -0.306620
1520616821.763179 -128.655269 9.825615 2.993212 0.554903 0.717584 0.292216 -0.302929
1520616821.813186 -128.623597 8.907660 3.374464 0.547653 0.725018 0.303126 -0.287297
1520616821.863182 -128.399518 8.002003 3.739652 0.542180 0.731636 0.309034 -0.274315
1520616821.913184 -128.196799 7.151053 4.224294 0.543899 0.736116 0.307911 -0.259803
1520616821.963185 -127.656485 6.398941 3.826977 0.549256 0.734782 0.301188 -0.260190
1520616822.013187 -127.586109 5.410289 3.738123 0.564433 0.725416 0.289907 -0.266724
1520616822.063188 -127.980469 4.598703 4.170248 0.587772 0.710397 0.271489 -0.275960
1520616822.111991 -128.301411 3.999120 4.906332 0.609904 0.691071 0.256377 -0.291048
1520616822.161992 -128.373551 3.220831 5.532888 0.634413 0.662518 0.247282 -0.312156
1520616822.211994 -128.370171 2.903253 6.480333 0.663579 0.626933 0.239642 -0.330438
1520616822.261996 -128.646860 2.233745 7.165526 0.674185 0.595643 0.256490 -0.353406
1520616822.311997 -128.245562 2.196903 8.074725 0.696578 0.561077 0.254554 -0.367659
1520616822.361999 -128.121172 1.229441 8.300311 0.718530 0.507645 0.273167 -0.389091
1520616822.412000 -127.416285 1.324121 8.984420 0.730519 0.476148 0.278416 -0.402629
1520616822.462002 -126.685736 1.375584 9.665059 0.736646 0.450322 0.287307 -0.414750
1520616822.511842 -127.179789 0.521681 9.697833 0.733921 0.400745 0.344079 -0.427052
1520616822.561844 -126.446842 0.506524 10.355902 0.729210 0.394101 0.355674 -0.431780
1520616822.611845 -125.760511 0.613602 11.073681 0.722287 0.400404 0.365629 -0.429294
1520616822.661847 -125.307820 0.437633 11.951207 0.710412 0.397071 0.395567 -0.425649
1520616822.711849 -124.714163 0.403591 12.752654 0.701289 0.409517 0.407017 -0.418122
1520616822.761850 -124.179817 1.240088 12.589530 0.676814 0.405434 0.456609 -0.411162
1520616822.811852 -123.543655 1.098812 13.353915 0.658726 0.422913 0.474260 -0.402867
1520616822.861854 -123.259011 0.817308 14.271966 0.642635 0.447947 0.491344 -0.380715
1520616822.911855 -123.627613 -0.084663 14.472149 0.616700 0.457501 0.524986 -0.367103
1520616822.961550 -124.005172 -0.985744 14.686972 0.589064 0.472341 0.556277 -0.347063
1520616823.011551 -124.527879 -1.835727 14.686185 0.564101 0.484554 0.580826 -0.331116
1520616823.061553 -124.967273 -2.696896 14.432836 0.542089 0.492851 0.604621 -0.312525
1520616823.111554 -125.200563 -3.668205 14.344895 0.525150 0.498935 0.623583 -0.293984
1520616823.161556 -125.738273 -4.443947 14.024878 0.510664 0.503278 0.642136 -0.271284
1520616823.211558 -126.039794 -5.091121 14.732271 0.501572 0.518872 0.650637 -0.236367
1520616823.261559 -126.678156 -5.846093 14.832608 0.487354 0.525342 0.666180 -0.206653
1520616823.311561 -127.112141 -6.741097 14.729064 0.470737 0.529640 0.680086 -0.188072
1520616823.361238 -127.685236 -7.536556 14.537941 0.456353 0.530436 0.692927 -0.173873
1520616823.411240 -128.119015 -8.411223 14.774832 0.446994 0.531556 0.699682 -0.167597
1520616823.461263 -128.472965 -9.343919 14.830084 0.439798 0.534763 0.701893 -0.167188
1520616823.511243 -128.832406 -10.246935 14.605309 0.430213 0.540699 0.703891 -0.164616
1520616823.561244 -129.171149 -11.179303 14.755136 0.421536 0.551599 0.701993 -0.158910
1520616823.611246 -129.416509 -12.134168 14.925816 0.412579 0.563597 0.698472 -0.155802
1520616823.661247 -129.874514 -12.978381 15.204156 0.410559 0.574071 0.691390 -0.154477
1520616823.711249 -130.416148 -13.767499 15.492670 0.414133 0.582054 0.684262 -0.146604
1520616823.761012 -130.917923 -14.565989 15.826371 0.417455 0.588706 0.678595 -0.136622
1520616823.811014 -131.395864 -15.310440 16.294409 0.417918 0.595925 0.674624 -0.122884
1520616823.861016 -131.751225 -16.187895 15.992328 0.422354 0.594744 0.675140 -0.109921
1520616823.911017 -132.468399 -16.846849 16.242143 0.432274 0.598249 0.668282 -0.092929
1520616823.961019 -132.640422 -17.820836 16.094091 0.438268 0.600144 0.663962 -0.083076
1520616824.011020 -133.409478 -18.250635 16.581078 0.458991 0.597304 0.654781 -0.061791
1520616824.061022 -133.908981 -19.076380 16.346056 0.485982 0.580487 0.650460 -0.061299
1520616824.111023 -134.766220 -19.361627 16.791004 0.521233 0.565185 0.637713 -0.046949
1520616824.161719 -135.373875 -20.119829 17.020036 0.550435 0.549743 0.626846 -0.043217
1520616824.211720 -136.252747 -20.574543 17.162574 0.589715 0.524268 0.613060 -0.039209
1520616824.261723 -137.027668 -21.174270 17.362180 0.622434 0.503228 0.598473 -0.034158
1520616824.311724 -137.198618 -21.918233 16.712942 0.631667 0.483403 0.604589 -0.042316
1520616824.361725 -138.098929 -22.341518 16.880447 0.663308 0.455494 0.592377 -0.040459
1520616824.411727 -138.950000 -22.796533 17.144296 0.694016 0.428764 0.576901 -0.041102
1520616824.461729 -139.468350 -23.389844 16.532057 0.701432 0.402926 0.585451 -0.053773
1520616824.511730 -140.355123 -23.795234 16.299632 0.716524 0.377069 0.583309 -0.064513
1520616824.561630 -141.199007 -24.335705 16.328060 0.729237 0.355572 0.579522 -0.077043
1520616824.611631 -142.087754 -24.672097 16.648178 0.740051 0.331841 0.579364 -0.080892
1520616824.661633 -143.034278 -24.882991 16.423555 0.747358 0.300285 0.586596 -0.084796
1520616824.711634 -143.695114 -25.636956 16.509345 0.750490 0.272312 0.595025 -0.092504
1520616824.761636 -144.410570 -26.272734 16.804752 0.752789 0.244276 0.602750 -0.101634
1520616824.811637 -145.359006 -26.547486 16.676217 0.753065 0.215538 0.612115 -0.108404
1520616824.861639 -146.030223 -27.180188 17.079920 0.750457 0.197076 0.618750 -0.122978
1520616824.911641 -146.325856 -27.596510 17.938287 0.751352 0.187453 0.618478 -0.133482
1520616824.961118 -146.743377 -28.149619 18.659963 0.748576 0.181728 0.619837 -0.149702
1520616825.011120 -147.349284 -28.619231 19.301021 0.741830 0.177429 0.627641 -0.155802
1520616825.061121 -148.294063 -28.801428 19.557467 0.729619 0.173811 0.643015 -0.154846
1520616825.111161 -148.360012 -29.466574 20.304019 0.720816 0.178725 0.651230 -0.156145
1520616825.161124 -148.574690 -29.813120 21.216174 0.719878 0.190408 0.650001 -0.151721
1520616825.211126 -149.435585 -30.147895 21.587723 0.701087 0.198401 0.668734 -0.148014
1520616825.261127 -149.968302 -30.281489 22.423114 0.689681 0.209402 0.678405 -0.142332
1520616825.311129 -150.932256 -30.500825 22.514653 0.668062 0.223732 0.696880 -0.134148
1520616825.361130 -151.896198 -30.640608 22.748974 0.650885 0.237871 0.710960 -0.119592
1520616825.410991 -152.867003 -30.872990 22.761758 0.630579 0.252623 0.726271 -0.105269
1520616825.460993 -153.856699 -31.007408 22.712755 0.611100 0.267884 0.739821 -0.086368
1520616825.510994 -154.381691 -31.203573 23.542239 0.602357 0.286314 0.741646 -0.071772
1520616825.560996 -155.098520 -31.132200 24.236372 0.607447 0.298806 0.734475 -0.047635
1520616825.610997 -156.078894 -31.033947 24.111643 0.590308 0.311460 0.744206 -0.026211
1520616825.660999 -156.832146 -31.450329 23.608487 0.570923 0.324518 0.754057 -0.011550
1520616825.711000 -157.593657 -31.843365 23.092993 0.552303 0.336279 0.762800 0.003830
1520616825.761002 -158.224536 -32.612892 22.952573 0.536893 0.347234 0.768757 0.013695
1520616825.811156 -159.197725 -32.593513 22.706427 0.532770 0.346610 0.771497 0.028456
1520616825.861158 -160.152695 -32.821621 22.914568 0.533247 0.350260 0.768793 0.043858
1520616825.911160 -161.060997 -33.132995 22.652972 0.533231 0.349683 0.768061 0.058896
1520616825.961161 -161.934953 -33.580105 22.864433 0.546510 0.348298 0.757595 0.077877
1520616826.011163 -162.370831 -34.146948 22.172511 0.549155 0.340571 0.757853 0.089999
1520616826.061165 -162.477350 -35.058490 21.761771 0.548906 0.340168 0.757269 0.097630
1520616826.111166 -162.853677 -35.606199 21.019805 0.551528 0.330811 0.757230 0.113943
1520616826.161168 -162.964371 -36.263040 20.270896 0.553626 0.319631 0.759030 0.123317
1520616826.211902 -163.097675 -36.966280 19.571965 0.558121 0.310075 0.757342 0.137065
1520616826.261903 -163.390722 -37.678501 18.934606 0.565411 0.299787 0.753429 0.150941
1520616826.311904 -163.524604 -38.441168 18.299586 0.566404 0.295007 0.752004 0.163236
1520616826.361906 -163.693704 -39.263986 17.755615 0.570838 0.289209 0.747578 0.177849
1520616826.411908 -163.711341 -40.153703 17.295567 0.567127 0.294440 0.746280 0.186383
1520616826.461909 -163.871490 -41.006160 16.800464 0.573957 0.286560 0.741557 0.196340
1520616826.511910 -163.937323 -41.757169 16.144446 0.579636 0.271931 0.740205 0.205358
1520616826.561913 -164.179526 -42.576952 15.624040 0.581300 0.273118 0.737357 0.209289
1520616826.612506 -164.371917 -43.333181 14.999809 0.588665 0.256737 0.735678 0.215262
1520616826.662507 -164.726812 -44.172470 14.583439 0.597664 0.242408 0.732262 0.218696
1520616826.712509 -165.698135 -43.897461 14.519880 0.615875 0.214503 0.718470 0.241839
1520616826.762565 -165.885682 -44.795189 14.104483 0.613893 0.215186 0.718683 0.245612
1520616826.812512 -166.106271 -45.597775 13.553263 0.616159 0.204281 0.718546 0.249618
1520616826.862513 -166.320257 -46.322490 12.899559 0.620377 0.189858 0.718127 0.251753
1520616826.912515 -166.611028 -47.094207 12.332519 0.624594 0.182011 0.716972 0.250412
1520616826.962517 -167.616499 -47.112151 12.257739 0.655144 0.160852 0.686313 0.271823
1520616827.011626 -168.602527 -47.236222 12.162215 0.687968 0.150255 0.649082 0.287778
1520616827.061629 -168.955511 -47.901024 11.500852 0.691907 0.139548 0.647207 0.287949
1520616827.111630 -169.165728 -48.610703 10.826616 0.690462 0.128394 0.651406 0.287137
1520616827.161632 -169.626121 -49.314532 10.285554 0.695509 0.118010 0.650787 0.280744
1520616827.211632 -170.220881 -49.776198 9.630511 0.704043 0.097400 0.647071 0.275928
1520616827.261635 -170.465498 -50.414488 8.896283 0.705220 0.080270 0.649118 0.273618
1520616827.311635 -170.947024 -50.873765 8.152566 0.714300 0.057187 0.643588 0.268885
1520616827.361637 -171.415091 -51.392900 7.436157 0.719820 0.041520 0.640514 0.264343
1520616827.411665 -171.859874 -51.956407 6.738888 0.723402 0.027994 0.640225 0.256941
1520616827.461434 -172.386637 -52.387247 6.007620 0.726242 0.013032 0.640854 0.248413
1520616827.511436 -172.830089 -52.963842 5.318710 0.729368 -0.000298 0.641683 0.237203
1520616827.561438 -173.347908 -53.409492 4.589969 0.732315 -0.012361 0.640597 0.230646
1520616827.611439 -174.189135 -52.878639 4.426486 0.747259 -0.040122 0.623959 0.225099
1520616827.661441 -174.718287 -53.346038 3.712158 0.746541 -0.052267 0.627925 0.213671
1520616827.711442 -175.280522 -53.582673 2.921582 0.746606 -0.068564 0.630121 0.202053
1520616827.761444 -175.530541 -53.235971 2.014246 0.739087 -0.094847 0.636519 0.198992
1520616827.811446 -176.214817 -52.517180 1.864918 0.747251 -0.118994 0.628391 0.180502
1520616827.861901 -176.851925 -51.747000 1.817265 0.753749 -0.142782 0.621018 0.160658
1520616827.911903 -177.547138 -51.051600 1.646319 0.760168 -0.163941 0.612444 0.142056
1520616827.961905 -178.246215 -50.337627 1.709819 0.767059 -0.182729 0.601679 0.127331
1520616828.011906 -178.852302 -49.580575 1.959506 0.775148 -0.204418 0.586976 0.113218
1520616828.061907 -179.591859 -48.944903 2.172701 0.782742 -0.225119 0.571348 0.100985
1520616828.111909 -180.068673 -48.320948 1.554429 0.775241 -0.238701 0.575973 0.101387
1520616828.161910 -180.609882 -47.656997 2.087132 0.782378 -0.252357 0.562458 0.088553
1520616828.211912 -181.125041 -46.842436 2.350048 0.787930 -0.262780 0.551750 0.075394
1520616828.261741 -181.791226 -46.106940 2.450582 0.792595 -0.271916 0.542253 0.061785
1520616828.311743 -182.386422 -45.466467 2.941237 0.797638 -0.277858 0.533112 0.048577
1520616828.361744 -182.852292 -44.826194 3.553271 0.800785 -0.290189 0.522550 0.038395
1520616828.411819 -183.524839 -44.355944 2.994583 0.795561 -0.297884 0.526250 0.037539
1520616828.461746 -184.312288 -44.167452 2.407620 0.790418 -0.301379 0.532157 0.034912
1520616828.511749 -185.080943 -43.599952 2.733928 0.791686 -0.312692 0.524104 0.027790
1520616828.561750 -185.938207 -43.201327 3.058369 0.793870 -0.319797 0.517074 0.011596
1520616828.611752 -186.868941 -43.012356 3.371596 0.794665 -0.322647 0.514186 -0.004442
1520616828.661351 -187.617727 -42.389843 3.601894 0.793720 -0.324857 0.514101 -0.013292
1520616828.711352 -188.608446 -42.304928 3.505203 0.791049 -0.324357 0.518251 -0.021205
1520616828.761354 -189.479628 -41.821563 3.614232 0.789038 -0.320625 0.523482 -0.024168
1520616828.811356 -190.448429 -41.710632 3.846691 0.785224 -0.324808 0.526496 -0.026922
1520616828.861357 -191.015557 -41.019525 4.304894 0.779834 -0.336799 0.527286 -0.019879
1520616828.911358 -191.936585 -41.052951 4.700280 0.774386 -0.342032 0.532015 -0.017349
1520616828.961360 -192.614751 -41.466422 5.310941 0.769479 -0.346361 0.536350 -0.016254
1520616829.011361 -193.448838 -41.511260 5.858678 0.761525 -0.350582 0.545062 -0.008907
1520616829.061175 -194.124758 -41.563000 6.594969 0.753796 -0.351594 0.555127 0.002640
1520616829.111176 -194.520679 -41.983695 7.409675 0.746899 -0.351710 0.564296 0.003431
1520616829.161178 -195.302540 -42.041926 8.029281 0.735893 -0.349478 0.579911 0.005459
1520616829.211180 -195.390305 -42.545848 8.881153 0.731149 -0.340976 0.590847 0.007528
1520616829.261180 -196.184567 -42.453209 9.481653 0.718374 -0.337552 0.608199 0.009613
1520616829.311183 -197.142318 -42.200609 9.575842 0.705497 -0.333660 0.625145 0.011790
1520616829.361185 -197.835081 -42.519762 10.227777 0.696187 -0.333593 0.635537 0.011452
1520616829.411186 -198.230929 -42.888628 11.066216 0.692234 -0.331665 0.640780 0.014516
1520616829.461228 -199.187368 -43.134688 11.188723 0.673290 -0.331291 0.660865 0.013566
1520616829.511229 -200.120005 -43.407971 11.429770 0.657364 -0.327097 0.678660 0.017320
1520616829.561231 -200.580596 -42.961925 10.666167 0.635964 -0.318240 0.701803 0.041780
1520616829.611233 -201.334700 -43.080798 11.330619 0.635914 -0.307841 0.705620 0.054290
1520616829.661234 -202.032018 -43.337556 11.999365 0.632981 -0.297224 0.711656 0.067370
1520616829.711236 -202.775992 -43.384332 12.666577 0.634963 -0.286089 0.712749 0.083445
1520616829.761237 -203.564340 -43.533769 13.263104 0.634491 -0.272024 0.716907 0.097303
1520616829.811238 -204.336876 -43.059632 13.688075 0.631145 -0.255053 0.721670 0.125684
1520616829.861240 -205.269455 -42.728204 13.588512 0.614712 -0.232325 0.739734 0.144737
1520616829.912133 -205.971870 -42.019662 13.706955 0.609106 -0.210295 0.743678 0.178068
1520616829.962134 -206.796094 -41.626903 14.117778 0.610412 -0.187326 0.742779 0.201459
1520616830.012136 -207.313064 -40.769021 14.157758 0.602966 -0.168034 0.744658 0.231690
1520616830.062226 -208.254192 -40.540028 13.926260 0.590873 -0.145621 0.756828 0.238486
1520616830.112139 -209.084135 -39.974245 13.940148 0.590655 -0.125930 0.755413 0.254205
1520616830.162140 -209.645522 -39.143563 13.912122 0.586933 -0.106124 0.752979 0.277974
1520616830.212142 -210.333799 -38.727291 13.327887 0.580116 -0.077141 0.752236 0.302747
1520616830.262144 -211.082262 -38.474587 12.715645 0.574431 -0.049238 0.750654 0.322681
1520616830.313514 -211.828624 -38.048577 12.200902 0.570728 -0.031030 0.747652 0.338117
1520616830.363516 -212.647268 -38.238271 11.659461 0.570014 -0.011368 0.745362 0.345529
1520616830.413517 -213.525440 -38.282786 11.181878 0.573218 -0.000145 0.740339 0.351167
1520616830.463519 -214.341901 -38.333222 10.607989 0.576903 0.003895 0.736904 0.352335
1520616830.513520 -215.117438 -38.141453 10.005351 0.579171 -0.004015 0.736068 0.350354
1520616830.563522 -215.714081 -38.250275 9.210606 0.575188 -0.014035 0.741957 0.344182
1520616830.613523 -216.260560 -38.656307 8.475663 0.569977 -0.022343 0.751195 0.332165
1520616830.663525 -216.867481 -39.021743 7.769770 0.567569 -0.035415 0.761000 0.312233
1520616830.714658 -217.362371 -39.269534 6.937720 0.564776 -0.052105 0.772078 0.286720
1520616830.764659 -218.179246 -38.680533 6.858449 0.577643 -0.082583 0.764767 0.273205
1520616830.814661 -218.963325 -38.393889 6.317264 0.577797 -0.103475 0.769937 0.250282
1520616830.864662 -219.937771 -38.212367 6.162843 0.581843 -0.118768 0.771221 0.229282
1520616830.914664 -220.682212 -38.038516 5.523252 0.564283 -0.136061 0.786865 0.209559
1520616830.964665 -221.602305 -37.762949 5.831251 0.557609 -0.156835 0.792754 0.189779
1520616831.014668 -222.516012 -37.707320 6.233849 0.549311 -0.171328 0.799312 0.173218
1520616831.064669 -223.408372 -37.578845 6.667841 0.540834 -0.184946 0.805208 0.157901
1520616831.116020 -224.354369 -37.482218 6.975245 0.527587 -0.197358 0.813498 0.144647
1520616831.166022 -225.242349 -37.339379 7.414384 0.514788 -0.210491 0.820026 0.135072
1520616831.216024 -226.045665 -37.359163 8.009031 0.504909 -0.222813 0.824335 0.126068
1520616831.266025 -226.978057 -37.295590 8.363202 0.489336 -0.232670 0.831265 0.124152
1520616831.316026 -227.938651 -37.324577 8.638554 0.473387 -0.240491 0.838068 0.125339
1520616831.366029 -228.879673 -37.469792 8.944636 0.457015 -0.245118 0.844741 0.132165
1520616831.416030 -229.819200 -37.536031 9.281670 0.438820 -0.246325 0.851452 0.147615
1520616831.466031 -230.717242 -37.543966 9.722224 0.423856 -0.245808 0.855559 0.167163
1520616831.515219 -231.571141 -37.548652 10.242312 0.413551 -0.241421 0.858535 0.183327
1520616831.565220 -231.579580 -36.720466 9.675863 0.350872 -0.236168 0.872189 0.245762
1520616831.615222 -232.446526 -36.542361 10.156329 0.337994 -0.230160 0.874650 0.260335
1520616831.665223 -232.286103 -36.001013 9.330264 0.286698 -0.223282 0.882594 0.298290
1520616831.715225 -232.022064 -35.679772 8.420645 0.235391 -0.221612 0.888954 0.324409
1520616831.765226 -232.943539 -35.338982 8.659229 0.226139 -0.222525 0.887554 0.334052
1520616831.815228 -232.589790 -34.870575 7.845616 0.170428 -0.226121 0.888273 0.361655
1520616831.865230 -233.316633 -34.724039 8.517534 0.176935 -0.240883 0.884181 0.359016
1520616831.912728 -233.166479 -34.303300 7.632728 0.129779 -0.237493 0.885494 0.377696
1520616831.962729 -232.779054 -33.775124 6.875267 0.083497 -0.229119 0.878656 0.410483
1520616832.012731 -233.522666 -33.103618 6.953911 0.068663 -0.230584 0.873921 0.422350
1520616832.062733 -234.162643 -32.334535 6.962708 0.048926 -0.233457 0.866314 0.438867
1520616832.112734 -234.982762 -31.838281 6.690636 0.046348 -0.215074 0.866152 0.448749
1520616832.162736 -235.679882 -31.138382 6.865885 0.030428 -0.216148 0.854989 0.470477
1520616832.212737 -236.239096 -30.378335 6.543800 0.019919 -0.203889 0.847011 0.490516
1520616832.262738 -236.730784 -29.518580 6.393323 -0.001691 -0.193953 0.837576 0.510730
1520616832.312741 -237.202978 -28.636664 6.415775 -0.004281 -0.193454 0.829577 0.523792
1520616832.361882 -237.770968 -27.817544 6.356840 -0.016991 -0.180675 0.819559 0.543499
1520616832.411884 -238.277699 -26.959961 6.452646 -0.026967 -0.171425 0.809464 0.560940
1520616832.461885 -238.707134 -26.057723 6.414296 -0.037356 -0.161300 0.797544 0.580095
1520616832.511887 -239.187343 -25.192548 6.553994 -0.046784 -0.152625 0.785928 0.597356
1520616832.561889 -239.675001 -24.327852 6.670213 -0.054546 -0.142631 0.772369 0.616544
1520616832.611890 -240.118272 -24.768765 7.435581 -0.088273 -0.122013 0.745014 0.649826
1520616832.661892 -240.472602 -23.831120 7.375511 -0.090609 -0.115518 0.725827 0.672028
1520616832.711894 -241.074543 -23.890200 8.155066 -0.127141 -0.093170 0.684615 0.711658
1520616832.761739 -241.118130 -22.920056 7.917455 -0.128124 -0.091456 0.660775 0.733892
1520616832.811741 -240.976959 -21.996509 7.560362 -0.133102 -0.091106 0.639806 0.751420
1520616832.861742 -241.009605 -21.004118 7.451304 -0.132155 -0.091114 0.620834 0.767332
1520616832.911744 -240.388399 -20.777056 6.703504 -0.146561 -0.082215 0.596926 0.784500
1520616832.961745 -240.907084 -20.728394 7.535241 -0.160873 -0.073391 0.567380 0.804247
1520616833.011746 -241.482994 -20.166848 8.132163 -0.171250 -0.063175 0.527814 0.829515
1520616833.061749 -240.984660 -20.173670 7.283011 -0.173832 -0.059715 0.511162 0.839601
1520616833.111750 -240.506942 -20.393976 6.432122 -0.178901 -0.058247 0.496782 0.847236
1520616833.161661 -240.172001 -20.602192 5.512878 -0.188141 -0.053642 0.482282 0.853891
1520616833.211663 -239.535194 -20.504678 4.749983 -0.196114 -0.060848 0.468810 0.859101
1520616833.261665 -239.384728 -20.747850 3.791422 -0.194104 -0.056573 0.461415 0.863840
1520616833.311669 -239.030875 -20.839727 2.861559 -0.183296 -0.054106 0.456881 0.868755
1520616833.361667 -239.487868 -21.239954 2.066874 -0.171453 -0.052561 0.444811 0.877488
1520616833.411669 -239.242572 -21.185251 1.103125 -0.158644 -0.049256 0.437798 0.883594
1520616833.461671 -239.145047 -21.414929 0.135041 -0.153407 -0.047889 0.430430 0.888202
1520616833.511672 -238.391547 -21.642071 -0.476717 -0.157167 -0.058706 0.422885 0.890517
1520616833.561608 -237.712877 -22.114687 -1.041049 -0.166584 -0.074038 0.419012 0.889492
1520616833.611609 -237.666116 -22.205951 -2.035005 -0.166485 -0.087321 0.414712 0.890321
1520616833.661611 -238.101344 -22.536171 -2.872896 -0.164112 -0.095188 0.417896 0.888464
1520616833.711612 -238.733775 -22.985636 -3.503938 -0.162416 -0.099887 0.424845 0.884958
1520616833.761614 -237.942349 -23.094741 -4.084993 -0.164407 -0.134386 0.444090 0.870457
1520616833.811615 -238.155520 -23.656639 -4.886373 -0.163527 -0.142168 0.457722 0.862286
1520616833.861617 -238.514933 -24.493015 -5.298094 -0.169961 -0.141995 0.476991 0.850547
1520616833.911619 -237.668441 -24.517225 -5.803863 -0.171670 -0.167915 0.505742 0.828589
1520616833.961606 -236.929259 -24.633574 -6.468555 -0.170141 -0.192573 0.542076 0.800076
1520616834.011608 -236.041486 -24.322078 -6.800076 -0.173386 -0.216429 0.570157 0.773316
1520616834.061609 -235.204834 -24.209067 -7.338582 -0.175126 -0.234051 0.607656 0.738447
1520616834.111611 -234.333611 -23.916978 -7.731823 -0.187279 -0.250085 0.634740 0.706746
1520616834.161612 -233.508010 -23.513281 -8.124408 -0.205524 -0.260557 0.658273 0.675682
1520616834.211614 -232.629946 -23.313454 -8.563533 -0.229183 -0.262017 0.681117 0.644129
1520616834.261616 -232.021471 -22.525610 -8.619985 -0.246647 -0.271189 0.704417 0.607798
1520616834.311617 -231.450443 -22.314341 -9.411039 -0.269489 -0.266244 0.721573 0.579502
1520616834.361658 -230.881870 -22.073964 -10.197449 -0.295850 -0.257414 0.735142 0.552971
1520616834.411659 -230.668836 -21.847061 -11.148147 -0.319784 -0.245799 0.749159 0.525435
1520616834.461659 -230.731705 -21.122672 -11.840894 -0.326405 -0.248473 0.762115 0.500901
1520616834.511661 -230.326382 -20.782305 -12.687303 -0.355841 -0.246525 0.760517 0.483959
1520616834.561664 -230.577199 -20.262529 -13.508808 -0.362975 -0.246736 0.764988 0.471343
1520616834.611665 -230.830640 -19.782000 -14.348249 -0.375855 -0.247680 0.765706 0.459437
1520616834.661667 -230.990765 -19.172300 -15.125771 -0.394195 -0.255534 0.761071 0.447307
1520616834.711668 -231.172450 -18.626220 -15.943362 -0.415933 -0.259847 0.755629 0.434170
1520616834.761669 -231.434130 -18.003521 -16.683083 -0.445153 -0.272865 0.737810 0.427809
1520616834.811500 -231.532067 -17.547689 -17.565457 -0.468524 -0.270562 0.732226 0.413675
1520616834.861501 -232.340539 -17.443837 -17.009196 -0.520897 -0.268276 0.702168 0.404543
1520616834.911502 -232.867613 -16.990194 -17.722645 -0.541678 -0.267628 0.686347 0.404830
1520616834.961505 -233.763063 -16.600711 -17.935773 -0.578032 -0.265065 0.653890 0.409936
1520616835.011506 -232.937901 -17.071225 -17.585360 -0.607924 -0.259069 0.623950 0.417131
1520616835.061507 -233.284053 -17.854411 -18.129353 0.622555 0.160159 -0.606507 -0.467893
1520616835.111509 -232.456856 -18.310227 -17.809163 0.660874 0.158474 -0.557616 -0.476651
1520616835.161510 -232.063425 -19.110505 -18.278002 0.683613 0.143857 -0.538570 -0.471084
1520616835.212775 -231.139036 -19.465350 -18.178406 0.708579 0.148557 -0.519229 -0.454145
1520616835.262777 -230.165477 -19.623675 -18.323129 0.728366 0.164910 -0.495383 -0.443715
1520616835.312778 -229.387602 -19.968721 -17.791864 0.752289 0.180256 -0.448752 -0.447427
1520616835.362780 -228.771487 -20.299780 -17.077759 0.775943 0.194438 -0.404989 -0.442821
1520616835.412781 -228.375729 -20.370588 -17.997708 0.771161 0.207673 -0.386062 -0.461670
1520616835.462783 -227.983254 -20.813040 -17.186910 0.789195 0.222626 -0.338637 -0.461447
1520616835.512785 -227.219325 -21.460425 -17.217590 0.798982 0.236042 -0.300943 -0.464053
1520616835.562786 -226.360957 -21.867735 -16.914692 0.807201 0.259168 -0.258022 -0.463340
1520616835.613474 -225.930219 -22.628014 -16.424173 0.814220 0.273492 -0.215500 -0.464551
1520616835.663475 -225.036217 -22.943704 -16.729618 0.810616 0.287822 -0.191938 -0.472461
1520616835.713476 -224.076841 -23.187928 -16.862955 0.806342 0.304518 -0.168906 -0.478072
1520616835.763479 -223.106564 -23.429259 -16.865697 0.802566 0.322852 -0.143631 -0.480650
1520616835.813479 -222.241751 -23.803008 -16.527376 0.799186 0.342775 -0.112992 -0.480666
1520616835.863482 -221.247537 -23.850330 -16.597271 0.788584 0.365106 -0.083445 -0.487719
1520616835.913484 -220.312433 -23.568586 -16.810038 0.774765 0.385043 -0.059200 -0.497972
1520616835.963485 -219.336230 -23.755406 -16.678112 -0.767715 -0.394855 0.032628 0.503625
1520616836.012620 -219.099470 -24.423791 -15.975345 -0.759384 -0.406167 -0.023667 0.507743
1520616836.062621 -218.508717 -25.105025 -15.538444 -0.747216 -0.411180 -0.065245 0.518017
1520616836.112623 -218.006905 -25.892035 -15.177512 -0.735630 -0.410541 -0.100918 0.529264
1520616836.162625 -217.382028 -26.526464 -14.726540 -0.721399 -0.415464 -0.132034 0.538090
1520616836.212626 -217.367788 -27.248711 -14.041213 -0.701705 -0.427159 -0.175864 0.542418
1520616836.262627 -217.396047 -28.201754 -13.732438 -0.683676 -0.432019 -0.203463 0.551860
1520616836.312629 -217.443413 -29.010513 -13.149092 -0.666911 -0.438365 -0.236857 0.554044
1520616836.362630 -217.390829 -30.013299 -13.167504 -0.654039 -0.437738 -0.248441 0.564709
1520616836.412460 -217.101883 -30.954997 -13.353957 -0.638739 -0.435557 -0.260336 0.578384
1520616836.462462 -216.702663 -31.823363 -13.652398 -0.623932 -0.436850 -0.270840 0.588657
1520616836.512463 -216.408428 -32.557244 -14.268365 -0.612348 -0.435962 -0.279561 0.597338
1520616836.562465 -215.827439 -32.658980 -13.475814 -0.600977 -0.446014 -0.288263 0.597330
1520616836.612475 -215.358393 -33.530232 -13.658902 -0.587870 -0.444380 -0.307124 0.602171
1520616836.662468 -214.901721 -34.411196 -13.776306 -0.576706 -0.439070 -0.323942 0.608021
1520616836.712469 -214.417255 -35.271967 -13.934668 -0.567923 -0.433112 -0.336862 0.613516
1520616836.762471 -214.176691 -36.189420 -14.248065 -0.555954 -0.424525 -0.354916 0.620265
1520616836.812472 -213.928709 -37.047527 -14.699754 -0.548625 -0.411226 -0.370496 0.626607
1520616836.863658 -213.792036 -37.960437 -15.080453 -0.542585 -0.397298 -0.391745 0.627927
1520616836.913660 -213.361027 -38.789230 -15.442504 -0.541474 -0.380180 -0.406078 0.630373
1520616836.963661 -213.177877 -39.618124 -15.969378 -0.538236 -0.368365 -0.425228 0.627527
1520616837.013662 -212.930956 -40.372814 -16.579292 -0.535705 -0.356083 -0.437816 0.628126
1520616837.063664 -212.565021 -40.844546 -17.385874 -0.536099 -0.342422 -0.441177 0.633015
1520616837.113666 -212.809205 -41.767671 -17.657462 -0.541146 -0.331383 -0.445443 0.631607
1520616837.163667 -212.961983 -41.909296 -18.641186 -0.539813 -0.317087 -0.450933 0.636174
1520616837.213670 -213.097799 -42.836219 -18.981406 -0.545196 -0.309578 -0.450320 0.635715
1520616837.264724 -213.236184 -43.686257 -19.490950 -0.549709 -0.305959 -0.448474 0.634886
1520616837.314727 -213.825530 -44.459747 -19.708418 -0.556960 -0.299848 -0.445578 0.633519
1520616837.364727 -214.033420 -45.401141 -19.987217 -0.566645 -0.298880 -0.432809 0.634240
1520616837.414730 -214.116622 -46.397126 -20.029375 -0.578458 -0.298549 -0.417538 0.633969
1520616837.464731 -214.671173 -47.123526 -19.636408 -0.595668 -0.297474 -0.404090 0.627217
1520616837.514732 -215.142947 -47.982448 -19.838487 -0.606102 -0.293988 -0.389954 0.627812
1520616837.564734 -215.112451 -48.973620 -19.995453 -0.613611 -0.293948 -0.372837 0.630927
1520616837.614735 -215.471263 -49.869342 -19.752047 -0.621423 -0.294562 -0.361687 0.629483
1520616837.665124 -215.891699 -50.715464 -19.427372 -0.627880 -0.295937 -0.355781 0.625786
1520616837.715126 -216.085165 -51.693005 -19.312135 -0.632934 -0.290364 -0.344064 0.629844
1520616837.765128 -216.335017 -52.627422 -19.062895 -0.639420 -0.282706 -0.329515 0.634539
1520616837.815128 -216.833607 -53.485925 -18.965693 -0.639036 -0.279520 -0.320073 0.641136
1520616837.865130 -217.074414 -54.340474 -18.504272 -0.634245 -0.283188 -0.315900 0.646332
1520616837.915132 -217.646236 -55.035598 -18.077429 -0.635121 -0.281538 -0.308112 0.649942
1520616837.965133 -217.971799 -55.981761 -17.998773 -0.626931 -0.285350 -0.304557 0.657859
1520616838.015135 -217.889190 -56.981435 -18.022034 -0.623162 -0.286652 -0.296083 0.664707
1520616838.065294 -217.693363 -57.913853 -18.335051 -0.624404 -0.282202 -0.286553 0.669604
1520616838.115295 -217.686579 -58.848993 -18.686044 -0.625703 -0.276275 -0.281508 0.672994
1520616838.165297 -217.388516 -59.801397 -18.665298 -0.629671 -0.270565 -0.279670 0.672379
1520616838.215298 -217.851165 -60.612336 -19.007539 -0.634146 -0.256858 -0.285171 0.671238
1520616838.265330 -218.005728 -61.599057 -18.949328 -0.636917 -0.249818 -0.292580 0.668075
1520616838.315301 -217.996229 -62.600740 -18.961949 -0.641554 -0.241668 -0.296416 0.664938
1520616838.365303 -217.721218 -63.545511 -18.785806 -0.646522 -0.238640 -0.296847 0.661016
1520616838.415304 -217.551941 -64.513859 -18.604953 -0.651878 -0.232886 -0.296050 0.658159
1520616838.464853 -217.381358 -65.496477 -18.520219 -0.656043 -0.226845 -0.296674 0.655846
1520616838.514854 -217.152276 -66.435499 -18.268428 -0.658511 -0.226695 -0.302544 0.650722
1520616838.564857 -217.505122 -67.366838 -18.271128 -0.662853 -0.218412 -0.309802 0.645712
1520616838.614857 -217.224925 -68.329914 -18.266131 -0.664206 -0.213039 -0.311737 0.645186
1520616838.664860 -217.133535 -69.320866 -18.186395 -0.664281 -0.207387 -0.321061 0.642371
1520616838.714861 -217.192324 -70.302580 -18.014241 -0.663632 -0.207155 -0.334252 0.636361
1520616838.764862 -217.223823 -71.294030 -17.882690 -0.658372 -0.209473 -0.349776 0.632712
1520616838.814864 -217.370052 -72.249261 -18.144822 -0.645085 -0.212381 -0.365921 0.636288
1520616838.864038 -217.488619 -73.194839 -17.852177 -0.634660 -0.221883 -0.382579 0.633726
1520616838.914040 -217.972674 -74.065804 -17.821715 -0.619822 -0.229599 -0.402084 0.633587
1520616838.964041 -218.254879 -74.999105 -17.594424 -0.604539 -0.240584 -0.423513 0.630308
1520616839.014043 -218.646693 -75.536901 -16.853757 -0.609429 -0.257103 -0.441330 0.606400
1520616839.064045 -218.900680 -76.502800 -16.743181 -0.592608 -0.269364 -0.458906 0.604702
1520616839.114046 -219.304467 -77.166837 -16.119542 -0.591632 -0.282002 -0.469405 0.591697
1520616839.164048 -219.523463 -78.141457 -16.017684 -0.576218 -0.289293 -0.480667 0.594342
1520616839.214049 -219.684602 -78.718203 -15.222953 -0.580057 -0.301498 -0.482713 0.582771
1520616839.264051 -219.955703 -79.681552 -15.221564 -0.567624 -0.308143 -0.497285 0.579274
1520616839.313210 -220.217732 -80.630623 -15.397638 -0.551943 -0.312066 -0.517339 0.574747
1520616839.363210 -219.880594 -81.542204 -15.156855 -0.546187 -0.322803 -0.520740 0.571234
1520616839.413212 -219.496746 -82.467030 -15.197539 -0.541945 -0.327913 -0.520268 0.572792
1520616839.463213 -219.548382 -83.405906 -15.526042 -0.536662 -0.325431 -0.533874 0.566628
1520616839.513216 -219.606498 -84.367272 -15.794948 -0.536023 -0.323949 -0.545091 0.557326
1520616839.563216 -219.717551 -85.340784 -15.992737 -0.540208 -0.324267 -0.556361 0.541746
1520616839.613218 -219.752132 -86.261580 -16.384497 -0.543165 -0.323815 -0.569178 0.525502
1520616839.663219 -219.527957 -87.099729 -16.888045 -0.546786 -0.327607 -0.574363 0.513620
1520616839.712883 -219.709762 -87.961479 -17.353381 0.553562 0.330575 0.583629 -0.493626
1520616839.762885 -219.906811 -88.737016 -17.953204 0.560659 0.332232 0.589176 -0.477655
1520616839.812886 -219.995914 -89.442604 -18.658077 0.567392 0.336015 0.587252 -0.469357
1520616839.862888 -219.790798 -89.935444 -19.508355 0.569690 0.342158 0.578225 -0.473325
1520616839.912935 -219.825399 -90.235673 -20.461568 0.579033 0.344226 0.568085 -0.472768
1520616839.962891 -220.258137 -90.577422 -21.293254 0.589602 0.343823 0.561820 -0.467454
1520616840.012892 -220.584583 -91.131319 -22.059401 0.601783 0.338568 0.551427 -0.468142
1520616840.062894 -221.254881 -91.580194 -22.648666 0.619787 0.322786 0.543341 -0.465245
1520616840.112399 -222.121923 -91.856197 -23.064632 0.642802 0.299677 0.532998 -0.461424
1520616840.162401 -222.599482 -92.479486 -23.687236 0.654692 0.290068 0.515092 -0.471084
1520616840.212402 -223.028690 -93.260418 -24.142881 0.660316 0.286170 0.500002 -0.481754
1520616840.262404 -222.902536 -94.130254 -23.666341 0.667305 0.290136 0.474400 -0.495449
1520616840.312406 -223.544794 -94.863440 -23.483543 -0.673521 -0.282466 -0.464270 0.501035
1520616840.362407 -224.105677 -95.505656 -24.004728 -0.678819 -0.264574 -0.452747 0.514029
1520616840.412409 -224.392902 -96.288465 -24.561477 -0.684674 -0.245684 -0.440747 0.525930
1520616840.462410 -223.778755 -95.601981 -24.202702 -0.691751 -0.222288 -0.434829 0.531970
1520616840.512949 -224.407824 -96.171607 -24.700162 -0.699130 -0.197360 -0.426178 0.539108
1520616840.562950 -224.229710 -97.129767 -24.469392 -0.705349 -0.183115 -0.414256 0.545293
1520616840.612952 -224.828515 -97.920415 -24.441934 -0.709515 -0.161908 -0.406972 0.552040
1520616840.662954 -225.498152 -98.656356 -24.534384 -0.713265 -0.140943 -0.400224 0.557861
1520616840.712955 -224.895382 -99.455291 -24.530658 -0.713132 -0.125672 -0.386391 0.571272
1520616840.762957 -224.669061 -100.405527 -24.329499 -0.718734 -0.105364 -0.378183 0.573845
1520616840.812958 -225.300691 -101.060952 -23.934926 -0.722301 -0.077984 -0.388318 0.566930
1520616840.862960 -226.025838 -101.643576 -23.569897 -0.723609 -0.051917 -0.404199 0.557062
1520616840.913886 -226.803493 -102.271909 -23.539258 -0.727214 -0.007198 -0.415096 0.546628
1520616840.963888 -226.290750 -103.129739 -23.621492 -0.725950 0.010548 -0.413548 0.549420
1520616841.013889 -227.136034 -103.639730 -23.631448 -0.727821 0.051188 -0.428006 0.533354
1520616841.063890 -227.900710 -104.026005 -23.114280 -0.723597 0.067650 -0.462676 0.507702
1520616841.113892 -227.534715 -104.963130 -23.189323 -0.715913 0.078445 -0.469549 0.510723
1520616841.163894 -228.222402 -105.673114 -23.262218 0.704432 -0.107619 0.493557 -0.498594
1520616841.213895 -229.118051 -106.112053 -23.277966 0.692126 -0.134881 0.522387 -0.479459
1520616841.263896 -229.142452 -107.072154 -22.992414 0.687112 -0.137815 0.540364 -0.465714
1520616841.313216 -229.926414 -107.520779 -22.575975 0.680602 -0.144591 0.570839 -0.435909
1520616841.363218 -230.895684 -107.585821 -22.355044 0.669384 -0.150893 0.606803 -0.401181
1520616841.413219 -231.891382 -107.598432 -22.267608 0.659947 -0.158523 0.635855 -0.367463
1520616841.463221 -232.811222 -107.563641 -21.871055 0.656247 -0.168036 0.660450 -0.323898
1520616841.513222 -233.670713 -107.110333 -21.645285 0.645814 -0.173017 0.688809 -0.280235
1520616841.563285 -234.025074 -108.011329 -21.349368 0.639450 -0.164535 0.703629 -0.262560
1520616841.613225 -234.698712 -108.644355 -20.971569 0.630453 -0.156158 0.721950 -0.238606
1520616841.663227 -235.685909 -108.609029 -20.850757 0.619098 -0.147313 0.741849 -0.211369
1520616841.713228 -236.635954 -108.353195 -20.670113 0.609190 -0.139171 0.758650 -0.184307
1520616841.762060 -237.612453 -108.143137 -20.679497 0.596710 -0.128213 0.776100 -0.158645
1520616841.812061 -238.089580 -108.713863 -20.007713 0.596573 -0.106836 0.783316 -0.138214
1520616841.862063 -239.037095 -108.453401 -20.140902 0.584251 -0.095360 0.798088 -0.112307
1520616841.912065 -239.892167 -108.951994 -19.953889 0.579595 -0.081026 0.805520 -0.092966
1520616841.962066 -240.725405 -108.561002 -20.333772 0.573007 -0.071152 0.813602 -0.068199
1520616842.012068 -241.468298 -108.068604 -20.787301 0.565175 -0.058046 0.821918 -0.040732
1520616842.062069 -242.287449 -107.832952 -20.252089 0.564885 -0.042509 0.823942 -0.014758
1520616842.112071 -243.029007 -107.442909 -20.780911 0.552996 -0.027329 0.832735 0.001321
1520616842.161651 -243.880638 -107.232557 -20.286525 0.552473 -0.012785 0.833370 0.010264
1520616842.211653 -244.315218 -106.381803 -19.980869 0.549442 -0.003204 0.834771 0.035503
1520616842.261655 -245.274825 -106.250936 -20.207850 0.538704 0.023202 0.840185 0.057863
1520616842.311656 -246.033286 -106.240344 -20.854398 0.523665 0.049807 0.846409 0.082979
1520616842.361658 -246.973577 -105.889072 -20.938143 0.510542 0.070289 0.849789 0.110751
1520616842.411659 -247.762507 -105.786782 -21.535860 0.493832 0.087420 0.855268 0.130398
1520616842.461661 -248.559353 -105.692094 -22.133042 0.475194 0.103587 0.862218 0.141561
1520616842.511663 -249.368122 -105.985877 -22.644634 0.456292 0.121381 0.869367 0.145828
1520616842.561522 -250.105666 -105.340794 -22.402338 0.451382 0.127312 0.868947 0.158040
1520616842.611524 -251.019286 -105.552778 -22.730337 0.438144 0.141188 0.874206 0.154466
1520616842.661525 -251.901404 -105.958197 -22.973729 0.424151 0.153575 0.880519 0.145589
1520616842.711528 -252.554776 -106.612863 -23.351642 0.410525 0.163710 0.885435 0.143781
1520616842.761529 -253.325760 -107.211538 -23.576916 0.398865 0.171096 0.890899 0.133908
1520616842.811531 -254.098571 -106.651683 -23.906443 0.390620 0.168105 0.894629 0.137097
1520616842.861531 -254.822528 -107.220010 -24.300570 0.384169 0.172551 0.899348 0.117530
1520616842.911534 -255.459392 -107.608723 -24.962525 0.378093 0.175498 0.903338 0.101126
1520616842.961703 -256.300809 -108.060356 -25.273023 0.374944 0.173521 0.907407 0.076937
1520616843.011704 -256.676236 -108.573768 -26.040808 0.367201 0.167388 0.913395 0.053419
1520616843.061706 -257.007074 -109.232118 -26.719205 0.361370 0.155300 0.918945 0.028885
1520616843.111708 -257.175607 -109.600310 -27.632111 0.353551 0.138949 0.925037 0.000504
1520616843.161709 -257.861186 -110.265836 -27.953322 0.350927 0.128631 0.927150 -0.026395
1520616843.211785 -258.374787 -110.817994 -28.605283 0.345388 0.112191 0.930111 -0.054904
1520616843.261712 -258.652116 -111.366320 -29.394149 0.336918 0.092762 0.932550 -0.090729
1520616843.311713 -259.084466 -112.109890 -29.911035 0.327327 0.082059 0.933481 -0.121391
1520616843.361653 -259.386561 -112.580320 -30.736704 0.308341 0.070088 0.937259 -0.146832
1520616843.411654 -260.001706 -113.150954 -31.286544 0.294851 0.064459 0.937674 -0.172263
1520616843.461656 -260.570176 -113.359364 -32.078930 0.282982 0.060395 0.936641 -0.197424
1520616843.511658 -261.035272 -113.199395 -32.949700 0.271946 0.054359 0.937477 -0.210304
1520616843.561659 -261.780905 -113.394006 -33.592902 0.263371 0.052847 0.937541 -0.221041
1520616843.611661 -262.134661 -113.672275 -34.484720 0.247250 0.052318 0.940438 -0.227392
1520616843.661662 -262.500094 -113.724731 -35.413716 0.231907 0.046047 0.944182 -0.229387
1520616843.711664 -262.962075 -114.068969 -36.233477 0.214878 0.039118 0.949536 -0.225119
1520616843.761665 -263.301070 -114.172593 -37.167514 0.195210 0.029080 0.957755 -0.209171
1520616843.811616 -263.606927 -114.335678 -38.105754 0.176801 0.023377 0.963777 -0.198318
1520616843.861618 -264.191199 -115.150135 -38.222953 0.174356 0.029769 0.968112 -0.177405
1520616843.911619 -265.113170 -115.276956 -38.582704 0.193881 0.022098 0.969830 -0.146125
1520616843.961621 -265.431642 -115.166488 -39.518102 0.186532 0.018180 0.975126 -0.118342
1520616844.011622 -265.895403 -115.066111 -40.399259 0.183760 0.018854 0.978283 -0.094018
1520616844.061624 -266.573108 -115.487792 -41.010808 0.179180 0.030672 0.980292 -0.077346
1520616844.111625 -267.231124 -116.205698 -40.772722 0.197072 0.067384 0.976645 -0.052796
1520616844.161627 -267.714356 -116.617686 -40.006566 0.199187 0.091269 0.975041 -0.035899
1520616844.211801 -268.328911 -117.243750 -39.520292 0.217900 0.129040 0.967341 -0.010930
1520616844.261803 -268.748572 -117.435362 -40.391487 0.231029 0.128354 0.964432 0.004728
1520616844.311804 -268.976549 -117.992021 -41.192999 0.242916 0.131388 0.960813 0.023798
1520616844.361806 -268.824622 -118.555377 -42.007595 0.251296 0.131447 0.958142 0.039178
1520616844.411807 -269.623979 -118.398972 -42.601917 0.297263 0.114151 0.946332 0.055313
1520616844.461809 -269.255949 -119.097437 -43.235953 0.317206 0.119332 0.938552 0.065277
1520616844.511810 -269.614704 -119.684728 -43.958451 0.338906 0.123064 0.928670 0.087009
1520616844.561811 -270.006385 -119.123616 -44.698984 0.375787 0.073562 0.918203 0.101375
1520616844.612123 -270.296556 -119.658593 -45.497173 0.396380 0.079274 0.907632 0.113150
1520616844.662125 -270.160310 -120.215689 -46.319682 0.409500 0.085769 0.900746 0.116661
1520616844.712126 -270.482332 -119.897297 -47.212529 0.429347 0.064513 0.891985 0.125947
1520616844.762128 -271.104402 -119.405828 -47.825574 0.463312 0.034632 0.876129 0.128611
1520616844.812129 -271.945042 -119.812705 -48.193814 0.487151 0.034052 0.862280 0.134159
1520616844.862221 -272.718901 -119.359785 -48.645712 0.510549 0.012247 0.847942 0.142075
1520616844.912132 -273.543167 -119.747739 -49.062256 0.535495 0.004178 0.832292 0.143242
1520616844.962134 -274.448130 -119.697359 -48.624374 0.566915 -0.000210 0.808662 0.157075
1520616845.012325 -275.293425 -119.184394 -48.760913 0.593622 -0.017737 0.789049 0.157160
1520616845.062327 -275.915382 -118.432561 -48.986159 0.623592 -0.065349 0.762678 0.158698
1520616845.112329 -276.113353 -117.556434 -49.431007 0.627509 -0.124517 0.745802 0.185762
1520616845.162330 -276.576625 -116.702256 -49.189074 0.645181 -0.163787 0.721014 0.192496
1520616845.212332 -277.077153 -115.900190 -48.865039 0.660515 -0.200888 0.694757 0.201685
1520616845.262333 -277.261381 -114.964017 -48.560364 0.669695 -0.242354 0.668932 0.212846
1520616845.312335 -277.306862 -113.983903 -48.364452 0.672458 -0.282121 0.647095 0.222432
1520616845.362336 -277.546961 -113.257485 -47.722077 0.679231 -0.312018 0.626856 0.219866
1520616845.412338 -277.503971 -112.314469 -47.383534 0.678735 -0.347556 0.609394 0.217170
1520616845.462340 -277.596352 -111.770759 -46.551699 0.686171 -0.375755 0.585520 0.212472
1520616845.512341 -277.883644 -111.180739 -45.796772 0.690778 -0.393882 0.568956 0.209694
1520616845.562342 -277.926498 -110.585084 -44.994367 0.693068 -0.421855 0.549908 0.198232
1520616845.612344 -278.156305 -109.922988 -44.281086 0.692443 -0.445981 0.536681 0.183296
1520616845.662346 -278.573071 -109.339682 -43.585106 0.690590 -0.463867 0.529236 0.166800
1520616845.712347 -278.898684 -108.808150 -42.802788 0.688876 -0.480237 0.522102 0.149101
1520616845.762349 -279.018416 -108.212286 -42.007683 0.686619 -0.496341 0.514674 0.131568
1520616845.812121 -279.394888 -107.611614 -41.303683 0.688386 -0.504844 0.507633 0.116471
1520616845.862123 -279.712475 -106.970924 -40.604283 0.690977 -0.512293 0.499268 0.104105
1520616845.912124 -280.090563 -106.171053 -40.141501 0.692212 -0.517317 0.494026 0.095730
1520616845.962125 -280.201549 -105.636097 -39.303310 0.697655 -0.520934 0.483444 0.090486
1520616846.012126 -280.513813 -105.195685 -38.461808 0.700055 -0.527047 0.475065 0.080356
1520616846.062129 -281.044544 -105.181817 -37.614058 0.700110 -0.532899 0.469525 0.073566
1520616846.112130 -281.474493 -104.892142 -36.757996 0.699989 -0.539440 0.462447 0.071851
1520616846.162131 -281.759395 -104.524192 -35.872515 0.701679 -0.542575 0.455532 0.075830
1520616846.212133 -282.340173 -104.235108 -35.112599 0.701800 -0.543359 0.454104 0.077632
1520616846.261891 -282.768073 -103.878481 -34.281351 0.700935 -0.546895 0.451511 0.075716
1520616846.311892 -283.225249 -103.875380 -33.392127 0.701812 -0.550045 0.446848 0.072371
1520616846.361893 -283.571636 -103.604030 -32.493171 0.701419 -0.552345 0.444389 0.073794
1520616846.411896 -283.929822 -103.402778 -31.581581 0.700253 -0.556399 0.440934 0.075125
1520616846.461897 -284.146196 -103.013395 -30.685581 0.700116 -0.561416 0.434034 0.079153
1520616846.512003 -284.329175 -102.757580 -29.736705 0.699898 -0.568048 0.425514 0.080007
1520616846.561900 -284.590199 -102.617401 -28.781723 0.700513 -0.572365 0.418719 0.079714
1520616846.611901 -284.319283 -102.685570 -27.826024 0.704731 -0.581958 0.397696 0.080725
1520616846.661718 -284.661568 -102.948155 -26.919908 0.709661 -0.583340 0.388702 0.070755
1520616846.711720 -285.111334 -103.156795 -26.050945 0.712362 -0.583775 0.384840 0.060379
1520616846.761721 -284.886716 -103.080926 -25.079424 0.713052 -0.591844 0.372196 0.052415
1520616846.811723 -284.972161 -102.505885 -24.264556 0.713233 -0.595804 0.366991 0.040414
1520616846.861724 -285.093294 -102.657902 -23.284848 0.718011 -0.598312 0.354677 0.026206
1520616846.911726 -285.108283 -102.451331 -22.304790 0.721073 -0.600742 0.344833 0.015908
1520616846.961727 -285.177060 -102.547401 -21.312374 0.727123 -0.600461 0.332739 0.004863
1520616847.011729 -285.224603 -101.968417 -20.496475 0.732974 -0.595145 0.329392 0.007177
1520616847.061585 -285.183524 -102.281860 -19.550744 0.738102 -0.595518 0.317088 0.004348
1520616847.111586 -285.540667 -102.884387 -18.833014 0.744250 -0.592349 0.308562 -0.001892
1520616847.161588 -285.439342 -103.159352 -17.877286 0.748810 -0.591807 0.298386 -0.003737
1520616847.211590 -285.238807 -103.390182 -16.925491 0.754307 -0.591653 0.284443 -0.007781
1520616847.261591 -285.450290 -103.760288 -16.017865 0.757013 -0.590732 0.278689 -0.017289
1520616847.311593 -285.158393 -104.064854 -15.114715 0.760094 -0.591513 0.268305 -0.019545
1520616847.361594 -285.013563 -104.685480 -14.343500 0.762520 -0.592671 0.258274 -0.024473
1520616847.411595 -285.126379 -105.456689 -13.713340 0.761783 -0.596447 0.250488 -0.034534
1520616847.461848 -284.925706 -106.187206 -13.064974 0.761684 -0.602598 0.234514 -0.041439
1520616847.511849 -284.675625 -106.848422 -12.357575 0.761567 -0.608523 0.218515 -0.044348
1520616847.561851 -284.223826 -107.592856 -11.870331 0.761429 -0.618976 0.187151 -0.045494
1520616847.611853 -283.676714 -108.113450 -11.212843 0.761406 -0.628565 0.153846 -0.038713
1520616847.661854 -283.336173 -108.111919 -10.266167 0.763044 -0.632024 0.133498 -0.022088
1520616847.711855 -282.791219 -107.532153 -9.655912 0.761482 -0.637810 0.115276 -0.007445
1520616847.761857 -282.169471 -108.221537 -9.304713 0.759459 -0.645899 0.077678 -0.001639
1520616847.811858 -281.547735 -108.250651 -8.511562 0.763727 -0.642117 0.066191 0.005034
1520616847.862052 -281.047771 -108.935671 -7.986795 0.761510 -0.646076 0.051760 0.002941
1520616847.912053 -281.273820 -109.815768 -7.553787 0.760464 -0.648030 0.039808 -0.012942
1520616847.962055 -280.699438 -110.433882 -7.024738 0.760016 -0.649269 0.024867 -0.014375
1520616848.012056 -280.209618 -111.097154 -6.457301 0.761330 -0.648134 0.009917 -0.014140
1520616848.062058 -279.566289 -111.774651 -6.105741 0.767936 -0.640357 -0.008525 -0.012017
1520616848.112061 -279.970828 -110.950189 -5.745830 0.778108 -0.627846 -0.017371 -0.007382
1520616848.162061 -279.170351 -111.390876 -5.381259 0.787729 -0.614889 -0.036662 -0.007072
1520616848.212062 -279.141072 -110.568945 -4.817760 0.796818 -0.602346 -0.047023 -0.006977
1520616848.262064 -279.295303 -109.598277 -4.644299 0.803790 -0.592356 -0.054425 -0.008600
1520616848.311651 -279.565496 -108.749093 -4.190148 0.807579 -0.586226 -0.063187 -0.012712
1520616848.361652 -279.889740 -107.954143 -3.677795 0.810109 -0.581499 -0.072780 -0.016907
1520616848.411654 -280.265360 -107.054843 -3.458060 0.809755 -0.581321 -0.077244 -0.019918
1520616848.461655 -280.249724 -107.599839 -2.611187 0.808516 -0.576182 -0.112561 -0.040576
1520616848.511657 -280.601936 -106.761774 -2.211245 0.807850 -0.574451 -0.124398 -0.043694
1520616848.561658 -281.149780 -106.021653 -1.825439 0.811341 -0.569518 -0.123087 -0.047171
1520616848.611660 -281.673579 -105.243987 -1.477388 0.810328 -0.568798 -0.132405 -0.048026
1520616848.661662 -281.994966 -104.431452 -0.986539 0.806045 -0.570655 -0.149682 -0.047331
1520616848.711437 -281.644142 -104.876053 -0.161450 0.791485 -0.574128 -0.198267 -0.067967
1520616848.761439 -281.274380 -105.303966 0.663973 0.775290 -0.576836 -0.241954 -0.087425
1520616848.811440 -280.832084 -105.770011 1.430010 0.755042 -0.581766 -0.283394 -0.105584
1520616848.861442 -280.421810 -106.261940 2.198816 0.732343 -0.587386 -0.321915 -0.122565
1520616848.911443 -280.662682 -105.666982 2.951579 0.721442 -0.601631 -0.321249 -0.119836
1520616848.961445 -280.978871 -105.194796 3.774791 0.711111 -0.610154 -0.326785 -0.123470
1520616849.011446 -280.446130 -105.503244 4.562448 0.677132 -0.622206 -0.371072 -0.129064
1520616849.061448 -279.875476 -105.981687 5.229195 0.642555 -0.630797 -0.413353 -0.135490
1520616849.111587 -279.332100 -106.275749 6.017188 -0.607360 0.642307 0.448516 0.131867
1520616849.161588 -278.760842 -106.800346 6.647321 -0.569311 0.653272 0.480619 0.134636
1520616849.211590 -278.229550 -106.451138 7.417366 -0.559746 0.669267 0.478641 0.098330
1520616849.261592 -277.577590 -106.098518 8.089212 -0.550546 0.681620 0.476977 0.069189
1520616849.311594 -276.933549 -106.632429 8.635239 -0.514273 0.698447 0.492257 0.073333
1520616849.361595 -276.341913 -107.100765 9.293355 -0.475953 0.716920 0.504418 0.071110
1520616849.411596 -275.633572 -107.597199 9.793167 -0.440602 0.733006 0.514187 0.064683
1520616849.461598 -274.885098 -108.191380 10.081668 -0.402353 0.747057 0.526582 0.052250
1520616849.512424 -274.274076 -108.977013 10.155414 -0.375873 0.754513 0.536537 0.039465
1520616849.562427 -273.741521 -109.730339 10.550299 -0.347263 0.761880 0.546290 0.022675
1520616849.612428 -273.007603 -110.358530 10.808575 -0.323757 0.764928 0.556830 -0.002487
1520616849.662430 -272.503630 -111.209250 10.948613 -0.305306 0.765921 0.565333 -0.023493
1520616849.712430 -271.886558 -111.968642 11.161855 -0.285296 0.766450 0.573466 -0.047926
1520616849.762433 -271.652774 -112.911024 11.404372 -0.266960 0.765090 0.581466 -0.072569
1520616849.812433 -270.990245 -113.641213 11.582039 -0.253152 0.759395 0.589219 -0.109790
1520616849.862435 -270.297699 -114.118228 12.128495 -0.247976 0.757419 0.584470 -0.152378
1520616849.912245 -269.727153 -114.868489 12.453266 -0.245754 0.747834 0.588887 -0.183198
1520616849.962246 -268.983286 -115.509256 12.272354 -0.262137 0.727636 0.598212 -0.209695
1520616850.012248 -269.184185 -116.405255 12.686086 -0.263221 0.720185 0.603238 -0.219434
1520616850.062249 -269.450083 -117.157590 13.290143 -0.266592 0.714493 0.606681 -0.224425
1520616850.112251 -268.649804 -117.759974 13.249936 -0.286674 0.690685 0.615453 -0.248978
1520616850.162252 -269.013314 -118.637681 13.581976 -0.296553 0.678602 0.624762 -0.247445
1520616850.212254 -269.435994 -119.486708 13.899123 -0.309474 0.668355 0.633355 -0.237462
1520616850.262256 -268.595953 -119.948035 13.599271 -0.347224 0.638650 0.642489 -0.242427
1520616850.311942 -268.994351 -120.851746 13.394453 -0.369231 0.615171 0.657213 -0.230878
1520616850.361944 -268.208394 -121.462604 13.250385 -0.403069 0.588733 0.663566 -0.224965
1520616850.411945 -267.285264 -121.851579 13.217153 -0.439329 0.564717 0.663450 -0.218904
1520616850.461947 -267.460127 -122.811704 12.977011 -0.464089 0.543994 0.670124 -0.199061
1520616850.511948 -266.587740 -123.293165 13.142688 -0.500055 0.521761 0.664445 -0.190323
1520616850.561950 -265.831358 -123.906777 13.366753 -0.529967 0.500066 0.662123 -0.175104
1520616850.611952 -265.143952 -124.545401 13.714807 -0.558230 0.483732 0.653811 -0.164053
1520616850.661953 -264.386927 -125.009052 14.178233 -0.581427 0.464494 0.650430 -0.152081
1520616850.711955 -263.847639 -125.384303 14.932616 -0.599984 0.450442 0.644759 -0.146311
1520616850.761772 -262.997482 -125.428578 14.417563 -0.618826 0.426380 0.645440 -0.136609
1520616850.811774 -262.227211 -124.810431 14.604849 0.642852 -0.399962 -0.639849 0.131775
1520616850.861776 -261.681909 -124.332422 15.291002 0.658334 -0.382578 -0.636095 0.124954
1520616850.911777 -261.368289 -124.084446 16.205735 0.673381 -0.371742 -0.627952 0.118498
1520616850.961779 -260.986520 -123.656715 17.026689 0.689054 -0.364100 -0.615910 0.115286
1520616851.011781 -260.253876 -123.221436 17.552431 0.686245 -0.365971 -0.615845 0.125965
1520616851.061782 -259.866870 -122.352712 17.866159 0.701721 -0.345951 -0.605611 0.145396
1520616851.111783 -259.047708 -121.861139 18.156786 0.692676 -0.351307 -0.610889 0.153617
1520616851.161724 -258.898834 -121.365998 19.004809 0.697668 -0.358079 -0.598022 0.165555
1520616851.211726 -258.623308 -120.638202 19.636961 0.698236 -0.364432 -0.588458 0.182682
1520616851.261727 -258.345908 -119.694780 19.835358 0.702502 -0.359681 -0.580487 0.200388
1520616851.311729 -258.149193 -119.085411 20.600069 0.713281 -0.365864 -0.561236 0.205882
1520616851.361730 -257.824535 -118.136900 20.505417 0.732254 -0.330139 -0.548220 0.232951
1520616851.411732 -257.505418 -117.210476 20.698983 0.743210 -0.324379 -0.533877 0.239567
1520616851.461733 -257.221626 -116.268432 20.508717 0.761579 -0.279409 -0.521212 0.265078
1520616851.511735 -257.113176 -115.286325 20.649997 0.777246 -0.262909 -0.503451 0.270748
1520616851.561554 -256.888237 -114.316937 20.539834 0.793322 -0.229772 -0.488665 0.281160
1520616851.611556 -257.200252 -113.709781 21.259216 0.812388 -0.221896 -0.467190 0.269296
1520616851.661557 -257.724961 -113.243209 21.968858 0.820263 -0.226639 -0.451766 0.267787
1520616851.711559 -257.639035 -112.238872 21.925798 0.828302 -0.202670 -0.437810 0.284892
1520616851.761560 -257.431226 -111.266100 21.825278 0.839249 -0.174206 -0.422574 0.294524
1520616851.811562 -257.444292 -110.267822 21.865135 0.851814 -0.152584 -0.400639 0.301029
1520616851.861564 -257.307219 -109.291863 21.691075 0.859318 -0.133805 -0.386878 0.306584
1520616851.911565 -256.664785 -108.539733 21.582096 0.868395 -0.128016 -0.382350 0.288635
1520616851.961753 -256.174623 -107.684872 21.757680 0.878908 -0.114326 -0.377513 0.268206
1520616852.011755 -255.855807 -106.735951 21.795758 0.881613 -0.099455 -0.377023 0.265933
1520616852.061757 -255.703791 -105.769434 22.000465 0.884028 -0.081779 -0.371809 0.271228
1520616852.111758 -255.437124 -104.863715 22.327456 0.884244 -0.075983 -0.371171 0.273078
1520616852.161760 -254.948283 -103.998519 22.430101 0.885897 -0.058029 -0.367624 0.276895
1520616852.211761 -254.568180 -103.105098 22.670079 0.889325 -0.037499 -0.361811 0.277106
1520616852.261762 -254.053853 -102.485266 23.260059 0.895946 -0.026376 -0.354886 0.265782
1520616852.311764 -253.289966 -101.937615 23.593070 0.900704 -0.019701 -0.346288 0.261591
1520616852.362339 -252.365159 -101.603028 23.754661 0.903574 -0.007194 -0.344646 0.254402
1520616852.412342 -251.399351 -101.491282 23.985295 0.907625 0.007545 -0.339878 0.246257
1520616852.462343 -250.414016 -101.487809 24.150178 0.912553 0.013317 -0.328755 0.242879
1520616852.512344 -249.439190 -101.308914 24.285681 0.915934 0.018628 -0.316644 0.245873
1520616852.562345 -248.461668 -101.172218 24.444745 0.917469 0.018852 -0.304085 0.255787
1520616852.612348 -247.740803 -100.487951 24.596914 0.917511 0.031179 -0.288970 0.271475
1520616852.662349 -246.826330 -100.404212 24.988065 0.917059 0.038565 -0.282573 0.278689
1520616852.712350 -246.101493 -100.642373 25.637780 0.918739 0.044085 -0.273069 0.281795
1520616852.762365 -245.383010 -100.504192 26.322539 0.919127 0.056867 -0.262612 0.288108
1520616852.812367 -245.001378 -99.981010 27.089557 0.916056 0.071750 -0.253194 0.302632
1520616852.862368 -244.532077 -99.469206 27.807993 0.910763 0.080982 -0.251784 0.317108
1520616852.912370 -244.270534 -99.118784 28.706679 0.907426 0.086239 -0.249216 0.327157
1520616852.962371 -244.076438 -98.417414 29.396819 0.902575 0.084797 -0.254069 0.337070
1520616853.012373 -244.365869 -98.148898 30.309640 0.903014 0.074494 -0.250668 0.340855
1520616853.062377 -244.195099 -97.508507 31.062424 0.897276 0.053723 -0.260259 0.352526
1520616853.112376 -243.964259 -96.771305 31.698453 0.889462 0.032032 -0.274677 0.363846
1520616853.162377 -243.540543 -96.205935 32.403714 0.882268 0.016370 -0.295907 0.365751
1520616853.211991 -244.007876 -95.563223 33.003785 0.882476 0.014632 -0.290108 0.369945
1520616853.261992 -243.546807 -94.850039 33.527630 0.877273 -0.005471 -0.307637 0.368403
1520616853.311995 -244.017305 -93.994250 33.742084 0.873189 -0.019110 -0.301932 0.382116
1520616853.361995 -243.471406 -93.232557 34.075619 0.869564 -0.045932 -0.303270 0.387008
1520616853.411998 -243.575987 -92.279717 34.364558 0.868394 -0.060758 -0.282137 0.403236
1520616853.461999 -242.785779 -91.818252 34.746034 0.865206 -0.087817 -0.267193 0.415108
1520616853.512000 -241.942045 -91.282673 34.789347 0.858111 -0.111339 -0.248789 0.435147
1520616853.562002 -241.917144 -90.290040 34.926606 0.853003 -0.118401 -0.207961 0.463809
1520616853.612024 -241.444027 -89.413361 34.974536 0.847761 -0.126903 -0.179938 0.482513
1520616853.662026 -241.440563 -88.491273 35.354197 0.848143 -0.122298 -0.142900 0.495253
1520616853.712027 -241.391189 -87.537721 35.653547 0.851914 -0.103824 -0.108517 0.501685
1520616853.762029 -241.497188 -86.657968 36.113137 0.858774 -0.073889 -0.074907 0.501434
1520616853.812030 -241.616949 -85.707066 36.405182 0.863630 -0.031138 -0.041278 0.501468
1520616853.862032 -241.597204 -84.704666 36.370054 0.856325 0.011096 -0.011700 0.516186
1520616853.912035 -241.794223 -83.739892 36.531628 0.853625 0.063652 0.019643 0.516612
1520616853.962035 -241.357453 -82.909927 36.861737 0.848532 0.090073 0.040814 0.519822
1520616854.012085 -241.573208 -81.932149 36.908698 0.836719 0.123500 0.070567 0.528838
1520616854.062087 -241.058960 -81.448479 37.602665 0.833459 0.147159 0.085929 0.525648
1520616854.112088 -240.522898 -80.696430 37.991949 0.826687 0.170995 0.096951 0.527210
1520616854.162090 -239.816475 -80.141923 38.425501 0.820590 0.196966 0.102265 0.526667
1520616854.212092 -239.041187 -79.634704 38.799454 0.813984 0.224377 0.106472 0.525117
1520616854.262093 -238.346301 -78.916347 38.871701 0.804859 0.245712 0.111119 0.528659
1520616854.312095 -237.673167 -78.207244 39.077427 0.795758 0.273296 0.115137 0.528036
1520616854.362096 -236.807473 -77.771506 39.316322 0.791538 0.296473 0.107665 0.523430
1520616854.412401 -237.483464 -77.513437 40.000452 0.779702 0.320434 0.143763 0.518381
1520616854.462402 -236.995894 -76.712209 40.324529 0.769140 0.341224 0.145091 0.520517
1520616854.512403 -237.584061 -76.446670 41.082604 0.756882 0.362741 0.178450 0.513522
1520616854.562405 -238.134057 -76.153381 41.865403 0.745563 0.376246 0.216371 0.505726
1520616854.612407 -237.577510 -75.327678 41.890920 0.731328 0.392737 0.214073 0.514869
1520616854.662408 -238.302600 -74.649515 41.975736 0.713162 0.417131 0.216778 0.520008
1520616854.712422 -239.185377 -74.285022 42.260100 0.697558 0.441749 0.216162 0.521099
1520616854.762411 -240.004129 -73.730739 42.426281 0.686484 0.459850 0.208423 0.523295
1520616854.812416 -240.938682 -73.403235 42.551084 0.676857 0.477159 0.200527 0.523423
1520616854.862417 -241.543308 -73.683921 43.291831 0.670956 0.493771 0.183421 0.521886
1520616854.912419 -242.417349 -73.823555 43.758699 0.661909 0.511154 0.170549 0.521067
1520616854.962420 -243.116775 -73.686023 44.463018 0.657284 0.519386 0.157490 0.522889
1520616855.012422 -244.053545 -73.491424 44.759637 0.654185 0.520458 0.149370 0.528067
1520616855.062424 -244.955815 -73.053269 44.791105 0.656194 0.510556 0.143056 0.536914
1520616855.112425 -245.888456 -72.774319 45.008336 0.664359 0.489679 0.143399 0.546150
1520616855.162427 -246.809106 -72.581137 45.342758 0.676452 0.460820 0.146649 0.555474
1520616855.212263 -247.474048 -72.880135 46.021344 0.688835 0.442768 0.154407 0.552831
1520616855.262265 -248.159178 -72.290658 46.468406 0.700074 0.420569 0.161968 0.553881
1520616855.312266 -248.740434 -71.681809 47.006963 0.712143 0.396507 0.174276 0.552506
1520616855.362268 -249.576204 -71.130695 46.950342 0.716151 0.379062 0.202479 0.549948
1520616855.412269 -250.465759 -70.721233 46.750443 0.713861 0.367816 0.237377 0.546595
1520616855.462271 -251.271588 -70.145410 46.606112 0.709497 0.359780 0.270748 0.542096
1520616855.512273 -250.917583 -69.219482 46.649651 0.710367 0.344232 0.286815 0.542790
1520616855.562274 -251.752278 -68.698185 46.524005 0.701957 0.348411 0.313172 0.536460
1520616855.612276 -252.608282 -68.249811 46.265804 0.683859 0.365315 0.339368 0.532645
1520616855.662198 -253.561571 -68.163856 45.985679 0.658106 0.393848 0.365755 0.527261
1520616855.712201 -253.508371 -67.285464 46.440490 0.649350 0.407847 0.371968 0.523112
1520616855.762202 -253.504020 -66.356057 46.811811 0.633452 0.428212 0.372928 0.525639
1520616855.812204 -253.531250 -65.371138 46.991575 0.614292 0.449882 0.364526 0.536071
1520616855.862205 -254.483663 -65.227789 46.766977 0.574832 0.495469 0.362702 0.540856
1520616855.912207 -255.443314 -65.330142 47.023966 0.544081 0.526535 0.367720 0.539925
1520616855.962208 -256.401129 -65.570889 47.174982 0.518187 0.551307 0.361352 0.544948
1520616856.012212 -257.309673 -65.967279 47.296915 0.494160 0.573161 0.352142 0.550716
1520616856.062117 -258.056634 -66.487626 47.709994 0.475338 0.588638 0.335278 0.561381
1520616856.112119 -259.061701 -66.439607 47.681383 0.464304 0.594071 0.313849 0.577062
1520616856.162120 -260.034513 -66.600967 47.525658 0.462321 0.584190 0.299377 0.596116
1520616856.212122 -260.533566 -67.307090 48.022327 0.454197 0.589675 0.289477 0.601823
1520616856.262123 -261.540919 -67.315901 48.002552 0.460963 0.564371 0.275383 0.627027
1520616856.312125 -260.559793 -67.478912 48.077253 0.468193 0.534385 0.259252 0.654229
1520616856.362149 -261.038855 -68.052463 48.748115 0.467367 0.533454 0.254449 0.657457
1520616856.412128 -261.478011 -68.413053 49.572890 0.477918 0.523927 0.250577 0.659019
1520616856.462025 -260.560797 -68.766880 49.689790 0.495681 0.476088 0.245642 0.683594
1520616856.512027 -261.220747 -69.245800 50.273206 0.510554 0.444137 0.251965 0.691802
1520616856.562028 -261.854631 -69.784755 50.826613 0.523509 0.426547 0.262331 0.689332
1520616856.612030 -262.550263 -70.238010 51.385897 0.536296 0.412071 0.272481 0.684353
1520616856.662032 -263.313897 -70.492777 51.982787 0.551316 0.389707 0.285747 0.680094
1520616856.712033 -264.229040 -70.885874 51.936684 0.556961 0.361384 0.305557 0.682518
1520616856.762035 -265.074137 -71.107362 52.427001 0.568233 0.351105 0.325047 0.669464
1520616856.812036 -265.589155 -70.329017 52.041351 0.577146 0.316378 0.345087 0.669120
1520616856.862338 -266.470895 -70.447171 52.477039 0.586309 0.304755 0.377792 0.648567
1520616856.912339 -267.282667 -70.335191 51.900849 0.584992 0.285264 0.401320 0.644478
1520616856.962341 -268.216288 -70.220972 51.564644 0.581733 0.270079 0.427513 0.637084
1520616857.012342 -268.705917 -69.375889 51.782162 0.586602 0.254552 0.437334 0.632329
1520616857.062344 -269.195290 -68.574573 52.123186 0.588850 0.249087 0.442967 0.628483
1520616857.112346 -269.410676 -67.600757 52.233962 0.583031 0.247074 0.448458 0.630805
1520616857.162347 -269.647923 -66.665857 52.491873 0.575949 0.252137 0.452101 0.632704
1520616857.212349 -269.560692 -65.676537 52.621416 0.565716 0.251845 0.458034 0.637765
1520616857.263872 -269.297238 -64.724316 52.774033 0.553885 0.248858 0.462926 0.645741
1520616857.313874 -269.319436 -63.736571 52.924332 0.535900 0.263534 0.470552 0.649570
1520616857.363876 -269.128783 -62.781263 53.145741 0.522332 0.269061 0.476462 0.654033
1520616857.413878 -269.158004 -61.815166 53.399300 0.505440 0.284073 0.485415 0.654374
1520616857.463879 -268.914147 -60.856178 53.550981 0.486471 0.292574 0.491312 0.660575
1520616857.513880 -268.788607 -59.882239 53.735710 0.464414 0.308778 0.496713 0.665020
1520616857.563882 -268.502396 -58.928759 53.838174 0.446669 0.317498 0.499676 0.670824
1520616857.613884 -268.302856 -57.951428 53.906350 0.426459 0.336588 0.505749 0.670119
1520616857.663658 -268.174547 -56.961849 53.965329 0.408610 0.360261 0.504484 0.669885
1520616857.713660 -267.927556 -55.999370 53.837324 0.389507 0.381923 0.503228 0.670209
1520616857.763661 -267.820670 -55.010711 53.744770 0.378994 0.402581 0.502516 0.664658
1520616857.813662 -267.742185 -54.053963 53.459995 0.363382 0.421606 0.501322 0.662479
1520616857.863669 -267.596616 -53.087952 53.248466 0.352349 0.440633 0.494757 0.660991
1520616857.913666 -267.396495 -52.211742 52.805532 0.337773 0.446356 0.494652 0.664827
1520616857.963667 -267.364205 -51.245380 52.562076 0.325366 0.466539 0.492075 0.659046
1520616858.013698 -267.462049 -50.323397 52.187153 0.310007 0.481052 0.493812 0.654702
1520616858.063670 -267.594330 -49.408785 51.805524 0.297337 0.491734 0.495882 0.651068
1520616858.112438 -267.702750 -48.454906 51.528439 0.288595 0.504238 0.492709 0.647839
1520616858.162439 -267.858323 -47.563089 51.101882 0.273875 0.516309 0.491351 0.645749
1520616858.212441 -268.053973 -46.894112 50.383614 0.254908 0.511384 0.491288 0.657377
1520616858.262443 -268.267143 -46.000831 49.995563 0.245630 0.523606 0.487011 0.654463
1520616858.312444 -268.725206 -45.445362 49.304052 0.228762 0.529292 0.485088 0.657425
1520616858.362446 -269.331745 -44.987947 48.656432 0.213326 0.538052 0.481500 0.658142
1520616858.412447 -270.145357 -45.085471 48.093278 0.189673 0.551452 0.480599 0.654942
1520616858.462449 -270.967181 -44.874786 47.559204 0.172649 0.557152 0.479275 0.655797
1520616858.512493 -271.929942 -44.815878 47.305943 0.156682 0.565679 0.479632 0.652236
1520616858.562495 -272.821885 -44.954229 46.877594 0.131904 0.575454 0.479333 0.649379
1520616858.612496 -273.628368 -45.165418 46.324955 0.111115 0.580180 0.479466 0.648966
1520616858.662498 -274.489501 -45.516397 45.960924 0.091677 0.587830 0.477485 0.646576
1520616858.712500 -275.389809 -45.641201 45.537869 0.075386 0.590256 0.472803 0.649902
1520616858.762501 -276.334327 -45.846822 45.286852 0.068390 0.592849 0.466843 0.652618
1520616858.812503 -276.785649 -46.435613 44.621990 0.055346 0.586631 0.466809 0.659462
1520616858.862504 -277.420213 -47.129295 44.281982 0.052249 0.581171 0.467107 0.664320
1520616858.912208 -278.318392 -47.362835 43.898509 0.056356 0.576318 0.467605 0.667853
1520616858.962210 -279.025380 -48.023307 43.665245 0.055948 0.577845 0.474966 0.661341
1520616859.012212 -279.476898 -48.759210 43.163908 0.051491 0.578281 0.486972 0.652531
1520616859.062213 -280.393270 -48.854713 42.763352 0.063241 0.579438 0.501841 0.639068
1520616859.112215 -281.251431 -48.716352 42.263478 0.073232 0.580864 0.519361 0.622494
1520616859.162215 -282.189753 -48.842410 41.950861 0.080633 0.587368 0.539310 0.598031
1520616859.212218 -283.162117 -48.770788 41.721600 0.090753 0.594974 0.558391 0.570937
1520616859.262218 -283.919368 -48.715414 41.067451 0.093704 0.597769 0.575195 0.550493
1520616859.312075 -284.786213 -48.313280 40.772776 0.100492 0.603135 0.580282 0.537962
1520616859.362077 -285.410829 -48.474840 40.015002 0.091094 0.614462 0.583087 0.523591
1520616859.412079 -286.155620 -48.177147 39.412715 0.087534 0.623449 0.578824 0.518278
1520616859.462080 -286.922444 -47.809659 38.886064 0.084374 0.632733 0.571581 0.515582
1520616859.512082 -285.963148 -47.608335 38.625020 0.076231 0.648277 0.560926 0.509202
1520616859.562083 -286.887212 -47.791581 38.284706 0.061869 0.658146 0.543216 0.517622
1520616859.612085 -287.850788 -47.896969 38.520710 0.046687 0.667723 0.523652 0.527024
1520616859.662124 -288.753562 -48.296220 38.666196 0.034181 0.670965 0.501640 0.544972
1520616859.712145 -289.466846 -48.884495 39.039068 0.018498 0.670625 0.481179 0.564258
1520616859.762147 -289.618884 -49.772008 39.460819 0.000947 0.667653 0.469169 0.578030
1520616859.812148 -290.395841 -50.372694 39.682371 -0.008380 0.654570 0.456076 0.602879
1520616859.862150 -291.022559 -50.985960 40.158328 -0.019477 0.641452 0.438267 0.629350
1520616859.912151 -291.916486 -51.403401 40.342997 -0.022771 0.620514 0.428035 0.656681
1520616859.962153 -292.514311 -52.099275 40.728667 -0.027477 0.605319 0.420277 0.675427
1520616860.012155 -293.205842 -52.783222 40.964448 -0.021279 0.579169 0.419925 0.698408
1520616860.062156 -293.935703 -53.463736 40.891225 -0.014277 0.553263 0.422781 0.717602
1520616860.112157 -294.371439 -53.987572 41.615358 -0.007609 0.545217 0.420250 0.725307
1520616860.162390 -294.816272 -54.734259 42.108278 -0.003060 0.539773 0.425160 0.726550
1520616860.212392 -295.118630 -55.205660 42.933961 0.010178 0.524694 0.420948 0.739862
1520616860.262393 -295.678444 -55.809992 43.504495 0.018281 0.516115 0.419210 0.746696
1520616860.312395 -296.138889 -56.200824 44.299294 0.030182 0.502861 0.423951 0.752652
1520616860.362396 -296.765329 -56.526968 45.009682 0.042619 0.494670 0.434283 0.751587
1520616860.412397 -297.524533 -56.979788 45.480030 0.053381 0.486006 0.448583 0.748145
1520616860.462399 -298.417357 -57.354362 45.739211 0.066054 0.475396 0.461486 0.746101
1520616860.512400 -299.142730 -57.863183 46.196906 0.073523 0.470472 0.472913 0.741353
1520616860.563588 -299.939852 -58.376174 46.518582 0.079989 0.466165 0.487510 0.733912
1520616860.613592 -300.879644 -58.723650 46.469182 0.091167 0.460206 0.508680 0.721902
1520616860.663593 -301.484780 -59.298351 45.924150 0.098189 0.451955 0.535367 0.706737
1520616860.713593 -302.216882 -59.539420 45.283030 0.103060 0.442726 0.563390 0.689901
1520616860.763596 -303.189000 -59.471662 45.055195 0.105072 0.435772 0.587979 0.673308
1520616860.813597 -304.177449 -59.358358 44.952798 0.107107 0.432175 0.617532 0.648388
1520616860.863599 -305.067748 -58.929399 45.109669 0.111587 0.431709 0.638739 0.627047
1520616860.913601 -305.905086 -59.020386 44.579909 0.099918 0.430344 0.664572 0.602631
1520616860.963306 -306.816822 -58.910097 44.178696 0.097197 0.433445 0.685611 0.576728
1520616861.013308 -307.712453 -58.808634 43.744399 0.094479 0.437428 0.701592 0.554526
1520616861.063309 -308.562274 -58.497278 43.313222 0.096458 0.443011 0.709389 0.539634
1520616861.113311 -309.241293 -58.662934 42.605290 0.087827 0.451303 0.714619 0.527193
1520616861.163312 -310.010536 -58.784327 41.976481 0.078745 0.458936 0.718494 0.516665
1520616861.213314 -309.906321 -59.779325 41.994503 0.044651 0.479410 0.725093 0.492355
1520616861.263316 -310.350567 -60.643666 41.747371 0.019164 0.492577 0.723111 0.483851
1520616861.313362 -310.238624 -60.620658 40.749650 -0.009889 0.478522 0.726794 0.492636
1520616861.363451 -310.778596 -61.089505 40.051746 -0.039194 0.484409 0.713664 0.504475
1520616861.413453 -310.586842 -61.333023 39.099234 -0.071832 0.477443 0.704728 0.519853
1520616861.463454 -310.883327 -61.901955 38.331871 -0.092170 0.478788 0.689933 0.535032
1520616861.513456 -311.273527 -62.490330 37.622685 -0.106921 0.481981 0.676447 0.546517
1520616861.563458 -311.947648 -62.816573 36.954695 -0.121856 0.487756 0.657298 0.561431
1520616861.613459 -312.234148 -62.695137 35.999139 -0.127291 0.485256 0.642413 0.579335
1520616861.663461 -312.332585 -63.333283 35.241790 -0.138718 0.493748 0.630074 0.583076
1520616861.713462 -312.621963 -64.092745 34.657594 -0.150474 0.505435 0.617527 0.583570
1520616861.763943 -313.251136 -64.756924 34.246645 -0.162509 0.516787 0.607595 0.580819
1520616861.813946 -313.406805 -65.465305 33.563308 -0.179021 0.517837 0.605151 0.577571
1520616861.863947 -314.234073 -66.026230 33.474154 -0.191045 0.522282 0.600307 0.574765
1520616861.913949 -314.656330 -66.851457 33.112600 -0.202454 0.520832 0.602660 0.569690
1520616861.963949 -315.144314 -67.519638 32.547882 -0.213249 0.512694 0.605469 0.570155
1520616862.013952 -316.048962 -67.945830 32.505732 -0.210369 0.515362 0.603160 0.571266
1520616862.063952 -316.835005 -68.496565 32.775658 -0.208918 0.520734 0.602094 0.568043
1520616862.113954 -317.260650 -69.355037 32.508239 -0.211034 0.514675 0.607111 0.567442
1520616862.164565 -317.779213 -70.202989 32.622040 -0.213475 0.511643 0.607054 0.569329
1520616862.214567 -318.213861 -71.100773 32.679087 -0.220000 0.504469 0.606265 0.574068
1520616862.264570 -318.564514 -71.956858 33.055461 -0.222187 0.507299 0.605078 0.571981
1520616862.314571 -318.882913 -72.893837 32.920837 -0.219197 0.501591 0.607005 0.576111
1520616862.364572 -319.166332 -73.848006 32.828279 -0.211908 0.501791 0.607891 0.577728
1520616862.414574 -319.417937 -74.815493 32.819189 -0.204956 0.501465 0.607478 0.580944
1520616862.464575 -319.528860 -75.806235 32.764614 -0.197400 0.501354 0.610261 0.580740
1520616862.514576 -319.405312 -76.492172 33.477345 -0.204258 0.511731 0.606420 0.573293
1520616862.564579 -319.462744 -77.379503 33.032406 -0.192945 0.505112 0.614252 0.574743
1520616862.613607 -319.491983 -78.295066 32.631564 -0.182314 0.502707 0.620909 0.573166
1520616862.663608 -319.503779 -79.188101 32.182241 -0.173475 0.502285 0.621111 0.576053
1520616862.713610 -319.643306 -79.998372 31.611942 -0.163643 0.503751 0.618963 0.579948
1520616862.763612 -319.639587 -80.720715 30.921544 -0.152313 0.507831 0.616267 0.582344
1520616862.813613 -319.753950 -81.653178 30.575265 -0.142042 0.513588 0.612617 0.583739
1520616862.863614 -320.169919 -82.537994 30.352925 -0.132776 0.519261 0.607013 0.586748
1520616862.913616 -320.230287 -83.249298 29.656721 -0.124485 0.517843 0.612300 0.584321
1520616862.963668 -320.460897 -84.193884 29.415641 -0.127371 0.519760 0.609702 0.584713
1520616863.012677 -320.867445 -85.059775 29.118680 -0.127199 0.524057 0.606160 0.584598
1520616863.062679 -321.273785 -85.595791 28.376187 -0.125602 0.523683 0.603033 0.588499
1520616863.112680 -321.762895 -85.854044 27.539946 -0.126442 0.523820 0.595797 0.595526
1520616863.162682 -322.383506 -86.278476 26.882693 -0.126688 0.524879 0.589289 0.600991
1520616863.212683 -323.006974 -86.014698 26.138379 -0.123477 0.523863 0.582871 0.608754
1520616863.262685 -323.598532 -86.244172 25.371999 -0.123247 0.524758 0.581415 0.609423
1520616863.312686 -324.136266 -86.956351 24.929921 -0.130905 0.529338 0.582426 0.602864
1520616863.362688 -324.599593 -87.490525 24.221052 -0.140566 0.528874 0.583896 0.599665
1520616863.412425 -325.181984 -88.148404 23.744077 -0.150882 0.528082 0.582367 0.599344
1520616863.462426 -325.487307 -89.033775 23.401822 -0.164046 0.526603 0.583932 0.595653
1520616863.512428 -325.793696 -89.655390 22.678978 -0.175520 0.521683 0.583117 0.597507
1520616863.562429 -326.065792 -90.578875 22.411053 -0.189448 0.522208 0.583389 0.592508
1520616863.612432 -326.988245 -90.937265 22.226743 -0.190226 0.528448 0.584109 0.585981
1520616863.662433 -327.721735 -91.608314 22.157832 -0.194547 0.533486 0.590199 0.573768
1520616863.712435 -327.728479 -92.582442 21.967692 -0.202173 0.531747 0.598839 0.563705
1520616863.762435 -328.110648 -93.474959 21.713382 -0.206548 0.532463 0.599180 0.561074
1520616863.812206 -328.698975 -94.282278 21.787137 -0.211043 0.534437 0.597765 0.559030
1520616863.862208 -328.992880 -95.233196 21.842095 -0.216206 0.538782 0.592450 0.558544
1520616863.912210 -329.190821 -96.211697 21.876976 -0.213667 0.543809 0.586534 0.560888
1520616863.962211 -329.201841 -97.176347 22.135434 -0.214948 0.554326 0.576189 0.560828
1520616864.012213 -329.064105 -98.119918 21.849297 -0.207592 0.556427 0.577987 0.559666
1520616864.062214 -329.312730 -98.663431 22.649571 -0.199257 0.569285 0.575854 0.551909
1520616864.112216 -329.410544 -99.652066 22.611564 -0.192040 0.569388 0.586658 0.542909
1520616864.162217 -329.371674 -100.591363 22.953312 -0.186953 0.573282 0.598384 0.527573
1520616864.212392 -328.856215 -101.430753 23.099326 -0.189525 0.574105 0.615620 0.505465
1520616864.262393 -328.654666 -102.272765 23.609021 -0.192431 0.582305 0.628703 0.478146
1520616864.312397 -328.114499 -103.080117 23.405942 -0.198520 0.581151 0.645033 0.454737
1520616864.362396 -327.937851 -103.884844 22.841031 -0.196351 0.580190 0.661107 0.433316
1520616864.412399 -327.607125 -104.760516 22.485922 -0.199685 0.581939 0.675318 0.406716
1520616864.462399 -327.192721 -105.616241 22.174931 -0.211951 0.585605 0.686719 0.374914
1520616864.512401 -327.858254 -105.488252 21.422531 -0.208732 0.584471 0.703170 0.346954
1520616864.562403 -328.565493 -105.588782 20.725276 -0.211614 0.585409 0.711158 0.326757
1520616864.612952 -329.466666 -105.774058 20.333764 -0.222634 0.591902 0.712698 0.303558
1520616864.662898 -330.231433 -105.456918 19.764532 -0.215561 0.581757 0.731901 0.281803
1520616864.712899 -331.083064 -105.353285 19.252864 -0.218998 0.573156 0.742352 0.269159
1520616864.762901 -332.000013 -105.379047 18.856315 -0.238540 0.570439 0.741834 0.259579
1520616864.812902 -332.777657 -105.204193 18.249178 -0.240655 0.551558 0.753502 0.264772
1520616864.862904 -333.577337 -105.189920 17.650733 -0.261132 0.538947 0.752581 0.273804
1520616864.912905 -334.376648 -105.199933 17.050017 -0.273527 0.528705 0.751387 0.284729
1520616864.962907 -335.099773 -105.244648 16.361427 -0.289346 0.514620 0.748985 0.300777
1520616865.012908 -336.077483 -105.324110 16.174344 -0.323516 0.520252 0.729832 0.303351
1520616865.062543 -336.687336 -105.443474 15.392211 -0.334399 0.501922 0.728835 0.324117
1520616865.112545 -337.389506 -105.565600 14.690459 -0.348749 0.493782 0.720504 0.339745
1520616865.162546 -338.048955 -105.694849 13.950111 -0.358380 0.485261 0.711961 0.359439
1520616865.212548 -338.365355 -104.982199 14.557516 -0.398987 0.476256 0.691995 0.367604
1520616865.262549 -338.397586 -105.039154 13.571518 -0.411479 0.457808 0.689165 0.382294
1520616865.312551 -338.788343 -105.199026 12.664125 -0.411607 0.443989 0.685070 0.405131
1520616865.362552 -338.645913 -106.013762 12.109478 -0.432947 0.437258 0.670105 0.415117
1520616865.412554 -338.335809 -106.829596 11.622934 -0.451223 0.425498 0.658264 0.426658
1520616865.462523 -337.929807 -107.423078 10.929389 -0.464387 0.404307 0.651774 0.442799
1520616865.512524 -337.280598 -107.808589 10.273532 -0.475058 0.381318 0.646528 0.459258
1520616865.562526 -337.487629 -108.053052 9.320550 -0.470080 0.365381 0.642210 0.482791
1520616865.612528 -336.874000 -108.845278 9.359682 -0.473232 0.356382 0.635207 0.495536
1520616865.662529 -336.037262 -109.329069 9.119364 -0.472867 0.341744 0.639318 0.500879
1520616865.712530 -335.308458 -109.969694 9.379594 -0.473769 0.332889 0.641246 0.503519
1520616865.762533 -334.642457 -110.703506 9.515453 -0.473055 0.323670 0.645708 0.504499
1520616865.812534 -333.799106 -111.230748 9.596440 -0.474965 0.303620 0.660649 0.495748
1520616865.862554 -333.088145 -111.891016 9.357462 -0.466180 0.285546 0.676129 0.493953
1520616865.912556 -332.371106 -112.304142 8.800171 -0.449010 0.260513 0.702821 0.486380
1520616865.962557 -331.929991 -112.978296 8.204151 -0.437405 0.239018 0.716707 0.487728
1520616866.012559 -331.299351 -113.297196 7.498273 -0.418674 0.213766 0.738953 0.482664
1520616866.062563 -330.650552 -113.577348 6.790517 -0.400774 0.191967 0.759969 0.474316
1520616866.112562 -329.965964 -113.767869 6.086655 -0.379026 0.169521 0.782080 0.464707
1520616866.162564 -329.427377 -113.897874 5.254777 -0.357570 0.153406 0.798643 0.459108
1520616866.212565 -328.813298 -114.208818 4.527854 -0.333415 0.140150 0.816883 0.449328
1520616866.262474 -328.429087 -115.073303 4.869125 -0.326630 0.136070 0.823608 0.443247
1520616866.312416 -327.639180 -115.306865 4.321484 -0.310896 0.116987 0.840156 0.428713
1520616866.362418 -327.050027 -115.309823 3.516176 -0.293625 0.096846 0.854049 0.418337
1520616866.412419 -326.468991 -115.444414 2.713076 -0.275480 0.076336 0.868965 0.403959
1520616866.462421 -325.757749 -115.321644 2.019168 -0.258723 0.049659 0.886385 0.380681
1520616866.512422 -325.290259 -115.230486 1.141842 -0.235628 0.025460 0.902271 0.360191
1520616866.562424 -324.857276 -115.224106 0.240497 -0.208059 0.002613 0.916234 0.342372
1520616866.612425 -324.261590 -116.038579 0.267411 -0.203556 0.001780 0.920064 0.334731
1520616866.662435 -323.582579 -116.771748 0.270176 -0.197450 0.003661 0.924542 0.325919
1520616866.712437 -322.698071 -117.213187 0.411042 -0.195972 -0.004114 0.928157 0.316391
1520616866.762438 -321.847186 -117.735697 0.353263 -0.185219 -0.010000 0.933466 0.306979
1520616866.812440 -321.001189 -118.269106 0.330512 -0.181298 -0.017229 0.936151 0.300760
1520616866.862441 -320.141068 -118.703324 0.069486 -0.174042 -0.026079 0.938733 0.296327
1520616866.912443 -319.382560 -119.358038 0.038960 -0.175643 -0.030945 0.937434 0.299014
1520616866.962444 -319.273397 -118.969605 -0.870251 -0.163589 -0.043429 0.941158 0.292529
1520616867.012446 -318.860126 -118.743550 -1.753121 -0.150639 -0.052356 0.945445 0.284079
1520616867.062448 -318.049088 -119.187784 -2.157500 -0.145285 -0.055281 0.947962 0.277856
1520616867.112743 -317.116591 -119.311314 -2.494649 -0.142768 -0.062377 0.948549 0.275646
1520616867.162745 -316.792761 -118.932697 -3.355077 -0.128891 -0.070243 0.953744 0.262345
1520616867.212747 -315.834741 -119.178409 -3.564265 -0.125301 -0.076417 0.956696 0.251381
1520616867.262748 -315.948757 -119.029154 -4.542626 -0.103097 -0.085324 0.959828 0.246618
1520616867.312749 -316.191742 -119.106882 -5.510132 -0.074257 -0.096412 0.960638 0.249731
1520616867.362751 -316.339930 -118.521665 -6.312558 -0.058142 -0.106532 0.962746 0.241641
1520616867.412754 -315.548075 -118.423539 -6.930419 -0.051271 -0.116060 0.963800 0.234500
1520616867.462755 -315.681970 -117.925043 -7.785954 -0.028911 -0.132363 0.963448 0.231110
1520616867.512773 -314.716698 -118.014022 -7.506429 -0.036951 -0.154255 0.959149 0.234251
1520616867.562773 -313.854533 -118.041195 -8.002622 -0.034659 -0.164687 0.959898 0.224215
1520616867.612774 -312.974406 -118.086735 -8.476159 -0.031613 -0.171864 0.961845 0.210517
1520616867.662775 -312.036062 -118.377605 -8.676102 -0.029065 -0.176631 0.963121 0.200886
1520616867.712778 -311.059809 -118.402056 -8.887171 -0.023142 -0.186310 0.963287 0.191914
1520616867.762778 -310.151341 -118.380542 -9.301272 -0.010359 -0.194703 0.964474 0.178250
1520616867.812780 -309.199788 -118.363125 -9.611250 -0.000051 -0.206645 0.964761 0.162893
1520616867.862782 -308.221887 -118.458708 -9.802871 0.004043 -0.218413 0.963190 0.156667
1520616867.912524 -307.336879 -118.416505 -10.261657 0.004294 -0.227645 0.962086 0.150166
1520616867.962461 -306.341692 -118.389102 -10.368032 0.006694 -0.242219 0.958329 0.151295
1520616868.012462 -305.835227 -118.782458 -9.612951 0.029656 -0.256083 0.953377 0.156892
1520616868.062464 -306.399525 -118.314048 -10.283375 0.045140 -0.263883 0.950707 0.156475
1520616868.112465 -305.398672 -118.200904 -10.166397 0.047085 -0.277446 0.946785 0.156222
1520616868.162467 -304.505658 -117.913730 -10.505319 0.055368 -0.287264 0.945000 0.146249
1520616868.212468 -303.543025 -117.945068 -10.782123 0.058948 -0.295235 0.941724 0.150054
1520616868.262470 -303.882339 -117.559372 -11.635591 0.090798 -0.305422 0.936420 0.146939
1520616868.312475 -302.924813 -117.470821 -11.957285 0.094241 -0.316200 0.933918 0.137597
1520616868.362476 -302.002187 -117.281608 -12.291787 0.098842 -0.325957 0.931795 0.125460
1520616868.412478 -301.098563 -117.176725 -12.707369 0.105591 -0.332525 0.930560 0.111067
1520616868.462479 -300.245509 -116.950579 -13.175957 0.116959 -0.339913 0.928494 0.093156
1520616868.512481 -299.315649 -116.786748 -13.508996 0.124624 -0.350259 0.925004 0.078457
1520616868.562482 -298.439174 -116.799732 -13.990752 0.134958 -0.355183 0.922440 0.068813
1520616868.612484 -297.603199 -116.676723 -14.524205 0.145329 -0.364760 0.918044 0.054998
1520616868.662486 -296.749785 -116.653121 -15.046319 0.154940 -0.371198 0.914507 0.043387
1520616868.712623 -295.954493 -116.463037 -15.620396 0.172903 -0.378395 0.908807 0.031507
1520616868.762625 -296.372509 -115.686143 -16.098089 0.209907 -0.392309 0.895497 0.010823
1520616868.812626 -295.622836 -115.652668 -16.779385 0.216808 -0.392989 0.893614 -0.002846
1520616868.862628 -294.901950 -115.445539 -17.440057 0.224665 -0.394839 0.890559 -0.023060
1520616868.912630 -294.106131 -114.998682 -17.853133 0.227747 -0.399689 0.887273 -0.033560
1520616868.962632 -293.344371 -114.601581 -18.363791 0.235951 -0.399314 0.884920 -0.042336
1520616869.012633 -292.717180 -114.290561 -19.075404 0.248980 -0.395638 0.882254 -0.055753
1520616869.062634 -292.079842 -113.887922 -19.733275 0.255876 -0.396543 0.879027 -0.067768
1520616869.112387 -291.471954 -113.336755 -20.305722 0.256910 -0.402184 0.875140 -0.079845
1520616869.162389 -290.799638 -112.838622 -20.854290 0.256235 -0.408053 0.871349 -0.092666
1520616869.212390 -290.321273 -112.479232 -21.652054 0.260573 -0.406036 0.868595 -0.113041
1520616869.262391 -289.691004 -111.741561 -21.916044 0.252941 -0.419884 0.863028 -0.122072
1520616869.312393 -289.275016 -111.076095 -22.528746 0.255749 -0.421253 0.859264 -0.137129
1520616869.362395 -288.847056 -110.421586 -23.152015 0.260632 -0.420036 0.855841 -0.152238
1520616869.412396 -288.460016 -109.667565 -23.684130 0.261457 -0.423780 0.851724 -0.163145
1520616869.462398 -288.163083 -108.796365 -24.077867 0.257121 -0.433738 0.846505 -0.170849
1520616869.512399 -288.153558 -108.086361 -24.776218 0.257000 -0.439138 0.840593 -0.185773
1520616869.562289 -288.271598 -107.551702 -25.611584 0.254503 -0.445190 0.834732 -0.200642
1520616869.612220 -288.473121 -107.218104 -26.532615 0.249294 -0.449529 0.830162 -0.215889
1520616869.662222 -288.743776 -106.794915 -27.397106 0.243397 -0.454220 0.826864 -0.225252
1520616869.712223 -289.301942 -106.673444 -28.221039 0.235887 -0.459582 0.823985 -0.232787
1520616869.762225 -289.638263 -106.142009 -28.997092 0.221408 -0.470786 0.821051 -0.234977
1520616869.812226 -290.455104 -106.498887 -29.472563 0.214692 -0.475529 0.818779 -0.239543
1520616869.862228 -291.239703 -106.649689 -30.070381 0.199247 -0.483024 0.816326 -0.246172
1520616869.912230 -292.073179 -107.118060 -30.372285 0.194851 -0.484759 0.815552 -0.248830
1520616869.962232 -293.028669 -107.260809 -30.623358 0.184371 -0.488665 0.814828 -0.251534
1520616870.012235 -293.924116 -107.232117 -31.062904 0.169311 -0.489251 0.818473 -0.249138
1520616870.062236 -294.882395 -107.517392 -31.130505 0.162519 -0.489269 0.821436 -0.243816
1520616870.112237 -295.852693 -107.527675 -31.363768 0.148630 -0.489159 0.825842 -0.237945
1520616870.162239 -296.840559 -107.688678 -31.366116 0.142372 -0.490152 0.829694 -0.226031
1520616870.212240 -297.833384 -107.800076 -31.407226 0.136569 -0.492756 0.833641 -0.208765
1520616870.262243 -297.766951 -106.902882 -31.837608 0.100261 -0.500952 0.840624 -0.179850
1520616870.312243 -298.635912 -106.634539 -32.278116 0.093281 -0.503754 0.843928 -0.159112
1520616870.362413 -299.613233 -106.471982 -32.429259 0.093180 -0.507570 0.845356 -0.138070
1520616870.412414 -300.576632 -106.367754 -32.676648 0.095271 -0.507896 0.848400 -0.114811
1520616870.462416 -301.545463 -106.256868 -32.898781 0.100518 -0.507414 0.851421 -0.086654
1520616870.512418 -302.540446 -106.152125 -32.917038 0.109521 -0.510421 0.851029 -0.056793
1520616870.562419 -303.459531 -105.771474 -33.004305 0.098495 -0.510057 0.854055 -0.027048
1520616870.612421 -304.436165 -105.552120 -32.985205 0.102348 -0.509438 0.854398 -0.000944
1520616870.662423 -305.326951 -105.099541 -32.957192 0.099193 -0.506509 0.856124 0.025703
1520616870.712424 -305.202151 -106.082082 -33.160959 0.083104 -0.502632 0.858544 0.057937
1520616870.762804 -305.962859 -105.509781 -32.803096 0.082279 -0.503967 0.856768 0.072081
1520616870.812805 -306.687202 -104.855200 -32.590012 0.085940 -0.505399 0.853704 0.091521
1520616870.862807 -307.545248 -104.353114 -32.484746 0.090351 -0.505305 0.851981 0.103117
1520616870.912808 -307.395313 -103.427245 -32.831923 0.083948 -0.505378 0.850102 0.121953
1520616870.962810 -308.108684 -102.734501 -32.979593 0.090511 -0.508568 0.846138 0.131217
1520616871.012812 -308.287335 -101.910792 -33.510963 0.086690 -0.506466 0.845504 0.145254
1520616871.062813 -308.859503 -101.183390 -33.896558 0.091999 -0.503924 0.844176 0.157998
1520616871.112814 -308.897862 -100.282139 -34.330407 0.097010 -0.503352 0.841064 0.172733
1520616871.162856 -308.659447 -99.507880 -34.917302 0.098904 -0.498878 0.840289 0.187760
1520616871.212931 -308.638547 -98.505977 -34.983668 0.106403 -0.499468 0.835888 0.201250
1520616871.262859 -308.323438 -97.822057 -35.639065 0.115312 -0.494109 0.834490 0.214906
1520616871.312860 -307.862157 -97.359973 -36.398748 0.124853 -0.490129 0.833077 0.223981
1520616871.362862 -307.534108 -96.828798 -37.178559 0.134308 -0.487715 0.830555 0.232968
1520616871.412863 -307.561138 -95.848792 -37.395934 0.150768 -0.496109 0.822471 0.233850
1520616871.462865 -307.284238 -95.431918 -38.263142 0.163699 -0.497336 0.818282 0.237222
1520616871.512867 -306.974031 -95.066198 -39.141407 0.178930 -0.500111 0.812646 0.239748
1520616871.562868 -306.548154 -94.793363 -40.006051 0.191968 -0.508112 0.805875 0.235662
1520616871.613183 -306.201496 -94.490279 -40.893235 0.202110 -0.515271 0.800078 0.231347
1520616871.663184 -305.846941 -94.445416 -41.829889 0.206641 -0.520684 0.797963 0.222359
1520616871.713186 -305.573860 -94.263352 -42.773061 0.214322 -0.525237 0.796057 0.210918
1520616871.763187 -305.152915 -93.960080 -43.628517 0.224425 -0.533557 0.790375 0.200646
1520616871.813189 -304.707870 -93.429608 -44.349687 0.236127 -0.545583 0.782124 0.186724
1520616871.863191 -304.230367 -93.015178 -45.125804 0.247630 -0.555790 0.775523 0.168345
1520616871.913192 -303.842124 -92.583317 -45.939213 0.256220 -0.560572 0.772099 0.154836
1520616871.963194 -304.079715 -91.739902 -46.420900 0.278117 -0.568553 0.762750 0.132702
1520616872.014109 -304.204984 -90.782141 -46.137365 0.300389 -0.594022 0.739273 0.101883
1520616872.064111 -304.030906 -90.594532 -47.109763 0.302037 -0.589068 0.744689 0.084913
1520616872.114113 -304.631173 -89.983208 -46.562723 0.323773 -0.607900 0.723406 0.048087
1520616872.164115 -305.113304 -89.130442 -46.379218 0.336913 -0.621011 0.707627 0.009933
1520616872.214116 -304.809309 -88.674673 -47.222786 0.335183 -0.618752 0.710432 -0.009201
1520616872.264117 -305.562236 -88.019398 -47.047831 0.353050 -0.623360 0.696488 -0.041010
1520616872.314119 -305.157360 -87.545498 -47.841179 0.347317 -0.613144 0.707637 -0.051719
1520616872.364121 -304.879914 -86.872162 -48.524673 0.350274 -0.608481 0.709323 -0.062603
1520616872.414278 -305.563832 -86.214829 -48.853750 0.370144 -0.605361 0.700817 -0.073397
1520616872.464280 -306.110482 -85.375406 -48.797963 0.384198 -0.610014 0.687271 -0.089074
1520616872.514281 -306.683222 -84.563597 -48.682213 0.397268 -0.618116 0.670390 -0.103383
1520616872.564283 -305.747007 -84.885860 -48.868020 0.411672 -0.624182 0.655163 -0.108092
1520616872.614284 -305.794527 -84.254477 -49.623494 0.414473 -0.629334 0.647221 -0.115133
1520616872.664287 -305.759457 -83.587590 -50.368670 0.413562 -0.629352 0.645922 -0.125167
1520616872.714287 -306.282310 -82.745411 -50.530222 0.422212 -0.623512 0.643049 -0.139494
1520616872.764289 -306.229065 -81.744637 -50.461810 0.420958 -0.623064 0.641411 -0.152241
1520616872.814481 -306.572526 -82.642672 -50.169587 0.431598 -0.612423 0.640353 -0.169143
1520616872.864556 -305.798273 -83.175732 -50.544620 0.439492 -0.609032 0.632514 -0.189350
1520616872.914484 -306.316160 -82.431945 -50.942757 0.450331 -0.601321 0.627975 -0.203134
1520616872.964485 -306.914835 -81.629737 -50.859666 0.464337 -0.604788 0.608616 -0.219566
1520616873.014488 -307.426560 -80.774836 -50.918593 -0.479141 0.606759 -0.592664 0.225869
1520616873.064489 -307.735157 -79.824646 -50.854984 -0.489718 0.610698 -0.578863 0.228347
1520616873.114491 -307.785523 -78.924455 -51.282666 -0.502450 0.605514 -0.570784 0.234739
1520616873.164491 -307.681163 -77.930238 -51.173301 -0.512190 0.601036 -0.564741 0.239760
1520616873.216316 -307.320497 -77.025885 -50.940300 -0.518276 0.602221 -0.557864 0.239809
1520616873.266317 -307.375443 -76.034344 -50.843732 -0.522361 0.603707 -0.551340 0.242282
1520616873.316319 -307.180122 -75.073996 -50.637939 -0.523947 0.612162 -0.540283 0.242550
1520616873.366319 -307.098083 -74.106622 -50.859287 -0.528772 0.609602 -0.536114 0.247725
1520616873.416322 -307.043008 -73.107361 -50.799694 -0.531837 0.611617 -0.528941 0.251586
1520616873.466324 -307.874349 -72.918422 -50.253585 -0.541432 0.606868 -0.518249 0.264540
1520616873.516325 -307.618664 -72.051530 -49.819453 -0.542160 0.612430 -0.510140 0.265986
1520616873.566327 -307.801317 -71.501564 -48.998450 -0.545934 0.614407 -0.501777 0.269594
1520616873.617854 -308.339915 -70.795614 -48.545323 -0.548094 0.620935 -0.491476 0.269227
1520616873.667856 -309.259125 -70.434796 -48.377186 -0.557220 0.618177 -0.481895 0.274118
1520616873.717857 -310.181799 -70.080290 -48.227695 -0.567898 0.611392 -0.474913 0.279551
1520616873.767859 -310.087819 -69.145351 -47.872245 -0.568100 0.616551 -0.468277 0.279005
1520616873.817861 -311.035826 -68.948509 -47.588004 -0.571564 0.613019 -0.458699 0.295157
1520616873.867863 -311.759148 -68.395692 -47.178586 -0.569069 0.615864 -0.449018 0.308633
1520616873.917864 -312.394240 -67.922665 -46.565807 -0.560040 0.627434 -0.434568 0.322230
1520616873.967866 -313.249526 -67.453007 -46.358435 -0.549952 0.639236 -0.421687 0.333331
1520616874.017867 -313.871679 -66.858408 -45.847555 -0.541858 0.654724 -0.403901 0.338511
1520616874.067868 -314.795827 -66.565536 -45.593298 -0.538542 0.665789 -0.386642 0.342354
1520616874.117870 -315.207069 -65.928106 -44.941733 -0.532112 0.682071 -0.368795 0.340039
1520616874.167872 -315.940589 -65.592710 -44.345274 -0.524032 0.697960 -0.356394 0.333506
1520616874.217873 -316.652753 -65.265251 -43.724225 -0.511328 0.714890 -0.345343 0.328960
1520616874.267875 -317.329684 -64.739216 -43.213790 -0.495943 0.732295 -0.337711 0.322080
1520616874.317880 -317.917555 -64.382048 -42.485473 -0.482257 0.748856 -0.329669 0.312987
1520616874.367878 -318.383265 -64.145215 -41.632338 -0.476894 0.758055 -0.329752 0.298644
1520616874.417883 -319.053137 -63.968917 -40.909240 -0.467208 0.768711 -0.332511 0.283260
1520616874.467143 -319.610849 -63.506081 -40.223238 -0.458972 0.774834 -0.341636 0.268816
1520616874.517224 -320.130929 -62.996837 -39.537680 -0.449474 0.781546 -0.352667 0.250571
1520616874.567146 -320.706236 -62.380727 -39.001993 -0.433649 0.790793 -0.363177 0.233875
1520616874.617147 -321.577811 -62.878003 -39.135477 -0.428172 0.792270 -0.368506 0.230608
1520616874.667149 -322.331298 -62.285534 -38.873146 -0.404992 0.808367 -0.375807 0.203206
1520616874.717151 -323.247367 -62.700168 -38.960306 -0.408063 0.806893 -0.380805 0.193379
1520616874.767152 -323.680080 -62.504845 -38.076610 -0.416729 0.806729 -0.390661 0.151360
1520616874.817154 -324.441929 -63.162061 -37.996546 -0.421952 0.802171 -0.397865 0.142061
1520616874.865250 -325.215783 -63.608575 -37.547855 -0.421756 0.798933 -0.410778 0.122837
1520616874.915252 -325.532317 -63.112309 -36.737094 -0.417487 0.793787 -0.434557 0.082261
1520616874.965253 -325.932907 -62.563907 -36.003143 -0.409232 0.790255 -0.453313 0.050330
1520616875.015255 -326.165802 -61.930884 -35.264596 -0.403354 0.786751 -0.466878 0.018800
1520616875.065258 -326.218230 -61.215831 -34.567309 -0.398081 0.785403 -0.473854 -0.011665
1520616875.115258 -327.193341 -61.465376 -34.469925 -0.407743 0.775656 -0.481328 -0.020666
1520616875.165260 -328.155655 -61.393886 -34.209799 -0.413424 0.768830 -0.487105 -0.026649
1520616875.215263 -328.626333 -60.936979 -33.449741 -0.418430 0.763582 -0.490443 -0.036382
1520616875.263584 -328.597321 -60.126343 -32.862573 -0.425377 0.756057 -0.495067 -0.048386
1520616875.313585 -328.856605 -59.460984 -32.161661 -0.435429 0.747750 -0.497144 -0.064181
1520616875.363587 -328.942553 -58.556616 -31.746947 -0.435193 0.744993 -0.499319 -0.079206
1520616875.413588 -329.080035 -57.750408 -31.169605 -0.433919 0.743956 -0.498994 -0.096175
1520616875.463590 -329.294867 -57.068208 -30.469953 -0.437400 0.739012 -0.498801 -0.117219
1520616875.513592 -329.352057 -56.260116 -29.883573 -0.439486 0.733691 -0.500554 -0.134145
1520616875.563593 -329.482662 -55.417144 -29.363217 -0.442740 0.728149 -0.502051 -0.147391
1520616875.613595 -329.698905 -54.696003 -28.704231 -0.446512 0.725025 -0.501002 -0.154802
1520616875.662980 -329.862944 -53.912036 -28.105713 -0.447609 0.724856 -0.499133 -0.158418
1520616875.712981 -329.938265 -53.012543 -27.676646 -0.448704 0.723346 -0.499174 -0.162050
1520616875.762983 -330.014086 -52.125140 -27.221578 -0.451248 0.722585 -0.497128 -0.164647
1520616875.812984 -330.218233 -51.306944 -26.684265 -0.459285 0.718501 -0.494897 -0.167006
1520616875.862986 -331.155665 -50.999782 -26.518178 -0.469776 0.712199 -0.496815 -0.158928
1520616875.912987 -331.485562 -50.081442 -26.283676 -0.473643 0.708869 -0.498420 -0.157301
1520616875.962989 -331.560871 -49.185848 -25.838155 -0.475433 0.707507 -0.497334 -0.161419
1520616876.012991 -331.821668 -48.355794 -25.346350 -0.475932 0.710376 -0.493956 -0.157679
1520616876.062646 -331.614301 -47.376656 -25.289699 -0.475245 0.714697 -0.487956 -0.158902
1520616876.112647 -331.720860 -46.672096 -24.584528 -0.485485 0.721406 -0.469725 -0.152437
1520616876.162731 -331.741039 -45.951362 -23.891224 -0.494969 0.730133 -0.449572 -0.140698
1520616876.212650 -331.924097 -45.311892 -23.145188 -0.506859 0.738294 -0.427044 -0.125097
1520616876.262652 -332.037127 -44.763435 -22.316316 -0.518512 0.746622 -0.402527 -0.108043
1520616876.312654 -332.180455 -44.213360 -21.493834 -0.529526 0.754209 -0.378188 -0.088002
1520616876.362655 -332.353444 -43.438256 -20.889307 -0.544311 0.755321 -0.359201 -0.064732
1520616876.412657 -332.195777 -42.452763 -20.962807 -0.547875 0.756806 -0.352060 -0.055963
1520616876.462658 -331.522042 -41.712119 -20.894387 -0.546128 0.764733 -0.335721 -0.064958
1520616876.512600 -330.724722 -41.112445 -20.823828 -0.538572 0.776759 -0.316834 -0.078751
1520616876.562601 -329.831332 -40.663571 -20.810084 -0.534448 0.787069 -0.293565 -0.093306
1520616876.612602 -330.087504 -39.847441 -20.297052 -0.560013 0.774339 -0.288032 -0.061825
1520616876.662605 -329.376337 -39.205999 -19.987333 -0.559438 0.780633 -0.271147 -0.064189
1520616876.712605 -329.443957 -38.462603 -19.323461 -0.571848 0.770236 -0.277076 -0.054362
1520616876.762607 -329.737091 -37.740211 -18.698930 -0.585000 0.765769 -0.264989 -0.033963
1520616876.812609 -329.965573 -37.305712 -17.825432 -0.585340 0.771082 -0.249597 -0.022604
1520616876.862611 -330.482680 -36.460838 -17.792294 -0.582740 0.773286 -0.249525 -0.013434
1520616876.912893 -330.911686 -35.571871 -17.625149 -0.580050 0.775289 -0.249870 -0.005834
1520616876.962894 -331.411629 -34.766253 -17.303559 -0.576273 0.778752 -0.247861 0.004483
1520616877.012895 -332.005643 -33.994177 -17.081709 -0.569122 0.783998 -0.247540 0.013061
1520616877.062897 -332.575708 -33.657919 -16.323620 -0.566335 0.788205 -0.239903 0.021083
1520616877.112900 -332.753171 -33.563688 -15.343455 -0.561914 0.794774 -0.227820 0.026169
1520616877.162901 -332.896616 -32.737603 -14.807614 -0.555036 0.800573 -0.224971 0.020167
1520616877.212903 -332.867629 -31.950468 -14.189128 -0.546553 0.807643 -0.220980 0.012634
1520616877.262904 -332.913960 -31.227321 -13.499704 -0.539291 0.812805 -0.220174 0.006078
1520616877.312801 -332.607068 -31.114297 -12.556213 -0.534381 0.817977 -0.212796 -0.008277
1520616877.362803 -332.413997 -30.934557 -11.591064 -0.530979 0.819991 -0.212593 -0.021924
1520616877.412805 -332.748752 -30.448038 -10.787467 -0.522272 0.824057 -0.218137 -0.024073
1520616877.462806 -332.491018 -30.462548 -9.823704 -0.519129 0.826577 -0.214299 -0.036774
1520616877.512807 -332.170072 -30.446479 -8.876633 -0.519400 0.825825 -0.213501 -0.051526
1520616877.562809 -331.850349 -30.108057 -7.990434 -0.516684 0.826078 -0.215890 -0.063440
1520616877.612811 -331.493174 -29.910567 -7.078160 -0.518921 0.821894 -0.220645 -0.080795
1520616877.662812 -331.826777 -29.006067 -6.862094 -0.515985 0.818704 -0.234968 -0.090956
1520616877.712680 -331.535777 -28.446866 -6.077714 -0.525614 0.806708 -0.245256 -0.113145
1520616877.762681 -331.098169 -27.893449 -5.368494 -0.539294 0.790080 -0.255310 -0.140541
1520616877.812769 -331.308236 -27.119397 -4.779131 -0.545142 0.780518 -0.264415 -0.153935
1520616877.862684 -331.012814 -26.606488 -3.969772 -0.546861 0.774321 -0.268409 -0.171250
1520616877.912686 -330.558510 -26.185506 -3.184785 -0.545065 0.771580 -0.270285 -0.185781
1520616877.962687 -330.680489 -25.220319 -2.995836 -0.543797 0.766711 -0.281065 -0.193500
1520616878.012689 -330.142475 -24.634075 -2.384321 -0.546774 0.755562 -0.291084 -0.213153
1520616878.062690 -329.785229 -23.712600 -2.244076 -0.541587 0.740973 -0.314413 -0.242461
1520616878.112840 -329.210723 -22.920164 -2.032590 -0.536751 0.726362 -0.329064 -0.275703
1520616878.162841 -329.097886 -21.953468 -2.239929 -0.497216 0.703340 -0.381400 -0.335595
1520616878.212843 -328.567144 -21.111411 -2.361581 -0.482375 0.672406 -0.400887 -0.393032
1520616878.262845 -328.252125 -20.215159 -2.666866 -0.456582 0.654236 -0.421112 -0.431478
1520616878.312846 -328.011452 -19.292811 -2.964700 -0.432491 0.641886 -0.436022 -0.459150
1520616878.362848 -327.555127 -18.455779 -3.271833 -0.415044 0.629693 -0.446899 -0.481151
1520616878.412849 -327.123866 -17.637031 -3.650055 0.387721 -0.613443 0.463562 0.508400
1520616878.462851 -326.715531 -16.921119 -4.217243 0.352212 -0.592442 0.483280 0.539814
1520616878.512990 -326.893857 -16.892566 -3.239225 0.335369 -0.599299 0.485665 0.540830
1520616878.562991 -327.281020 -16.716216 -2.334060 0.330693 -0.601702 0.487089 0.539759
1520616878.612993 -327.312477 -16.466377 -1.363684 0.317396 -0.600996 0.481211 0.553624
1520616878.662995 -326.782009 -15.655319 -1.627674 0.293227 -0.576886 0.481411 0.591155
1520616878.712996 -326.862529 -15.307719 -0.701327 0.290605 -0.572859 0.469608 0.605682
1520616878.762999 -326.879023 -14.937413 0.227789 0.282335 -0.567928 0.461549 0.620255
1520616878.812999 -327.244625 -14.523094 1.057989 0.288944 -0.555298 0.462207 0.628108
1520616878.863001 -327.378061 -14.117486 1.963885 0.283726 -0.540933 0.459233 0.644977
1520616878.913002 -327.560588 -13.661247 2.834220 0.282556 -0.527282 0.456538 0.658565
1520616878.962868 -327.613198 -13.094692 3.658199 0.290894 -0.524229 0.458052 0.656317
1520616879.012869 -327.587332 -12.692658 4.572817 0.288976 -0.514875 0.448228 0.671185
1520616879.062871 -327.528616 -12.292290 5.487166 0.287808 -0.504967 0.441157 0.683780
1520616879.112872 -328.286978 -12.877436 5.744486 0.277295 -0.463266 0.430549 0.723270
1520616879.162874 -329.002578 -13.451980 6.141228 0.268268 -0.419626 0.416792 0.760415
1520616879.212876 -328.390540 -13.130761 6.869652 0.267748 -0.422781 0.395508 0.770156
1520616879.262877 -329.140217 -13.619513 7.296375 0.265111 -0.378261 0.379215 0.801768
1520616879.312879 -328.715026 -13.283837 8.141625 0.270735 -0.368638 0.369900 0.808692
1520616879.362925 -328.287735 -12.898048 8.959459 0.279823 -0.349123 0.363633 0.817058
1520616879.412927 -327.695867 -12.342048 8.373747 0.286149 -0.316266 0.356859 0.831112
1520616879.463019 -327.128013 -11.947209 7.649465 0.290824 -0.293518 0.354597 0.838767
1520616879.512930 -326.199917 -11.611769 7.752612 0.291715 -0.294191 0.347788 0.841069
1520616879.562931 -325.821392 -11.057362 7.015224 0.295233 -0.277083 0.343613 0.847345
1520616879.612933 -324.969461 -10.548367 7.060329 0.294771 -0.281373 0.329930 0.851520
1520616879.662934 -324.603283 -9.941037 6.357562 0.292152 -0.269228 0.319919 0.860125
1520616879.712936 -324.158048 -9.056212 6.430986 0.294385 -0.271099 0.306508 0.863652
1520616879.762993 -323.890759 -8.096646 6.499082 0.296557 -0.274332 0.293989 0.866237
1520616879.812995 -323.362668 -7.892055 5.669857 0.285250 -0.278214 0.285760 0.871533
1520616879.862997 -322.907835 -7.136861 6.112510 0.291263 -0.286467 0.280717 0.868505
1520616879.912998 -322.538254 -6.638170 5.326895 0.295478 -0.282338 0.277907 0.869336
1520616879.963000 -322.068538 -6.141507 4.597356 0.298529 -0.280453 0.272415 0.870642
1520616880.013001 -321.528864 -5.400263 4.207195 0.304688 -0.282044 0.270517 0.868583
1520616880.063003 -321.011181 -5.002521 3.445277 0.301260 -0.281698 0.264261 0.871811
1520616880.113005 -320.329156 -4.284693 3.373329 0.301551 -0.291812 0.252645 0.871828
1520616880.162971 -319.678469 -3.642017 2.963736 0.301304 -0.297449 0.246726 0.871703
1520616880.212972 -319.113302 -2.912028 2.581635 0.303559 -0.302246 0.239192 0.871370
1520616880.262974 -318.464174 -2.353995 2.061232 0.300257 -0.310232 0.236875 0.870340
1520616880.312976 -318.006542 -1.569900 1.648050 0.302408 -0.319694 0.237828 0.865900
1520616880.362977 -317.380792 -1.161329 0.978906 0.296591 -0.329674 0.239619 0.863673
1520616880.412979 -316.653755 -0.620485 0.562029 0.291822 -0.338006 0.231673 0.864245
1520616880.462981 -315.890395 -0.064388 0.235661 0.287413 -0.347666 0.226058 0.863377
1520616880.512982 -314.945144 0.246461 0.152366 0.279553 -0.363575 0.215894 0.862005
1520616880.563006 -314.448293 0.662176 -0.611234 0.276329 -0.361078 0.211904 0.865079
1520616880.613008 -313.489359 0.572450 -0.859588 0.259213 -0.384276 0.207143 0.861529
1520616880.663009 -312.540251 0.732193 -1.128476 0.251777 -0.397776 0.202188 0.858780
1520616880.713010 -311.585015 1.018385 -1.161133 0.248191 -0.413378 0.198745 0.853241
1520616880.763012 -310.638651 1.064294 -1.489861 0.242436 -0.431114 0.204358 0.844750
1520616880.813013 -309.703611 1.391787 -1.391460 0.242959 -0.443813 0.200374 0.838958
1520616880.863015 -308.863556 1.347197 -1.941528 0.234188 -0.459220 0.201890 0.832775
1520616880.913016 -309.088470 1.046363 -2.873889 0.233692 -0.463671 0.210931 0.828194
1520616880.963163 -308.358482 1.700846 -2.986484 0.239065 -0.474651 0.208517 0.821021
1520616881.013164 -307.407907 1.609035 -3.288328 0.219985 -0.510533 0.207300 0.804978
1520616881.063166 -306.462263 1.501372 -3.597694 0.207188 -0.534143 0.201852 0.794368
1520616881.113263 -305.631211 2.032815 -3.480020 0.213290 -0.545677 0.203961 0.784311
1520616881.163169 -304.716825 2.300609 -3.179890 0.213867 -0.572771 0.189438 0.768315
1520616881.213171 -304.100457 2.754556 -2.542785 0.219952 -0.579493 0.186353 0.762287
1520616881.263172 -303.183956 2.994224 -2.887224 0.220249 -0.586546 0.182897 0.757630
1520616881.313174 -302.195817 3.062263 -3.010276 0.214480 -0.604267 0.183263 0.745168
1520616881.363175 -301.204341 3.000575 -3.128525 0.198694 -0.631161 0.186078 0.726313
1520616881.413450 -300.253881 3.297721 -3.063280 0.199985 -0.648194 0.177315 0.713029
1520616881.463452 -299.558099 3.869929 -2.640100 0.204120 -0.665493 0.169400 0.697681
1520616881.513453 -298.802292 4.180136 -2.064405 0.201118 -0.698176 0.149362 0.670666
1520616881.563455 -297.932896 4.207230 -1.568529 0.188924 -0.726669 0.138917 0.645726
1520616881.613456 -297.186843 4.635177 -1.059689 0.187102 -0.749917 0.121161 0.622846
1520616881.663458 -296.406559 4.747245 -0.445434 0.180520 -0.778682 0.105222 0.591604
1520616881.713459 -296.036223 5.276295 0.312367 0.193872 -0.806459 0.086237 0.551906
1520616881.763461 -295.490991 5.226145 1.148680 0.186823 -0.840034 0.058288 0.506007
1520616881.813375 -295.236458 5.444422 2.089330 -0.198323 0.875303 -0.021438 -0.440516
1520616881.863377 -294.927267 5.277996 3.025575 -0.187735 0.901188 0.011997 -0.390477
1520616881.913379 -294.338204 5.776714 2.370029 -0.187389 0.899671 0.028775 -0.393256
1520616881.963380 -293.601677 6.188245 1.834324 -0.180874 0.903318 0.046955 -0.386130
1520616882.013382 -292.841582 6.440951 1.234307 -0.170403 0.907971 0.067295 -0.376861
1520616882.063384 -292.037391 6.668833 0.685897 -0.158239 0.911202 0.078242 -0.372221
1520616882.113385 -291.286916 6.904518 0.067333 -0.146149 0.910943 0.086655 -0.375917
1520616882.163387 -290.481677 7.098758 -0.491876 -0.134165 0.913891 0.094747 -0.371250
1520616882.213106 -289.714760 7.244218 -1.117876 -0.128778 0.908975 0.110729 -0.380684
1520616882.263107 -288.849649 7.597573 -1.467442 -0.132332 0.908854 0.111659 -0.379479
1520616882.313108 -287.953516 7.969746 -1.705986 -0.130565 0.911259 0.115468 -0.373131
1520616882.363110 -287.040745 8.226647 -2.026041 -0.118091 0.913323 0.124085 -0.369457
1520616882.413111 -286.168228 8.423626 -2.475463 -0.106182 0.910272 0.137589 -0.375765
1520616882.463113 -285.591227 8.544974 -3.287717 -0.105902 0.890641 0.181130 -0.403404
1520616882.513115 -284.719767 8.173532 -2.977447 -0.086162 0.904900 0.198254 -0.366644
1520616882.563116 -283.981433 7.690105 -2.509200 -0.064066 0.917794 0.218701 -0.325145
1520616882.613003 -284.494306 8.250883 -3.174423 -0.038578 0.928759 0.242251 -0.277906
1520616882.663004 -283.488767 8.301640 -3.196208 -0.023529 0.926959 0.253189 -0.275840
1520616882.713006 -282.516615 8.520693 -3.124821 -0.018401 0.930780 0.257766 -0.258584
1520616882.763103 -281.583078 8.851259 -2.991736 -0.014349 0.937401 0.258957 -0.232410
1520616882.813009 -280.664023 9.247276 -2.992729 -0.013710 0.941915 0.258505 -0.213971
1520616882.863010 -280.240239 8.612945 -2.350409 0.007973 0.945493 0.274262 -0.175383
1520616882.913012 -279.257940 8.692793 -2.146837 0.008895 0.946111 0.277570 -0.166582
1520616882.963013 -278.308026 8.948487 -1.970454 0.006216 0.947123 0.278428 -0.159366
1520616883.012996 -277.373210 9.180874 -1.702639 0.004856 0.947580 0.283120 -0.148024
1520616883.062998 -276.456054 9.345526 -1.339739 0.008270 0.947957 0.291098 -0.128732
1520616883.112999 -275.534786 9.435055 -0.960602 0.009606 0.947524 0.298401 -0.114293
1520616883.163001 -274.680894 9.514107 -0.446920 0.007804 0.949145 0.301302 -0.090995
1520616883.213001 -273.765448 9.531892 -0.043189 0.016075 0.949991 0.303231 -0.072866
1520616883.263004 -272.931934 9.316602 0.465468 0.029159 0.949756 0.306896 -0.054103
1520616883.313005 -272.308432 8.902879 1.128375 0.038759 0.948932 0.311861 -0.027709
1520616883.363007 -271.381591 8.845452 1.503482 0.051718 0.949181 0.309816 -0.019869
1520616883.413009 -271.211637 8.217651 2.265119 0.089876 0.939431 0.330216 0.018691
1520616883.463503 -270.996456 7.706009 3.098045 0.113284 0.933105 0.338636 0.042503
1520616883.513505 -270.759619 7.255995 3.959332 0.145388 0.925103 0.346003 0.057695
1520616883.563505 -270.767024 6.448111 4.542662 0.170564 0.915095 0.358944 0.068330
1520616883.613508 -270.953262 5.707503 5.190095 0.192705 0.907212 0.366828 0.072591
1520616883.663510 -271.068064 4.817142 5.625336 0.215580 0.895480 0.382413 0.073497
1520616883.713511 -271.914673 4.413906 5.991598 0.218984 0.887653 0.395052 0.089731
1520616883.763512 -272.217618 3.641846 6.550514 0.235219 0.878539 0.406164 0.088723
1520616883.813515 -272.443096 2.828253 7.086072 0.250345 0.870623 0.415336 0.082698
1520616883.865299 -272.598906 1.924218 7.480705 0.265428 0.861026 0.428092 0.070136
1520616883.915301 -272.318571 2.835570 7.184245 0.272400 0.856739 0.434281 0.056529
1520616883.965302 -272.569176 1.894975 7.392612 0.279406 0.853186 0.438318 0.043394
1520616884.015304 -272.256149 2.817598 7.193347 0.279465 0.854691 0.436657 0.027070
1520616884.065305 -272.574462 2.821615 6.249759 0.288019 0.849272 0.442459 0.003516
1520616884.115307 -273.102549 2.263133 5.618407 0.302491 0.832252 0.464417 -0.013138
1520616884.165308 -273.396347 1.392701 6.038409 0.302667 0.830777 0.466269 -0.028193
1520616884.215310 -273.294624 1.399559 5.027442 0.317606 0.824594 0.464431 -0.058951
1520616884.266737 -273.330412 0.412964 5.228301 0.321157 0.820107 0.467552 -0.075354
1520616884.316739 -273.733164 0.264458 6.134531 0.333056 0.820409 0.457226 -0.083356
1520616884.366741 -274.122240 1.084430 5.689076 0.328059 0.818927 0.462051 -0.090805
1520616884.416839 -274.214167 1.952462 5.203531 0.323841 0.816935 0.465760 -0.103977
1520616884.466743 -274.118540 1.041127 5.626616 0.316875 0.814364 0.473444 -0.110689
1520616884.516745 -274.250837 1.697261 4.860611 0.316154 0.808158 0.478581 -0.133746
1520616884.566746 -274.377306 2.030317 5.803308 0.321242 0.808461 0.470538 -0.147609
1520616884.616748 -274.686684 2.171521 6.746083 0.325668 0.808580 0.464731 -0.155448
1520616884.668346 -275.163385 2.036642 7.616312 0.328212 0.803418 0.468094 -0.166388
1520616884.718347 -275.784525 1.768697 8.352227 0.326039 0.799020 0.473990 -0.174926
1520616884.768349 -276.609324 1.645889 8.902992 0.329291 0.792158 0.481400 -0.179744
1520616884.818350 -277.230326 1.357546 9.633982 0.326721 0.786967 0.488571 -0.187710
1520616884.868352 -277.843642 0.953940 10.312591 0.314677 0.781951 0.503282 -0.190362
1520616884.918353 -278.562495 0.365493 10.674936 0.287956 0.774622 0.530461 -0.188820
1520616884.968355 -277.929828 -0.255722 11.162801 0.288488 0.756498 0.536366 -0.238320
1520616885.018356 -277.243229 -0.899695 11.500196 0.277603 0.738972 0.541577 -0.289052
1520616885.069706 -276.403933 -0.973071 12.031962 0.271229 0.736124 0.509121 -0.354050
1520616885.119708 -276.427373 -1.662959 12.753411 0.265633 0.726610 0.519386 -0.362927
1520616885.169709 -276.375250 -2.356151 13.472969 0.257961 0.720465 0.527445 -0.369037
1520616885.219711 -276.119346 -2.788450 14.337359 0.241217 0.721008 0.532550 -0.371958
1520616885.269712 -275.887298 -3.477745 15.024086 0.229033 0.716279 0.541286 -0.376160
1520616885.319714 -275.737987 -4.166864 15.732314 0.220495 0.710652 0.550529 -0.378516
1520616885.369716 -275.241358 -4.910926 16.186204 0.206259 0.701765 0.563138 -0.384524
1520616885.419718 -275.080536 -5.839126 16.511386 0.195838 0.687540 0.586266 -0.381089
1520616885.471258 -275.071170 -6.829371 16.401312 0.183065 0.671336 0.611250 -0.377053
1520616885.521259 -274.717013 -7.172608 17.268312 0.166594 0.678930 0.607998 -0.376351
1520616885.571262 -274.918603 -8.044822 16.856957 0.136459 0.657335 0.642106 -0.370121
1520616885.621264 -274.535579 -8.616899 17.588710 0.112188 0.666283 0.633434 -0.377151
1520616885.671264 -274.678419 -9.596953 17.599326 0.087277 0.659549 0.646937 -0.372626
1520616885.721267 -274.274443 -10.502392 17.442948 0.061560 0.649297 0.657394 -0.377435
1520616885.771267 -274.133618 -11.488272 17.368065 0.031467 0.643499 0.669745 -0.369269
1520616885.821269 -273.782223 -12.426499 17.399284 0.006993 0.638954 0.675491 -0.367969
1520616885.871270 -273.691572 -13.418265 17.474736 -0.015848 0.638708 0.680243 -0.359263
1520616885.920545 -273.259253 -14.278828 17.203331 -0.046764 0.632325 0.686056 -0.356798
1520616885.970546 -273.099750 -15.255730 17.065140 -0.070610 0.629152 0.689142 -0.352513
1520616886.020548 -272.843409 -16.212152 16.921711 -0.086220 0.630222 0.685374 -0.354470
1520616886.070647 -272.948354 -17.206449 16.899102 -0.093625 0.637595 0.678421 -0.352779
1520616886.120551 -272.278933 -17.873570 16.557951 -0.114247 0.638875 0.669297 -0.361701
1520616886.170552 -271.885689 -18.677625 16.118288 -0.130778 0.637987 0.665462 -0.364731
1520616886.220554 -271.260031 -19.009932 15.406995 -0.139450 0.634258 0.664113 -0.370438
1520616886.270556 -270.486023 -19.456267 14.957717 -0.141332 0.633265 0.662060 -0.375070
1520616886.318944 -270.039671 -20.346715 14.881075 -0.141220 0.635726 0.662975 -0.369288
1520616886.368946 -269.284403 -20.961398 14.640491 -0.139895 0.635523 0.662404 -0.371162
1520616886.418947 -268.727187 -21.764377 14.437903 -0.134285 0.635399 0.665301 -0.368254
1520616886.468949 -268.077036 -22.524943 14.388054 -0.129627 0.638117 0.667075 -0.361959
1520616886.518950 -267.576238 -23.388542 14.435376 -0.124168 0.641468 0.669572 -0.353234
1520616886.568952 -267.087838 -24.205379 14.135093 -0.116619 0.639699 0.676540 -0.345658
1520616886.618953 -266.559661 -24.791207 13.519438 -0.114793 0.633655 0.685189 -0.340323
1520616886.668955 -266.167838 -25.688960 13.311720 -0.112623 0.633008 0.688057 -0.336444
1520616886.717357 -265.673379 -26.466184 12.922596 -0.112996 0.635164 0.686245 -0.335957
1520616886.767358 -265.313270 -27.332985 12.579508 -0.120033 0.640981 0.681104 -0.332916
1520616886.817360 -264.984740 -28.205758 12.219681 -0.126448 0.651658 0.669715 -0.332917
1520616886.867361 -264.522928 -29.067476 12.002803 -0.134703 0.665529 0.652851 -0.335727
1520616886.917363 -264.112213 -29.977925 11.947451 -0.142324 0.678500 0.638935 -0.333383
1520616886.967364 -263.548826 -30.780764 11.751597 -0.159290 0.680794 0.633033 -0.332287
1520616887.017367 -262.979109 -31.601507 11.819087 -0.182439 0.676938 0.632427 -0.329405
1520616887.067368 -262.219463 -32.251480 11.761854 -0.197803 0.672175 0.632338 -0.330459
1520616887.115808 -261.274906 -32.582753 11.693552 -0.211694 0.668973 0.630441 -0.331972
1520616887.165809 -260.517477 -33.154789 11.391597 -0.227170 0.660786 0.633712 -0.331911
1520616887.215811 -259.833486 -33.615462 10.826483 -0.237205 0.650757 0.639361 -0.333866
1520616887.265813 -259.096883 -34.268530 10.645929 -0.245455 0.647719 0.640025 -0.332537
1520616887.315814 -258.417227 -34.999812 10.715723 -0.243245 0.650267 0.640866 -0.327529
1520616887.365816 -257.671967 -35.667165 10.715748 -0.234665 0.650591 0.647120 -0.320780
1520616887.415817 -257.050524 -36.413349 10.957563 -0.228871 0.651770 0.652528 -0.311483
1520616887.465818 -256.638788 -37.291579 11.195524 -0.218494 0.654724 0.656912 -0.303421
1520616887.514791 -256.226806 -38.199783 11.164872 -0.203179 0.654744 0.663779 -0.299043
1520616887.564792 -255.460668 -38.819246 11.364814 -0.192214 0.659885 0.663462 -0.295676
1520616887.614794 -254.961266 -39.675815 11.471209 -0.183551 0.663595 0.667045 -0.284607
1520616887.664795 -254.575252 -40.565978 11.242620 -0.177521 0.660663 0.675269 -0.275721
1520616887.714895 -253.896231 -41.242639 10.949172 -0.171014 0.655530 0.683000 -0.273032
1520616887.764798 -253.330357 -41.832709 10.375000 -0.167746 0.644609 0.693142 -0.275490
1520616887.814800 -252.964059 -42.668505 9.966492 -0.169438 0.639475 0.698041 -0.274047
1520616887.864802 -252.596830 -43.457822 9.475149 -0.175423 0.631266 0.703829 -0.274508
1520616887.914803 -252.479665 -44.452732 9.554204 -0.179760 0.631321 0.703513 -0.272378
1520616887.964261 -251.832539 -45.211632 9.451284 -0.183412 0.632053 0.699091 -0.279536
1520616888.014262 -251.082237 -45.845211 9.653462 -0.193327 0.634334 0.691715 -0.285963
1520616888.064264 -250.566209 -46.694067 9.738583 -0.202260 0.635592 0.685896 -0.290966
1520616888.114265 -250.517430 -47.622431 10.108961 -0.202449 0.640860 0.682394 -0.287492
1520616888.164267 -249.822519 -48.335764 10.003441 -0.202649 0.639401 0.681952 -0.291618
1520616888.214268 -249.302152 -49.174096 9.851203 -0.198358 0.636787 0.686907 -0.288643
1520616888.264270 -248.527671 -49.705728 9.500990 -0.185037 0.633144 0.693273 -0.290280
1520616888.314272 -247.851408 -50.352256 9.150508 -0.171015 0.628970 0.702986 -0.284537
1520616888.364781 -247.403297 -51.135036 8.722540 -0.158555 0.626846 0.712508 -0.272501
1520616888.414783 -246.957571 -51.868718 8.209937 -0.134159 0.626832 0.720730 -0.263878
1520616888.464784 -246.605611 -52.786165 8.012868 -0.118268 0.627425 0.728772 -0.247470
1520616888.514786 -246.430828 -53.766220 7.912949 -0.108732 0.627987 0.735339 -0.230407
1520616888.564788 -246.290774 -54.750720 7.807113 -0.091488 0.629866 0.742911 -0.207320
1520616888.614789 -245.316796 -54.852771 8.054007 -0.089072 0.635316 0.741325 -0.197171
1520616888.664791 -245.397029 -55.833943 7.906348 -0.066258 0.639279 0.746454 -0.172449
1520616888.714793 -245.214472 -56.800694 8.108182 -0.055344 0.640375 0.753090 -0.140401
1520616888.766264 -245.187679 -57.792954 8.014942 -0.042389 0.638198 0.760420 -0.112551
1520616888.816266 -244.567868 -58.555921 8.230693 -0.041247 0.636519 0.764782 -0.090833
1520616888.866267 -244.645345 -59.518657 7.989755 -0.029478 0.627386 0.775439 -0.064900
1520616888.916269 -244.291472 -60.442671 7.826809 -0.029134 0.618049 0.784133 -0.047982
1520616888.966271 -244.365044 -61.200719 7.183363 -0.024311 0.607016 0.793447 -0.037189
1520616889.016272 -244.526766 -62.057581 6.690783 -0.010671 0.600613 0.798944 -0.028971
1520616889.066273 -244.668593 -63.032543 6.502025 0.002188 0.598601 0.800733 -0.022320
1520616889.116275 -244.792035 -64.017052 6.372425 0.006788 0.597426 0.801836 -0.009748
1520616889.165065 -245.014139 -64.816928 5.820653 0.020473 0.592476 0.805328 0.000392
1520616889.215066 -245.553983 -65.661991 5.745040 0.036001 0.590374 0.806132 0.017723
1520616889.265067 -246.002354 -66.495274 5.430064 0.054167 0.584986 0.808637 0.031027
1520616889.315069 -246.471817 -67.264363 4.998641 0.078868 0.576341 0.812233 0.043459
1520616889.365167 -246.816940 -68.069320 4.518175 0.101405 0.567240 0.815346 0.056274
1520616889.415071 -246.753462 -69.001653 4.156695 0.118918 0.559081 0.817522 0.070321
1520616889.465074 -247.193624 -69.779139 3.705491 0.136468 0.548502 0.820103 0.089178
1520616889.515075 -248.010800 -70.184819 3.286633 0.156310 0.528192 0.825824 0.120811
1520616889.563895 -247.533452 -71.072887 3.372515 0.160482 0.522710 0.827339 0.128569
1520616889.613896 -247.824226 -71.895173 2.892864 0.184555 0.504830 0.831713 0.139065
1520616889.663898 -247.133166 -72.521385 3.268199 0.200423 0.504624 0.828035 0.139800
1520616889.713899 -247.740423 -73.211532 2.880142 0.236178 0.490736 0.824392 0.154192
1520616889.763901 -248.745314 -73.258294 2.913248 0.263507 0.481105 0.816230 0.181301
1520616889.813902 -249.037598 -74.144255 2.565438 0.283247 0.472981 0.812201 0.190758
1520616889.863904 -248.367638 -74.849610 2.812594 0.294273 0.475812 0.809083 0.179979
1520616889.913906 -248.875338 -75.633152 2.465258 0.311412 0.463600 0.808389 0.186022
1520616889.963425 -249.589065 -76.207498 2.062600 0.327405 0.449109 0.808918 0.191726
1520616890.013427 -250.316941 -76.554263 1.471578 0.347402 0.434393 0.809277 0.188906
1520616890.063428 -250.427028 -77.555995 1.490671 0.356525 0.432457 0.807977 0.181779
1520616890.113430 -250.894299 -78.339675 1.091151 0.366930 0.425831 0.807886 0.177060
1520616890.163431 -250.870751 -79.340913 1.014454 0.378193 0.419836 0.808680 0.163537
1520616890.213434 -251.585603 -79.972128 0.712419 0.393217 0.403594 0.811545 0.154550
1520616890.263435 -252.489692 -79.556570 0.540026 0.413747 0.372226 0.815174 0.160474
1520616890.313437 -253.247312 -79.965264 0.044804 0.424336 0.343553 0.823523 0.154012
1520616890.363438 -253.361192 -80.966170 0.078444 0.428626 0.328569 0.830011 0.139299
1520616890.413210 -253.685781 -81.895770 -0.086136 0.431731 0.312403 0.837283 0.122355
1520616890.463211 -254.013316 -82.829036 -0.237031 0.429098 0.297413 0.846648 0.102988
1520616890.513212 -254.614576 -82.756648 -1.034368 0.421149 0.279166 0.857307 0.098612
1520616890.563214 -255.313858 -82.962689 -1.718588 0.412632 0.263764 0.867652 0.085693
1520616890.613215 -256.110002 -83.350335 -2.187851 0.406056 0.248324 0.876942 0.066525
1520616890.663217 -256.940256 -83.902461 -2.058314 0.400914 0.239352 0.883499 0.037537
1520616890.713219 -257.835602 -84.245259 -1.769297 0.394721 0.232512 0.888687 0.019187
1520616890.763220 -258.602410 -84.690736 -2.215474 0.374815 0.223497 0.899749 -0.003806
1520616890.812941 -259.487205 -84.941853 -2.611912 0.357355 0.216706 0.908218 -0.021799
1520616890.862942 -260.197136 -85.078197 -3.299566 0.333065 0.213556 0.917952 -0.028748
1520616890.912944 -260.918699 -85.220018 -3.977963 0.308479 0.212592 0.926563 -0.033563
1520616890.962945 -261.919445 -85.308885 -4.041210 0.295996 0.214712 0.930047 -0.036017
1520616891.013042 -262.759399 -85.501855 -4.539541 0.269120 0.217131 0.937563 -0.037462
1520616891.062949 -263.425017 -85.708914 -5.253815 0.247452 0.217531 0.943505 -0.035311
1520616891.112950 -263.847791 -86.136952 -6.052088 0.221552 0.214743 0.950604 -0.033942
1520616891.162952 -264.331180 -86.613110 -6.787966 0.197063 0.209141 0.957360 -0.029800
1520616891.213150 -264.793325 -87.290951 -7.364197 0.171287 0.202177 0.963959 -0.023820
1520616891.263152 -264.330634 -86.574382 -6.847031 0.137231 0.189968 0.972106 -0.009478
1520616891.313153 -264.724288 -87.130593 -7.567287 0.109324 0.190425 0.975595 0.000437
1520616891.363155 -265.639815 -87.484863 -7.791287 0.107153 0.192585 0.975127 0.023583
1520616891.413157 -266.510335 -87.978832 -7.806316 0.107691 0.205996 0.971627 0.043687
1520616891.463158 -265.637492 -88.265796 -7.387058 0.086633 0.203948 0.973031 0.064117
1520616891.513160 -266.124815 -87.627423 -7.996619 0.088532 0.179566 0.976169 0.083739
1520616891.563161 -266.424277 -87.683176 -8.942753 0.070873 0.175124 0.975622 0.111667
1520616891.613391 -266.160266 -87.835743 -9.897147 0.055654 0.171806 0.973969 0.137003
1520616891.663392 -265.643171 -88.162362 -10.691689 0.042033 0.165217 0.972277 0.160043
1520616891.713394 -266.154095 -88.039292 -11.548586 0.052100 0.149084 0.970393 0.182748
1520616891.763395 -266.699786 -88.059632 -12.385632 0.065349 0.130504 0.967004 0.208809
1520616891.813397 -267.280045 -87.858091 -13.176385 0.087102 0.109603 0.963774 0.227026
1520616891.863399 -267.964613 -87.759240 -13.898359 0.113407 0.087829 0.956270 0.254896
1520616891.913400 -267.605342 -88.500578 -14.480394 0.114807 0.083446 0.953027 0.267572
1520616891.963402 -268.404640 -88.467354 -15.095462 0.148068 0.064918 0.942939 0.291081
1520616892.013287 -268.019938 -89.252954 -15.597115 0.151636 0.066227 0.942437 0.290572
1520616892.063288 -268.363000 -88.942439 -16.484234 0.170676 0.054205 0.938084 0.296528
1520616892.113290 -268.838810 -88.355637 -17.143873 0.189286 0.041261 0.932536 0.304706
1520616892.163292 -268.941827 -87.745661 -17.930794 0.206996 0.026989 0.930860 0.299874
1520616892.213293 -269.484173 -87.122970 -18.495402 0.227782 0.015863 0.926545 0.298961
1520616892.263295 -269.879551 -86.715533 -19.314780 0.238159 0.007466 0.925889 0.293180
1520616892.313296 -270.032049 -86.141405 -20.121783 0.245837 -0.010591 0.926306 0.285323
1520616892.363297 -270.576207 -85.699529 -20.833647 0.266237 -0.029645 0.923701 0.273888
1520616892.413119 -271.201312 -85.172319 -21.410942 0.284811 -0.050085 0.919333 0.266833
1520616892.463120 -271.831260 -84.620592 -21.957328 0.301289 -0.068588 0.914602 0.260815
1520616892.513122 -272.502435 -84.148579 -22.526991 0.321654 -0.083811 0.908833 0.252066
1520616892.563123 -273.125154 -83.695800 -23.163513 0.344198 -0.094236 0.904329 0.234170
1520616892.613126 -273.874744 -83.093720 -23.449937 0.368640 -0.106776 0.896797 0.220134
1520616892.663224 -274.842512 -82.844664 -23.497585 0.403456 -0.117764 0.882871 0.209507
1520616892.713128 -275.632580 -82.258790 -23.681049 0.428527 -0.134220 0.871462 0.197242
1520616892.763130 -276.427936 -81.698911 -23.908683 0.456060 -0.153649 0.856116 0.188326
1520616892.813131 -277.299284 -81.212479 -23.825783 0.487458 -0.172007 0.837492 0.177218
1520616892.862973 -277.178243 -81.230725 -24.824266 0.491989 -0.180873 0.833336 0.175453
1520616892.912974 -277.107979 -80.886442 -25.759804 0.498564 -0.196967 0.826511 0.171810
1520616892.962976 -276.891091 -80.822055 -26.736584 0.501408 -0.207769 0.823121 0.167014
1520616893.012978 -276.693080 -80.635720 -27.698419 0.506194 -0.219216 0.817745 0.164333
1520616893.062979 -276.362354 -80.442236 -28.623609 0.509374 -0.231388 0.812699 0.162841
1520616893.112981 -276.256965 -80.043883 -29.532231 0.520653 -0.248297 0.802577 0.152113
1520616893.162982 -276.095187 -79.612305 -30.420502 0.532980 -0.264030 0.789777 0.149910
1520616893.212984 -275.740890 -79.291367 -31.301549 0.532317 -0.278809 0.782915 0.161084
1520616893.263008 -275.914472 -79.016975 -32.242759 0.543196 -0.286335 0.771591 0.166126
1520616893.313010 -275.910699 -78.672000 -33.183083 0.549835 -0.294820 0.761295 0.176612
1520616893.363011 -276.793466 -78.191153 -33.077955 0.586141 -0.308202 0.724600 0.190799
1520616893.413013 -276.951975 -77.384680 -33.653738 0.596108 -0.321424 0.710708 0.190357
1520616893.463015 -277.054680 -76.857994 -34.497906 0.605399 -0.326610 0.701129 0.187712
1520616893.513016 -276.816704 -76.426779 -35.372559 0.603336 -0.331061 0.697936 0.198163
1520616893.563018 -276.767799 -75.982970 -36.265181 0.607043 -0.337142 0.690977 0.200958
1520616893.613019 -276.365681 -75.705381 -37.141997 0.594331 -0.350033 0.688419 0.224337
1520616893.663285 -276.367337 -75.485619 -38.114093 0.595870 -0.359667 0.682946 0.221728
1520616893.713287 -276.460379 -75.127271 -39.041672 0.599017 -0.366493 0.677515 0.218714
1520616893.763289 -276.557760 -74.782261 -39.975325 0.605173 -0.373240 0.669751 0.214220
1520616893.813290 -276.434260 -74.314986 -40.852843 0.603793 -0.385803 0.661566 0.221177
1520616893.863292 -276.997952 -73.493763 -40.710197 0.632137 -0.408318 0.626654 0.202446
1520616893.913293 -277.139010 -73.063150 -41.605898 0.635672 -0.418017 0.616821 0.201778
1520616893.963294 -277.155655 -72.571818 -42.477919 0.628752 -0.431039 0.612646 0.208665
1520616894.013296 -277.398824 -72.101159 -43.323820 0.630225 -0.447793 0.600104 0.205363
1520616894.063311 -277.593556 -71.603263 -44.169382 0.626380 -0.465804 0.591904 0.200807
1520616894.113312 -278.101152 -70.738265 -44.217105 0.635561 -0.492665 0.565440 0.183363
1520616894.163314 -278.525312 -69.842692 -44.073520 0.646260 -0.504946 0.546844 0.168343
1520616894.213315 -278.724563 -69.120714 -44.737482 0.641601 -0.511664 0.547660 0.163148
1520616894.263317 -278.914181 -68.174062 -44.452425 0.647015 -0.526463 0.531821 0.146205
1520616894.313416 -279.145078 -67.321720 -43.982565 0.653697 -0.538631 0.516123 0.127175
1520616894.363320 -279.161466 -66.433936 -44.443573 0.647963 -0.541207 0.519270 0.132657
1520616894.413321 -279.342598 -65.521079 -44.805875 0.647038 -0.545919 0.516912 0.126952
1520616894.463087 -279.637488 -65.029239 -45.626471 0.643424 -0.549417 0.521124 0.112146
1520616894.513088 -279.407439 -65.666858 -46.369872 0.641150 -0.559589 0.517586 0.088832
1520616894.563090 -279.350241 -64.661646 -46.304664 0.629000 -0.571406 0.520846 0.081078
1520616894.613091 -279.249136 -63.839274 -45.742059 0.609706 -0.589395 0.523290 0.083903
1520616894.663093 -280.250566 -63.805323 -45.776544 -0.589771 0.606418 -0.528841 -0.068955
1520616894.713095 -281.226516 -63.595553 -45.710647 -0.566502 0.626442 -0.532411 -0.056438
1520616894.763096 -281.057909 -62.622229 -45.490201 -0.540107 0.649446 -0.530186 -0.073541
1520616894.813098 -281.953206 -62.241620 -45.242094 -0.527485 0.657304 -0.533053 -0.074605
1520616894.863099 -282.042037 -61.241231 -45.258855 -0.504057 0.672305 -0.536257 -0.079755
1520616894.913095 -282.808438 -60.709813 -44.883748 -0.491135 0.678111 -0.541317 -0.076997
1520616894.963096 -283.517591 -60.409323 -44.242760 -0.478279 0.681615 -0.548755 -0.074283
1520616895.013098 -283.610040 -59.480185 -43.877510 -0.465572 0.676715 -0.563457 -0.088407
1520616895.063100 -284.173405 -58.999703 -43.201018 -0.457499 0.675649 -0.570739 -0.091929
1520616895.113101 -284.653842 -58.770257 -42.354924 -0.455296 0.676621 -0.570541 -0.096810
1520616895.163103 -285.184407 -58.453939 -41.568462 -0.449480 0.675331 -0.576731 -0.096314
1520616895.213104 -285.549605 -57.640088 -41.119838 -0.446195 0.665383 -0.588267 -0.110076
1520616895.263106 -286.127954 -57.365337 -40.350031 -0.448003 0.656539 -0.595518 -0.116659
1520616895.313103 -286.851676 -57.037580 -39.743896 -0.451990 0.646083 -0.602684 -0.122695
1520616895.363104 -287.625987 -56.773899 -39.168892 -0.460200 0.634134 -0.607411 -0.130930
1520616895.413106 -287.797300 -55.855950 -38.801665 -0.467995 0.623653 -0.606664 -0.154907
1520616895.463107 -288.631755 -55.530439 -38.351322 -0.482659 0.609341 -0.605923 -0.169119
1520616895.513109 -289.453261 -55.189666 -37.894475 0.497948 -0.592335 0.606202 0.183592
1520616895.563110 -289.905179 -54.443005 -37.400898 0.513918 -0.577491 0.601177 0.202432
1520616895.613112 -290.788184 -53.984370 -37.360722 0.532675 -0.560294 0.596381 0.216004
1520616895.663113 -291.462129 -53.245743 -37.372077 0.545581 -0.550478 0.587207 0.233460
1520616895.713941 -291.613600 -52.253905 -37.420644 0.547987 -0.554960 0.570863 0.256602
1520616895.763943 -292.126983 -51.403526 -37.507149 0.555279 -0.551028 0.558179 0.276529
1520616895.813944 -292.923902 -50.901545 -37.837959 0.569076 -0.538535 0.551685 0.285967
1520616895.863946 -293.091869 -49.924092 -38.010453 0.576291 -0.539413 0.536016 0.299347
1520616895.913947 -293.743807 -49.168952 -37.965375 0.597896 -0.525976 0.518322 0.311788
1520616895.964045 -294.290430 -48.430526 -38.355842 0.608635 -0.514348 0.509654 0.324442
1520616896.013950 -294.853858 -47.611374 -38.476768 0.627400 -0.503785 0.492256 0.332045
1520616896.063952 -295.262857 -46.702727 -38.577018 0.641098 -0.501116 0.471078 0.340533
1520616896.114514 -295.745152 -45.842563 -38.736453 0.651586 -0.499271 0.455015 0.345147
1520616896.164516 -295.692315 -45.126049 -38.036433 0.664761 -0.511817 0.419829 0.346235
1520616896.214517 -295.635505 -44.387498 -37.364536 0.671706 -0.533332 0.386015 0.339648
1520616896.264519 -296.193209 -44.337103 -36.538480 0.699756 -0.546871 0.348992 0.299129
1520616896.314521 -296.557036 -43.415057 -36.405198 0.699075 -0.561803 0.332146 0.292147
1520616896.364522 -296.718892 -42.442189 -36.229306 0.695001 -0.582342 0.314230 0.281267
1520616896.414524 -297.062362 -41.599967 -35.816407 0.694016 -0.600730 0.298307 0.261685
1520616896.464525 -297.276662 -40.697496 -35.440474 0.690331 -0.618737 0.286219 0.242251
1520616896.515710 -297.815083 -39.958376 -35.838166 0.681370 -0.632124 0.292268 0.225243
1520616896.565712 -298.188516 -39.208490 -35.278113 0.668750 -0.652939 0.289307 0.206751
1520616896.615713 -298.309759 -38.271816 -34.945066 -0.649600 0.674771 -0.291605 -0.194089
1520616896.665715 -298.890114 -37.525089 -34.629508 -0.630415 0.693977 -0.296679 -0.181533
1520616896.715716 -298.999467 -36.709419 -34.052456 -0.609446 0.714481 -0.297342 -0.172280
1520616896.765718 -299.253022 -35.892948 -33.536892 -0.583472 0.736688 -0.301481 -0.161123
1520616896.815718 -299.989292 -35.306271 -33.206239 -0.564018 0.751178 -0.309302 -0.148146
1520616896.865721 -300.672175 -35.053187 -32.514758 -0.543549 0.766333 -0.310490 -0.144513
1520616896.916612 -300.649673 -34.333317 -31.812973 -0.529605 0.773161 -0.309392 -0.161295
1520616896.966613 -301.588326 -34.536899 -31.510885 -0.533423 0.769250 -0.315818 -0.154836
1520616897.016614 -302.354663 -34.664138 -30.877904 -0.542917 0.760457 -0.316901 -0.162849
1520616897.066616 -302.917254 -34.629321 -30.050154 -0.556736 0.747259 -0.317440 -0.175730
1520616897.116618 -302.790690 -34.087699 -29.212128 -0.580333 0.722958 -0.315342 -0.202742
1520616897.166620 -303.240180 -33.333517 -28.747111 -0.597383 0.704957 -0.317065 -0.213633
1520616897.216621 -303.505216 -32.998288 -27.840185 -0.617754 0.689982 -0.309430 -0.215771
1520616897.266622 -303.925114 -32.535278 -27.061567 -0.641755 0.667913 -0.306387 -0.219474
1520616897.316624 -303.664716 -31.566725 -26.963567 0.664698 -0.643822 0.299994 0.231674
1520616897.366304 -303.714846 -30.591993 -26.755990 0.687639 -0.621623 0.290364 0.237540
1520616897.416306 -304.027543 -29.647436 -26.685553 0.708880 -0.602155 0.279438 0.238355
1520616897.466308 -304.526345 -28.782571 -26.697392 0.725190 -0.588964 0.268272 0.235055
1520616897.516309 -304.737358 -27.884795 -27.093315 0.732872 -0.582663 0.256992 0.239495
1520616897.566311 -304.456940 -27.313173 -26.317413 0.735083 -0.605897 0.216245 0.213962
1520616897.616409 -304.944132 -26.505058 -26.621025 0.741259 -0.604683 0.208318 0.203708
1520616897.666314 -305.016544 -25.523517 -26.819588 0.740624 -0.610377 0.197633 0.199645
1520616897.716315 -305.530365 -24.696942 -27.033288 0.740653 -0.617610 0.190281 0.183805
1520616897.767572 -305.825432 -23.801057 -27.371695 0.730809 -0.626215 0.197548 0.186410
1520616897.817573 -305.714721 -23.474981 -26.425562 0.727162 -0.645933 0.159597 0.168926
1520616897.867575 -306.222590 -22.632549 -26.317784 0.718926 -0.656693 0.156747 0.165319
1520616897.917577 -306.866450 -21.877816 -26.198579 0.709125 -0.668152 0.158483 0.159996
1520616897.967578 -307.269975 -21.015951 -25.882828 0.691520 -0.686326 0.158013 0.160588
1520616898.017580 -307.556170 -20.080607 -25.673431 -0.669671 0.706686 -0.160665 -0.162241
1520616898.067581 -307.565927 -19.683407 -24.750547 -0.654009 0.724404 -0.146638 -0.161275
1520616898.117583 -307.550206 -18.981669 -24.039175 -0.638614 0.738192 -0.141775 -0.164756
1520616898.166029 -307.319812 -18.093400 -23.638498 -0.621568 0.751092 -0.141945 -0.171362
1520616898.216031 -307.265701 -17.448636 -22.875545 -0.606260 0.761471 -0.145570 -0.177259
1520616898.266033 -306.805835 -16.843280 -22.222505 -0.591549 0.770568 -0.149284 -0.184416
1520616898.316034 -306.731461 -16.097231 -21.565268 -0.578180 0.776612 -0.159149 -0.193013
1520616898.366036 -306.429977 -15.454964 -20.858478 -0.566215 0.780596 -0.166009 -0.206183
1520616898.416038 -306.111375 -14.912877 -20.080997 -0.555802 0.783867 -0.169976 -0.218507
1520616898.466039 -305.782440 -14.575287 -19.199776 -0.544595 0.788079 -0.172681 -0.229192
1520616898.516040 -305.284042 -13.936065 -18.610746 -0.541743 0.783735 -0.179767 -0.244863
1520616898.564525 -304.976040 -13.778520 -17.674658 -0.543894 0.778756 -0.179521 -0.255911
1520616898.614527 -304.465663 -12.961856 -17.391453 -0.552445 0.766001 -0.185295 -0.271501
1520616898.664529 -304.491931 -12.084923 -16.919972 -0.559674 0.753703 -0.195176 -0.283907
1520616898.714530 -304.286103 -11.854744 -15.969151 -0.569283 0.742014 -0.196920 -0.294203
1520616898.764531 -304.136111 -11.642794 -15.003866 -0.576985 0.731210 -0.200720 -0.303534
1520616898.814533 -304.396093 -10.753336 -14.648408 -0.578089 0.717348 -0.218671 -0.321571
1520616898.864535 -304.849118 -11.180012 -13.865191 -0.593812 0.705328 -0.219973 -0.318608
1520616898.914536 -304.618612 -10.735525 -12.987667 -0.602429 0.688626 -0.226883 -0.333763
1520616898.963912 -304.613227 -9.745012 -12.872354 -0.605760 0.669445 -0.242338 -0.355205
1520616899.013914 -304.352415 -8.881971 -12.434957 -0.612255 0.645535 -0.254217 -0.379212
1520616899.063916 -304.018515 -7.986980 -12.135786 -0.617947 0.621119 -0.264981 -0.402663
1520616899.113917 -303.715885 -7.127538 -11.725257 0.620518 -0.602545 0.274149 0.420404
1520616899.163919 -303.313838 -6.251726 -11.453578 0.624730 -0.580657 0.282740 0.438871
1520616899.213921 -303.056284 -5.329771 -11.168610 0.625297 -0.562376 0.294129 0.454119
1520616899.264014 -302.696196 -4.473332 -10.798279 0.622851 -0.550452 0.299687 0.468237
1520616899.313923 -302.385368 -3.579727 -10.475302 0.616055 -0.541139 0.303630 0.485236
1520616899.363558 -302.090917 -2.631555 -10.350795 0.605588 -0.539955 0.304514 0.498982
1520616899.413560 -301.817821 -1.712059 -10.072139 0.597080 -0.533497 0.304105 0.516136
1520616899.463561 -301.560323 -0.744796 -10.083128 0.587285 -0.523391 0.310092 0.533855
1520616899.513563 -301.216793 0.193689 -10.133069 0.579252 -0.517925 0.317571 0.543479
1520616899.563564 -300.828906 1.115116 -10.154950 0.571815 -0.517894 0.326447 0.546119
1520616899.613566 -300.475150 2.044640 -10.060983 0.565882 -0.523858 0.337331 0.539960
1520616899.663567 -300.395262 2.580540 -10.908559 0.553051 -0.526078 0.357339 0.538224
1520616899.713569 -300.081893 3.473482 -10.593252 0.542800 -0.534532 0.370082 0.531680
1520616899.763570 -300.183246 4.117654 -9.840617 0.537369 -0.541653 0.381541 0.521798
1520616899.813287 -300.192387 5.058992 -9.497268 0.527387 -0.549963 0.393808 0.514120
1520616899.863288 -299.933263 6.027874 -9.540933 0.512100 -0.553737 0.401563 0.519497
1520616899.913289 -299.451947 6.865613 -9.283737 0.500620 -0.554837 0.398556 0.531685
1520616899.963291 -299.060980 7.775817 -9.424974 0.487650 -0.555068 0.402090 0.540759
1520616900.013292 -298.705184 8.687029 -9.226842 0.475361 -0.550172 0.405917 0.553692
1520616900.063294 -298.222755 9.558355 -9.341325 0.465170 -0.540644 0.409939 0.568569
1520616900.113296 -298.522301 10.088884 -8.554961 0.465010 -0.533547 0.413901 0.572520
1520616900.163297 -297.917430 10.894552 -8.469384 0.460464 -0.518818 0.405082 0.595575
1520616900.213427 -298.504719 10.079032 -8.488220 0.454495 -0.500115 0.392105 0.624158
1520616900.263428 -298.201758 11.034602 -8.508307 0.447379 -0.483812 0.387964 0.644408
1520616900.313429 -297.968673 12.005858 -8.529461 0.443223 -0.466993 0.383307 0.662229
1520616900.363431 -297.685926 12.962538 -8.463635 0.443690 -0.451869 0.371910 0.678702
1520616900.413432 -297.247631 13.862862 -8.460767 0.445128 -0.442137 0.361503 0.689704
1520616900.463434 -297.035000 14.796989 -8.186773 0.453762 -0.437248 0.342149 0.697028
1520616900.513436 -296.392935 15.403177 -8.673223 0.457975 -0.427941 0.324996 0.708169
1520616900.563436 -296.011406 16.300968 -8.488803 0.469576 -0.424094 0.302788 0.712715
1520616900.613788 -295.477502 17.018604 -8.045468 0.485088 -0.431845 0.278756 0.707456
1520616900.663790 -294.820003 17.758989 -7.884489 0.494977 -0.440078 0.266428 0.700247
1520616900.713796 -294.404256 18.562925 -8.316548 0.502875 -0.443728 0.266957 0.692066
1520616900.763793 -294.001106 19.367270 -8.753581 0.509799 -0.454926 0.265795 0.680073
1520616900.813795 -293.466319 20.169846 -8.508637 0.525532 -0.469490 0.254993 0.662098
1520616900.863796 -292.600065 20.675920 -8.520468 0.528495 -0.500619 0.234281 0.644349
1520616900.913884 -291.806203 21.280998 -8.464337 0.534915 -0.523850 0.218877 0.625732
1520616900.963799 -291.875236 20.667446 -7.685782 0.549527 -0.517969 0.212190 0.620245
1520616901.013765 -291.607270 21.586189 -7.981720 0.562487 -0.512652 0.203932 0.615798
1520616901.063767 -291.194832 21.892593 -7.133815 0.581913 -0.513531 0.182569 0.603599
1520616901.113769 -290.565074 22.571960 -6.740679 0.592765 -0.514112 0.168153 0.596694
1520616901.163770 -289.863837 23.142887 -6.314598 0.601593 -0.515795 0.152445 0.590594
1520616901.213772 -289.072463 23.745245 -6.183450 0.599883 -0.525741 0.129522 0.589034
1520616901.263773 -288.367383 24.265901 -5.708416 0.601777 -0.534577 0.109499 0.583182
1520616901.313775 -287.805529 25.093471 -5.629903 0.594311 -0.555173 0.097431 0.573660
1520616901.363776 -287.338187 25.974644 -5.563472 0.589738 -0.565991 0.095071 0.568177
1520616901.413645 -286.974002 26.902293 -5.653683 0.582008 -0.578292 0.095055 0.563746
1520616901.463647 -286.558659 27.792933 -5.844678 0.570319 -0.589683 0.099082 0.563199
1520616901.513648 -286.056280 28.654618 -5.801665 0.558544 -0.602172 0.100768 0.561484
1520616901.563650 -285.229690 29.197466 -5.660812 0.539367 -0.619374 0.100033 0.561651
1520616901.613651 -284.502899 29.879950 -5.578209 0.520835 -0.632047 0.105129 0.564088
1520616901.663653 -283.840593 30.629209 -5.560557 0.501645 -0.643037 0.113303 0.567467
1520616901.713654 -282.908563 30.920255 -5.360381 0.478854 -0.659825 0.113525 0.567840
1520616901.763656 -282.116299 31.413100 -5.003050 0.460055 -0.674767 0.117585 0.564990
1520616901.813576 -281.282231 31.750340 -4.568732 0.443071 -0.686497 0.122477 0.563391
1520616901.863580 -280.320342 32.007149 -4.447494 0.423039 -0.698946 0.130989 0.561564
1520616901.913581 -279.479326 32.296431 -3.995816 0.411487 -0.710283 0.138165 0.554155
1520616901.963582 -278.706256 32.494675 -3.395794 0.404637 -0.725918 0.142758 0.537524
1520616902.013583 -277.964879 33.167518 -3.320033 0.403526 -0.732579 0.153869 0.526136
1520616902.063586 -277.185090 33.778004 -3.475798 0.407697 -0.732859 0.157295 0.521497
1520616902.113586 -276.517485 34.235383 -2.896427 0.412862 -0.737695 0.153077 0.511780
1520616902.163589 -275.836393 34.635510 -2.283358 0.418494 -0.744085 0.138601 0.501986
1520616902.213591 -275.187826 34.794890 -1.541696 -0.424502 0.747821 -0.115224 -0.497278
1520616902.263771 -274.498115 34.749272 -0.820581 -0.424135 0.756620 -0.087870 -0.489810
1520616902.313771 -273.787893 34.771275 -0.115382 -0.420064 0.766143 -0.061858 -0.482436
1520616902.363775 -273.121125 35.447719 0.205541 -0.422490 0.766600 -0.048075 -0.481160
1520616902.413774 -272.402997 35.461148 0.893580 -0.423227 0.772593 -0.027552 -0.472461
1520616902.463776 -271.592683 36.015510 1.109510 -0.426378 0.769782 -0.018157 -0.474666
1520616902.513777 -271.443861 36.499152 1.965792 -0.438655 0.770445 -0.004056 -0.462580
1520616902.563861 -271.242854 37.245277 2.601407 -0.448987 0.771405 0.002651 -0.450930
1520616902.613780 -270.892686 38.077436 3.036439 -0.456005 0.772301 0.012026 -0.442115
1520616902.664467 -270.037411 38.589558 3.158612 -0.449844 0.776044 0.028883 -0.441091
1520616902.714469 -269.083939 38.837854 3.321893 -0.437823 0.785549 0.052099 -0.434177
1520616902.764470 -268.113765 38.921143 3.544697 -0.425137 0.795454 0.079246 -0.424536
1520616902.814472 -267.845057 39.819129 3.202123 -0.425148 0.792882 0.093449 -0.426445
1520616902.864473 -267.330225 40.624271 2.904666 -0.414522 0.798440 0.113551 -0.421629
1520616902.914475 -266.599924 41.298275 2.799195 -0.400706 0.807230 0.131117 -0.413064
1520616902.964476 -265.887229 41.969450 2.591094 -0.388317 0.814472 0.145497 -0.405804
1520616903.014478 -265.045386 41.859646 3.109019 -0.375439 0.826790 0.175711 -0.380250
1520616903.064350 -264.509368 42.664619 2.836915 -0.371471 0.828453 0.184041 -0.376568
1520616903.114351 -264.064984 43.502278 2.519173 -0.355766 0.835995 0.195389 -0.369277
1520616903.164353 -263.396872 44.239312 2.423700 -0.337977 0.844644 0.200628 -0.363452
1520616903.214354 -262.873564 45.048695 2.154730 -0.318422 0.851382 0.204926 -0.362990
1520616903.264356 -262.416549 45.894301 1.881043 -0.295357 0.860125 0.208789 -0.359662
1520616903.314357 -262.207085 46.811896 1.545065 -0.296242 0.855145 0.204687 -0.372922
1520616903.364359 -261.739216 47.668058 1.325157 -0.279141 0.862027 0.199922 -0.372854
1520616903.414360 -261.266034 48.517329 1.091760 -0.265113 0.867593 0.192432 -0.374123
1520616903.463482 -260.754713 49.273286 0.678895 -0.246799 0.873965 0.188885 -0.373629
1520616903.513484 -259.997718 48.769291 1.075965 -0.216931 0.891197 0.195055 -0.347364
1520616903.563485 -259.368996 49.475600 0.738072 -0.212075 0.893239 0.185220 -0.350487
1520616903.613487 -258.684392 50.086670 0.339004 -0.208814 0.894531 0.179728 -0.352006
1520616903.663488 -257.955306 50.538828 -0.176795 -0.204083 0.894416 0.177608 -0.356126
1520616903.713491 -257.262358 50.785563 -0.855678 -0.200681 0.889873 0.182208 -0.366951
1520616903.763492 -256.611504 50.762942 -1.613607 -0.188436 0.888333 0.190903 -0.372709
1520616903.813493 -255.751157 51.104607 -1.986277 -0.181287 0.892762 0.183855 -0.369199
1520616903.863390 -254.960278 50.792372 -1.467403 -0.167208 0.907182 0.177375 -0.342929
1520616903.913391 -254.100209 50.908859 -1.986844 -0.160415 0.907978 0.175005 -0.345276
1520616903.963394 -253.249525 51.198924 -2.424159 -0.154404 0.910998 0.168963 -0.343064
1520616904.013395 -252.381551 51.427731 -2.864852 -0.141913 0.914984 0.164424 -0.340045
1520616904.063396 -251.487569 51.631331 -3.263351 -0.133663 0.918006 0.157601 -0.338468
1520616904.113400 -250.783413 51.234833 -2.679328 -0.109564 0.932166 0.147886 -0.311756
1520616904.163399 -250.134376 50.697150 -2.143014 -0.081172 0.943949 0.136403 -0.289422
1520616904.213477 -249.197246 50.988576 -2.373755 -0.065103 0.947712 0.123199 -0.287099
1520616904.263403 -248.254149 51.230993 -2.600996 -0.052118 0.952622 0.111560 -0.278119
1520616904.313628 -247.271956 51.261524 -2.784671 -0.036513 0.955232 0.104175 -0.274492
1520616904.363629 -246.301065 51.179038 -3.009604 -0.023622 0.957449 0.100150 -0.269637
1520616904.413630 -245.548323 50.843635 -2.445833 0.000520 0.963033 0.096901 -0.251351
1520616904.463632 -244.891749 50.441629 -1.808489 0.023673 0.967399 0.094993 -0.233569
1520616904.513634 -244.126488 50.193333 -1.212074 0.039011 0.969118 0.094076 -0.224583
1520616904.563635 -243.693796 49.886591 -0.365602 0.057198 0.971038 0.096208 -0.211085
1520616904.613637 -242.749795 49.973062 -0.032269 0.067498 0.968664 0.097013 -0.218455
1520616904.663639 -242.658090 49.149035 0.511004 0.070824 0.965584 0.113755 -0.222916
1520616904.713528 -241.776250 49.463898 0.866423 0.074926 0.959848 0.111329 -0.246340
1520616904.763530 -242.362396 49.425931 1.684548 0.065976 0.958864 0.118129 -0.249544
1520616904.813532 -243.052723 49.288014 2.393663 0.058214 0.957862 0.126089 -0.251424
1520616904.863533 -243.785999 49.191427 3.066385 0.048884 0.957664 0.128935 -0.252717
1520616904.913534 -244.615830 48.885996 3.529706 0.040984 0.956744 0.137086 -0.253315
1520616904.963536 -245.472313 48.542923 3.914118 0.022777 0.956631 0.145618 -0.251263
1520616905.013537 -246.042617 48.019752 4.550070 -0.001856 0.953501 0.152388 -0.260020
1520616905.063539 -246.693213 47.302652 4.786748 -0.024306 0.950523 0.165971 -0.261475
1520616905.113356 -245.838775 47.001886 5.245698 -0.063349 0.942785 0.159540 -0.285814
1520616905.163357 -245.424297 46.155291 5.555614 -0.094955 0.931323 0.178888 -0.302688
1520616905.213359 -244.902985 45.460042 6.054880 -0.111317 0.926328 0.184198 -0.309186
1520616905.263361 -244.243794 45.124702 6.731996 -0.127064 0.923740 0.185346 -0.310170
1520616905.313363 -243.299959 45.350793 6.990657 -0.143138 0.917570 0.188620 -0.319374
1520616905.363364 -242.471085 45.784389 7.339417 -0.164312 0.912372 0.189886 -0.323300
1520616905.413366 -241.511437 45.656235 7.584878 -0.172230 0.909809 0.203421 -0.318127
1520616905.463367 -240.728636 46.194845 7.886286 -0.192894 0.908134 0.207218 -0.308458
1520616905.513425 -239.886107 46.676580 8.132137 -0.213642 0.904188 0.218538 -0.298400
1520616905.563427 -239.230236 47.344075 8.478242 -0.229868 0.900167 0.222307 -0.295703
1520616905.613428 -238.796342 48.192319 8.774901 -0.240409 0.900426 0.222602 -0.286154
1520616905.663430 -238.087719 48.872252 8.980434 -0.252867 0.897008 0.220213 -0.287996
1520616905.713431 -237.441883 48.772593 9.736586 -0.255860 0.898376 0.237005 -0.266993
1520616905.763433 -238.143051 48.970000 9.028878 -0.262474 0.898645 0.252192 -0.244833
1520616905.813435 -237.360875 49.024194 9.675415 -0.258481 0.900416 0.263475 -0.230261
1520616905.863502 -236.519664 49.485076 9.964908 -0.248725 0.902597 0.263471 -0.232457
1520616905.913759 -235.819246 50.061615 10.380892 -0.234896 0.907210 0.265927 -0.226001
1520616905.963760 -235.059467 50.567001 10.791167 -0.216049 0.911996 0.266864 -0.224430
1520616906.013763 -234.297237 50.923990 11.330923 -0.201906 0.916001 0.273491 -0.213021
1520616906.063764 -233.388268 51.118075 11.703478 -0.180404 0.920778 0.276755 -0.207436
1520616906.113765 -232.442020 51.435049 11.788769 -0.168817 0.922351 0.270807 -0.217791
1520616906.163767 -231.850451 52.184230 12.066572 -0.150419 0.932868 0.244558 -0.217539
1520616906.213768 -231.738875 51.414808 12.687633 -0.117787 0.941571 0.249045 -0.193771
1520616906.263771 -231.025358 52.107920 12.803110 -0.102958 0.947887 0.222635 -0.203331
1520616906.314520 -230.145817 52.573398 12.681065 -0.093229 0.948733 0.205390 -0.221425
1520616906.364522 -230.255945 52.481068 13.679228 -0.080261 0.955233 0.198782 -0.203899
1520616906.414523 -229.405324 52.237214 14.161599 -0.058669 0.957650 0.196063 -0.202542
1520616906.464525 -228.561315 52.103589 14.681450 -0.040438 0.960455 0.190822 -0.198691
1520616906.514526 -227.661639 52.241839 15.096097 -0.022871 0.963422 0.182947 -0.194488
1520616906.564528 -226.778127 52.002790 15.496701 -0.011002 0.965448 0.181030 -0.187127
1520616906.614530 -226.522246 51.691820 16.412565 -0.001786 0.969804 0.179793 -0.164778
1520616906.664531 -225.556639 51.663797 16.699335 -0.000854 0.971543 0.178862 -0.155281
1520616906.714533 -224.881824 51.337941 17.359944 0.004931 0.972864 0.185769 -0.137847
1520616906.764707 -224.000565 51.729571 17.622508 0.003129 0.974095 0.186025 -0.128545
1520616906.814708 -223.272857 52.199352 18.119353 -0.004969 0.975599 0.185858 -0.116781
1520616906.864711 -222.545528 52.761378 18.512238 -0.012566 0.977552 0.180222 -0.108413
1520616906.914712 -221.722774 52.431567 18.973732 -0.013745 0.976408 0.191652 -0.098529
1520616906.964714 -221.428413 52.575914 19.917142 -0.013419 0.977671 0.194274 -0.078974
1520616907.014716 -221.173315 52.234406 20.821232 -0.005689 0.977094 0.203827 -0.060913
1520616907.064717 -220.510764 52.778031 21.329145 -0.000921 0.978750 0.196925 -0.057164
1520616907.114719 -220.096160 53.452978 21.936179 -0.003254 0.980197 0.191272 -0.051160
1520616907.165343 -220.020896 53.463862 22.938859 -0.006189 0.979716 0.196905 -0.036703
1520616907.215344 -219.788328 52.789615 23.633071 0.007242 0.977531 0.209479 -0.022337
1520616907.265346 -219.568466 52.033811 24.248648 0.018986 0.974842 0.221915 -0.008703
1520616907.315347 -219.364775 51.347164 24.948293 0.023613 0.972092 0.233311 0.006695
1520616907.365348 -219.206449 50.775403 25.754896 0.023915 0.969745 0.241757 0.024012
1520616907.415351 -218.946554 50.295074 26.593392 0.023606 0.967197 0.249563 0.041114
1520616907.465352 -219.187252 50.104040 27.546758 0.024499 0.965018 0.251227 0.070882
1520616907.515403 -219.128787 49.464864 28.310000 0.039138 0.960706 0.258373 0.093575
1520616907.566856 -219.562638 49.204322 29.175824 0.041641 0.957243 0.259149 0.121629
1520616907.616858 -219.860454 48.821645 30.049729 0.045956 0.951408 0.264889 0.150147
1520616907.666859 -219.069869 48.640694 30.641280 0.056581 0.947371 0.271698 0.159585
1520616907.716861 -219.326081 48.196265 31.508437 0.071733 0.938184 0.280629 0.189506
1520616907.766862 -218.812525 48.240827 32.363305 0.081100 0.936091 0.276510 0.201739
1520616907.816864 -218.485651 48.185797 33.308162 0.087971 0.934924 0.268627 0.214517
1520616907.866866 -218.831570 47.452076 33.888948 0.102986 0.926629 0.273923 0.236049
1520616907.916867 -219.229570 46.698649 34.411757 0.113147 0.920231 0.278047 0.251123
1520616907.966459 -219.440245 46.211611 35.261382 0.112297 0.918234 0.275916 0.260970
1520616908.016460 -219.468461 45.432114 35.881145 0.114726 0.915378 0.283799 0.261494
1520616908.066462 -220.008198 44.917818 36.555272 0.115846 0.914256 0.280257 0.268649
1520616908.116463 -220.570496 44.211312 36.979654 0.135031 0.908045 0.285867 0.274776
1520616908.166465 -221.332511 43.700463 37.383433 0.153864 0.902266 0.291659 0.277806
1520616908.216466 -221.427267 43.366170 38.321282 0.164649 0.901408 0.292657 0.273324
1520616908.266468 -222.275562 43.032594 38.746357 0.174886 0.896585 0.298391 0.276610
1520616908.316470 -222.609604 42.208092 39.192295 0.177954 0.894856 0.306301 0.271560
1520616908.365616 -223.251920 41.504577 39.503554 0.179275 0.894617 0.307681 0.269913
1520616908.415618 -223.807332 40.741862 39.832609 0.180404 0.896487 0.305020 0.265946
1520616908.465620 -224.614633 40.215278 40.110851 0.190447 0.897160 0.298543 0.264017
1520616908.515621 -225.144209 39.685746 40.773746 0.205275 0.896057 0.295514 0.260029
1520616908.565623 -225.793967 39.388636 41.475828 0.225316 0.892983 0.293128 0.256691
1520616908.615624 -226.231931 39.054299 42.309356 0.236340 0.891345 0.290494 0.255463
1520616908.665626 -226.679384 39.009155 43.202711 0.242426 0.892410 0.286536 0.250462
1520616908.715627 -227.423039 38.864684 43.858008 0.251695 0.887384 0.288675 0.256645
1520616908.765069 -227.931051 38.741766 44.709347 0.259811 0.882510 0.288527 0.265380
1520616908.815071 -228.742689 38.966592 45.254733 0.268220 0.877412 0.285731 0.276703
1520616908.865072 -228.808018 38.550753 46.161266 0.277226 0.876045 0.286129 0.271700
1520616908.915073 -229.500741 38.397440 46.873901 0.280832 0.873793 0.285119 0.276274
1520616908.965075 -230.292169 38.096925 47.404970 0.281818 0.869741 0.291920 0.280911
1520616909.015076 -231.162342 37.882707 47.850861 0.283502 0.864694 0.301726 0.284415
1520616909.065078 -231.923842 37.687505 48.468403 0.285772 0.862071 0.310283 0.280877
1520616909.115080 -232.746674 37.464287 48.991404 0.285084 0.859815 0.320685 0.276778
1520616909.165117 -233.638278 37.641207 49.413155 0.288112 0.857771 0.323387 0.276842
1520616909.214703 -234.459942 37.529093 49.969271 0.284409 0.857781 0.331387 0.271119
1520616909.264704 -235.391847 37.762282 50.257416 0.277244 0.857613 0.331493 0.278833
1520616909.314706 -236.218461 37.434015 50.706769 0.261539 0.861827 0.336974 0.274408
1520616909.364707 -237.184340 37.327463 50.954142 0.251817 0.863365 0.337460 0.278045
1520616909.414709 -238.034959 36.938320 51.301204 0.237357 0.869339 0.337848 0.271605
1520616909.464711 -238.967255 36.593095 51.179348 0.227768 0.866599 0.344066 0.280619
1520616909.514712 -239.851361 36.158377 51.013079 0.215190 0.864064 0.350564 0.290157
1520616909.564714 -240.715445 35.684437 50.845029 0.206994 0.860634 0.357476 0.297782
1520616909.614852 -241.419510 35.078286 50.479130 0.204868 0.854770 0.368759 0.302346
1520616909.664854 -242.041458 34.352457 50.189315 0.196125 0.853058 0.376927 0.302908
1520616909.714855 -242.760330 33.667049 50.324800 0.189437 0.864990 0.360653 0.292977
1520616909.764858 -243.677422 33.511672 50.702798 0.192553 0.873365 0.341634 0.288864
1520616909.814858 -244.349822 33.004394 51.236268 0.197756 0.880653 0.326621 0.280467
1520616909.864861 -244.466996 32.093145 51.618986 0.193025 0.887427 0.317850 0.272373
1520616909.914862 -244.932487 31.718280 52.428227 0.195285 0.892632 0.308162 0.264778
1520616909.964863 -245.438871 31.205327 53.120045 0.192824 0.896810 0.301414 0.260192
1520616910.017196 -245.885556 30.898761 53.961309 0.183676 0.905935 0.290484 0.247313
1520616910.067197 -246.255477 30.544238 54.819611 0.171440 0.915278 0.281920 0.231076
1520616910.117199 -246.423468 30.351904 55.785802 0.167054 0.920566 0.280486 0.214426
1520616910.167201 -246.514385 29.996926 56.715791 0.155197 0.924504 0.286220 0.198205
1520616910.217203 -246.473042 30.345001 55.759683 0.148600 0.924936 0.296187 0.186238
1520616910.267204 -246.514761 30.313018 54.763092 0.144409 0.923635 0.309283 0.174324
1520616910.317204 -246.651617 31.166451 55.245181 0.128650 0.930639 0.296897 0.170917
1520616910.367207 -246.529927 30.444820 55.925103 0.122347 0.928565 0.309452 0.164431
1520616910.419891 -246.454232 29.517752 56.282315 0.120664 0.924866 0.321706 0.163000
1520616910.469893 -246.367914 28.693340 56.846188 0.122220 0.922485 0.327195 0.164400
1520616910.519894 -246.415404 28.047401 57.611377 0.130525 0.919513 0.329211 0.170528
1520616910.569895 -246.375605 28.504286 58.489242 0.128037 0.926718 0.303180 0.181331
1520616910.619897 -246.336849 27.747281 59.133416 0.132962 0.923488 0.307863 0.186308
1520616910.669900 -246.499827 27.004775 59.784338 0.146012 0.918579 0.311883 0.193963
1520616910.719900 -246.728762 26.281758 60.436622 0.162227 0.912036 0.314354 0.207496
1520616910.769901 -247.045862 25.672873 61.165426 0.183385 0.905622 0.307988 0.226633
1520616910.821620 -247.666401 25.058408 61.652948 0.206392 0.897601 0.299238 0.249341
1520616910.871600 -248.013460 24.457755 62.373258 0.223532 0.893733 0.286860 0.262651
1520616910.921603 -248.460341 23.966938 63.122300 0.234157 0.890528 0.272645 0.278917
1520616910.971604 -249.006403 23.398212 63.735844 0.240897 0.887931 0.260384 0.292827
1520616911.021605 -249.708129 22.838435 64.176616 0.246237 0.884403 0.252528 0.305661
1520616911.071608 -250.244113 22.249324 64.780487 0.250475 0.880136 0.247725 0.318208
1520616911.121608 -250.768840 21.617679 65.349918 0.257467 0.874855 0.246347 0.328104
1520616911.171610 -251.570939 21.042037 65.516036 0.260105 0.867357 0.251265 0.341910
1520616911.221611 -252.251709 20.723893 66.178488 0.261464 0.861982 0.251760 0.353893
1520616911.272410 -253.197828 20.529213 66.449072 0.259447 0.856780 0.254898 0.365571
1520616911.322412 -253.912446 20.257284 67.091142 0.268329 0.849503 0.261576 0.371378
1520616911.372414 -254.217782 20.725107 67.912712 0.279933 0.844970 0.260817 0.373680
1520616911.422415 -255.049799 20.543397 68.438081 0.290048 0.838807 0.267239 0.375311
1520616911.472417 -255.711480 20.629237 69.181607 0.297481 0.836210 0.267651 0.374993
1520616911.522418 -256.484165 20.713090 69.812569 0.302812 0.834150 0.267465 0.375448
1520616911.572419 -257.365353 20.852376 70.267818 0.311559 0.828131 0.271176 0.378937
1520616911.622422 -258.122999 21.000871 70.901292 0.322904 0.820465 0.278745 0.380620
1520616911.671751 -259.035483 21.017730 71.312136 0.328019 0.811686 0.294554 0.383154
1520616911.721754 -259.846914 20.855117 71.870411 0.331955 0.800405 0.315748 0.386602
1520616911.771756 -260.768739 20.692924 72.225084 0.330316 0.792553 0.334124 0.388732
1520616911.821757 -261.653771 20.758073 72.687599 0.322307 0.794219 0.339590 0.387316
1520616911.871759 -262.489356 20.820161 73.232507 0.316303 0.800853 0.331151 0.385910
1520616911.921761 -263.405391 20.858602 73.633734 0.311096 0.808801 0.320494 0.382549
1520616911.971761 -264.293611 20.759547 74.080030 0.307396 0.817945 0.310368 0.374361
1520616912.021764 -265.156080 20.596592 74.558094 0.300322 0.827307 0.303284 0.365225
1520616912.070742 -266.074263 20.481752 74.939868 0.287413 0.836264 0.299342 0.358401
1520616912.120743 -266.925680 19.994331 75.114353 0.268136 0.844225 0.302349 0.352098
1520616912.170745 -267.910749 20.027905 75.306888 0.247857 0.851103 0.301716 0.350939
1520616912.220748 -268.690543 19.425981 75.437281 0.229120 0.858216 0.303931 0.344377
1520616912.270748 -269.517750 18.876712 75.564390 0.220184 0.862438 0.305769 0.337971
1520616912.320750 -270.517562 18.810459 75.636066 0.209499 0.865060 0.307329 0.336645
1520616912.370751 -271.262676 18.202653 75.891428 0.196497 0.871769 0.307496 0.326884
1520616912.420753 -272.068703 17.841777 76.365625 0.187091 0.880297 0.302348 0.314103
1520616912.468756 -272.622588 17.470321 77.109656 0.180375 0.891115 0.293268 0.295590
1520616912.518752 -273.184352 17.159901 77.877128 0.182143 0.899918 0.283119 0.277154
1520616912.568753 -273.743673 16.590261 78.475839 0.180726 0.908470 0.271703 0.261149
1520616912.618755 -274.125501 15.707487 78.220752 0.173221 0.914234 0.268191 0.249486
1520616912.668757 -273.713053 16.195292 77.444694 0.168146 0.922173 0.258969 0.232934
1520616912.718758 -274.540354 16.064415 78.014115 0.174502 0.925533 0.253674 0.220425
1520616912.768760 -274.989842 15.796341 78.864924 0.179453 0.927513 0.255938 0.204969
1520616912.818761 -275.297955 15.128247 79.536828 0.171544 0.928989 0.264226 0.194261
1520616912.868078 -275.641004 15.200918 80.472963 0.172293 0.929961 0.265548 0.187010
1520616912.918079 -275.620887 15.787166 81.274935 0.171590 0.933661 0.254074 0.185149
1520616912.968081 -275.851562 15.595950 82.233106 0.169834 0.932045 0.258493 0.188759
1520616913.018082 -275.504474 15.612488 83.168673 0.168315 0.932182 0.259456 0.188122
1520616913.068084 -275.233290 15.474963 84.122273 0.164369 0.932460 0.260786 0.188394
1520616913.118087 -274.977862 15.318006 85.076386 0.160947 0.931899 0.265181 0.187989
1520616913.168087 -275.313499 15.378974 86.019985 0.155990 0.930854 0.266442 0.195417
1520616913.218089 -275.287904 14.969876 86.930956 0.149539 0.928262 0.277916 0.196802
1520616913.267685 -275.690259 14.393464 87.642878 0.144775 0.922378 0.294618 0.203613
1520616913.317688 -275.574032 14.072160 88.582870 0.154126 0.919030 0.301703 0.201507
1520616913.367689 -275.385102 13.510836 89.387015 0.160985 0.914466 0.312673 0.200177
1520616913.417691 -275.551716 12.975670 90.217480 0.174295 0.907301 0.321599 0.207364
1520616913.467693 -275.034415 12.497305 90.927254 0.187854 0.903438 0.325662 0.206046
1520616913.517694 -274.621140 11.797856 91.507985 0.201830 0.899880 0.327080 0.206153
1520616913.567697 -274.910514 11.029918 92.083262 0.228060 0.893027 0.321401 0.217238
1520616913.617698 -274.843038 10.122570 92.493861 0.237865 0.892299 0.314503 0.219798
1520616913.667700 -274.671374 9.233598 92.919209 0.242114 0.893990 0.304147 0.222837
1520616913.716315 -274.642953 8.339451 93.365908 0.249498 0.892591 0.300544 0.225178
1520616913.766316 -274.871789 7.568271 93.964082 0.261155 0.888018 0.296863 0.234724
1520616913.816318 -275.430354 6.871381 94.415669 0.280448 0.877572 0.295974 0.252220
1520616913.866318 -276.108624 6.283804 94.859113 0.295341 0.867584 0.297001 0.268070
1520616913.916321 -276.824645 5.676216 95.200869 0.303217 0.860268 0.296628 0.282860
1520616913.966321 -277.658116 5.411720 95.692199 0.305271 0.859246 0.285534 0.294918
1520616914.016323 -278.434374 5.048993 96.205576 0.304719 0.859056 0.275664 0.305251
1520616914.066324 -279.293869 4.606064 96.457390 0.319061 0.851958 0.269430 0.315873
1520616914.114925 -280.073684 4.001813 96.605976 0.330160 0.845618 0.266727 0.323699
1520616914.164926 -280.968068 3.551242 96.621207 0.335689 0.845134 0.258489 0.325953
1520616914.214928 -281.877989 3.164030 96.467047 0.330789 0.846108 0.254774 0.331316
1520616914.264930 -282.718678 2.696038 96.196708 0.319432 0.846481 0.259073 0.338105
1520616914.314931 -283.600910 2.225113 96.214592 0.315055 0.851639 0.255018 0.332291
1520616914.364933 -284.561924 1.971757 96.343643 0.314439 0.855909 0.252048 0.324066
1520616914.414934 -285.250468 1.432615 96.823993 0.312592 0.863269 0.254270 0.303974
1520616914.464936 -286.196110 1.774801 96.737655 0.320600 0.861031 0.253039 0.303006
1520616914.514795 -286.790632 1.483603 97.485210 0.322398 0.865209 0.258233 0.284234
1520616914.564798 -287.608932 2.048099 97.303628 0.318532 0.865036 0.251794 0.294704
1520616914.614799 -288.160586 1.764089 98.087908 0.314454 0.870673 0.259749 0.274913
1520616914.664800 -288.623540 1.516184 98.939011 0.314023 0.876759 0.264000 0.250974
1520616914.714803 -289.583898 1.804635 99.054694 0.316818 0.874418 0.266203 0.253287
1520616914.764803 -290.528931 2.065964 99.248758 0.316428 0.872836 0.269171 0.256083
1520616914.814806 -291.460764 2.417474 99.139032 0.313731 0.867716 0.273135 0.272102
1520616914.864806 -290.979886 2.765530 98.316858 0.308622 0.873577 0.285807 0.244804
1520616914.916097 -291.463520 2.485687 99.165482 0.306831 0.874025 0.304707 0.221559
1520616914.966098 -291.972030 2.285497 100.003563 0.299318 0.874309 0.324143 0.202295
1520616915.016100 -292.398394 1.932913 100.835903 0.289167 0.871941 0.346267 0.190265
1520616915.066102 -292.762737 1.658040 101.725884 0.280580 0.870778 0.363033 0.176715
1520616915.116103 -292.957485 1.424912 102.678115 0.282735 0.869338 0.371669 0.161789
1520616915.166106 -293.115265 0.920012 103.525826 0.266802 0.871762 0.378834 0.159161
1520616915.216107 -293.195838 0.525711 104.441373 0.251213 0.875018 0.383759 0.154806
1520616915.266109 -293.130184 0.032492 105.308289 0.234595 0.878962 0.386649 0.151308
1520616915.317067 -292.915516 -0.673843 105.980474 0.212918 0.880092 0.396873 0.150318
1520616915.367069 -292.780212 -1.111631 106.870613 0.211269 0.878327 0.405446 0.139716
1520616915.417070 -292.587424 -1.743119 107.620483 0.204267 0.873456 0.421260 0.133753
1520616915.467071 -292.655126 -2.441823 108.333128 0.196316 0.864651 0.442235 0.135156
1520616915.517073 -292.575393 -3.119063 109.064920 0.196334 0.858281 0.454340 0.135581
1520616915.567075 -292.727795 -2.947205 110.033963 0.190600 0.868109 0.432201 0.152516
1520616915.617076 -292.146875 -3.549257 110.585478 0.193198 0.869739 0.430218 0.145402
1520616915.667079 -291.835612 -4.477260 110.763391 0.197055 0.872537 0.423439 0.143347
1520616915.717643 -291.685112 -5.454889 110.902794 0.197552 0.874799 0.417912 0.145086
1520616915.767646 -291.361362 -6.392175 110.779565 0.203665 0.875242 0.414132 0.144800
1520616915.817647 -290.730514 -7.122910 110.508889 0.209937 0.875335 0.413174 0.137851
1520616915.867649 -290.587195 -8.075124 110.790608 0.214632 0.872853 0.412660 0.147551
1520616915.917650 -291.028254 -8.495822 111.592286 0.219935 0.873129 0.397784 0.176188
1520616915.967652 -291.136872 -9.277256 112.201614 0.220559 0.872478 0.390454 0.194116
1520616916.017653 -291.436980 -10.067391 112.735445 0.224222 0.870173 0.381748 0.216315
1520616916.067655 -291.793931 -10.791455 113.326749 0.230859 0.871396 0.361454 0.238169
1520616916.117656 -292.239761 -11.447120 113.936723 0.234694 0.873511 0.335454 0.263378
1520616916.167499 -291.630661 -12.240893 113.987317 0.222541 0.881668 0.322103 0.263415
1520616916.217501 -291.041438 -13.046575 113.948801 0.203256 0.886903 0.339425 0.238498
1520616916.267503 -291.368262 -13.815067 114.515364 0.208313 0.884132 0.321850 0.267075
1520616916.317504 -291.594379 -14.480857 115.227218 0.210077 0.880454 0.308057 0.292864
1520616916.367506 -291.856319 -15.051412 116.006247 0.212274 0.874559 0.300024 0.316342
1520616916.417507 -292.454546 -15.491964 116.678983 0.225896 0.862343 0.297602 0.341715
1520616916.467508 -293.108324 -15.947567 117.282650 0.243206 0.848362 0.303466 0.359222
1520616916.517510 -293.634671 -16.224330 118.086488 0.257675 0.837366 0.311765 0.367729
1520616916.566381 -294.141574 -16.288730 118.946096 0.274300 0.827294 0.325348 0.366732
1520616916.616383 -294.765279 -16.573757 119.673702 0.291310 0.812677 0.350948 0.362670
1520616916.666385 -295.346981 -16.791417 120.457541 0.308077 0.801521 0.374516 0.349845
1520616916.716386 -295.925662 -17.102126 121.211311 0.324775 0.791127 0.398565 0.331338
1520616916.766388 -296.510845 -17.097283 122.023094 0.345093 0.781606 0.416649 0.310496
1520616916.816390 -297.353864 -17.299614 122.522619 0.353460 0.770626 0.439790 0.296288
1520616916.866391 -298.197036 -17.164039 123.045627 0.366292 0.761800 0.450417 0.287427
1520616916.916393 -298.991981 -16.916614 123.599472 0.370172 0.759546 0.453421 0.283675
1520616916.965621 -299.858017 -17.333364 123.854691 0.352487 0.760392 0.467556 0.280978
1520616917.015622 -300.779023 -17.521520 124.202650 0.331537 0.764643 0.473113 0.285600
1520616917.065624 -301.531676 -18.165991 124.291455 0.304982 0.768563 0.480760 0.291835
1520616917.115626 -302.378447 -18.685403 124.422930 0.276389 0.774572 0.483227 0.300231
1520616917.165628 -303.349371 -18.848535 124.617580 0.252611 0.780088 0.477724 0.315326
1520616917.215629 -304.067522 -19.498044 124.850159 0.230463 0.787349 0.470349 0.325177
1520616917.265630 -304.183449 -20.291653 125.447957 0.207614 0.802690 0.452703 0.328094
1520616917.315632 -305.036968 -20.704278 125.788753 0.178522 0.818827 0.426676 0.339999
1520616917.365026 -305.706008 -21.430837 125.667142 0.159810 0.821037 0.413680 0.359483
1520616917.415027 -306.650718 -21.617438 125.374766 0.139113 0.823758 0.395294 0.381854
1520616917.465128 -307.648046 -21.554257 125.333402 0.112333 0.824249 0.381211 0.403327
1520616917.515030 -308.481286 -22.012954 125.627942 0.087018 0.825781 0.374747 0.412406
1520616917.565032 -309.193371 -22.670194 125.866169 0.067369 0.821174 0.374704 0.425126
1520616917.615033 -310.000191 -23.212683 126.106714 0.047822 0.813742 0.375969 0.440664
1520616917.665035 -310.889877 -23.619206 125.883441 0.030147 0.799262 0.379084 0.465368
1520616917.715036 -311.576375 -24.339695 125.933754 0.026472 0.785318 0.385771 0.483484
1520616917.766721 -312.490808 -24.730999 125.795521 0.018664 0.767951 0.389230 0.508333
1520616917.816721 -313.382656 -25.178963 125.755292 0.014293 0.749554 0.395876 0.530326
1520616917.866724 -313.574650 -25.133786 126.726357 0.010247 0.744908 0.391901 0.539835
1520616917.916726 -314.504529 -25.516927 126.719227 0.001406 0.720658 0.397863 0.567764
1520616917.966727 -314.938327 -25.469714 127.608788 0.001748 0.712443 0.394843 0.580104
1520616918.016728 -315.849921 -25.873830 127.497127 -0.010739 0.685086 0.402180 0.607283
1520616918.066730 -316.228104 -25.972563 128.407724 -0.015204 0.682610 0.397056 0.613318
1520616918.116731 -316.939981 -26.462000 128.916632 -0.012995 0.667314 0.406433 0.623967
1520616918.166734 -317.547378 -27.248965 128.997803 0.000078 0.642902 0.433914 0.631186
1520616918.217488 -318.286278 -27.923841 128.950815 0.015036 0.622074 0.453909 0.637780
1520616918.267490 -318.720427 -28.266228 129.777001 0.032790 0.615764 0.463302 0.636483
1520616918.317491 -319.354242 -28.794805 129.215127 0.060773 0.579310 0.488346 0.649789
1520616918.367493 -320.136636 -29.368270 128.976762 0.074896 0.552520 0.499644 0.662924
1520616918.417495 -320.805677 -30.104529 128.898078 0.085957 0.530901 0.511789 0.669946
1520616918.467496 -321.496754 -30.787603 129.135145 0.091630 0.520799 0.515662 0.674140
1520616918.517498 -322.314057 -31.221342 128.748777 0.107931 0.501661 0.525833 0.678370
1520616918.567499 -323.009722 -31.810273 128.342086 0.118917 0.488910 0.537252 0.676894
1520616918.615233 -323.850409 -32.261721 128.038451 0.131361 0.479703 0.548866 0.671845
1520616918.665235 -324.617154 -32.751588 127.625141 0.141737 0.470510 0.563705 0.663904
1520616918.715237 -325.333382 -33.338891 127.250550 0.150053 0.461390 0.578902 0.655344
1520616918.765237 -326.037304 -34.019042 127.047208 0.160739 0.451403 0.594565 0.645671
1520616918.815239 -326.687355 -34.747752 126.833997 0.173429 0.439789 0.611699 0.634296
1520616918.865240 -327.547476 -35.078254 126.435998 0.186053 0.425748 0.626397 0.625899
1520616918.915242 -328.367755 -35.628059 126.287959 0.196144 0.415208 0.643733 0.612158
1520616918.965243 -329.038657 -36.163482 125.778232 0.204194 0.397351 0.667956 0.595191
1520616919.014601 -329.577896 -36.783185 125.209529 0.210265 0.378375 0.692506 0.577110
1520616919.064604 -330.217007 -36.840333 124.438201 0.216215 0.356387 0.710671 0.566733
1520616919.114685 -330.738809 -36.972921 123.596371 0.217950 0.340708 0.726985 0.554896
1520616919.164606 -331.347515 -37.393292 122.924716 0.221270 0.329622 0.743602 0.538001
1520616919.214607 -331.906985 -37.662297 122.140298 0.221590 0.318094 0.759692 0.522094
1520616919.264609 -332.482413 -38.057222 121.424366 0.211580 0.310543 0.772968 0.511193
1520616919.314610 -333.201319 -38.344394 120.788774 0.199941 0.305313 0.782496 0.504487
1520616919.364612 -333.841815 -38.479230 120.031866 0.189892 0.298467 0.782446 0.512481
1520616919.414171 -334.141626 -38.799629 119.134649 0.177548 0.294622 0.781319 0.520783
1520616919.464173 -334.412062 -39.145859 118.236332 0.168929 0.295376 0.777039 0.529553
1520616919.514175 -334.678284 -39.467541 117.327627 0.158903 0.300894 0.772190 0.536596
1520616919.564176 -335.293911 -39.726031 116.580918 0.150144 0.313299 0.761285 0.547491
1520616919.614178 -335.970328 -39.741014 115.841649 0.145877 0.329248 0.747946 0.557577
1520616919.664179 -336.820939 -39.215072 115.781523 0.146129 0.345653 0.727265 0.574680
1520616919.714181 -337.543038 -39.005775 115.128381 0.138192 0.356810 0.708798 0.592617
1520616919.764183 -337.839900 -39.465459 114.296999 0.116583 0.367089 0.687975 0.615097
1520616919.814202 -338.155202 -39.563552 113.351411 0.100508 0.366292 0.670961 0.636820
1520616919.864204 -338.451241 -40.087400 112.554240 0.087204 0.359990 0.657372 0.656251
1520616919.914205 -338.783015 -40.767074 111.899628 0.074610 0.354623 0.643531 0.674199
1520616919.964207 -339.526500 -40.756522 111.223500 0.069086 0.341971 0.621847 0.701134
1520616920.014208 -340.002211 -40.514074 110.375079 0.069067 0.318687 0.599217 0.731169
1520616920.064210 -340.503242 -40.360055 109.525030 0.078063 0.296908 0.578194 0.755939
1520616920.114212 -340.645207 -40.591064 108.564164 0.090858 0.265161 0.569842 0.772473
1520616920.164214 -340.959750 -40.468041 107.622828 0.106180 0.235802 0.550171 0.793999
1520616920.214800 -341.331866 -40.661831 106.717361 0.117288 0.207880 0.542032 0.805748
1520616920.264801 -341.411044 -40.512843 105.730421 0.129844 0.170850 0.541260 0.813012
1520616920.314803 -341.454939 -40.526548 104.731819 0.134279 0.131496 0.550171 0.813628
1520616920.364804 -341.636958 -40.473334 103.750762 0.141987 0.096679 0.561032 0.809775
1520616920.414806 -341.692674 -40.359218 102.758581 0.150921 0.058151 0.577864 0.799947
1520616920.464808 -341.693657 -40.326475 101.758977 0.158063 0.019328 0.599278 0.784544
1520616920.514809 -341.692770 -39.954199 100.831477 0.170560 -0.020498 0.616133 0.768680
1520616920.564811 -341.626063 -39.565304 99.912394 0.181203 -0.053405 0.633629 0.750219
1520616920.614812 -341.449167 -38.993176 99.110991 0.187990 -0.078864 0.652415 0.729928
1520616920.664451 -341.364679 -38.971858 98.114274 0.183144 -0.090260 0.669637 0.714071
1520616920.714452 -340.960158 -38.686565 97.245404 0.171152 -0.105911 0.687738 0.697500
1520616920.764512 -341.267517 -37.969773 96.626252 0.162595 -0.116617 0.697626 0.687954
1520616920.814456 -341.650424 -37.113554 96.277143 0.155064 -0.124507 0.711282 0.674189
1520616920.864457 -342.075977 -36.501716 95.614740 0.137597 -0.129103 0.729151 0.657829
1520616920.914459 -341.943774 -36.440596 94.624948 0.107573 -0.128344 0.746704 0.643731
1520616920.964460 -342.180018 -36.245989 93.673396 0.081741 -0.117633 0.764060 0.629041
1520616921.014461 -342.431983 -35.733280 92.850783 0.059714 -0.108168 0.774546 0.620333
1520616921.064153 -342.966268 -34.985820 92.449728 0.045739 -0.098039 0.785433 0.609418
1520616921.114155 -343.126681 -34.646523 91.527131 0.018853 -0.080425 0.797952 0.597033
1520616921.164156 -343.237441 -34.472297 90.548960 -0.006851 -0.070558 0.800784 0.594743
1520616921.214158 -343.697874 -34.144964 89.721381 -0.021385 -0.058924 0.802480 0.593377
1520616921.264159 -344.241056 -33.457202 89.230777 -0.021001 -0.052426 0.801597 0.595191
1520616921.314161 -344.749477 -33.026626 88.489619 -0.028710 -0.041723 0.799069 0.599102
1520616921.364162 -345.223566 -32.363979 87.905104 -0.027661 -0.037975 0.792107 0.608571
1520616921.414164 -344.896958 -32.207308 86.973695 -0.040776 -0.033756 0.782536 0.620351
1520616921.463944 -345.348910 -31.623297 86.297389 -0.041387 -0.029428 0.771217 0.634544
1520616921.513945 -345.858881 -30.978936 85.726459 -0.035760 -0.026158 0.757514 0.651314
1520616921.563948 -345.436236 -30.868379 84.827049 -0.044906 -0.026284 0.739282 0.671383
1520616921.613949 -345.322515 -30.670755 83.854639 -0.045644 -0.028348 0.722001 0.689802
1520616921.663951 -344.918687 -30.594522 82.941887 -0.050529 -0.028705 0.707637 0.704182
1520616921.713953 -344.592924 -30.179418 82.093371 -0.054631 -0.039172 0.688935 0.721699
1520616921.763955 -344.739682 -29.556664 81.327171 -0.041786 -0.060410 0.663506 0.744557
1520616921.813956 -344.586842 -29.081805 80.460515 -0.042899 -0.084926 0.635704 0.766047
1520616921.864132 -344.467104 -29.876401 79.862069 -0.052929 -0.099736 0.613402 0.781658
1520616921.914133 -343.683627 -29.594219 79.325056 -0.051044 -0.151294 0.604952 0.780088
1520616921.964134 -343.683914 -30.337153 78.648161 -0.058915 -0.172366 0.590571 0.786158
1520616922.014136 -343.299728 -29.823772 77.890830 -0.047899 -0.219966 0.576420 0.785532
1520616922.064138 -343.678200 -30.378509 77.148613 -0.049428 -0.229400 0.571725 0.786170
1520616922.114139 -343.262119 -29.700144 76.553047 -0.032594 -0.277793 0.563748 0.777147
1520616922.164141 -343.226682 -30.570844 76.059283 -0.039898 -0.287638 0.559337 0.776411
1520616922.214143 -343.046171 -31.433513 75.589834 -0.040796 -0.301148 0.560322 0.770510
1520616922.264728 -342.979400 -32.290540 75.076383 -0.044579 -0.309760 0.563868 0.764274
1520616922.314729 -343.043612 -33.076478 74.459203 -0.046977 -0.322940 0.566280 0.756856
1520616922.364732 -343.181561 -33.876157 73.873134 -0.055530 -0.343606 0.568259 0.745609
1520616922.414774 -343.733205 -34.590322 73.432264 -0.068106 -0.352838 0.557866 0.748099
1520616922.464734 -343.775378 -35.212169 72.657723 -0.076545 -0.379335 0.568009 0.726369
1520616922.514735 -344.130476 -36.020546 72.182283 -0.093108 -0.389869 0.563754 0.722160
1520616922.564737 -344.096450 -36.685513 71.441682 -0.096445 -0.400779 0.573257 0.708132
1520616922.614738 -344.132590 -37.556891 70.951778 -0.107624 -0.413399 0.582629 0.691420
1520616922.664919 -344.007407 -38.244647 70.238621 -0.106492 -0.416577 0.594410 0.679559
1520616922.714921 -343.872603 -39.026735 69.629993 -0.107087 -0.427712 0.606861 0.661298
1520616922.764922 -343.798507 -39.915971 69.177436 -0.120366 -0.431985 0.610970 0.652393
1520616922.814924 -343.643081 -40.611173 68.476751 -0.120446 -0.434574 0.620281 0.641787
1520616922.864925 -343.465486 -41.331223 67.805859 -0.122315 -0.442675 0.627782 0.628465
1520616922.914927 -343.360984 -41.960924 67.035028 -0.118887 -0.441537 0.632694 0.624987
1520616922.964928 -343.149338 -42.667310 66.360848 -0.119979 -0.447492 0.639362 0.613655
1520616923.014930 -342.886599 -43.377260 65.707770 -0.120951 -0.455398 0.648417 0.597946
1520616923.064932 -342.547940 -43.982282 64.988155 -0.121601 -0.458855 0.662008 0.580009
1520616923.114658 -341.686559 -43.519782 64.812492 -0.113971 -0.482517 0.681959 0.537698
1520616923.164660 -340.759364 -43.167967 64.668129 -0.109371 -0.501647 0.699881 0.496543
1520616923.214661 -339.913798 -42.676699 64.464121 -0.094173 -0.518426 0.713188 0.462308
1520616923.264663 -339.039447 -43.119341 64.225465 -0.103583 -0.519450 0.709012 0.465557
1520616923.314664 -338.100831 -43.414311 64.055007 -0.109572 -0.525394 0.706827 0.460815
1520616923.364666 -337.257500 -42.967016 63.781005 -0.104214 -0.536336 0.713044 0.439375
1520616923.414668 -336.390333 -43.406743 63.516037 -0.124752 -0.535457 0.708955 0.441708
1520616923.464669 -335.812099 -42.609117 63.658405 -0.115056 -0.547499 0.717034 0.415777
1520616923.515053 -334.833781 -42.633423 63.407688 -0.116906 -0.548017 0.719198 0.410809
1520616923.565055 -334.070842 -41.993745 63.434705 -0.110514 -0.559661 0.726600 0.382909
1520616923.615056 -333.203215 -42.145184 62.941855 -0.113155 -0.561359 0.729620 0.373801
1520616923.665058 -332.429265 -42.253080 62.318501 -0.118075 -0.563632 0.732571 0.362928
1520616923.715062 -331.832567 -41.452185 62.292422 -0.113029 -0.579909 0.733368 0.336305
1520616923.765061 -331.040420 -40.845582 62.195519 -0.112936 -0.595003 0.732931 0.309886
1520616923.815062 -330.353959 -40.129552 62.078943 -0.114539 -0.607279 0.733676 0.282510
1520616923.865064 -329.498023 -39.615356 62.174179 -0.122710 -0.612391 0.733823 0.267251
1520616923.914721 -328.520950 -39.393517 62.207938 -0.134360 -0.610673 0.734244 0.264407
1520616923.964723 -327.712325 -38.931937 62.569949 -0.139620 -0.611584 0.731832 0.266256
1520616924.014724 -327.129869 -38.251117 63.011038 -0.142794 -0.613143 0.728985 0.268786
1520616924.064745 -326.560451 -37.610481 63.526344 -0.154095 -0.620967 0.717233 0.276100
1520616924.114727 -325.584192 -37.713785 63.292595 -0.184299 -0.617932 0.710309 0.282232
1520616924.164729 -326.073784 -37.253823 62.543809 -0.196563 -0.608925 0.716218 0.278577
1520616924.214730 -325.129286 -37.542026 62.760234 -0.232167 -0.619678 0.693015 0.286056
1520616924.264732 -325.503986 -37.026415 61.989045 -0.246639 -0.617670 0.690217 0.285050
1520616924.314502 -325.868376 -36.378510 61.319076 -0.255633 -0.613999 0.690511 0.284344
1520616924.364502 -326.284011 -35.525206 60.992678 -0.260985 -0.616013 0.686066 0.285881
1520616924.414505 -326.345603 -34.683111 60.462564 -0.283715 -0.607179 0.675486 0.307504
1520616924.464505 -326.594799 -33.714070 60.369366 -0.285938 -0.604355 0.669306 0.324074
1520616924.514507 -326.683787 -32.718446 60.431325 -0.278533 -0.605625 0.664988 0.336792
1520616924.564508 -326.587673 -31.731848 60.314431 -0.271846 -0.603887 0.662212 0.350565
1520616924.614511 -325.686951 -32.153793 60.113614 -0.272627 -0.601040 0.648902 0.378618
1520616924.664512 -324.842132 -32.071586 60.636847 -0.261477 -0.610692 0.628771 0.404143
1520616924.714419 -323.840270 -32.085563 60.635912 0.248168 0.622091 -0.609974 -0.423494
1520616924.764421 -322.881298 -32.272389 60.848136 0.233445 0.640259 -0.581570 -0.444239
1520616924.814422 -321.986401 -32.060574 61.232876 0.210634 0.660699 -0.555303 -0.459074
1520616924.864424 -321.262537 -31.421067 61.473335 0.181480 0.689377 -0.530852 -0.458279
1520616924.914425 -320.479372 -31.585106 60.854953 0.158578 0.701251 -0.513847 -0.468040
1520616924.964427 -319.733891 -31.580463 60.189894 0.137067 0.711805 -0.499841 -0.474031
1520616925.014428 -318.945084 -31.765815 59.601715 0.127365 0.718239 -0.490561 -0.476720
1520616925.064430 -318.181652 -31.901701 58.970274 0.120531 0.720929 -0.483057 -0.482068
1520616925.114372 -317.432050 -32.074020 58.330617 0.116073 0.725667 -0.477023 -0.482063
1520616925.164939 -316.763099 -32.165643 57.592729 0.108774 0.726608 -0.471921 -0.487339
1520616925.214940 -315.949633 -32.322000 57.033898 0.110395 0.733839 -0.462276 -0.485381
1520616925.264942 -315.378025 -32.342012 56.212305 0.104247 0.736229 -0.460170 -0.485123
1520616925.314943 -314.620739 -32.364263 55.561259 0.104528 0.744194 -0.460115 -0.472804
1520616925.364944 -313.868204 -32.374493 54.902521 0.103849 0.745731 -0.463270 -0.467420
1520616925.414946 -312.982064 -31.919511 54.901423 0.092062 0.762253 -0.465466 -0.440269
1520616925.464948 -312.513834 -31.652560 55.739610 0.082347 0.791507 -0.452470 -0.402501
1520616925.514949 -311.674521 -31.671361 55.175143 0.079221 0.786824 -0.454811 -0.409608
1520616925.565722 -311.408656 -31.281293 56.058151 0.074247 0.810366 -0.449304 -0.368674
1520616925.615723 -311.124246 -30.904145 56.940456 0.071100 0.830409 -0.442614 -0.330845
1520616925.665725 -311.152499 -30.565386 57.879482 0.077161 0.850541 -0.434865 -0.285514
1520616925.715726 -311.056298 -30.122194 58.772334 0.090651 0.865979 -0.426552 -0.244777
1520616925.765728 -310.149627 -29.763451 59.026943 0.114852 0.867099 -0.435495 -0.212822
1520616925.815729 -309.330806 -29.421239 59.487474 0.138782 0.866910 -0.439274 -0.190382
1520616925.865731 -309.151239 -28.769211 60.223486 0.151814 0.867959 -0.442602 -0.166441
1520616925.915733 -309.621684 -28.084457 60.780094 0.166870 0.872311 -0.441091 -0.129100
1520616925.966018 -308.916103 -27.432947 61.080943 0.206255 0.868812 -0.437966 -0.103974
1520616926.016020 -308.084783 -26.878121 61.066782 0.239981 0.859294 -0.442899 -0.088673
1520616926.066021 -307.432581 -26.130946 60.965191 0.265336 0.852530 -0.445576 -0.065195
1520616926.116023 -308.142297 -26.389253 61.612630 0.274496 0.852384 -0.442860 -0.044353
1520616926.166024 -308.403829 -25.740445 60.912661 0.286122 0.845256 -0.451002 -0.016560
1520616926.216026 -309.020201 -26.468909 61.151616 0.285191 0.844820 -0.452686 0.004601
1520616926.266028 -309.000860 -27.442912 60.899247 0.292676 0.834843 -0.465807 0.020058
1520616926.316029 -308.318556 -26.845058 61.330582 0.291444 0.825655 -0.482458 0.024254
1520616926.365902 -308.151765 -27.811441 61.136601 0.281929 0.823131 -0.491987 0.030335
1520616926.415903 -307.352925 -27.410108 61.600099 0.269047 0.824479 -0.497309 0.023059
1520616926.465905 -306.376904 -27.586829 61.743953 0.248237 0.825838 -0.505938 0.019930
1520616926.515906 -307.393708 -27.528759 61.711654 0.213298 0.830191 -0.514478 0.024473
1520616926.565908 -307.396212 -28.266689 61.021859 0.195288 0.831554 -0.518517 0.038999
1520616926.615909 -306.548900 -27.973942 61.496269 0.197557 0.831749 -0.517774 0.032800
1520616926.665911 -305.774432 -27.529418 61.944881 0.195621 0.829041 -0.521712 0.047332
1520616926.715913 -305.062207 -27.134684 62.526386 0.187479 0.826136 -0.527765 0.061767
1520616926.767683 -304.520136 -26.862758 63.321663 0.170554 0.826360 -0.531984 0.070945
1520616926.817685 -303.538480 -26.670064 63.320911 0.153216 0.818221 -0.550288 0.064981
1520616926.867687 -302.594060 -26.376673 63.474096 0.132121 0.816833 -0.557463 0.067552
1520616926.917688 -302.147971 -26.089445 64.324987 0.116567 0.836166 -0.528896 0.086651
1520616926.967690 -301.575200 -25.282187 64.290637 0.078386 0.833100 -0.539743 0.092069
1520616927.017691 -301.656044 -24.283882 64.325947 0.034288 0.833908 -0.538297 0.116869
1520616927.067693 -301.618791 -23.285716 64.368665 -0.001809 0.829875 -0.539746 0.141345
1520616927.117694 -302.215988 -22.492675 64.527256 -0.043146 0.820743 -0.538390 0.186159
1520616927.172908 -302.785463 -22.130713 65.265865 -0.063895 0.817950 -0.516486 0.245189
1520616927.222909 -303.645891 -21.623558 65.299072 -0.107697 0.805422 -0.510259 0.281660
1520616927.272910 -304.517343 -21.213312 65.568016 -0.143302 0.796095 -0.498892 0.311133
1520616927.322913 -305.440210 -20.901780 65.795084 -0.180750 0.787343 -0.482773 0.338159
1520616927.372914 -306.252822 -20.502715 66.216144 -0.210462 0.780088 -0.464232 0.362846
1520616927.422915 -305.904720 -19.568646 66.190489 -0.222286 0.777213 -0.465138 0.360799
1520616927.472917 -306.731878 -19.279915 66.700468 -0.250914 0.771058 -0.442163 0.383411
1520616927.522918 -306.673836 -18.291114 66.638257 -0.257474 0.763627 -0.440353 0.395815
1520616927.572920 -307.622239 -17.942681 66.652210 -0.286572 0.750817 -0.427570 0.413926
1520616927.622921 -308.357225 -17.644528 67.259311 -0.296948 0.743433 -0.407062 0.439807
1520616927.672922 -308.167120 -16.810064 67.768369 -0.304551 0.743206 -0.403752 0.438040
1520616927.722925 -307.848610 -15.868176 67.821820 -0.312244 0.737115 -0.406978 0.439924
1520616927.772926 -308.757619 -15.634971 68.204131 -0.332461 0.724434 -0.387149 0.463445
1520616927.822927 -309.097520 -14.728526 68.423709 -0.344818 0.715983 -0.380245 0.473162
1520616927.872930 -309.989625 -14.581426 68.870738 -0.366699 0.702403 -0.363005 0.490295
1520616927.922930 -310.504563 -13.754768 69.058380 -0.384838 0.691480 -0.357098 0.496221
1520616927.972932 -311.444693 -13.966794 69.355536 -0.409566 0.678387 -0.332011 0.511679
1520616928.022933 -312.308691 -14.298020 69.733442 -0.428483 0.667154 -0.301501 0.529532
1520616928.072936 -312.521092 -13.345968 69.903532 -0.429442 0.666670 -0.298111 0.531281
1520616928.122937 -312.927116 -12.443785 70.049639 -0.434468 0.660933 -0.296995 0.534976
1520616928.172939 -313.636798 -13.030982 70.452964 -0.448329 0.645971 -0.265496 0.557884
1520616928.222940 -314.402272 -13.638887 70.670602 -0.459627 0.630004 -0.242311 0.577168
1520616928.272942 -315.125997 -14.327516 70.736911 -0.472261 0.612637 -0.228348 0.591187
1520616928.322944 -315.987125 -14.812820 70.875917 -0.478016 0.599166 -0.217029 0.604483
1520616928.372946 -316.524769 -14.031928 71.158309 -0.477554 0.601772 -0.226021 0.598939
1520616928.418320 -317.450632 -14.382528 71.352345 -0.481693 0.596482 -0.212620 0.605784
1520616928.468321 -318.313044 -14.802595 71.633038 -0.484273 0.597231 -0.197644 0.608056
1520616928.518323 -319.279011 -14.941310 71.842220 -0.484946 0.602030 -0.184497 0.606917
1520616928.568325 -320.226816 -15.249098 71.946167 -0.485636 0.606739 -0.167814 0.606518
1520616928.618326 -321.103043 -15.670379 72.178292 -0.481668 0.616229 -0.145975 0.605763
1520616928.668328 -321.999695 -15.988128 72.482863 -0.480547 0.621159 -0.126310 0.606038
1520616928.718329 -322.809667 -16.521676 72.731213 -0.478774 0.625859 -0.104184 0.606813
1520616928.768331 -323.730013 -16.859597 72.924818 -0.477129 0.629678 -0.085582 0.607066
1520616928.816123 -324.578034 -16.944726 73.440272 -0.474834 0.636625 -0.065527 0.604109
1520616928.866125 -325.463727 -17.258166 73.790785 -0.471103 0.639069 -0.042683 0.606491
1520616928.916127 -326.318521 -17.729988 74.014395 -0.470924 0.637827 -0.020866 0.609075
1520616928.966128 -327.157983 -18.170095 74.329975 -0.468470 0.640013 0.003677 0.609020
1520616929.016129 -327.882921 -18.644496 74.825940 -0.465709 0.647885 0.030862 0.602003
1520616929.066236 -328.616803 -19.051369 75.369008 -0.459672 0.660593 0.060013 0.590523
1520616929.116133 -329.139485 -19.686012 75.936837 -0.459807 0.673299 0.086183 0.572555
1520616929.166134 -329.609645 -20.303512 76.566902 -0.459869 0.687269 0.111177 0.551200
1520616929.215280 -330.185055 -21.021171 76.966396 -0.458130 0.696938 0.131162 0.535902
1520616929.265281 -330.453092 -21.718081 77.626761 -0.455215 0.706567 0.151145 0.520286
1520616929.315283 -331.134004 -22.218712 78.167038 -0.454043 0.711743 0.164111 0.510230
1520616929.365284 -331.712065 -23.014877 78.354114 -0.454038 0.711199 0.176855 0.506722
1520616929.415286 -331.854671 -23.755640 79.004096 -0.456339 0.712479 0.190019 0.498018
1520616929.465288 -331.813943 -24.453529 79.717164 -0.456450 0.715868 0.205865 0.486627
1520616929.515289 -331.539907 -25.244999 80.258838 -0.457257 0.719802 0.220939 0.473273
1520616929.565291 -330.936245 -25.805238 80.823512 -0.466031 0.722322 0.236686 0.452820
1520616929.614525 -330.980919 -26.589219 81.454256 -0.470899 0.725900 0.247655 0.435879
1520616929.664526 -331.133602 -27.330932 82.109371 -0.474705 0.730440 0.257974 0.417805
1520616929.714528 -330.931635 -28.005515 82.815860 -0.482308 0.734422 0.264123 0.397798
1520616929.764529 -331.312298 -28.529323 83.583540 -0.484536 0.742564 0.267651 0.377076
1520616929.814531 -331.521820 -29.161617 84.328340 -0.487848 0.749201 0.267533 0.359345
1520616929.864532 -331.878076 -29.620225 85.142916 -0.485490 0.760628 0.266695 0.338554
1520616929.914535 -331.652029 -29.621432 86.114478 -0.490670 0.768787 0.260109 0.317101
1520616929.964536 -331.537764 -29.930284 87.061000 -0.487386 0.780834 0.259286 0.292445
1520616930.014538 -331.748456 -30.905998 87.146379 -0.474572 0.790218 0.268820 0.279415
1520616930.064172 -332.537171 -31.473924 87.393057 -0.465085 0.801089 0.267414 0.265408
1520616930.114173 -333.229683 -32.191560 87.465414 -0.458926 0.809239 0.265335 0.253211
1520616930.164175 -333.784357 -33.022106 87.458939 -0.460214 0.813161 0.261128 0.242456
1520616930.214176 -334.375140 -33.753978 87.799094 -0.469997 0.815059 0.246524 0.232396
1520616930.264178 -335.099814 -34.188327 88.332931 -0.477105 0.821529 0.224461 0.216973
1520616930.314180 -335.526016 -35.082914 88.218688 -0.496498 0.815061 0.212700 0.209582
1520616930.364181 -336.100599 -35.781589 88.648696 -0.515492 0.813363 0.190392 0.190945
1520616930.414183 -336.660610 -36.599323 88.501499 -0.535801 0.806118 0.175389 0.179803
1520616930.464093 -337.067484 -37.475382 88.245368 -0.556385 0.794231 0.168637 0.176618
1520616930.514094 -337.676475 -38.237150 88.015887 -0.571098 0.787813 0.158469 0.167585
1520616930.564096 -337.880646 -39.186209 87.792855 -0.578984 0.781441 0.166617 0.162373
1520616930.614098 -337.772562 -39.715583 88.642402 -0.599793 0.775115 0.151460 0.128471
1520616930.664099 -337.660474 -40.225541 89.495275 -0.622806 0.765219 0.134765 0.091605
1520616930.714184 -338.026997 -41.162481 89.499191 -0.637545 0.754168 0.132940 0.084231
1520616930.764102 -338.319674 -42.118273 89.490143 -0.648900 0.747646 0.124085 0.067511
1520616930.814104 -338.677614 -43.052708 89.470058 -0.660978 0.740502 0.110519 0.050505
1520616930.864392 -338.929199 -44.018227 89.525218 -0.677394 0.728246 0.098156 0.034069
1520616930.914394 -339.110762 -44.989386 89.678780 -0.695906 0.712107 0.090073 0.022478
1520616930.964395 -338.779599 -45.312496 90.573114 0.722081 -0.687952 -0.072164 0.010671
1520616931.014397 -338.855130 -46.124919 91.154725 0.740590 -0.668591 -0.064408 0.019093
1520616931.064399 -338.438922 -46.142621 92.070350 0.762831 -0.643301 -0.053873 0.036752
1520616931.114400 -338.526714 -46.393556 93.035867 0.776254 -0.627819 -0.045446 0.034747
1520616931.164402 -338.479178 -46.391680 94.035334 0.793786 -0.605735 -0.044162 0.032224
1520616931.214403 -338.269586 -45.933534 94.900452 0.812843 -0.579198 -0.050321 0.035832
1520616931.265216 -337.997541 -45.466155 95.741774 0.825494 -0.558497 -0.068177 0.044627
1520616931.315217 -338.530319 -45.716049 96.554235 0.841984 -0.531010 -0.086728 0.039627
1520616931.365219 -338.360863 -45.552691 97.530346 0.849980 -0.512125 -0.111470 0.053249
1520616931.415220 -338.074045 -45.188448 98.416898 0.857138 -0.493053 -0.135512 0.062046
1520616931.465222 -337.611336 -44.826612 99.226112 0.858976 -0.482867 -0.154611 0.071379
1520616931.515224 -337.078039 -44.568522 100.031221 0.861522 -0.471465 -0.171525 0.077971
1520616931.565225 -336.402595 -44.822797 100.718549 0.866960 -0.454089 -0.190626 0.076457
1520616931.615227 -336.045592 -44.670808 101.643111 0.872828 -0.439248 -0.199241 0.074403
1520616931.666055 -335.433266 -44.306677 102.345486 0.877821 -0.422250 -0.212951 0.076077
1520616931.716056 -334.940816 -43.823035 103.069736 0.879531 -0.409802 -0.228592 0.078945
1520616931.766058 -334.929589 -43.412189 103.978777 0.882642 -0.398096 -0.237992 0.076302
1520616931.816060 -335.149946 -43.238653 104.937440 0.891286 -0.379693 -0.240291 0.060854
1520616931.866061 -334.824816 -42.952988 105.841563 0.893023 -0.363904 -0.258595 0.056680
1520616931.916063 -334.411215 -43.122414 106.735713 0.893772 -0.345857 -0.283176 0.036959
1520616931.966064 -334.351369 -43.585154 107.620847 0.892337 -0.338186 -0.298735 0.011118
1520616932.016065 -334.112125 -44.175581 108.390935 0.886355 -0.327008 -0.327701 -0.007270
1520616932.066486 -333.602488 -43.980862 109.233588 0.877531 -0.325591 -0.352032 -0.001897
1520616932.116488 -334.353423 -44.257680 108.607341 0.864995 -0.324479 -0.382551 0.012335
1520616932.166488 -333.755554 -44.239457 109.429989 0.851807 -0.316313 -0.416894 0.023879
1520616932.216490 -333.753470 -44.267192 110.426493 0.847988 -0.305369 -0.432482 0.024991
1520616932.266491 -334.049967 -44.065721 111.355991 0.848558 -0.285377 -0.444343 0.032694
1520616932.316494 -334.364965 -43.788730 112.263186 0.855428 -0.261036 -0.444856 0.046963
1520616932.366554 -334.590430 -43.902152 113.233305 0.851940 -0.245995 -0.459560 0.049898
1520616932.416497 -333.698693 -43.568956 113.530976 0.816188 -0.243540 -0.516635 0.087257
1520616932.466498 -332.728531 -43.335491 113.518878 0.776461 -0.231648 -0.574156 0.117437
1520616932.516466 -331.740957 -43.379067 113.679907 0.752182 -0.213532 -0.610558 0.125878
1520616932.566467 -330.746140 -43.275414 113.685257 0.726941 -0.192228 -0.644250 0.139809
1520616932.616469 -329.854393 -42.989263 113.335341 0.695189 -0.171523 -0.679194 0.161208
1520616932.666471 -328.983597 -42.489825 113.353909 -0.670267 0.153249 0.700768 -0.190214
1520616932.716472 -328.574043 -42.429645 114.261289 -0.674409 0.141040 0.698058 -0.194924
1520616932.766474 -327.931201 -42.485714 115.026131 -0.673479 0.125607 0.701762 -0.195393
1520616932.816475 -326.974288 -42.369919 114.792111 -0.657568 0.103354 0.718203 -0.202750
1520616932.866477 -326.043466 -42.152806 115.101453 -0.648039 0.090761 0.725493 -0.213230
1520616932.915744 -325.441619 -42.175815 115.897947 -0.649164 0.082701 0.724040 -0.217973
1520616932.965745 -324.506318 -41.861480 115.771507 -0.630778 0.070364 0.737209 -0.231711
1520616933.015746 -323.632244 -41.540101 115.410819 -0.609844 0.046174 0.752627 -0.243949
1520616933.065749 -322.884672 -40.990232 115.033193 -0.588151 0.022817 0.764423 -0.263088
1520616933.115751 -322.160534 -40.522060 114.529501 -0.564597 0.000925 0.776401 -0.280054
1520616933.165751 -321.589824 -39.896550 113.994820 -0.538244 -0.017485 0.785991 -0.303653
1520616933.215754 -321.101488 -39.367234 113.302523 -0.514247 -0.037597 0.793322 -0.323691
1520616933.265754 -320.643748 -38.878935 112.560334 -0.487035 -0.053850 0.801761 -0.342163
1520616933.314913 -320.056797 -38.461309 113.254335 -0.493761 -0.067354 0.792412 -0.351776
1520616933.364915 -319.669840 -38.015373 112.457394 -0.471813 -0.077175 0.799485 -0.363675
1520616933.414917 -319.152391 -37.188227 112.695938 -0.466881 -0.087257 0.791966 -0.383664
1520616933.464918 -318.632574 -36.368287 112.934020 -0.457398 -0.097262 0.786145 -0.404108
1520616933.514920 -318.257291 -35.919348 112.130997 -0.426347 -0.111424 0.796612 -0.413790
1520616933.564921 -317.312926 -35.657745 112.356717 -0.416868 -0.112517 0.799025 -0.418473
1520616933.614923 -316.459125 -35.208753 112.626950 -0.408552 -0.112518 0.799872 -0.425006
1520616933.664924 -315.548350 -34.804921 112.692581 -0.398951 -0.114420 0.802532 -0.428589
1520616933.714437 -314.689102 -34.302871 112.801772 -0.391711 -0.117825 0.805148 -0.429438
1520616933.764438 -313.846359 -33.772157 112.721161 -0.379844 -0.124403 0.810293 -0.428566
1520616933.814439 -313.016448 -33.218986 112.807381 -0.373040 -0.133346 0.813584 -0.425606
1520616933.864441 -312.215165 -32.620610 112.809978 -0.363480 -0.141339 0.816835 -0.425073
1520616933.914443 -311.383394 -32.180549 112.482113 -0.346889 -0.148347 0.827498 -0.415822
1520616933.964444 -310.770776 -31.427754 112.226151 -0.326922 -0.163446 0.834757 -0.411811
1520616934.014484 -310.044522 -30.811812 111.925556 -0.307775 -0.172889 0.839545 -0.412975
1520616934.064447 -309.345061 -30.394387 111.350517 -0.278052 -0.180123 0.852261 -0.404838
1520616934.114622 -308.785903 -29.743905 110.831918 -0.253264 -0.189996 0.856089 -0.408498
1520616934.164623 -308.171698 -29.153991 110.308366 -0.230154 -0.197230 0.856944 -0.416864
1520616934.214625 -307.259496 -28.798083 110.098088 -0.216871 -0.203945 0.858748 -0.417043
1520616934.264627 -306.742585 -28.168277 109.519545 -0.190045 -0.216853 0.858448 -0.424175
1520616934.314628 -306.886184 -27.661779 108.666736 -0.144548 -0.243012 0.860171 -0.424449
1520616934.364630 -306.715706 -26.850729 108.106287 -0.117184 -0.264328 0.853090 -0.434323
1520616934.414630 -305.940206 -26.264359 107.869087 -0.112528 -0.275220 0.849281 -0.436249
1520616934.464633 -305.773276 -25.692976 107.069832 -0.077600 -0.275418 0.849598 -0.443065
1520616934.514634 -306.022928 -25.049429 106.342872 -0.037566 -0.291181 0.840507 -0.455358
1520616934.566386 -305.389898 -24.717028 105.641287 -0.021540 -0.285661 0.842916 -0.455440
1520616934.616387 -305.009483 -24.178029 104.889681 0.008033 -0.294106 0.835291 -0.464463
1520616934.666389 -304.357660 -23.636789 104.353868 0.016832 -0.301578 0.830835 -0.467420
1520616934.716391 -303.558709 -23.314942 103.846354 0.025808 -0.302509 0.824175 -0.478077
1520616934.766392 -302.904366 -22.782889 103.308039 0.033661 -0.307044 0.818215 -0.484887
1520616934.816394 -303.520159 -22.631266 102.529775 0.082899 -0.317860 0.807307 -0.490254
1520616934.866395 -302.942225 -21.870872 102.215409 0.083805 -0.331561 0.800130 -0.492784
1520616934.916397 -302.372370 -21.193486 101.754237 -0.086568 0.338663 -0.789740 0.504106
1520616934.967000 -302.860920 -21.193629 100.880201 -0.122124 0.340679 -0.777192 0.514778
1520616935.017002 -302.149902 -20.525118 100.624705 -0.112588 0.348641 -0.767105 0.526615
1520616935.067003 -301.831232 -19.911161 99.909893 -0.116037 0.349739 -0.754907 0.542526
1520616935.117005 -301.457141 -19.131406 99.403510 -0.115044 0.356718 -0.740402 0.557962
1520616935.167006 -302.107189 -18.855361 98.690676 -0.139412 0.361408 -0.714346 0.582802
1520616935.217009 -302.086145 -18.181653 97.954105 -0.141737 0.363908 -0.693685 0.605213
1520616935.267009 -301.432773 -17.520126 97.579942 -0.122456 0.365083 -0.685359 0.618063
1520616935.317012 -301.420210 -16.596222 97.192324 -0.124992 0.377303 -0.662090 0.635340
1520616935.366678 -301.459630 -15.745588 96.670531 -0.127256 0.389343 -0.635847 0.654154
1520616935.416680 -301.263494 -15.101226 95.934050 -0.122286 0.393665 -0.614959 0.672235
1520616935.466681 -301.735437 -15.091933 95.051912 -0.135887 0.397569 -0.591610 0.688092
1520616935.516683 -302.151162 -14.683352 94.242420 -0.140914 0.405687 -0.570381 0.700162
1520616935.566684 -301.462265 -14.247042 93.657762 -0.141177 0.419880 -0.550618 0.707524
1520616935.616686 -301.415045 -14.122851 92.672674 -0.139898 0.419901 -0.539293 0.716432
1520616935.666701 -301.278301 -14.091409 91.681817 -0.138906 0.426109 -0.527340 0.721837
1520616935.716689 -300.850172 -14.116191 90.775619 -0.134759 0.422977 -0.525544 0.725764
1520616935.765533 -300.546900 -14.385618 89.863251 -0.136335 0.409610 -0.528912 0.730674
1520616935.815535 -300.191413 -15.283353 89.624539 -0.163582 0.411974 -0.522282 0.728519
1520616935.865537 -300.281829 -15.965399 88.904657 -0.169762 0.394058 -0.521587 0.737460
1520616935.915538 -300.580541 -16.790309 88.431220 -0.179302 0.384211 -0.521892 0.740177
1520616935.965540 -300.797944 -17.687200 88.045464 -0.185308 0.379314 -0.531655 0.734251
1520616936.015541 -301.158354 -18.594227 87.837038 -0.192657 0.374242 -0.545428 0.724799
1520616936.065543 -301.595631 -19.468826 87.629033 -0.202101 0.361376 -0.555556 0.721055
1520616936.115544 -302.228748 -20.194337 87.365346 -0.212315 0.335739 -0.556311 0.729877
1520616936.165093 -302.798584 -20.959899 87.064821 -0.231002 0.289477 -0.532191 0.761324
1520616936.215094 -303.185868 -21.836491 87.334866 -0.238878 0.291942 -0.539345 0.752870
1520616936.265095 -304.049564 -22.064837 86.903431 -0.232304 0.285723 -0.564165 0.738996
1520616936.315098 -304.707194 -22.801979 86.731371 -0.231184 0.269605 -0.564897 0.744821
1520616936.365098 -305.300984 -22.548111 85.980682 -0.217057 0.259059 -0.568855 0.749786
1520616936.415101 -306.149465 -22.898596 85.578245 -0.220258 0.254076 -0.558275 0.758460
1520616936.465102 -307.074892 -23.266777 85.507996 -0.236911 0.254683 -0.545068 0.762830
1520616936.515104 -307.965714 -23.390786 85.076805 -0.239211 0.251321 -0.530410 0.773486
1520616936.570525 -308.676509 -22.705632 84.964422 -0.238644 0.259902 -0.520162 0.777774
1520616936.620527 -309.585862 -22.356785 84.727742 -0.242109 0.267455 -0.504246 0.784593
1520616936.670529 -310.182934 -22.767383 84.031708 -0.247320 0.257364 -0.486204 0.797623
1520616936.720531 -310.727784 -23.017958 83.232284 -0.253383 0.245109 -0.475280 0.806119
1520616936.770532 -311.349239 -23.070218 82.452633 -0.262252 0.227954 -0.470684 0.810998
1520616936.820534 -311.931547 -22.275774 82.303008 -0.258008 0.232742 -0.473042 0.809626
1520616936.870535 -312.305749 -22.588666 81.431034 -0.269481 0.212711 -0.470806 0.812697
1520616936.920537 -313.124624 -22.240388 80.986542 -0.275731 0.213159 -0.462124 0.815461
1520616936.970538 -313.822327 -21.589812 80.692146 -0.279211 0.221598 -0.453729 0.816741
1520616937.023216 -314.286664 -21.071292 79.977307 -0.285979 0.224683 -0.447681 0.816894
1520616937.073217 -314.504175 -21.077982 79.001552 -0.300537 0.222313 -0.444238 0.814191
1520616937.123219 -314.391707 -20.754502 78.059582 -0.306406 0.222071 -0.442825 0.812838
1520616937.173219 -314.375389 -20.730325 77.061820 -0.318093 0.214256 -0.448430 0.807355
1520616937.223222 -314.234569 -20.567333 76.083874 -0.323682 0.206245 -0.457272 0.802244
1520616937.273223 -314.728755 -21.254613 75.564839 -0.334548 0.201790 -0.464322 0.794836
1520616937.323225 -315.132579 -21.980553 75.006240 -0.339575 0.195117 -0.472067 0.789792
1520616937.373225 -315.676815 -22.710407 74.596586 -0.342806 0.187737 -0.477773 0.786748
1520616937.423228 -316.291904 -23.226147 74.002239 -0.345283 0.175598 -0.485356 0.783820
1520616937.473230 -316.828700 -23.902306 73.496185 -0.346103 0.167927 -0.493260 0.780197
1520616937.523231 -317.345063 -24.517955 72.900749 -0.341576 0.164151 -0.501585 0.777684
1520616937.573232 -317.743898 -25.346833 72.506963 -0.339859 0.159940 -0.510381 0.773580
1520616937.623234 -317.988217 -26.178043 72.004033 -0.339669 0.153780 -0.514144 0.772420
1520616937.673236 -318.537939 -26.807830 71.461446 -0.342476 0.155109 -0.522464 0.765299
1520616937.723237 -318.846597 -27.591839 70.918409 -0.351915 0.153380 -0.530874 0.755515
1520616937.773239 -319.192181 -28.179307 70.187209 -0.363834 0.146786 -0.538329 0.745842
1520616937.823240 -319.508445 -27.993971 69.258227 -0.367299 0.147584 -0.542700 0.740802
1520616937.873241 -319.803926 -27.791542 68.324442 -0.372545 0.143503 -0.547276 0.735600
1520616937.923244 -320.209182 -27.462605 67.471277 -0.379138 0.139944 -0.551988 0.729369
1520616937.973244 -320.564444 -27.310623 66.549234 -0.384301 0.133801 -0.556490 0.724382
1520616938.023247 -320.763215 -27.161843 65.579973 -0.387815 0.126427 -0.559240 0.721711
1520616938.073249 -321.166339 -26.877036 64.710422 -0.394239 0.126464 -0.560214 0.717456
1520616938.123250 -321.651203 -26.539402 63.903439 -0.403369 0.128512 -0.558387 0.713430
1520616938.173251 -322.161836 -26.203815 63.111792 -0.413264 0.132133 -0.549143 0.714280
1520616938.223253 -322.608372 -25.998359 62.241148 -0.425253 0.131452 -0.545465 0.710175
1520616938.273254 -323.024700 -25.878221 61.339868 -0.437689 0.125111 -0.542416 0.706088
1520616938.323256 -323.574379 -25.627784 60.542918 -0.446155 0.120393 -0.529327 0.711522
1520616938.373258 -323.953633 -25.671854 59.618366 -0.462928 0.099623 -0.519730 0.711093
1520616938.423259 -323.834951 -26.549064 59.155497 -0.499186 0.008061 -0.482885 0.719424
1520616938.473261 -323.878159 -26.929510 58.232092 -0.504822 -0.034713 -0.473567 0.720891
1520616938.523263 -323.457242 -27.401436 57.455953 -0.501171 -0.090444 -0.461105 0.726657
1520616938.573263 -323.425955 -27.831688 56.557049 -0.504058 -0.129077 -0.449355 0.726185
1520616938.623265 -323.549538 -27.763880 55.564205 -0.491121 -0.145712 -0.425980 0.745728
1520616938.673266 -323.796126 -28.676319 55.255537 -0.514590 -0.172610 -0.410288 0.732848
1520616938.723269 -323.488855 -29.599548 55.011618 -0.540664 -0.223012 -0.394003 0.709020
1520616938.773271 -323.272858 -30.559101 55.173621 -0.568986 -0.261708 -0.364512 0.689126
1520616938.823272 -323.426918 -31.540087 55.076628 -0.587646 -0.283783 -0.329622 0.682268
1520616938.873276 -323.987784 -31.646955 54.254737 -0.588933 -0.283119 -0.312166 0.689604
1520616938.923275 -324.100610 -32.587570 53.940527 -0.600131 -0.305815 -0.278692 0.684581
1520616938.973277 -323.980761 -33.565069 53.764108 -0.610741 -0.327613 -0.249283 0.676405
1520616939.023278 -323.668800 -34.465932 53.454368 -0.619572 -0.344814 -0.225641 0.668072
1520616939.073280 -323.436024 -35.430185 53.345281 -0.634484 -0.353717 -0.205081 0.655939
1520616939.123281 -323.207630 -36.403110 53.330134 -0.652215 -0.355751 -0.187438 0.642592
1520616939.173283 -323.044084 -37.379953 53.459245 -0.676549 -0.352294 -0.170140 0.623877
1520616939.223284 -322.795209 -38.284949 53.801570 -0.699340 -0.344235 -0.158419 0.606077
1520616939.273285 -322.144532 -38.461433 53.049980 -0.698230 -0.333796 -0.138061 0.618057
1520616939.323287 -321.784844 -39.364498 53.251917 -0.715022 -0.313776 -0.131856 0.610656
1520616939.373289 -321.379725 -40.269533 53.388342 -0.726594 -0.295252 -0.135124 0.605499
1520616939.423290 -321.007789 -41.195467 53.462907 -0.730809 -0.282093 -0.144107 0.604628
1520616939.473292 -320.342594 -41.939636 53.511391 -0.725895 -0.282873 -0.158421 0.606599
1520616939.523293 -320.025083 -42.855062 53.750141 -0.720830 -0.277565 -0.178647 0.609464
1520616939.573294 -319.763151 -43.773277 54.044778 -0.715425 -0.269132 -0.198327 0.613515
1520616939.623296 -319.805028 -44.769767 54.114278 -0.708701 -0.260214 -0.218599 0.618261
1520616939.673299 -319.877490 -45.677600 54.521067 -0.700721 -0.255849 -0.242110 0.620414
1520616939.723300 -320.192810 -46.267451 55.258717 -0.693064 -0.253522 -0.265137 0.620557
1520616939.773301 -319.938586 -45.375465 54.892637 -0.682755 -0.252012 -0.285587 0.623518
1520616939.823303 -320.243210 -45.794186 55.758456 -0.683498 -0.254650 -0.299472 0.615061
1520616939.871281 -320.630118 -46.645067 56.122146 -0.670435 -0.262339 -0.313043 0.619434
1520616939.921282 -320.764734 -47.587849 55.799849 -0.651243 -0.272384 -0.323653 0.630031
1520616939.971285 -320.919760 -48.496961 56.176329 -0.634687 -0.283711 -0.334588 0.636186
1520616940.021286 -321.049984 -49.455486 55.911160 -0.615374 -0.292154 -0.342738 0.646910
1520616940.071287 -321.978841 -49.736937 56.128546 -0.601889 -0.298555 -0.348974 0.653309
1520616940.121289 -322.175863 -50.713612 55.983012 -0.594517 -0.302742 -0.344834 0.660293
1520616940.171292 -322.663902 -51.581070 55.927506 -0.593350 -0.306732 -0.342964 0.660475
1520616940.221292 -323.091161 -52.448494 55.669478 -0.596130 -0.310064 -0.340549 0.657659
1520616940.268473 -323.851716 -52.721698 55.081850 -0.597439 -0.297840 -0.354008 0.655008
1520616940.318474 -324.115371 -53.682134 54.968505 -0.606294 -0.303609 -0.352501 0.644960
1520616940.368476 -324.217811 -54.674913 54.886843 -0.618867 -0.309902 -0.346926 0.632935
1520616940.418477 -324.435926 -55.623076 54.657181 -0.631809 -0.308325 -0.338215 0.625591
1520616940.468478 -324.481462 -56.592035 54.407158 -0.645113 -0.304339 -0.324847 0.621033
1520616940.518480 -324.892537 -57.375265 54.862922 -0.674272 -0.293187 -0.310145 0.602668
1520616940.568482 -325.105711 -58.346283 54.717987 -0.687580 -0.285944 -0.296831 0.597796
1520616940.618483 -325.065094 -59.326345 54.911818 -0.700842 -0.285588 -0.282132 0.589629
1520616940.667239 -325.259605 -60.305961 54.881042 -0.713757 -0.282377 -0.263841 0.584125
1520616940.717152 -325.536132 -61.194877 54.512393 -0.719537 -0.274352 -0.253282 0.585531
1520616940.767154 -325.664077 -62.124770 54.164345 -0.719722 -0.274108 -0.245175 0.588859
1520616940.817155 -325.940607 -63.079546 54.237968 -0.725366 -0.273239 -0.231550 0.587851
1520616940.867157 -326.056378 -64.071077 54.315871 -0.728308 -0.277033 -0.222224 0.586035
1520616940.917158 -326.307400 -64.993347 54.601794 -0.734271 -0.276254 -0.213010 0.582371
1520616940.967160 -326.237715 -65.985379 54.735098 -0.739314 -0.279737 -0.202020 0.578231
1520616941.017161 -326.350035 -66.961938 54.546330 -0.740761 -0.276593 -0.201190 0.578181
1520616941.066149 -326.317108 -67.923401 54.811209 -0.747522 -0.278224 -0.200482 0.568866
1520616941.116151 -326.269541 -68.852940 55.175382 -0.759755 -0.277955 -0.194300 0.554762
1520616941.166152 -326.030938 -69.727168 55.598835 -0.768994 -0.278342 -0.187325 0.544136
1520616941.216154 -325.773355 -70.411277 56.277574 -0.775843 -0.274467 -0.184696 0.537237
1520616941.266155 -325.596546 -71.054155 57.021958 -0.777747 -0.275017 -0.192354 0.531485
1520616941.316157 -325.671930 -71.720806 57.762326 -0.774187 -0.281490 -0.208055 0.527362
1520616941.366159 -325.563513 -71.687297 58.749739 -0.773866 -0.294703 -0.212430 0.518802
1520616941.416160 -325.548879 -72.674022 58.960420 -0.757769 -0.299497 -0.225911 0.533903
1520616941.466162 -325.249649 -73.606783 59.164579 -0.742447 -0.297482 -0.233662 0.552882
1520616941.515747 -325.232084 -74.603491 59.227530 -0.722327 -0.291715 -0.250337 0.574872
1520616941.565749 -325.316149 -75.589511 59.360350 -0.705283 -0.284005 -0.265504 0.592811
1520616941.615750 -325.391916 -76.582894 59.447645 -0.692367 -0.275660 -0.285368 0.602665
1520616941.665752 -325.573071 -77.565584 59.465884 -0.681271 -0.270578 -0.305101 0.607923
1520616941.715754 -325.738481 -78.543883 59.334220 -0.670889 -0.261738 -0.324842 0.613089
1520616941.765756 -325.846539 -79.537075 59.291929 -0.662692 -0.252347 -0.340268 0.617558
1520616941.815757 -326.046584 -80.514395 59.341232 -0.651045 -0.241180 -0.359732 0.623351
1520616941.865759 -326.386530 -81.450801 59.263934 -0.633887 -0.227450 -0.381452 0.633205
1520616941.916065 -326.024755 -81.834908 60.100632 -0.632236 -0.228207 -0.381197 0.634734
1520616941.966066 -326.393164 -82.758005 60.174972 -0.612550 -0.215837 -0.406368 0.642698
1520616942.016068 -326.760647 -83.644666 59.890946 -0.594848 -0.198195 -0.423768 0.653678
1520616942.066070 -327.063405 -84.528798 59.532759 -0.581074 -0.181205 -0.441944 0.658941
1520616942.116071 -327.065220 -85.300820 58.891280 -0.568962 -0.163443 -0.455242 0.665074
1520616942.166073 -327.513258 -85.889819 58.223676 -0.558430 -0.149331 -0.474728 0.663694
1520616942.216076 -327.425103 -86.625608 57.547629 -0.552123 -0.135351 -0.481851 0.666828
1520616942.266076 -327.744579 -87.229775 56.821818 -0.548727 -0.127478 -0.493244 0.662841
1520616942.317450 -328.129275 -87.764775 56.070056 -0.544145 -0.121484 -0.508300 0.656337
1520616942.367390 -328.652463 -87.619615 55.228257 -0.540037 -0.116817 -0.523086 0.648919
1520616942.417391 -328.639608 -88.083597 54.343000 -0.533334 -0.120368 -0.540629 0.639364
1520616942.467393 -328.366697 -88.941136 53.911100 -0.530465 -0.131683 -0.555307 0.626818
1520616942.517394 -328.466647 -89.311283 52.988630 -0.528867 -0.125126 -0.565302 0.620546
1520616942.567396 -328.764728 -89.555280 52.066651 -0.527821 -0.123839 -0.579434 0.608544
1520616942.617397 -328.993975 -90.524528 51.973077 -0.553830 -0.142834 -0.587617 0.572343
1520616942.667399 -329.170602 -90.460814 50.988125 -0.558194 -0.140748 -0.588964 0.567213
1520616942.716712 -329.395631 -90.499856 50.015411 -0.576198 -0.136760 -0.569013 0.570541
1520616942.766713 -329.476879 -90.362742 49.025908 -0.584773 -0.129269 -0.545635 0.586184
1520616942.816716 -329.700216 -91.321225 49.206232 -0.634719 -0.155057 -0.491803 0.575515
1520616942.866717 -329.872370 -92.274967 49.452951 -0.673623 -0.177718 -0.437441 0.568589
1520616942.916718 -330.455597 -92.256789 48.644849 -0.678922 -0.166316 -0.419804 0.578937
1520616942.966720 -331.134576 -92.489458 47.950204 -0.688130 -0.161042 -0.397751 0.585096
1520616943.016721 -331.759742 -92.803448 47.235252 -0.696888 -0.157833 -0.363788 0.597574
1520616943.066723 -332.521808 -93.135110 46.680320 -0.705574 -0.155760 -0.337283 0.603443
1520616943.117307 -332.948508 -93.977363 47.017815 -0.729801 -0.166127 -0.281592 0.600415
1520616943.167309 -333.281624 -94.848119 47.380607 -0.751639 -0.172901 -0.226951 0.594674
1520616943.217310 -334.011246 -95.445878 47.058266 -0.762173 -0.168943 -0.199642 0.592194
1520616943.267312 -334.075363 -96.241023 47.660563 -0.781973 -0.162395 -0.142350 0.584707
1520616943.317314 -334.753346 -96.778920 47.162875 -0.788255 -0.149058 -0.119049 0.585033
1520616943.367316 -334.537816 -97.464952 47.852047 -0.797579 -0.135955 -0.083257 0.581766
1520616943.417317 -334.527613 -98.429469 48.130562 -0.801382 -0.121787 -0.063161 0.582207
1520616943.467319 -334.141402 -99.108639 48.747119 -0.803339 -0.106104 -0.050578 0.583807
1520616943.516674 -333.486138 -99.804609 49.043992 -0.803889 -0.086578 -0.037444 0.587252
1520616943.566675 -333.101699 -100.694056 49.297721 -0.806983 -0.056760 -0.029656 0.587092
1520616943.616676 -332.180032 -100.988017 49.521081 -0.815712 -0.034788 0.001399 0.577410
1520616943.666678 -331.685140 -101.823270 49.777834 -0.824155 0.002319 0.007730 0.566308
1520616943.716679 -330.786421 -102.250348 49.718791 -0.830381 0.020115 0.037435 0.555574
1520616943.766681 -330.773176 -103.188339 50.067293 -0.842119 0.067265 0.023792 0.534550
1520616943.816682 -330.842965 -104.049429 50.568833 -0.851955 0.099555 0.006558 0.514022
1520616943.866684 -331.102595 -104.913869 51.001206 0.858693 -0.131023 0.033619 -0.494317
1520616943.916685 -330.345808 -105.531863 50.815424 0.857567 -0.131099 0.047774 -0.495086
1520616943.965535 -330.440316 -106.348700 51.384603 0.861371 -0.146933 0.095112 -0.476869
1520616944.015503 -330.905908 -107.066596 51.900606 0.859758 -0.170262 0.139418 -0.460858
1520616944.065505 -331.137404 -107.624496 52.695493 0.863638 -0.170088 0.184042 -0.437411
1520616944.115506 -330.860131 -108.549872 52.965288 0.864175 -0.165325 0.190845 -0.435256
1520616944.165508 -331.234096 -109.077697 53.723931 0.870441 -0.148070 0.238968 -0.404105
1520616944.215509 -331.699767 -109.528629 54.485287 0.876228 -0.127402 0.274107 -0.375311
1520616944.265511 -332.231606 -109.989264 55.196606 0.880910 -0.098551 0.304917 -0.348297
1520616944.315513 -332.238816 -110.763951 55.831105 0.885400 -0.053529 0.318596 -0.334212
1520616944.365164 -332.820501 -111.028002 56.595886 0.886664 -0.008130 0.348672 -0.303625
1520616944.415167 -333.762172 -111.192427 56.871457 0.886400 0.025149 0.369839 -0.277277
1520616944.465168 -334.659706 -111.591543 57.066207 0.885120 0.062807 0.386469 -0.251516
1520616944.515169 -335.502588 -111.999410 56.717907 0.880094 0.097048 0.402582 -0.232259
1520616944.565171 -336.439967 -112.241053 56.470178 0.871870 0.117536 0.430208 -0.202359
1520616944.615172 -337.376140 -112.317089 56.127509 0.868328 0.134865 0.447785 -0.165246
1520616944.665174 -338.106295 -112.877597 55.729291 0.874782 0.157448 0.434371 -0.145905
1520616944.715176 -338.777950 -113.204279 55.063957 0.878502 0.183362 0.423186 -0.124605
1520616944.766014 -339.516609 -113.785972 54.721138 0.879016 0.209732 0.413151 -0.112470
1520616944.816015 -340.239075 -114.401168 55.051229 0.884433 0.237348 0.390122 -0.096172
1520616944.866017 -340.735924 -115.137966 55.513849 0.889158 0.269417 0.361317 -0.079141
1520616944.916019 -341.035337 -115.298097 56.455906 0.902725 0.284757 0.319335 -0.045014
1520616944.966020 -341.275487 -116.226406 56.155861 0.901552 0.295314 0.313146 -0.043971
1520616945.016022 -341.600812 -117.047684 55.689731 0.893412 0.303743 0.327656 -0.046858
1520616945.066024 -341.872193 -117.148416 56.659072 0.901628 0.313576 0.297877 -0.002456
1520616945.116025 -342.412383 -117.123736 57.499101 0.916211 0.297436 0.267244 0.025903
1520616945.167652 -342.746148 -116.884332 58.411141 0.928752 0.282396 0.234241 0.052943
1520616945.217654 -343.316977 -116.696138 59.208566 0.942294 0.252417 0.206622 0.075341
1520616945.267655 -342.794102 -117.087972 58.428976 0.956272 0.210470 0.180511 0.093070
1520616945.317656 -343.094665 -116.630385 59.289168 0.966333 0.168079 0.159087 0.112437
1520616945.367659 -342.786781 -117.111139 58.444389 0.973728 0.121003 0.141411 0.131204
1520616945.417659 -342.812676 -117.312942 57.466413 0.976577 0.091187 0.121934 0.152034
1520616945.467661 -342.938259 -117.079010 58.449968 0.977791 0.051861 0.116519 0.166311
1520616945.517662 -342.698371 -116.949067 59.409614 0.978053 0.020349 0.108038 0.176992
1520616945.572168 -342.287184 -116.541014 60.224845 0.976381 -0.015538 0.108565 0.186150
1520616945.622176 -341.779483 -116.386424 61.070769 0.974653 -0.048221 0.113157 0.186874
1520616945.672171 -341.255648 -115.997679 61.830321 0.970481 -0.078181 0.124582 0.191139
1520616945.722172 -341.494120 -116.563239 62.623158 0.965112 -0.128846 0.165033 0.157231
1520616945.772174 -340.680441 -116.025363 62.850641 0.954276 -0.163324 0.177933 0.176129
1520616945.822175 -340.485664 -115.781156 63.806498 0.944025 -0.189712 0.201641 0.179351
1520616945.872177 -340.953353 -116.273131 64.540653 0.929671 -0.229161 0.247186 0.148648
1520616945.922179 -340.838499 -116.617341 65.470307 0.919039 -0.253033 0.263656 0.147742
1520616945.972038 -340.356579 -117.004079 66.250838 0.908158 -0.278134 0.271518 0.155465
1520616946.023311 -340.986106 -116.520092 66.852942 0.886977 -0.297621 0.307995 0.172719
1520616946.073312 -341.823571 -116.337812 67.366037 0.858467 -0.316987 0.361824 0.177866
1520616946.123315 -342.668048 -115.883316 67.647923 0.828912 -0.324902 0.412462 0.192924
1520616946.173316 -343.484022 -115.793336 68.225524 0.803489 -0.323606 0.459966 0.195230
1520616946.223317 -344.176112 -115.093917 68.410415 0.779856 -0.314565 0.494741 0.219326
1520616946.273319 -344.899153 -114.666987 68.958324 0.761518 -0.303743 0.519254 0.241258
1520616946.323320 -345.524856 -114.089631 69.485233 0.745302 -0.286115 0.537111 0.272352
1520616946.373322 -346.301090 -113.626122 69.909014 0.731545 -0.270021 0.550183 0.298713
1520616946.423509 -346.947882 -112.923640 70.210897 0.720544 -0.252283 0.556445 0.327931
1520616946.473511 -347.257116 -112.049581 69.828104 0.712055 -0.232422 0.558571 0.356309
1520616946.523512 -347.047996 -113.035067 69.837945 0.704948 -0.201245 0.557322 0.389797
1520616946.573514 -347.616918 -113.857961 69.796474 0.701888 -0.160008 0.556647 0.414603
1520616946.623515 -347.474316 -112.904153 69.487417 0.700067 -0.126030 0.547525 0.440725
1520616946.673518 -347.172982 -111.952574 69.460271 0.699286 -0.097487 0.536066 0.462741
1520616946.723519 -347.973276 -111.446470 69.176917 0.700488 -0.064934 0.526453 0.477439
1520616946.773520 -348.652878 -110.903366 68.681720 0.700762 -0.038186 0.512765 0.494517
1520616946.823522 -349.368456 -110.343907 68.263008 0.699217 -0.008389 0.492791 0.517864
1520616946.873523 -350.264278 -110.027139 67.956792 0.698448 0.019402 0.470686 0.538747
1520616946.923524 -351.206921 -109.700742 67.879023 0.698300 0.038989 0.447313 0.557465
1520616946.973527 -351.933146 -109.010464 67.940629 0.696614 0.046397 0.410979 0.586236
1520616947.023528 -352.483768 -108.178519 68.027087 0.696539 0.042924 0.375417 0.609961
1520616947.073529 -353.379052 -107.752343 67.955535 0.697831 0.038123 0.353883 0.621567
1520616947.123531 -354.082309 -107.039513 67.905593 0.705102 0.023204 0.326191 0.629199
1520616947.173532 -354.884984 -107.314502 67.381158 0.703122 0.026751 0.315007 0.636926
1520616947.223534 -355.757535 -107.413942 66.903843 0.708978 0.023667 0.295749 0.639784
1520616947.273535 -356.348003 -106.602692 66.910812 0.722210 0.006000 0.257499 0.641927
1520616947.323536 -357.238557 -106.582103 66.465503 0.721703 0.003375 0.248112 0.646199
1520616947.373539 -358.191877 -106.436880 66.201374 0.722217 -0.007533 0.234825 0.650541
1520616947.423540 -359.143294 -106.403157 65.895923 0.717661 -0.015759 0.231694 0.656531
1520616947.473541 -360.117471 -106.249391 65.729592 0.711836 -0.035124 0.229548 0.662846
1520616947.523544 -359.957120 -107.228046 65.834845 0.706201 -0.074136 0.214983 0.670497
1520616947.573545 -360.078352 -108.216709 65.928392 0.699174 -0.114870 0.205401 0.675108
1520616947.621970 -360.217338 -109.192117 66.103288 0.692827 -0.159985 0.197917 0.674703
1520616947.671971 -360.373673 -108.248063 65.816370 0.683483 -0.201965 0.195280 0.673741
1520616947.721973 -360.599628 -109.108160 65.342549 0.680647 -0.228934 0.187974 0.670056
1520616947.771974 -361.023857 -110.015385 65.437875 0.669459 -0.266237 0.195354 0.665416
1520616947.821976 -361.393163 -109.334060 66.082825 0.661645 -0.291774 0.204556 0.659735
1520616947.871978 -361.985901 -110.132464 66.058372 0.642535 -0.328954 0.220188 0.656090
1520616947.921979 -362.778280 -109.877522 66.622545 0.631713 -0.356732 0.250099 0.641195
1520616947.971981 -361.858496 -109.534802 66.429715 0.606155 -0.380537 0.255181 0.650116
1520616948.021054 -362.457955 -109.377672 67.206088 0.595860 -0.407545 0.289200 0.628666
1520616948.071054 -362.894799 -109.033478 68.041071 0.584552 -0.424086 0.317098 0.614734
1520616948.121055 -363.266884 -108.689366 68.904173 0.574243 -0.438265 0.344458 0.599598
1520616948.171057 -363.405559 -107.701798 69.025595 0.543235 -0.442751 0.382453 0.602160
1520616948.221059 -363.629021 -106.772391 68.732493 0.509368 -0.435141 0.422386 0.610563
1520616948.271061 -363.782236 -105.859834 68.351992 0.480277 -0.410762 0.457935 0.625223
1520616948.321063 -363.581041 -105.443036 69.229134 0.479003 -0.402828 0.461208 0.628946
1520616948.371063 -363.602420 -104.886782 70.059525 0.481745 -0.381716 0.462365 0.639088
1520616948.421172 -363.547382 -104.308730 70.874074 0.490837 -0.367843 0.453295 0.646757
1520616948.470330 -363.261032 -103.407084 70.534828 0.485765 -0.334695 0.440097 0.676998
1520616948.520332 -363.063972 -102.502400 70.159310 0.482396 -0.309501 0.418650 0.704440
1520616948.570333 -362.969790 -101.631064 69.678798 0.482787 -0.290745 0.396254 0.724822
1520616948.620338 -363.001294 -100.636284 69.721708 0.493712 -0.276576 0.365972 0.738796
1520616948.670337 -362.636889 -99.765807 69.376202 0.503449 -0.261821 0.327883 0.755302
1520616948.720337 -362.469087 -98.876477 68.953404 0.518222 -0.255972 0.287464 0.763734
1520616948.770339 -362.352876 -97.918581 68.697329 0.534049 -0.257616 0.244572 0.767209
1520616948.820341 -362.099543 -96.955953 68.767803 0.548468 -0.270152 0.192988 0.767435
1520616948.867841 -362.922811 -96.448051 68.556119 0.558875 -0.275456 0.170768 0.763296
1520616948.917842 -363.701295 -95.864419 68.324997 0.563981 -0.288692 0.149510 0.759098
1520616948.967948 -364.534142 -95.408153 68.011707 0.569236 -0.298431 0.132759 0.754509
1520616949.017845 -364.167723 -94.595651 67.559706 0.559320 -0.358645 0.110041 0.739206
1520616949.067847 -363.747546 -93.768448 67.187768 0.551969 -0.415513 0.089954 0.717348
1520616949.117849 -364.410614 -93.292796 66.614341 0.551016 -0.424415 0.098627 0.711707
1520616949.167850 -364.034182 -92.383784 66.452579 0.538010 -0.467573 0.088417 0.695775
1520616949.217852 -363.419809 -91.600569 66.355917 0.508688 -0.515664 0.088488 0.683738
1520616949.266532 -363.503702 -90.632110 66.143271 0.474186 -0.549065 0.105743 0.680068
1520616949.316534 -362.681808 -90.069839 66.198571 0.424836 -0.587839 0.110766 0.679478
1520616949.366535 -361.814304 -89.601938 66.362157 0.372041 -0.617643 0.116331 0.683060
1520616949.416537 -362.027065 -88.808829 66.911598 0.340916 -0.641981 0.142765 0.671755
1520616949.466539 -361.061382 -88.533776 66.863110 0.300132 -0.650012 0.153424 0.681078
1520616949.516540 -360.099575 -88.307541 66.702125 0.269001 -0.646591 0.167481 0.693909
1520616949.566542 -359.458499 -87.575495 66.901580 0.245387 -0.633189 0.187639 0.709682
1520616949.616543 -359.213268 -87.334608 67.832121 0.246511 -0.627292 0.190371 0.713790
1520616949.665872 -358.301906 -86.902338 67.804570 0.252334 -0.601363 0.184999 0.735163
1520616949.715873 -357.565933 -86.241114 67.667540 0.269408 -0.574433 0.172181 0.753525
1520616949.765875 -356.714069 -85.892707 67.269207 0.298279 -0.550001 0.142084 0.767034
1520616949.815877 -355.888606 -85.915063 66.702189 0.329827 -0.532170 0.110478 0.771883
1520616949.865878 -355.571698 -86.050049 65.757998 0.368033 -0.512631 0.074957 0.772103
1520616949.915880 -354.782072 -85.597113 65.366022 0.403614 -0.514986 0.048821 0.754653
1520616949.965882 -353.813582 -85.505536 65.565741 0.428058 -0.536270 0.015660 0.727279
1520616950.015882 -352.842278 -85.258476 65.524934 0.442485 -0.558989 -0.014581 0.701089
1520616950.065272 -353.455530 -84.588122 65.128267 0.473102 -0.546426 -0.014124 0.690936
1520616950.115273 -354.001545 -83.923840 64.617309 0.486049 -0.556102 -0.025884 0.673674
1520616950.165275 -353.187830 -83.368250 64.481721 0.480280 -0.588406 -0.042130 0.649103
1520616950.215277 -354.118720 -83.477843 64.123338 0.473250 -0.620891 -0.050045 0.622916
1520616950.265278 -353.888258 -82.928604 63.326942 0.447548 -0.632363 -0.039552 0.631073
1520616950.315279 -353.037194 -82.453442 63.512357 0.417025 -0.666750 -0.025296 0.617166
1520616950.365281 -352.369282 -81.884514 63.986467 0.377104 -0.696434 -0.002842 0.610544
1520616950.415285 -351.553973 -81.334744 64.184258 0.321238 -0.721688 0.022411 0.612757
1520616950.465304 -350.574924 -81.475999 64.305787 0.261813 -0.734023 0.034394 0.625684
1520616950.515307 -349.603332 -81.400118 64.531246 0.207207 -0.734051 0.043149 0.645269
1520616950.565307 -348.711131 -81.331977 64.972710 0.153933 -0.730275 0.049646 0.663731
1520616950.615385 -348.622614 -81.047920 65.918817 0.118560 -0.738889 0.060005 0.660595
1520616950.665310 -347.635580 -80.973244 66.117107 0.079930 -0.718891 0.056483 0.688199
1520616950.715312 -347.470836 -80.757956 67.069990 0.057165 -0.719981 0.050570 0.689784
1520616950.765313 -347.395499 -80.324895 67.966525 0.041221 -0.725444 0.055655 0.684788
1520616950.815315 -346.411867 -80.323858 68.190681 0.019715 -0.696730 0.034532 0.716231
1520616950.865316 -346.084224 -79.764199 68.938018 0.013672 -0.685595 0.030072 0.727233
1520616950.915429 -346.981329 -79.814755 68.513574 0.003245 -0.653492 -0.000152 0.756926
1520616950.965430 -347.838647 -79.860216 68.004330 -0.000083 -0.620405 -0.029514 0.783726
1520616951.015431 -348.692195 -79.498555 67.631659 0.003558 -0.590743 -0.073544 0.803493
1520616951.065434 -348.019632 -79.457772 68.369026 0.007056 -0.579026 -0.094609 0.809771
1520616951.115435 -347.504592 -78.945736 69.052073 0.026038 -0.573227 -0.109070 0.811688
1520616951.165437 -348.276026 -78.628711 68.511141 0.037633 -0.554781 -0.149540 0.817582
1520616951.215438 -347.526363 -79.054910 69.001603 0.045151 -0.556503 -0.174932 0.810965
1520616951.265440 -346.629869 -78.876525 69.410416 0.070241 -0.549535 -0.185828 0.811508
1520616951.315727 -345.656927 -78.939935 69.173648 0.088281 -0.529565 -0.210567 0.816963
1520616951.365729 -344.789685 -78.995526 69.654183 0.110067 -0.525647 -0.230028 0.811583
1520616951.415731 -343.827779 -79.040813 69.930996 0.127484 -0.518824 -0.260835 0.804074
1520616951.465732 -342.832470 -78.970575 69.823419 0.143071 -0.507164 -0.286999 0.799967
1520616951.515734 -341.846824 -78.854088 69.697647 0.154805 -0.498391 -0.309265 0.794982
1520616951.565735 -340.983578 -79.217141 69.355389 0.154557 -0.482971 -0.354107 0.785786
1520616951.615737 -340.021538 -79.119780 69.093564 0.159670 -0.481867 -0.382257 0.772133
1520616951.665739 -339.104474 -78.854836 68.789813 0.167504 -0.482561 -0.402886 0.759447
1520616951.717198 -338.390014 -78.264237 68.406523 0.176602 -0.481168 -0.421795 0.747916
1520616951.767200 -337.908045 -77.612044 67.815665 0.182328 -0.478458 -0.441818 0.736635
1520616951.817202 -337.324388 -77.386730 67.038837 0.177585 -0.482372 -0.454689 0.727351
1520616951.867203 -336.846127 -76.770992 66.410579 0.176278 -0.483759 -0.467795 0.718381
1520616951.917204 -336.288847 -76.183868 65.824606 0.173376 -0.485415 -0.484074 0.707096
1520616951.967206 -335.837976 -75.498713 65.250148 0.165946 -0.484580 -0.497683 0.699968
1520616952.017208 -335.140710 -74.977762 64.763462 0.157715 -0.486868 -0.513447 0.688809
1520616952.067211 -334.582604 -74.507106 64.077416 0.147586 -0.485953 -0.528251 0.680455
1520616952.118068 -333.887531 -74.089731 63.494547 0.137013 -0.492361 -0.538678 0.669802
1520616952.168070 -333.178051 -73.751282 62.876752 0.124297 -0.502915 -0.546430 0.658058
1520616952.218072 -332.723486 -74.440645 62.327495 0.078501 -0.538841 -0.542204 0.639924
1520616952.268123 -332.156013 -74.666219 61.530573 0.042681 -0.559718 -0.533546 0.632631
1520616952.318075 -331.499151 -74.173068 60.955133 0.036531 -0.570170 -0.536543 0.621042
1520616952.368076 -330.750698 -74.280046 60.309057 0.017253 -0.576820 -0.547931 0.605601
1520616952.418078 -330.215991 -73.545765 59.884356 0.014826 -0.571649 -0.557137 0.602159
1520616952.468079 -329.768045 -74.391749 59.641510 -0.027839 -0.578016 -0.571564 0.581753
1520616952.516941 -329.277511 -75.160731 59.229071 -0.065344 -0.571865 -0.589466 0.566772
1520616952.566942 -329.354175 -76.104199 58.913872 -0.121319 -0.563470 -0.602849 0.551685
1520616952.616944 -329.495718 -76.931917 58.373092 -0.185517 -0.550027 -0.606897 0.542891
1520616952.666946 -329.807144 -77.810856 58.010400 -0.252835 -0.538903 -0.603974 0.529974
1520616952.716947 -329.213114 -77.530392 57.244228 -0.267182 -0.525842 -0.606287 0.533405
1520616952.766949 -329.509273 -78.452567 57.017388 -0.324023 -0.525449 -0.593209 0.516736
1520616952.816950 -328.985076 -78.411584 56.153955 -0.345721 -0.519062 -0.586326 0.516985
1520616952.866952 -328.471340 -78.401954 55.296164 -0.363237 -0.516229 -0.579894 0.515063
1520616952.915788 -328.167194 -78.509007 54.350592 -0.383551 -0.510624 -0.576120 0.510135
1520616952.965789 -327.955063 -78.548643 53.373167 -0.400148 -0.501144 -0.575336 0.507665
1520616953.015790 -327.790810 -78.500960 52.386881 -0.418380 -0.491409 -0.573802 0.504209
1520616953.065792 -327.761220 -78.694582 51.408682 0.439012 0.485609 0.567439 -0.499465
1520616953.115794 -327.971257 -79.663681 51.559100 0.482489 0.499087 0.547760 -0.466986
1520616953.165795 -328.001578 -79.915249 50.585553 0.501171 0.491208 0.541604 -0.462826
1520616953.215796 -328.009192 -80.337839 49.680378 0.521849 0.490376 0.529863 -0.454368
1520616953.265799 -328.154962 -80.820712 48.817810 0.542400 0.481492 0.520161 -0.451000
1520616953.315801 -328.282211 -81.506449 48.101950 0.563018 0.479714 0.507727 -0.441699
1520616953.365205 -328.108865 -81.792768 47.153490 0.566215 0.479431 0.510342 -0.434852
1520616953.415206 -327.996446 -82.360208 46.340946 0.577889 0.478005 0.505703 -0.426403
1520616953.465208 -327.675755 -82.916829 45.572491 0.592905 0.484998 0.492902 -0.412659
1520616953.515210 -327.467213 -83.402178 44.722793 0.600292 0.488021 0.487885 -0.404294
1520616953.565211 -327.335676 -83.963643 43.906934 0.609668 0.491926 0.480658 -0.394058
1520616953.615213 -327.038736 -84.500312 43.115318 0.607384 0.495795 0.479154 -0.394567
1520616953.665214 -327.333242 -84.967037 42.285414 0.613209 0.479737 0.491212 -0.390561
1520616953.715215 -327.676010 -85.877212 42.541403 0.632309 0.482602 0.477915 -0.372664
1520616953.765325 -327.680083 -86.614756 41.858020 0.639103 0.473470 0.476641 -0.374415
1520616953.815324 -327.904372 -87.587081 41.929404 0.656790 0.469574 0.462887 -0.365873
1520616953.865325 -327.981402 -88.345059 41.276408 0.664404 0.456800 0.459538 -0.372459
1520616953.915349 -328.441875 -88.919059 40.602131 0.666336 0.438345 0.471376 -0.376371
1520616953.965328 -328.915565 -89.785848 40.787018 0.685505 0.428843 0.457246 -0.370272
1520616954.015330 -328.904316 -90.430106 40.011591 0.684040 0.417223 0.459242 -0.383550
1520616954.065331 -328.951307 -91.106162 39.277293 0.683618 0.407605 0.460413 -0.393122
1520616954.115334 -329.377682 -91.971135 39.547281 0.702839 0.407695 0.441739 -0.380354
1520616954.165451 -329.939342 -92.741192 39.844947 0.726502 0.397816 0.418598 -0.372441
1520616954.215452 -330.341504 -93.546008 40.285518 0.745298 0.388927 0.395057 -0.370401
1520616954.265455 -330.745073 -94.414731 39.999816 0.749924 0.376380 0.389144 -0.380157
1520616954.315456 -331.033789 -95.339810 40.254606 0.760366 0.361369 0.374628 -0.388470
1520616954.365458 -331.014922 -96.283798 40.590504 0.770649 0.343242 0.357815 -0.400317
1520616954.415458 -331.173208 -97.118808 41.113893 0.782547 0.319820 0.342705 -0.409742
1520616954.465461 -331.558286 -97.833478 41.694073 0.795189 0.293148 0.333381 -0.413033
1520616954.515461 -331.437750 -98.738871 42.112371 0.801289 0.270651 0.325452 -0.422807
1520616954.565722 -331.102389 -99.452480 42.723506 0.807218 0.251018 0.317913 -0.429324
1520616954.615724 -330.835637 -100.344049 43.095321 0.808354 0.228357 0.313955 -0.442549
1520616954.665725 -330.497368 -100.909027 43.841991 0.811402 0.202460 0.306246 -0.454808
1520616954.715727 -330.245150 -101.571612 44.548164 0.810473 0.184301 0.307691 -0.463134
1520616954.765728 -329.913526 -102.231234 45.222203 0.807510 0.169383 0.311087 -0.471658
1520616954.815730 -330.348896 -103.087110 45.487730 0.800056 0.151788 0.334715 -0.474169
1520616954.865732 -330.866061 -103.845305 45.882612 0.792766 0.140727 0.363065 -0.468938
1520616954.915733 -331.462615 -104.611510 46.121249 0.782840 0.136831 0.398380 -0.457965
1520616954.966293 -331.070234 -105.480368 46.426283 0.775134 0.155688 0.417146 -0.448238
1520616955.016294 -330.870159 -106.419781 46.705983 0.766214 0.178274 0.439385 -0.433676
1520616955.066296 -331.151283 -107.361872 46.538331 0.753505 0.194553 0.466212 -0.420743
1520616955.116297 -331.324415 -108.299981 46.234134 0.737841 0.214802 0.487581 -0.414386
1520616955.166299 -331.958892 -109.033984 46.463532 0.725990 0.240936 0.505701 -0.398941
1520616955.216300 -332.609132 -109.735299 46.755766 0.711857 0.274663 0.521791 -0.381515
1520616955.266302 -333.281111 -110.437895 46.531934 0.696898 0.311428 0.533381 -0.364487
1520616955.316307 -333.923607 -111.155638 46.264586 0.687947 0.341252 0.540012 -0.344476
1520616955.366152 -334.516687 -111.922268 46.017542 0.689429 0.362361 0.538717 -0.321195
1520616955.416153 -335.126894 -112.712153 45.947579 0.699272 0.372761 0.534786 -0.293380
1520616955.466154 -335.002161 -113.561558 45.418401 0.699623 0.387604 0.529062 -0.283522
1520616955.516156 -334.744276 -114.362723 44.876140 0.702290 0.401696 0.517758 -0.278129
1520616955.566158 -335.399306 -114.923302 45.390456 0.724534 0.411693 0.496580 -0.242833
1520616955.616159 -335.258166 -115.510425 44.577994 0.722673 0.421410 0.494401 -0.236062
1520616955.666160 -335.336025 -115.998462 43.710245 0.723923 0.421426 0.498304 -0.223671
1520616955.716162 -335.419724 -116.828619 43.159549 0.741587 0.422431 0.475294 -0.213767
1520616955.766163 -335.634303 -117.378698 42.351761 0.748782 0.413041 0.473704 -0.210542
1520616955.816668 -336.412937 -117.944908 42.646808 0.795187 0.385350 0.428109 -0.189489
1520616955.866670 -337.090238 -118.319561 43.282990 0.834227 0.361575 0.379572 -0.171039
1520616955.916671 -337.532931 -119.051289 42.761224 0.845350 0.339245 0.374546 -0.173240
1520616955.966673 -337.761262 -119.982395 42.465951 0.860532 0.314646 0.357682 -0.180404
1520616956.016674 -338.115131 -120.901534 42.296008 0.876580 0.285331 0.342097 -0.182110
1520616956.066676 -338.222546 -121.871118 42.062935 0.889246 0.257800 0.328431 -0.186854
1520616956.116677 -338.817451 -122.656714 42.216547 0.904861 0.220948 0.316981 -0.178696
1520616956.166679 -339.100920 -123.280295 42.949228 0.923673 0.194173 0.287308 -0.163032
1520616956.217822 -339.502901 -124.196236 42.914788 0.933761 0.158896 0.271454 -0.170749
1520616956.267824 -339.974061 -124.804804 43.556784 0.943391 0.126811 0.253663 -0.172012
1520616956.317826 -339.866255 -125.210738 44.462060 0.949920 0.094491 0.235755 -0.182051
1520616956.367828 -340.367736 -125.462279 45.286834 0.950760 0.071913 0.233527 -0.190653
1520616956.417829 -340.251037 -125.103019 46.209523 0.952694 0.059883 0.228454 -0.191304
1520616956.467830 -340.411423 -124.899588 47.176991 0.947900 0.062733 0.236929 -0.203507
1520616956.517832 -340.008247 -124.288961 47.851131 0.940379 0.080669 0.248382 -0.217912
1520616956.567834 -339.998409 -125.106779 48.450474 0.934596 0.092347 0.248898 -0.236755
1520616956.616280 -340.323351 -125.967936 48.838024 0.931167 0.113987 0.248547 -0.241164
1520616956.666282 -340.756510 -126.786731 49.211629 0.928139 0.146542 0.252434 -0.230996
1520616956.716284 -341.560266 -127.220317 49.607935 0.927368 0.181747 0.254519 -0.205372
1520616956.766286 -342.255140 -127.891132 49.872154 0.925681 0.215412 0.250545 -0.184227
1520616956.816287 -342.329909 -127.941305 50.869125 0.932456 0.251335 0.214933 -0.145470
1520616956.866288 -342.180852 -127.995921 51.856093 0.933280 0.296782 0.170630 -0.108603
1520616956.916289 -342.705206 -128.839092 51.929225 0.923005 0.338242 0.155779 -0.096889
1520616956.966292 -342.933580 -128.710044 52.902141 0.920545 0.366810 0.113725 -0.071513
1520616957.016061 -343.181961 -128.783510 53.868188 0.918863 0.384780 0.073716 -0.046916
1520616957.066063 -343.259804 -129.120881 54.807264 0.914416 0.401092 0.044842 -0.030934
1520616957.116065 -343.277068 -129.158290 55.806553 0.912145 0.409480 0.017211 -0.004681
1520616957.166066 -343.241714 -129.408467 56.774446 0.910554 0.412860 -0.005489 0.020189
1520616957.216068 -343.460818 -129.067282 57.690681 0.915257 0.397612 -0.030804 0.057104
1520616957.266068 -343.715030 -128.882090 58.639430 0.921870 0.372899 -0.057867 0.088054
1520616957.316071 -343.995351 -129.844320 58.556583 0.932601 0.347978 -0.063704 0.071476
1520616957.366072 -343.959484 -129.336681 59.433524 0.938659 0.314313 -0.100866 0.099761
1520616957.416188 -344.245656 -130.248240 59.734898 0.945503 0.296503 -0.100055 0.089997
1520616957.466190 -344.692331 -130.934812 60.308659 0.951735 0.276465 -0.090560 0.097808
1520616957.516191 -344.516643 -130.445748 61.170110 0.953049 0.246694 -0.107757 0.138668
1520616957.566193 -344.511406 -129.917820 62.019842 0.953316 0.208125 -0.111338 0.188353
1520616957.616194 -344.431177 -130.686140 62.662058 0.962747 0.177151 -0.094905 0.180911
1520616957.666196 -344.349865 -131.073525 63.583548 0.965552 0.153967 -0.078079 0.194696
1520616957.716197 -343.677712 -130.913021 64.300242 0.964848 0.137186 -0.073668 0.211709
1520616957.766199 -342.989085 -130.701672 64.993510 0.966674 0.115151 -0.065086 0.219193
1520616957.816200 -342.277580 -130.287105 65.561038 0.970509 0.090096 -0.057243 0.216146
1520616957.867723 -341.929432 -129.688617 66.287876 0.974392 0.065819 -0.042697 0.210725
1520616957.917725 -341.433061 -128.882578 66.612711 0.975623 0.047262 -0.031706 0.211946
1520616957.967726 -341.097064 -128.305918 67.358554 0.977047 0.041904 -0.015332 0.208298
1520616958.017728 -341.187024 -127.489934 67.932926 0.976258 0.048459 0.012391 0.210757
1520616958.067729 -340.757271 -127.101353 68.742831 0.976305 0.050877 0.034026 0.207564
1520616958.117731 -340.747262 -126.449776 69.504692 0.975113 0.052535 0.059605 0.206982
1520616958.167732 -340.837492 -126.015450 70.400120 0.975476 0.054724 0.081617 0.196953
1520616958.217733 -340.706057 -125.361849 71.146237 0.975151 0.063550 0.099340 0.187548
1520616958.267895 -340.876469 -124.868786 71.998851 0.973019 0.089269 0.121913 0.174362
1520616958.317896 -341.106086 -124.500994 72.899571 0.968538 0.121484 0.143139 0.163360
1520616958.367898 -341.393625 -124.235839 73.819670 0.960058 0.163905 0.164218 0.156383
1520616958.417900 -341.894751 -123.951835 74.636433 0.948999 0.204661 0.183963 0.153859
1520616958.467901 -342.264394 -123.707480 75.533467 0.935521 0.247948 0.198185 0.155065
1520616958.517902 -342.622133 -123.648717 76.465109 0.920612 0.289258 0.209815 0.157420
1520616958.567904 -343.385013 -122.999552 76.542266 0.904533 0.323397 0.217842 0.172567
1520616958.617906 -344.077842 -122.785505 77.233312 0.889953 0.356074 0.218199 0.183259
1520616958.668427 -344.692999 -122.875464 78.015905 0.877682 0.384407 0.210786 0.193584
1520616958.718429 -345.380006 -122.667722 78.714718 0.867917 0.404077 0.196348 0.211871
1520616958.768430 -345.732668 -122.441777 79.622991 0.860759 0.422084 0.168643 0.229125
1520616958.818432 -346.202495 -122.082183 80.429965 0.858707 0.426738 0.136909 0.248542
1520616958.868433 -346.525688 -121.473649 81.155698 0.862451 0.420648 0.097770 0.263958
1520616958.918525 -347.189693 -122.161837 81.414262 0.862532 0.423399 0.096596 0.259696
1520616958.968436 -347.850904 -122.689219 81.952754 0.864950 0.419543 0.080860 0.263262
1520616959.018438 -348.110362 -123.584895 82.318214 0.873907 0.405644 0.068134 0.259032
1520616959.068472 -348.390131 -124.497105 82.616252 0.881636 0.387338 0.055685 0.263791
1520616959.118473 -348.449518 -125.352779 83.135913 0.895081 0.356787 0.046062 0.263459
1520616959.168475 -348.506196 -126.142651 83.748167 0.904659 0.328020 0.040982 0.268914
1520616959.218476 -348.561652 -126.633037 84.621270 0.914047 0.301321 0.045365 0.267705
1520616959.268478 -348.157574 -125.939611 85.219781 0.918240 0.277693 0.044599 0.278805
1520616959.318479 -348.010025 -125.234422 85.916382 0.924596 0.243856 0.056782 0.287112
1520616959.368481 -347.859450 -124.546380 86.626252 0.929581 0.209379 0.076723 0.293520
1520616959.418482 -348.250971 -123.952367 87.328017 0.930072 0.168203 0.110771 0.307250
1520616959.467777 -347.698572 -123.892143 88.149433 0.933346 0.135925 0.129614 0.305925
1520616959.517779 -347.140901 -123.831125 88.976777 0.935396 0.099116 0.147093 0.305898
1520616959.567780 -347.736046 -123.404704 89.657180 0.925683 0.069794 0.191123 0.318923
1520616959.617782 -347.112662 -123.429551 90.423291 0.924404 0.049204 0.203462 0.318842
1520616959.667783 -346.469426 -123.502603 91.184670 0.921994 0.039524 0.214733 0.319772
1520616959.717785 -346.961325 -122.710590 91.558336 0.905478 0.047093 0.250687 0.339187
1520616959.767786 -347.538797 -122.125987 92.125841 0.889514 0.057764 0.283151 0.353912
1520616959.817788 -348.079115 -121.329111 92.405320 0.869931 0.092070 0.308569 0.373536
1520616959.867023 -348.809282 -120.741393 92.747978 0.852209 0.117588 0.333987 0.385184
1520616959.917025 -349.578040 -120.216912 93.113610 0.835412 0.148889 0.351592 0.395350
1520616959.967026 -350.328924 -119.571369 93.265103 0.815516 0.193205 0.356765 0.412704
1520616960.017028 -351.223417 -119.135785 93.344510 0.797432 0.239962 0.354051 0.425638
1520616960.067029 -352.176493 -118.945452 93.574347 0.783691 0.275562 0.345229 0.436704
1520616960.117031 -353.115796 -118.620937 93.698317 0.770924 0.308418 0.328669 0.450034
1520616960.167033 -354.088998 -118.800172 93.585991 0.755739 0.333667 0.320304 0.463606
1520616960.217033 -355.023886 -118.515766 93.820224 0.747479 0.352299 0.295810 0.479225
1520616960.267035 -355.944865 -118.402741 94.188762 0.741362 0.372303 0.265541 0.491183
1520616960.316322 -356.864785 -118.781557 94.180199 0.731741 0.390108 0.241790 0.503894
1520616960.366325 -357.689482 -119.341908 94.251691 0.718666 0.413213 0.233234 0.508308
1520616960.416326 -356.865057 -119.870541 94.071085 0.718709 0.409519 0.198112 0.525836
1520616960.466327 -357.284080 -120.510247 94.723923 0.719458 0.418079 0.178129 0.525224
1520616960.516329 -358.178520 -120.247899 95.108746 0.720066 0.401559 0.159595 0.542941
1520616960.566392 -359.026987 -120.513655 95.555303 0.721342 0.386785 0.159144 0.552029
1520616960.616332 -359.878753 -120.948867 95.840204 0.723782 0.366434 0.163072 0.561492
1520616960.666333 -360.453282 -121.436686 96.500561 0.730941 0.343131 0.160380 0.567683
1520616960.717010 -361.249840 -121.059771 96.990154 0.736660 0.308812 0.164384 0.578745
1520616960.767012 -360.954871 -120.292374 96.410404 0.743575 0.278369 0.172933 0.582838
1520616960.817013 -361.172277 -119.402335 96.798250 0.747719 0.249218 0.184647 0.587122
1520616960.867015 -361.199293 -118.883379 97.646540 0.752877 0.217210 0.200639 0.587996
1520616960.917016 -361.360013 -117.897398 97.785203 0.752355 0.188684 0.221011 0.591198
1520616960.967018 -361.402939 -116.915312 97.966121 0.749431 0.163110 0.241566 0.594469
1520616961.017019 -361.754094 -116.639991 98.853663 0.753716 0.137322 0.270407 0.583039
1520616961.067021 -362.082007 -115.774429 99.252390 0.750507 0.109785 0.305083 0.575857
1520616961.121178 -362.930476 -115.347770 99.545175 0.745457 0.099677 0.350109 0.558374
1520616961.171179 -363.844908 -115.005769 99.759575 0.739650 0.097601 0.390135 0.539617
1520616961.221181 -364.711978 -114.517487 99.643187 0.725760 0.112640 0.424782 0.529288
1520616961.271182 -365.609152 -114.119734 99.452206 0.704147 0.142974 0.451768 0.528811
1520616961.321184 -365.408297 -113.573417 100.251467 0.695124 0.170502 0.450430 0.533708
1520616961.371186 -364.500964 -113.999693 100.180575 0.664499 0.206905 0.466388 0.545997
1520616961.421187 -365.341884 -113.503360 100.404265 0.632085 0.238965 0.474481 0.564121
1520616961.471189 -366.037074 -112.800411 100.229255 0.594007 0.272443 0.468200 0.594743
1520616961.523094 -365.345446 -113.257348 100.777636 0.557534 0.298666 0.458745 0.624106
1520616961.573097 -365.894372 -113.535238 100.011544 0.530422 0.315774 0.451334 0.644389
1520616961.623098 -366.743982 -113.605577 99.489387 0.509159 0.334994 0.433314 0.663909
1520616961.673099 -367.711549 -113.609079 99.235577 0.499035 0.355883 0.409037 0.676017
1520616961.723102 -368.647711 -113.732185 98.908722 0.496111 0.373747 0.383169 0.683643
1520616961.773103 -369.608371 -113.454639 98.841569 0.496885 0.386720 0.351280 0.692932
1520616961.823104 -370.233689 -114.186973 98.597684 0.486813 0.400974 0.326893 0.703828
1520616961.873106 -370.645512 -113.430035 98.085491 0.488034 0.387572 0.287420 0.727325
1520616961.923438 -371.146013 -112.586981 97.910021 0.484868 0.371550 0.240959 0.754184
1520616961.973439 -371.350083 -111.757230 97.383949 0.477477 0.338931 0.196861 0.786376
1520616962.023441 -371.923153 -111.035718 97.007004 0.470654 0.302515 0.164243 0.812400
1520616962.073442 -372.323834 -110.306944 96.449264 0.465133 0.260751 0.137057 0.834791
1520616962.123444 -373.093026 -110.514452 97.030604 0.464957 0.249365 0.120907 0.840841
1520616962.173445 -373.978996 -110.544435 97.495563 0.462557 0.233080 0.105752 0.848841
1520616962.223482 -374.879771 -110.370847 97.896493 0.458967 0.215815 0.091650 0.856956
1520616962.273449 -375.782930 -110.308786 98.318487 0.452022 0.197091 0.080581 0.866221
1520616962.323450 -376.639277 -110.173311 98.816581 0.450372 0.183639 0.076188 0.870423
1520616962.374008 -377.532668 -110.043886 99.246658 0.445177 0.177328 0.082543 0.873818
1520616962.424009 -378.301887 -109.851567 99.855523 0.445005 0.156318 0.090627 0.877110
1520616962.474010 -379.197310 -109.403468 99.811989 0.432198 0.119598 0.107678 0.887303
1520616962.524012 -379.943949 -109.091888 100.391603 0.432634 0.100955 0.123857 0.887297
1520616962.574013 -380.859843 -108.694649 100.462700 0.422811 0.083889 0.147762 0.890146
1520616962.624014 -380.700135 -107.935642 99.832642 0.405659 0.050957 0.168792 0.896858
1520616962.674017 -381.197253 -107.101670 99.627529 0.392606 0.029571 0.190542 0.899266
1520616962.724019 -381.429491 -106.577593 98.804889 0.372629 0.008653 0.219175 0.901684
1520616962.770085 -381.538591 -105.893169 98.085635 0.359400 -0.009059 0.245342 0.900309
1520616962.820087 -381.435751 -105.205637 97.366095 0.350417 -0.027415 0.273081 0.895479
1520616962.870089 -381.947181 -104.615619 96.748614 0.348173 -0.030300 0.297535 0.888443
1520616962.920090 -382.229719 -104.205830 95.879762 0.346282 -0.026578 0.317098 0.882514
1520616962.970091 -382.506309 -103.730819 95.044706 0.346944 -0.016321 0.337747 0.874809
1520616963.020093 -382.839749 -103.373178 94.172236 0.345813 -0.002581 0.353249 0.869265
1520616963.070095 -382.341967 -102.520931 94.062687 0.352319 -0.008788 0.359865 0.863881
1520616963.120096 -382.435305 -101.924474 93.270173 0.345610 0.007203 0.364752 0.864556
1520616963.166458 -382.539707 -101.227231 92.561833 0.335474 0.023502 0.361033 0.869805
1520616963.216459 -382.410372 -100.761233 91.683961 0.317271 0.040188 0.347111 0.881611
1520616963.266462 -382.753678 -100.635786 90.755306 0.296508 0.061684 0.326816 0.895248
1520616963.316463 -382.530314 -99.675665 90.838963 0.295875 0.069799 0.296868 0.905238
1520616963.366464 -382.685843 -99.284313 89.936694 0.276151 0.091601 0.266964 0.918739
1520616963.416466 -382.424687 -98.334406 89.818508 0.278670 0.098411 0.233574 0.926338
1520616963.466468 -382.717821 -98.047307 88.912373 0.263691 0.119987 0.203162 0.935305
1520616963.516469 -383.079144 -97.682288 88.055050 0.248932 0.138516 0.170021 0.943366
1520616963.565768 -382.498904 -97.102196 87.489057 0.245097 0.141742 0.132849 0.949836
1520616963.615774 -382.613334 -96.697717 86.586530 0.238778 0.165264 0.101314 0.951529
1520616963.665772 -381.716125 -96.702672 86.150877 0.241384 0.183953 0.074259 0.949937
1520616963.715773 -381.582460 -97.288052 86.944033 0.255322 0.213493 0.061353 0.940993
1520616963.765775 -381.166617 -97.123775 86.069335 0.258562 0.234315 0.046496 0.935991
1520616963.815776 -380.449969 -96.961374 85.390458 0.265332 0.244075 0.038337 0.931964
1520616963.865787 -379.632411 -96.876980 84.819444 0.274761 0.257224 0.040529 0.925581
1520616963.915779 -379.023565 -96.514949 84.116904 0.287127 0.265840 0.050679 0.918868
1520616963.965763 -378.466759 -96.536173 84.940486 0.290669 0.314905 0.050949 0.902081
1520616964.015764 -378.290593 -97.111804 85.736387 0.307669 0.336169 0.071460 0.887256
1520616964.065766 -378.336506 -97.716987 86.532576 0.336805 0.404575 0.115299 0.842370
1520616964.115767 -377.686445 -98.420268 86.796417 0.355184 0.418260 0.130384 0.825774
1520616964.165769 -377.175799 -99.271434 86.910404 0.379420 0.434273 0.150665 0.802962
1520616964.215770 -376.684999 -100.126399 87.085819 0.394437 0.453578 0.165905 0.781768
1520616964.265772 -377.322326 -99.366271 86.998031 0.385674 0.470617 0.166022 0.776023
1520616964.315774 -377.060720 -100.007869 86.276075 0.383809 0.484552 0.174503 0.766452
1520616964.367579 -376.268563 -100.196277 86.858554 0.373675 0.504770 0.178992 0.757321
1520616964.417581 -376.334974 -99.296984 86.435918 0.384292 0.505794 0.184198 0.750042
1520616964.467582 -375.830020 -100.145231 86.276634 0.386259 0.515676 0.198408 0.738591
1520616964.517583 -376.721707 -100.160514 85.837193 0.364471 0.544913 0.200836 0.727939
1520616964.567585 -377.001102 -101.097116 86.026306 0.361637 0.560553 0.225120 0.710155
1520616964.617587 -377.221915 -100.193984 85.673146 0.366470 0.567604 0.233332 0.699344
1520616964.667588 -377.076122 -101.169034 85.795194 0.366744 0.576604 0.240278 0.689415
1520616964.717590 -377.559371 -100.435040 85.321609 0.359000 0.578924 0.233640 0.693814
1520616964.767591 -377.919708 -99.510180 85.245796 0.364855 0.587481 0.241725 0.680673
1520616964.819689 -378.392052 -100.349772 85.448197 0.351730 0.611049 0.256356 0.661201
1520616964.869690 -379.113485 -99.865298 85.949888 0.351316 0.623156 0.265818 0.646216
1520616964.919692 -379.763066 -100.554092 86.233263 0.343494 0.642582 0.272051 0.628560
1520616964.969694 -380.095680 -101.456167 86.499923 0.329276 0.666981 0.283902 0.605073
1520616965.019695 -380.101525 -102.433090 86.707737 0.320663 0.683323 0.289826 0.588426
1520616965.069696 -379.973844 -101.793366 87.451040 0.316147 0.713583 0.260216 0.568452
1520616965.119698 -380.054742 -102.498400 88.147352 0.314226 0.729347 0.267634 0.545607
1520616965.169699 -379.317035 -102.193950 87.550369 0.297309 0.749719 0.267764 0.527097
1520616965.221405 -379.153842 -101.533187 86.823796 0.287669 0.764553 0.267828 0.510856
1520616965.271407 -378.781698 -100.917887 87.517343 0.278434 0.795774 0.239610 0.481461
1520616965.321408 -378.977019 -101.639103 88.174540 0.270506 0.807280 0.241367 0.465690
1520616965.371409 -379.366552 -101.975213 89.036918 0.262476 0.815199 0.245667 0.454097
1520616965.421411 -379.858811 -101.128705 89.246323 0.262026 0.816518 0.235985 0.457112
1520616965.471413 -380.820578 -100.855393 89.186812 0.255848 0.812005 0.238766 0.467098
1520616965.521414 -381.374261 -100.721473 90.002902 0.249702 0.813664 0.242485 0.465618
1520616965.571416 -381.500695 -99.892497 90.535708 0.244045 0.820305 0.222546 0.466921
1520616965.624039 -382.398898 -99.586967 90.198140 0.230947 0.821767 0.224426 0.470102
1520616965.674042 -382.719748 -99.838409 91.108940 0.219088 0.827169 0.222673 0.467128
1520616965.724042 -383.662346 -99.897590 91.461073 0.205384 0.828568 0.212610 0.475489
1520616965.774044 -384.248922 -100.620203 91.805787 0.194858 0.826823 0.209403 0.484297
1520616965.824045 -384.686524 -101.138424 92.542115 0.180866 0.826895 0.202432 0.492497
1520616965.874047 -384.969917 -101.308760 93.485374 0.166959 0.827581 0.195026 0.499199
1520616965.924049 -385.155239 -101.481680 94.451751 0.153990 0.827707 0.193145 0.503868
1520616965.974050 -385.387969 -101.432349 95.423221 0.141744 0.827815 0.189937 0.508483
1520616966.024122 -385.328537 -101.483390 96.417860 0.134391 0.828886 0.189688 0.508827
1520616966.074123 -385.841656 -101.427436 97.281085 0.128395 0.823648 0.188889 0.519075
1520616966.124125 -386.349286 -101.472079 98.141090 0.114879 0.819630 0.184038 0.530226
1520616966.174126 -387.351279 -101.428429 98.247007 0.090497 0.809693 0.177172 0.552103
1520616966.224128 -387.870401 -101.237515 99.071911 0.077295 0.804103 0.170370 0.564286
1520616966.274129 -388.394645 -101.059971 99.904466 0.060044 0.798464 0.164988 0.575872
1520616966.324131 -389.269370 -100.604983 100.104735 0.031711 0.780833 0.149489 0.605762
1520616966.374133 -389.847257 -100.443336 100.898323 0.024282 0.772697 0.150422 0.616217
1520616966.424134 -390.598926 -100.450181 101.560569 0.019648 0.762566 0.155344 0.627675
1520616966.474136 -390.917755 -100.102554 102.435381 0.026129 0.756737 0.154430 0.634679
1520616966.524137 -391.342515 -99.974400 103.333005 0.036345 0.750513 0.158480 0.640541
1520616966.574138 -392.338103 -100.121069 103.388395 0.039798 0.730297 0.167985 0.660957
1520616966.624140 -393.227012 -100.365236 102.993639 0.035280 0.697483 0.186231 0.691079
1520616966.674143 -394.150946 -100.572032 102.675820 0.034694 0.670264 0.203527 0.712825
1520616966.724144 -394.728282 -100.908996 101.928773 0.025691 0.624972 0.231190 0.745185
1520616966.774146 -395.435431 -101.413099 101.440458 0.032525 0.583904 0.264836 0.766720
1520616966.823094 -396.280767 -101.610987 100.943303 0.036571 0.544977 0.281807 0.788827
1520616966.873099 -397.167244 -101.828683 101.331635 0.044320 0.512747 0.297512 0.804122
1520616966.923097 -397.958413 -102.102199 100.779632 0.056925 0.468656 0.318446 0.822018
1520616966.973099 -398.713099 -101.998567 101.409851 0.073207 0.448125 0.322401 0.830591
1520616967.023100 -398.310476 -101.445536 100.681840 0.083935 0.385789 0.330637 0.857205
1520616967.073102 -397.667542 -101.085467 101.354765 0.091130 0.338196 0.354640 0.866920
1520616967.123103 -397.237755 -100.966665 102.251318 0.090759 0.298529 0.363934 0.877608
1520616967.173105 -398.119197 -100.926565 102.722926 0.114384 0.317542 0.376521 0.862737
1520616967.223106 -399.093290 -100.808358 102.927397 0.122016 0.312874 0.377128 0.863132
1520616967.270091 -399.675919 -100.951888 102.131008 0.126096 0.279894 0.409706 0.859011
1520616967.320092 -399.431804 -100.978592 103.081868 0.136134 0.250118 0.443165 0.850008
1520616967.370094 -400.407301 -101.179594 103.136618 0.148838 0.261195 0.466247 0.832009
1520616967.420095 -400.020358 -101.237760 104.039864 0.152878 0.232554 0.498488 0.821010
1520616967.470097 -400.734881 -100.579754 103.818238 0.163038 0.220576 0.521522 0.807948
1520616967.520099 -401.218719 -100.501002 102.951814 0.155312 0.196468 0.558647 0.790691
1520616967.570100 -401.630976 -100.301939 102.062091 0.147853 0.180674 0.586352 0.775685
1520616967.620102 -401.842937 -99.867973 101.184410 0.140867 0.164985 0.609293 0.762692
1520616967.668640 -402.010100 -99.630636 100.228101 0.134916 0.148823 0.634552 0.746320
1520616967.718642 -402.218660 -99.189892 99.354693 0.135500 0.139757 0.654549 0.730530
1520616967.768642 -402.517705 -98.694040 98.539705 0.137668 0.138138 0.669344 0.716899
1520616967.818645 -402.828633 -98.099466 97.797332 0.144222 0.138991 0.683779 0.701661
1520616967.868646 -403.293029 -97.587750 97.076235 0.148228 0.139624 0.701481 0.682978
1520616967.918647 -403.707055 -97.182151 96.261880 0.145701 0.137355 0.717633 0.667014
1520616967.968650 -404.448502 -96.784847 95.722269 0.145906 0.140639 0.733119 0.649206
1520616968.018651 -405.099961 -96.301423 95.135307 0.138982 0.140996 0.741160 0.641472
1520616968.068083 -405.926695 -96.121564 94.607075 0.128890 0.149667 0.747470 0.634252
1520616968.118084 -406.519813 -95.389823 94.254046 0.124003 0.151904 0.746040 0.636375
1520616968.168086 -407.167733 -95.146499 93.540273 0.111596 0.157588 0.751493 0.630850
1520616968.218088 -407.735050 -95.355522 92.747668 0.090656 0.168150 0.760814 0.620217
1520616968.268089 -408.192200 -95.379726 91.857798 0.065452 0.174490 0.769320 0.611077
1520616968.318091 -408.952528 -94.840420 91.483363 0.058436 0.179715 0.775364 0.602577
1520616968.368093 -408.673528 -95.416999 90.720021 0.001447 0.191884 0.784408 0.589816
1520616968.418094 -409.353094 -94.933531 90.156611 -0.007026 0.195720 0.788770 0.582654
1520616968.468092 -410.080793 -94.412017 89.709936 -0.019681 0.207197 0.789362 0.577573
1520616968.518093 -410.817316 -93.907712 89.258947 -0.037350 0.223875 0.791194 0.567888
1520616968.568095 -411.412688 -93.418362 88.621104 -0.052291 0.238043 0.794303 0.556493
1520616968.618096 -412.149626 -93.022114 88.074574 -0.070580 0.255447 0.795328 0.545177
1520616968.668099 -412.857639 -92.700827 87.446223 -0.080403 0.265824 0.797188 0.536064
1520616968.718099 -413.680869 -92.557632 86.899118 -0.087747 0.272519 0.797939 0.530403
1520616968.768101 -413.505623 -93.201538 86.162728 -0.119673 0.276577 0.800053 0.518747
1520616968.818102 -414.126093 -93.594838 85.474353 -0.135504 0.279287 0.801065 0.511793
1520616968.868914 -414.845638 -94.049586 84.947732 -0.152639 0.284423 0.798886 0.507529
1520616968.918833 -415.602699 -94.347030 84.363129 -0.168252 0.288238 0.794380 0.507515
1520616968.968835 -416.418464 -94.456397 83.791403 -0.179162 0.295174 0.788430 0.509069
1520616969.018836 -417.080001 -94.803261 83.130731 -0.193792 0.301675 0.782950 0.508355
1520616969.068838 -417.554169 -95.249008 82.374074 -0.211532 0.301043 0.776818 0.511058
1520616969.118840 -417.645647 -95.654375 81.466988 -0.232769 0.301495 0.767919 0.514994
1520616969.168841 -418.153291 -96.047868 80.696175 -0.250651 0.306699 0.756869 0.519864
1520616969.218843 -418.497484 -95.999761 79.754942 -0.265081 0.304824 0.746092 0.529302
1520616969.268844 -418.915130 -96.322284 78.907870 -0.276983 0.309236 0.738049 0.531918
1520616969.321067 -418.830961 -97.094021 78.283002 -0.302080 0.315235 0.727216 0.529652
1520616969.371068 -418.760427 -97.795014 77.573525 -0.324881 0.319570 0.718456 0.525498
1520616969.421070 -418.348396 -98.429210 76.921652 -0.357121 0.321227 0.703824 0.523364
1520616969.471072 -417.942673 -99.257508 76.530630 -0.390300 0.323225 0.691611 0.514651
1520616969.521073 -417.952550 -100.119809 76.017183 -0.417162 0.328604 0.679935 0.505653
1520616969.571075 -418.312408 -100.173163 75.076414 -0.422797 0.331764 0.676514 0.503492
1520616969.621077 -417.876589 -100.928022 74.593784 -0.456594 0.333629 0.661437 0.492660
1520616969.671078 -417.147517 -101.505901 74.230338 -0.491365 0.332939 0.645731 0.480357
1520616969.720778 -417.018045 -101.967339 73.349236 -0.504071 0.332644 0.642965 0.471016
1520616969.770780 -416.753210 -102.931834 73.282623 -0.519953 0.340836 0.637148 0.455546
1520616969.820782 -416.397545 -103.854464 73.429580 -0.534627 0.345514 0.629752 0.445204
1520616969.870784 -416.002507 -104.664113 73.002498 -0.545975 0.345560 0.623988 0.439476
1520616969.920785 -416.294568 -105.196954 72.198353 -0.543666 0.346569 0.622058 0.444254
1520616969.970786 -415.815025 -106.072917 72.203616 -0.565052 0.342064 0.610038 0.437678
1520616970.020788 -416.100161 -106.543719 71.356605 -0.561958 0.336151 0.609257 0.447226
1520616970.070790 -415.391183 -106.820242 70.712511 -0.583036 0.333308 0.599954 0.434776
1520616970.119722 -415.991665 -106.525275 71.429190 0.619393 -0.342998 -0.569366 -0.417764
1520616970.169723 -416.770848 -106.037232 71.824266 0.646145 -0.341197 -0.550963 -0.403139
1520616970.219724 -417.340961 -105.663272 72.556410 0.675311 -0.345969 -0.523536 -0.387519
1520616970.269726 -417.236254 -106.233847 71.753465 0.674536 -0.349673 -0.521863 -0.387800
1520616970.319727 -416.689226 -105.424245 71.481946 0.691839 -0.360624 -0.522061 -0.344617
1520616970.369729 -416.978493 -105.096026 70.583950 0.708436 -0.362742 -0.506476 -0.331690
1520616970.419731 -417.813947 -104.701756 70.931701 0.733968 -0.364281 -0.476633 -0.318451
1520616970.469732 -418.559653 -104.058182 70.733635 0.769826 -0.349436 -0.444357 -0.296328
1520616970.519142 -418.220970 -103.512399 69.969030 0.783627 -0.347318 -0.429810 -0.283835
1520616970.569088 -417.804846 -104.187991 69.365022 0.789264 -0.353849 -0.420064 -0.274589
1520616970.619089 -418.401799 -104.983910 69.246725 0.796144 -0.369069 -0.393871 -0.273512
1520616970.669091 -418.058693 -105.910140 69.159771 0.820385 -0.345317 -0.380860 -0.250342
1520616970.719093 -418.536355 -106.782538 69.283862 0.818388 -0.395486 -0.337340 -0.245018
1520616970.769094 -418.756967 -107.754700 69.349854 0.816080 -0.431627 -0.304711 -0.234229
1520616970.819096 -418.529274 -108.354587 68.581992 0.813905 -0.445951 -0.298986 -0.222023
1520616970.869097 -418.395165 -108.889191 67.745968 0.815093 -0.460134 -0.283231 -0.209001
1520616970.919780 -418.009520 -109.215565 68.624040 0.834118 -0.464236 -0.237566 -0.179706
1520616970.969781 -417.816427 -110.069909 68.128145 0.833966 -0.474456 -0.224812 -0.169857
1520616971.019783 -417.919251 -110.209018 69.119084 0.836815 -0.493792 -0.193585 -0.135775
1520616971.069784 -417.906301 -110.613578 70.034720 0.841847 -0.503947 -0.157081 -0.112504
1520616971.119786 -417.926332 -110.611459 69.015715 0.843563 -0.513826 -0.128334 -0.088965
1520616971.169787 -417.983560 -110.734011 70.025366 0.845194 -0.520649 -0.101132 -0.065907
1520616971.219789 -417.901707 -111.724408 69.890942 0.843900 -0.526368 -0.088880 -0.053578
1520616971.269791 -417.615488 -112.670518 70.031012 0.845333 -0.525932 -0.083752 -0.042357
1520616971.319963 -417.364006 -113.637126 70.085908 0.845386 -0.528266 -0.073189 -0.030002
1520616971.369965 -417.546960 -114.585005 69.808998 0.845450 -0.528866 -0.063804 -0.038002
1520616971.419966 -417.482298 -115.472006 70.268977 0.844918 -0.531438 -0.053782 -0.028175
1520616971.469968 -417.848212 -116.405945 70.234809 0.847259 -0.528502 -0.044604 -0.029120
1520616971.519970 -418.067742 -117.354966 70.010961 0.851993 -0.520691 -0.037518 -0.039753
1520616971.569972 -418.065461 -118.302937 70.329009 0.854660 -0.516800 -0.036067 -0.034252
1520616971.619973 -418.327832 -119.269953 70.351203 0.858047 -0.511231 -0.032249 -0.036849
1520616971.669975 -418.572541 -120.238717 70.390105 0.862192 -0.504324 -0.029258 -0.037766
1520616971.719976 -418.769310 -121.216503 70.318984 0.868168 -0.493083 -0.028389 -0.048455
1520616971.769199 -418.922752 -122.204499 70.315138 0.875204 -0.478982 -0.029602 -0.060971
1520616971.819201 -419.116483 -123.185395 70.280104 0.881341 -0.467171 -0.026690 -0.065399
1520616971.869203 -419.534440 -124.068701 70.495165 0.885689 -0.459617 -0.021704 -0.061932
1520616971.919204 -419.953454 -124.921619 70.806335 0.891839 -0.448437 -0.017784 -0.056663
1520616971.969206 -420.330438 -125.773902 71.168830 0.898510 -0.435467 -0.015821 -0.052906
1520616972.019207 -420.675407 -126.588892 71.634329 0.902579 -0.427217 -0.014795 -0.051166
1520616972.069208 -421.431721 -126.865480 72.218725 0.907664 -0.417116 -0.010132 -0.045360
1520616972.119210 -422.163690 -127.286719 72.756091 0.913345 -0.404194 -0.009848 -0.048282
1520616972.170724 -422.773466 -127.258433 73.548179 0.920212 -0.388120 -0.012603 -0.049126
1520616972.220695 -423.524866 -126.710275 73.904639 0.925589 -0.375369 -0.010376 -0.047695
1520616972.270697 -424.288602 -126.196062 74.295440 0.932929 -0.357083 -0.009266 -0.045274
1520616972.320699 -425.058462 -126.466447 74.885287 0.938402 -0.339011 -0.022940 -0.062831
1520616972.370700 -425.901812 -126.301611 75.390063 0.942453 -0.325587 -0.032608 -0.068641
1520616972.420702 -426.692875 -125.974956 75.906934 0.946440 -0.312921 -0.043636 -0.066545
1520616972.470703 -426.039928 -126.274281 76.589429 0.945948 -0.291436 -0.127499 -0.063181
1520616972.520705 -426.554286 -126.576136 77.387418 0.947327 -0.273635 -0.150988 -0.069986
1520616972.572062 -425.783959 -126.883654 77.927347 0.941644 -0.247507 -0.220443 -0.058759
1520616972.622064 -425.630392 -127.058559 78.903652 0.934071 -0.245293 -0.252340 -0.060558
1520616972.672066 -425.956703 -127.172481 79.837944 0.930643 -0.233711 -0.274882 -0.061015
1520616972.722067 -426.047201 -127.848977 80.573344 0.925731 -0.207099 -0.305628 -0.081996
1520616972.772069 -425.110655 -127.890469 80.900909 0.906925 -0.191214 -0.368595 -0.071139
1520616972.822070 -424.119161 -127.786543 80.842879 0.876151 -0.157765 -0.453325 -0.044329
1520616972.872072 -424.558329 -128.064229 81.688707 0.873938 -0.143215 -0.461997 -0.047748
1520616972.922073 -423.590928 -128.076996 81.895666 0.858992 -0.128169 -0.494376 -0.036017
1520616972.970899 -422.859888 -128.374731 82.518092 0.848619 -0.118332 -0.515054 -0.023720
1520616973.020900 -421.948175 -128.772209 82.515671 0.834738 -0.103374 -0.540539 -0.018539
1520616973.070902 -420.979415 -128.538704 82.635210 0.820666 -0.106551 -0.561362 0.005070
1520616973.120904 -420.133593 -128.860572 83.071847 0.810132 -0.113944 -0.574881 0.014652
1520616973.170906 -419.227063 -129.157752 83.367618 0.798975 -0.116398 -0.589620 0.020951
1520616973.220907 -418.921384 -129.531939 84.242951 0.794173 -0.130542 -0.592955 0.025559
1520616973.270909 -417.982853 -129.582745 84.570185 0.779617 -0.140158 -0.609146 0.038653
1520616973.320910 -417.041774 -129.776891 84.846603 0.764077 -0.149323 -0.625511 0.051228
1520616973.369652 -416.078168 -129.508750 84.831281 0.745681 -0.159523 -0.643216 0.069172
1520616973.419653 -415.123586 -129.713736 84.623894 0.723795 -0.170520 -0.663422 0.083154
1520616973.469655 -414.121232 -129.745658 84.652094 0.704389 -0.180043 -0.678776 0.103359
1520616973.519656 -413.167616 -129.632087 84.377781 -0.682694 0.190409 0.694503 -0.123854
1520616973.569659 -414.111357 -129.563713 84.666819 -0.660780 0.198190 0.710524 -0.138735
1520616973.619660 -413.182724 -129.719742 84.365308 -0.640352 0.207434 0.724210 -0.149800
1520616973.669661 -412.330538 -129.803011 83.850374 -0.620688 0.223369 0.733438 -0.164079
1520616973.719662 -411.511189 -129.906796 83.286617 -0.604102 0.240629 0.738462 -0.178415
1520616973.772500 -410.699060 -130.206502 82.785455 -0.589231 0.261183 0.740361 -0.190936
1520616973.822506 -409.789433 -130.438783 82.436202 -0.577647 0.278953 0.739463 -0.204215
1520616973.872503 -409.001526 -130.789553 81.932669 -0.568586 0.295286 0.735838 -0.219221
1520616973.922505 -408.276868 -131.145857 81.343711 -0.561757 0.310544 0.730449 -0.233315
1520616973.972506 -407.541891 -131.466631 80.746274 -0.558212 0.323107 0.722171 -0.249940
1520616974.022508 -406.922789 -131.811948 80.041474 -0.557128 0.334636 0.712724 -0.263916
1520616974.072509 -405.915567 -131.833404 80.076508 -0.570586 0.345319 0.691270 -0.278087
1520616974.122511 -405.728977 -132.515145 79.368145 -0.569676 0.359788 0.678258 -0.293236
1520616974.172512 -404.952526 -132.468000 80.016796 -0.589494 0.375404 0.641032 -0.317248
1520616974.223020 -404.422892 -133.014331 79.384436 -0.592818 0.378283 0.630688 -0.328179
1520616974.273021 -404.465511 -133.712174 78.663538 -0.599730 0.379129 0.625245 -0.325045
1520616974.323023 -404.177077 -134.451072 78.056285 0.613081 -0.377772 -0.612102 0.326728
1520616974.373025 -403.997593 -135.320445 77.591154 0.625775 -0.380136 -0.597065 0.327744
1520616974.423026 -403.543916 -136.200998 77.437918 0.638557 -0.379487 -0.583149 0.328896
1520616974.473028 -402.584290 -136.171395 77.754569 0.661091 -0.365568 -0.562486 0.336047
1520616974.523029 -401.742441 -135.776522 78.129448 0.682387 -0.345354 -0.544329 0.344650
1520616974.573030 -400.852618 -135.431578 78.424667 0.701444 -0.319811 -0.531429 0.351114
1520616974.623538 -399.918877 -135.160570 78.652263 0.715244 -0.293314 -0.521548 0.361084
1520616974.673539 -399.031940 -134.709510 78.762074 0.728488 -0.260217 -0.515464 0.368631
1520616974.723541 -398.223316 -134.195840 79.049745 0.741130 -0.226835 -0.511302 0.371271
1520616974.773542 -397.442082 -133.872798 79.581273 0.750605 -0.199495 -0.509413 0.370530
1520616974.823545 -396.727115 -133.436862 79.033062 0.753110 -0.167034 -0.517665 0.370064
1520616974.873546 -396.027362 -132.731774 79.163108 0.761275 -0.133685 -0.522549 0.359903
1520616974.923548 -395.189643 -132.703730 79.704386 0.765791 -0.117968 -0.523924 0.353766
1520616974.973549 -394.578170 -132.212284 80.331144 0.769271 -0.096343 -0.525867 0.349863
1520616975.024249 -393.733218 -132.120051 80.851338 0.770474 -0.075271 -0.530742 0.344990
1520616975.074251 -393.198532 -131.474173 81.405647 0.768224 -0.053162 -0.533385 0.350008
1520616975.124252 -392.616056 -130.829059 81.899716 0.762993 -0.035379 -0.538414 0.355951
1520616975.174254 -392.092542 -130.231011 82.505860 0.755036 -0.019387 -0.544077 0.365411
1520616975.224256 -391.442150 -129.708984 83.055789 0.745185 -0.007263 -0.551195 0.375273
1520616975.274257 -390.717489 -129.221732 83.541744 0.734444 0.000467 -0.561802 0.380750
1520616975.324259 -390.008983 -128.758340 84.073889 0.724316 0.002808 -0.572228 0.384595
1520616975.374260 -389.254518 -128.280078 84.523040 0.715023 0.009326 -0.584704 0.383114
1520616975.424301 -388.485179 -127.686816 84.761676 0.704986 0.019234 -0.600926 0.376181
1520616975.474306 -387.550131 -127.349464 84.836672 0.691077 0.022728 -0.620791 0.369478
1520616975.524304 -387.047442 -126.532455 85.139650 0.679388 0.033724 -0.633432 0.368861
1520616975.574305 -386.072257 -126.362029 85.071000 0.662344 0.037771 -0.655201 0.361367
1520616975.624307 -385.253760 -125.800839 84.922655 -0.645518 -0.039916 0.667733 -0.368573
1520616975.674308 -384.539507 -125.176762 84.604402 -0.624952 -0.040768 0.680170 -0.380975
1520616975.724310 -384.006718 -124.432034 84.197927 -0.600120 -0.034450 0.689204 -0.404557
1520616975.774311 -383.023220 -124.295371 84.090964 -0.576067 -0.029947 0.703716 -0.414770
1520616975.824274 -382.544080 -123.438891 83.858801 -0.549001 -0.018663 0.710702 -0.439491
1520616975.874276 -381.859964 -122.804205 83.507964 -0.523484 -0.004376 0.715388 -0.462780
1520616975.924277 -382.743298 -123.138818 83.818099 -0.498957 0.007234 0.720781 -0.481108
1520616975.974279 -383.533388 -122.597018 84.102834 0.477534 -0.015824 -0.718486 0.505458
1520616976.024280 -384.299020 -121.978211 84.281782 0.460394 -0.017022 -0.712345 0.529445
1520616976.074282 -384.246559 -121.627484 83.358871 0.447736 -0.027367 -0.702460 0.552571
1520616976.124283 -383.304780 -121.867788 83.615428 0.451432 -0.054858 -0.683854 0.570563
1520616976.174285 -382.861378 -121.627867 82.755479 0.447489 -0.060798 -0.670469 0.588666
1520616976.222926 -382.307879 -121.560541 81.926184 0.447700 -0.065390 -0.653725 0.606575
1520616976.272928 -381.318511 -121.663525 81.801025 0.459924 -0.077043 -0.636352 0.614484
1520616976.322930 -380.633900 -121.541640 81.084539 0.463600 -0.073215 -0.621872 0.626889
1520616976.372931 -379.847156 -121.121243 80.629007 0.469751 -0.069475 -0.598183 0.645511
1520616976.422933 -379.418434 -120.243316 80.397690 0.482588 -0.056162 -0.564350 0.667431
1520616976.472935 -378.697527 -119.556753 80.390559 0.505149 -0.045864 -0.528375 0.680838
1520616976.522936 -377.827165 -119.194336 80.071481 0.521800 -0.031169 -0.510341 0.682866
1520616976.572938 -376.917967 -119.276251 79.670634 0.535533 -0.027384 -0.502322 0.678327
1520616976.622939 -375.951905 -119.296260 79.410453 0.550914 -0.027494 -0.489907 0.675077
1520616976.671811 -375.255640 -118.574580 79.334669 0.565475 -0.020296 -0.466644 0.679757
1520616976.721812 -374.317084 -118.482310 79.021121 0.572958 -0.026798 -0.451395 0.683552
1520616976.771814 -373.636364 -117.800744 78.737727 0.576646 -0.021273 -0.433902 0.691923
1520616976.821815 -373.266996 -117.083082 78.141594 0.577117 -0.019811 -0.419107 0.700638
1520616976.871817 -372.973561 -116.258750 77.657565 0.584498 -0.019809 -0.403127 0.703888
1520616976.921819 -372.584423 -116.090350 76.750742 0.594788 -0.025929 -0.393872 0.700300
1520616976.971820 -372.488604 -116.022042 75.755148 0.595693 -0.035882 -0.388661 0.702001
1520616977.021821 -373.009726 -115.927951 74.906450 0.603468 -0.028413 -0.388771 0.695612
1520616977.070592 -373.410993 -115.559921 74.070941 0.605916 -0.018866 -0.390530 0.692818
1520616977.120594 -372.912020 -114.713687 73.949035 0.616705 -0.009295 -0.401006 0.677335
1520616977.170696 -372.566651 -114.009438 73.323378 0.615130 0.009647 -0.418981 0.667815
1520616977.220597 -372.098856 -113.172503 73.048132 0.611519 0.029506 -0.434784 0.660406
1520616977.270598 -371.649446 -112.345064 72.710795 0.600277 0.056116 -0.455760 0.654829
1520616977.320600 -371.184361 -111.513226 72.409682 0.585295 0.085053 -0.478108 0.649314
1520616977.370601 -370.902603 -110.622461 72.048727 0.565945 0.112277 -0.499099 0.646529
1520616977.420603 -370.592508 -109.720811 71.749992 0.548904 0.126858 -0.516054 0.645213
1520616977.469717 -370.314816 -108.767167 71.637143 0.535174 0.131916 -0.531824 0.642923
1520616977.519718 -369.949174 -108.122997 70.966741 0.515747 0.131917 -0.554108 0.639974
1520616977.569721 -369.615644 -107.675552 70.136541 0.494837 0.124956 -0.576635 0.637977
1520616977.619722 -369.203568 -106.969148 69.561936 0.478350 0.119064 -0.594021 0.635724
1520616977.669724 -368.804333 -106.340973 68.894104 0.457742 0.108250 -0.611807 0.635961
1520616977.719724 -368.551981 -105.759919 68.118970 0.436486 0.097485 -0.625428 0.639388
1520616977.769727 -368.267688 -105.172603 67.361552 0.414191 0.082177 -0.639160 0.642781
1520616977.819727 -368.103443 -104.512370 66.627332 0.392817 0.070410 -0.652537 0.644152
1520616977.868644 -367.859256 -103.544394 66.644345 0.382795 0.069219 -0.661211 0.641464
1520616977.918646 -367.438608 -103.227935 65.801902 0.354525 0.056548 -0.679928 0.639385
1520616977.968647 -367.309955 -102.698323 64.961379 0.326856 0.044716 -0.692233 0.641857
1520616978.018649 -366.917234 -101.853113 65.312353 0.322162 0.041035 -0.698668 0.637488
1520616978.068651 -366.390405 -101.081061 65.664409 0.321432 0.034453 -0.706040 0.630080
1520616978.118652 -366.098113 -100.129068 65.540936 0.306151 0.029673 -0.714575 0.628310
1520616978.168653 -365.643307 -99.245273 65.631826 0.300128 0.020276 -0.719363 0.626123
1520616978.218656 -365.636001 -98.647041 64.829933 0.272049 0.004119 -0.722684 0.635374
1520616978.267195 -365.283476 -98.301354 63.963451 0.249268 -0.007227 -0.731559 0.634535
1520616978.317196 -364.618074 -97.554957 64.010115 0.243826 -0.012238 -0.735497 0.632015
1520616978.367198 -364.378235 -97.004208 63.213061 0.224111 -0.013439 -0.742182 0.631474
1520616978.417201 -364.226698 -96.228999 62.596968 0.207586 -0.012383 -0.745835 0.632839
1520616978.467201 -364.260102 -96.316070 61.601842 0.181697 -0.021478 -0.747821 0.638192
1520616978.517204 -363.984218 -96.175882 60.651636 0.161283 -0.022251 -0.755444 0.634664
1520616978.567204 -363.756525 -96.525590 59.742284 0.137385 -0.028384 -0.765043 0.628513
1520616978.617206 -363.833925 -96.651496 58.754336 0.116037 -0.035370 -0.766075 0.631200
1520616978.666618 -363.889282 -96.436976 57.779708 0.099256 -0.039197 -0.766241 0.633629
1520616978.716623 -363.768765 -96.393907 56.788583 0.086753 -0.041244 -0.765862 0.635789
1520616978.766621 -362.997838 -95.935492 56.338957 0.083292 -0.046132 -0.762967 0.639387
1520616978.816695 -363.562493 -96.363840 55.631429 0.052990 -0.054691 -0.756583 0.649448
1520616978.866624 -363.630722 -96.681637 54.688017 0.038153 -0.064040 -0.752010 0.654923
1520616978.916626 -363.670660 -97.188951 53.826172 0.021272 -0.073141 -0.752846 0.653774
1520616978.966627 -363.870807 -96.940568 52.879542 0.010643 -0.075776 -0.749970 0.657031
1520616979.016629 -363.775193 -97.508396 52.059821 -0.006169 -0.085271 -0.746468 0.659907
1520616979.066631 -364.086760 -97.872934 51.184794 -0.024586 -0.088491 -0.743010 0.662948
1520616979.116288 -364.299166 -98.058388 50.226503 -0.043315 -0.087755 -0.740911 0.664434
1520616979.166290 -364.442250 -98.245457 49.254717 -0.058847 -0.087329 -0.734721 0.670146
1520616979.216291 -364.490129 -98.544067 48.301231 -0.075270 -0.090912 -0.727414 0.675972
1520616979.266293 -364.261575 -97.950545 47.524945 -0.080427 -0.093379 -0.720663 0.682244
1520616979.316294 -364.158678 -98.534256 46.724365 -0.093722 -0.104992 -0.715516 0.684273
1520616979.366297 -364.391255 -99.186467 46.005177 -0.105931 -0.115306 -0.710741 0.685806
1520616979.416297 -364.505036 -99.767347 45.199319 -0.114781 -0.123994 -0.706276 0.687477
1520616979.466300 -364.246351 -99.287883 44.356359 -0.115277 -0.126130 -0.703706 0.689638
1520616979.515960 -364.525178 -99.846640 43.578245 -0.123967 -0.130816 -0.699475 0.691560
1520616979.565961 -364.179451 -99.731009 42.644359 -0.122030 -0.132519 -0.698839 0.692222
1520616979.615963 -363.949882 -100.136554 41.762825 -0.124982 -0.137023 -0.696967 0.692706
1520616979.665964 -363.530424 -100.244598 40.859065 -0.124873 -0.141578 -0.695559 0.693225
1520616979.715966 -363.105943 -100.170555 39.955168 -0.123819 -0.148293 -0.690763 0.696796
1520616979.765968 -362.804094 -100.171704 39.002690 -0.122595 -0.153395 -0.684248 0.702314
1520616979.815970 -362.305287 -100.489041 38.197489 -0.122101 -0.160269 -0.680766 0.704246
1520616979.865971 -361.957329 -100.364675 37.265724 -0.122408 -0.162381 -0.678962 0.705450
1520616979.915789 -361.616272 -100.469947 36.333298 -0.125809 -0.159992 -0.674467 0.709697
1520616979.965791 -361.134968 -100.717357 35.492715 -0.129535 -0.160576 -0.666476 0.716412
1520616980.015792 -360.690771 -100.672843 34.595768 -0.127549 -0.158273 -0.661185 0.722160
1520616980.065795 -360.801324 -100.708417 33.603677 -0.120977 -0.154665 -0.662097 0.723236
1520616980.115796 -361.091057 -100.973583 32.684027 -0.118139 -0.154403 -0.661698 0.724126
1520616980.165800 -361.629856 -101.239751 31.884088 -0.118753 -0.152566 -0.663004 0.723220
1520616980.215799 -361.599499 -101.238346 30.885723 -0.116868 -0.153933 -0.660514 0.725512
1520616980.265800 -361.082516 -100.892359 30.100790 -0.116814 -0.157926 -0.654324 0.730256
1520616980.316152 -360.630988 -100.678934 29.235921 -0.115842 -0.166305 -0.649024 0.733274
1520616980.366153 -360.800951 -100.210397 28.364885 -0.118433 -0.166961 -0.644462 0.736727
1520616980.416155 -361.006505 -99.683887 27.539217 -0.119632 -0.170730 -0.644819 0.735355
1520616980.466204 -361.202538 -100.236438 26.731800 -0.126258 -0.184671 -0.643005 0.732461
1520616980.516158 -361.167638 -100.676679 25.834002 -0.134692 -0.196529 -0.640002 0.730501
1520616980.566160 -361.059610 -100.578695 24.842723 -0.135225 -0.200179 -0.637799 0.731338
1520616980.616161 -360.928005 -100.593376 23.852181 -0.134922 -0.202415 -0.636814 0.731636
1520616980.666163 -360.823182 -100.385377 22.878284 -0.134317 -0.201689 -0.635616 0.732989
1520616980.716925 -360.911413 -100.217153 21.896200 -0.133843 -0.196017 -0.633509 0.736430
1520616980.766927 -360.963963 -100.705748 21.027266 -0.133061 -0.197722 -0.632093 0.737333
1520616980.816928 -360.781810 -100.687791 20.042379 -0.125629 -0.196461 -0.632317 0.738780
1520616980.866930 -360.192758 -100.443565 19.270810 -0.119458 -0.197858 -0.629762 0.741608
1520616980.916931 -360.346245 -100.003893 18.382107 -0.115620 -0.192642 -0.634004 0.739973
1520616980.966933 -359.816152 -99.493977 17.709605 -0.105406 -0.186805 -0.637958 0.739597
1520616981.016934 -359.211624 -99.309887 16.939196 -0.102844 -0.180587 -0.639100 0.740515
1520616981.066936 -358.758180 -98.879560 16.155701 -0.103550 -0.172700 -0.636779 0.744288
1520616981.116938 -358.178574 -98.776149 15.351402 -0.105609 -0.166476 -0.632280 0.749236
1520616981.166482 -357.950561 -98.190543 14.567892 -0.103101 -0.155438 -0.627790 0.755705
1520616981.216484 -358.028500 -97.485423 13.859379 -0.100782 -0.146694 -0.625562 0.759602
1520616981.266486 -357.931193 -96.802937 13.137297 -0.097917 -0.142441 -0.618780 0.766312
1520616981.316487 -357.859841 -96.192909 12.348935 -0.097474 -0.142815 -0.616014 0.768524
1520616981.366488 -357.690712 -95.586006 11.573201 -0.096166 -0.145356 -0.614884 0.769117
1520616981.416490 -357.432528 -94.817297 10.987158 -0.091187 -0.145186 -0.608958 0.774452
1520616981.466492 -357.465412 -94.065985 10.325404 -0.092150 -0.142570 -0.602031 0.780218
1520616981.516494 -357.035520 -93.215572 10.035462 -0.083799 -0.146634 -0.598878 0.782829
1520616981.566055 -356.997442 -93.642830 9.145383 -0.096958 -0.155390 -0.603109 0.776346
1520616981.616056 -356.996177 -93.985048 8.205914 -0.107651 -0.163072 -0.610051 0.767891
1520616981.666058 -356.898917 -94.287812 7.257464 -0.115462 -0.172211 -0.618101 0.758264
1520616981.716060 -356.801311 -94.774679 6.389794 -0.124213 -0.179762 -0.625627 0.748898
1520616981.766061 -356.954651 -94.140516 5.627918 -0.121687 -0.171818 -0.630111 0.747416
1520616981.816063 -356.756916 -93.422594 4.963722 -0.115759 -0.162992 -0.627841 0.752229
1520616981.866065 -356.712607 -92.713795 4.258699 -0.109378 -0.149504 -0.626761 0.756873
1520616981.916066 -356.767599 -91.835337 3.780645 -0.102158 -0.143487 -0.629438 0.756824
1520616981.965775 -356.637006 -90.957423 3.323660 -0.092150 -0.141182 -0.629437 0.758541
1520616982.015776 -356.990606 -90.086355 2.969933 -0.087780 -0.143062 -0.631068 0.757351
1520616982.065778 -357.380670 -89.268787 2.545904 -0.084062 -0.141712 -0.633363 0.756110
1520616982.115799 -357.500087 -89.649754 1.636413 -0.095859 -0.159671 -0.626614 0.756750
1520616982.165781 -357.960569 -88.930657 1.115176 -0.094480 -0.156027 -0.628099 0.756453
1520616982.215781 -358.381054 -88.319352 0.446364 -0.097638 -0.146896 -0.626810 0.758945
1520616982.265784 -358.293556 -88.554760 -0.515446 -0.110374 -0.156247 -0.621248 0.759905
1520616982.315784 -358.213105 -87.754874 -1.115597 -0.105536 -0.148870 -0.617058 0.765467
1520616982.365704 -358.165619 -86.884261 -1.606450 -0.100708 -0.143138 -0.609898 0.772913
1520616982.415705 -358.113784 -85.934533 -1.915582 -0.093028 -0.140637 -0.602946 0.779758
1520616982.465707 -358.299540 -84.998662 -2.221533 -0.083427 -0.133927 -0.601778 0.782922
1520616982.515708 -358.588987 -84.147953 -2.661092 -0.080286 -0.135310 -0.608490 0.777808
1520616982.565710 -358.892411 -83.693549 -3.495334 -0.081045 -0.132731 -0.612312 0.775170
1520616982.615711 -359.121062 -82.852616 -3.986046 -0.079306 -0.128102 -0.613581 0.775125
1520616982.665713 -359.152648 -83.040619 -4.959977 -0.094720 -0.136157 -0.611130 0.773957
1520616982.715715 -358.861456 -83.301114 -5.881030 -0.110691 -0.145951 -0.608765 0.771914
1520616982.765818 -358.918667 -83.377863 -6.876332 -0.127206 -0.146489 -0.605522 0.771818
1520616982.815820 -359.256002 -82.998742 -7.740092 -0.138162 -0.132618 -0.601808 0.775339
1520616982.865820 -359.175964 -83.363571 -8.664440 -0.151659 -0.134502 -0.596780 0.776378
1520616982.915823 -359.054133 -83.601955 -9.628466 -0.166351 -0.134279 -0.590378 0.778299
1520616982.965824 -359.247944 -83.095984 -10.472322 -0.172102 -0.119155 -0.585613 0.783096
1520616983.015826 -359.191713 -82.851187 -11.437259 -0.179807 -0.113824 -0.579207 0.786913
1520616983.065828 -359.477984 -83.118290 -12.355490 -0.195695 -0.108647 -0.568868 0.791384
1520616983.115830 -359.773037 -83.432531 -13.257846 -0.212093 -0.098902 -0.560206 0.794609
1520616983.165884 -358.833478 -83.351867 -13.586482 -0.214103 -0.098361 -0.551010 0.800546
1520616983.215885 -358.902636 -83.912180 -14.396812 -0.236635 -0.083485 -0.539409 0.803786
1520616983.265887 -358.006745 -83.741722 -14.812437 -0.238211 -0.079639 -0.525725 0.812728
1520616983.315888 -358.478846 -84.171833 -15.565657 -0.258486 -0.068382 -0.511545 0.816597
1520616983.365891 -358.792017 -84.644894 -16.389858 -0.277604 -0.069231 -0.492497 0.821943
1520616983.415892 -359.439682 -84.442696 -17.122278 -0.288204 -0.070069 -0.477903 0.826824
1520616983.465893 -358.945617 -84.757661 -16.332941 -0.297834 -0.082589 -0.467551 0.828173
1520616983.515895 -359.669857 -84.786540 -16.993684 -0.306166 -0.090539 -0.461043 0.827952
1520616983.565896 -359.583476 -85.095263 -17.939984 -0.314533 -0.098430 -0.444144 0.833137
1520616983.615724 -358.790979 -85.685387 -17.862676 -0.325045 -0.105778 -0.426732 0.837291
1520616983.665725 -358.320263 -86.472176 -18.256836 -0.329855 -0.098740 -0.403971 0.847498
1520616983.715727 -357.438499 -86.614313 -17.822234 -0.327313 -0.084119 -0.388649 0.857171
1520616983.765729 -357.616662 -87.373679 -18.425593 -0.318296 -0.048626 -0.387866 0.863645
1520616983.815730 -356.702177 -87.684396 -18.200727 -0.314430 -0.025263 -0.380575 0.869286
1520616983.865732 -355.819683 -88.102209 -17.988586 -0.311109 -0.001594 -0.374937 0.873288
1520616983.915733 -354.868290 -88.386179 -17.862513 -0.304250 0.013597 -0.375051 0.875547
1520616983.965735 -354.085297 -88.975745 -17.676463 -0.308863 0.015606 -0.384392 0.869829
1520616984.015579 -353.386115 -89.663870 -17.485389 -0.312373 0.017508 -0.405567 0.858855
1520616984.065580 -352.680934 -90.302533 -17.178522 -0.308212 0.018305 -0.433563 0.846577
1520616984.115581 -352.108101 -91.083120 -16.929297 -0.305883 0.015799 -0.461609 0.832528
1520616984.165583 -351.755724 -91.966907 -16.625566 -0.313134 0.005585 -0.491219 0.812785
1520616984.215585 -351.442951 -92.815088 -16.199227 -0.322106 -0.004620 -0.514785 0.794495
1520616984.265586 -351.228674 -93.733868 -15.865743 -0.326134 -0.012508 -0.541749 0.774589
1520616984.315588 -351.106362 -94.689855 -15.597404 -0.328390 -0.021510 -0.569067 0.753565
1520616984.365589 -351.413042 -95.558900 -15.218245 -0.349906 -0.036344 -0.591041 0.725889
1520616984.415641 -351.058489 -96.306692 -14.654742 -0.352355 -0.059774 -0.610598 0.706713
1520616984.465642 -350.738819 -96.771835 -13.832442 -0.353306 -0.082672 -0.620785 0.694958
1520616984.515644 -350.634513 -97.369683 -13.036812 -0.360429 -0.107814 -0.623174 0.685654
1520616984.565646 -350.248674 -97.916965 -12.292245 -0.367073 -0.126791 -0.616164 0.685218
1520616984.615647 -349.848677 -98.651764 -11.740472 -0.377452 -0.140317 -0.604935 0.686946
1520616984.665649 -349.709691 -99.586827 -11.414999 -0.390837 -0.143498 -0.591073 0.690860
1520616984.715650 -349.767052 -100.513095 -11.047567 -0.407863 -0.139346 -0.570851 0.698827
1520616984.765652 -349.884214 -101.283329 -11.671251 -0.432643 -0.127886 -0.541036 0.709750
1520616984.815819 -350.651329 -101.915450 -11.626040 -0.457707 -0.105546 -0.506505 0.723060
1520616984.865820 -349.708590 -102.065824 -11.932667 -0.469366 -0.086731 -0.473870 0.740014
1520616984.915822 -348.751435 -102.138331 -12.211861 -0.476632 -0.063349 -0.446977 0.754334
1520616984.965824 -347.815599 -102.346455 -12.490076 -0.478618 -0.048728 -0.421592 0.768642
1520616985.015825 -346.886582 -102.686178 -12.618371 -0.478311 -0.038571 -0.406435 0.777522
1520616985.065826 -346.065631 -103.219301 -12.432861 -0.478784 -0.026770 -0.400855 0.780618
1520616985.115828 -345.474974 -103.917885 -12.035213 -0.480337 -0.020599 -0.405454 0.777469
1520616985.165829 -345.023357 -104.676398 -11.567169 -0.477109 -0.019604 -0.417326 0.773189
1520616985.215872 -344.354099 -105.207258 -11.048834 -0.457796 -0.015999 -0.441906 0.771289
1520616985.265874 -344.073994 -105.991418 -10.496363 -0.450651 -0.017041 -0.466807 0.760733
1520616985.315875 -343.700684 -106.773053 -9.995019 -0.445330 -0.022864 -0.492931 0.747113
1520616985.365877 -344.181565 -107.414698 -10.576317 -0.433978 -0.009136 -0.531213 0.727594
1520616985.415881 -343.710610 -108.294843 -10.628149 -0.435664 -0.016168 -0.558620 0.705605
1520616985.465880 -343.144337 -109.024553 -11.021265 -0.437609 -0.025897 -0.582935 0.684116
1520616985.515881 -342.711698 -109.675730 -11.645848 -0.441531 -0.039976 -0.606031 0.660438
1520616985.565883 -343.075151 -110.478164 -11.191327 -0.454749 -0.060584 -0.623021 0.633543
1520616985.615884 -343.117674 -109.611158 -11.684208 -0.459421 -0.088749 -0.638542 0.610999
1520616985.665736 -342.918481 -110.190785 -10.898716 -0.465034 -0.123956 -0.648405 0.589872
1520616985.715738 -342.630323 -110.808106 -10.164613 -0.470283 -0.157941 -0.655975 0.568846
1520616985.765740 -342.829477 -110.292447 -10.992085 -0.476546 -0.181818 -0.658140 0.553803
1520616985.815742 -342.996976 -109.934796 -11.909464 -0.485768 -0.195805 -0.653422 0.546561
1520616985.865743 -343.066177 -109.582706 -12.843203 -0.496419 -0.201349 -0.645501 0.544385
1520616985.915745 -342.897031 -109.203848 -13.753805 -0.512345 -0.203166 -0.628579 0.548739
1520616985.965746 -342.784320 -109.250296 -14.742614 -0.528465 -0.200395 -0.611382 0.553875
1520616986.015748 -342.904102 -110.242001 -14.769588 -0.554362 -0.195974 -0.593626 0.549441
1520616986.065976 -343.556983 -110.176399 -15.517862 -0.570916 -0.159612 -0.579052 0.559713
1520616986.115978 -344.086138 -110.140487 -16.365091 -0.582653 -0.125373 -0.565491 0.570102
1520616986.165979 -343.661216 -110.808906 -16.979702 -0.592642 -0.102618 -0.547984 0.581341
1520616986.215981 -342.964369 -111.392062 -17.396716 -0.600653 -0.076001 -0.530843 0.592997
1520616986.265983 -342.215802 -112.047433 -17.437530 -0.603834 -0.053634 -0.513523 0.607290
1520616986.315984 -341.583334 -112.675835 -16.996406 -0.603398 -0.034157 -0.504102 0.616948
1520616986.365986 -341.027305 -113.285386 -16.433993 -0.600026 -0.017126 -0.497575 0.626175
1520616986.415988 -340.469166 -113.843242 -15.821317 -0.593334 -0.004554 -0.499273 0.631396
1520616986.466095 -339.708270 -114.269609 -15.331918 -0.580427 0.003525 -0.512580 0.632736
1520616986.516097 -339.166450 -114.903772 -14.780086 -0.570420 0.003755 -0.532799 0.625086
1520616986.566098 -338.982186 -115.679765 -14.176733 -0.566358 -0.004807 -0.557669 0.606812
1520616986.616100 -338.505641 -116.186738 -13.462134 -0.559529 -0.020278 -0.582869 0.588880
1520616986.666102 -338.743203 -116.224999 -12.492496 -0.548221 -0.038803 -0.605490 0.575613
1520616986.716103 -339.292255 -115.788771 -11.782951 -0.540856 -0.056992 -0.617745 0.567994
1520616986.766104 -340.074082 -115.293730 -11.407748 -0.536976 -0.071417 -0.623176 0.564100
1520616986.816106 -340.818955 -114.672800 -11.170142 -0.535046 -0.083973 -0.623265 0.564106
1520616986.865979 -341.552077 -113.996759 -11.125456 -0.531159 -0.093883 -0.621004 0.568692
1520616986.915982 -342.301792 -113.351361 -10.972054 -0.528158 -0.100989 -0.621009 0.570261
1520616986.965983 -343.106194 -112.776435 -10.818980 -0.525371 -0.108290 -0.617191 0.575616
1520616987.015985 -343.806937 -112.070705 -10.729074 -0.523332 -0.113060 -0.614352 0.579580
1520616987.065986 -343.842464 -111.162165 -11.131928 -0.523676 -0.114415 -0.616038 0.577208
1520616987.116074 -343.048906 -110.961244 -11.694619 -0.528436 -0.113096 -0.617820 0.571194
1520616987.165989 -342.322830 -111.223141 -12.324720 -0.539113 -0.106414 -0.626839 0.552364
1520616987.215990 -341.495268 -111.471976 -12.828149 -0.549851 -0.100959 -0.636224 0.531686
1520616987.266605 -340.675986 -111.807206 -13.292406 -0.562892 -0.093972 -0.644767 0.508525
1520616987.316606 -339.978323 -112.144881 -13.925311 0.572864 0.086386 0.654455 -0.485852
1520616987.366608 -339.266846 -112.538343 -14.507409 0.579805 0.080052 0.658775 -0.472687
1520616987.416609 -338.525112 -113.028678 -14.963073 0.586650 0.078121 0.663784 -0.457308
1520616987.466611 -337.921431 -113.467029 -15.629894 0.589598 0.076299 0.672863 -0.440235
1520616987.516613 -337.152062 -113.769799 -16.194770 0.594757 0.070587 0.679074 -0.424429
1520616987.566614 -336.639377 -113.597041 -17.040036 0.599492 0.065155 0.682455 -0.413062
1520616987.616616 -336.491997 -113.078188 -17.884677 0.595563 0.064243 0.686173 -0.412729
1520616987.666622 -336.861062 -112.149889 -18.030145 0.590107 0.069438 0.687538 -0.417425
1520616987.716624 -337.457588 -111.431465 -17.658013 0.582020 0.079656 0.682957 -0.434140
1520616987.766625 -338.080504 -110.684472 -17.430673 0.572317 0.091666 0.679141 -0.450354
1520616987.816627 -338.791852 -110.007881 -17.240070 0.563200 0.100346 0.671523 -0.470949
1520616987.866629 -339.531561 -109.359337 -17.061623 0.555203 0.109881 0.668297 -0.482757
1520616987.916630 -340.127766 -108.658889 -16.669282 0.547399 0.123105 0.666722 -0.490593
1520616987.966632 -340.734537 -107.887265 -16.486995 0.541218 0.130369 0.664474 -0.498559
1520616988.016633 -341.479178 -107.224728 -16.407255 -0.538026 -0.135690 -0.657753 0.509389
1520616988.066636 -341.877563 -106.446506 -15.925388 -0.534952 -0.146806 -0.658177 0.508997
1520616988.115685 -342.436653 -105.633316 -16.059654 -0.533355 -0.147653 -0.657181 0.511707
1520616988.165688 -343.027611 -105.311813 -16.789519 -0.538480 -0.121818 -0.657947 0.512157
1520616988.215689 -342.370873 -105.766246 -17.396291 -0.543731 -0.117493 -0.662821 0.501219
1520616988.265691 -341.655478 -106.204677 -17.940936 0.553150 0.110524 0.670031 -0.482564
1520616988.315692 -340.982147 -106.622371 -18.551920 0.558954 0.108931 0.680085 -0.461724
1520616988.365694 -340.306735 -107.080082 -19.130200 0.563901 0.106199 0.689213 -0.442406
1520616988.415695 -339.700945 -107.531184 -19.785911 0.568911 0.099582 0.697140 -0.424758
1520616988.465697 -339.057394 -108.049728 -20.348608 0.576339 0.089224 0.703194 -0.406683
1520616988.516411 -338.511022 -108.653328 -20.928224 0.580980 0.083348 0.706649 -0.395174
1520616988.566413 -337.905492 -109.204394 -21.503744 0.578289 0.084042 0.710312 -0.392398
1520616988.616414 -338.134298 -108.688236 -22.333334 0.576826 0.074695 0.720273 -0.378020
1520616988.666417 -337.788139 -108.804360 -23.265130 0.564485 0.083514 0.727927 -0.380138
1520616988.716417 -337.966823 -109.533521 -22.602569 0.562638 0.094740 0.726332 -0.383282
1520616988.766475 -338.426890 -108.641597 -22.580192 0.556768 0.100779 0.726381 -0.390159
1520616988.816420 -338.982090 -107.819152 -22.696719 0.546025 0.108390 0.728476 -0.399289
1520616988.866422 -339.588462 -107.023875 -22.643698 0.538052 0.116550 0.724295 -0.415105
1520616988.915899 -340.248734 -106.278080 -22.550691 0.529383 0.127179 0.722057 -0.426864
1520616988.965901 -340.909512 -105.529360 -22.578275 0.518204 0.142114 0.721672 -0.436414
1520616989.015903 -341.655214 -104.863997 -22.517594 0.512844 0.152992 0.720062 -0.441695
1520616989.065904 -340.787264 -104.380212 -22.503962 0.509926 0.177969 0.697075 -0.471583
1520616989.115906 -339.983080 -104.341583 -21.919917 0.506498 0.193332 0.689235 -0.480664
1520616989.165907 -340.739773 -103.821229 -22.304266 0.506253 0.193744 0.686139 -0.485164
1520616989.215909 -340.026771 -103.136965 -22.389458 -0.500920 -0.216431 -0.660871 0.515253
1520616989.265910 -340.744593 -102.436790 -22.264291 -0.498471 -0.220729 -0.661118 0.515489
1520616989.315804 -341.167813 -102.095764 -23.092310 -0.499882 -0.213233 -0.661770 0.516440
1520616989.365805 -340.525864 -102.511166 -23.738435 -0.501332 -0.215091 -0.667997 0.506145
1520616989.415807 -339.835352 -102.951899 -24.311974 0.513506 0.208378 0.672450 -0.490613
1520616989.465809 -339.099237 -103.314889 -24.885187 0.523038 0.202657 0.685595 -0.464027
1520616989.515810 -338.307140 -103.634040 -25.407008 0.532052 0.194288 0.693768 -0.444814
1520616989.565812 -337.643261 -104.066326 -26.016093 0.534513 0.191612 0.704713 -0.425394
1520616989.615814 -337.027786 -104.505262 -26.670868 0.545838 0.181129 0.710620 -0.405305
1520616989.665815 -336.732793 -104.966260 -27.504882 0.554208 0.179688 0.713778 -0.388699
1520616989.717325 -336.435047 -104.931969 -28.463249 0.549313 0.181699 0.718265 -0.386440
1520616989.767327 -337.176026 -105.595156 -28.599506 0.558797 0.195327 0.704235 -0.391979
1520616989.817328 -337.892643 -105.019239 -28.999008 0.558606 0.196549 0.700230 -0.398756
1520616989.867330 -338.660094 -105.674640 -29.027856 0.564073 0.226213 0.669483 -0.427133
1520616989.917331 -339.436494 -105.195973 -29.438193 0.562925 0.235324 0.663830 -0.432514
1520616989.967334 -340.277791 -105.697180 -29.660993 0.575553 0.264441 0.627952 -0.452202
1520616990.017334 -340.807166 -106.535074 -29.816999 0.596674 0.289345 0.589999 -0.460609
1520616990.067336 -341.519722 -107.232652 -29.853362 0.631839 0.299549 0.548344 -0.458660
1520616990.115925 -341.629464 -108.208957 -29.637272 0.662586 0.318519 0.515496 -0.440216
1520616990.165927 -341.875255 -108.518360 -30.558295 0.669784 0.319333 0.512233 -0.432473
1520616990.215928 -342.271734 -108.643995 -31.468467 0.667679 0.298359 0.530838 -0.428249
1520616990.265930 -342.181594 -108.831542 -32.448713 0.672577 0.294784 0.524638 -0.430695
1520616990.315931 -341.791674 -108.032949 -32.917885 0.689602 0.294582 0.509515 -0.421977
1520616990.365933 -341.943991 -108.830829 -32.314729 0.688015 0.294006 0.513828 -0.419734
1520616990.415961 -341.665965 -108.695215 -31.374662 0.684280 0.306077 0.515587 -0.415028
1520616990.465936 -341.203767 -108.488821 -30.514050 0.684950 0.341595 0.492889 -0.413783
1520616990.515937 -340.829909 -108.262333 -29.613747 0.681654 0.355145 0.483267 -0.419134
1520616990.566101 -340.457200 -108.086873 -28.701973 0.674534 0.361651 0.483763 -0.424482
1520616990.616102 -340.132734 -108.009154 -27.758221 0.664242 0.356856 0.499433 -0.426618
1520616990.666104 -339.946929 -107.982530 -26.775290 0.665051 0.353424 0.512852 -0.412045
1520616990.716106 -339.318017 -107.207400 -26.692242 0.617011 0.329302 0.582032 -0.414844
1520616990.766108 -339.023835 -107.385799 -25.746104 0.608704 0.324046 0.594094 -0.414157
1520616990.816109 -338.802167 -107.603288 -24.795258 0.603803 0.322192 0.600737 -0.413195
1520616990.866111 -338.798213 -107.600595 -23.796376 0.606058 0.322451 0.600131 -0.410563
1520616990.916112 -338.599536 -106.715363 -23.377591 0.601371 0.320590 0.597591 -0.422446
1520616990.966140 -339.162050 -107.117523 -24.076236 0.605550 0.328024 0.583390 -0.430540
1520616991.016142 -338.641504 -107.338649 -23.267165 0.614557 0.340092 0.565732 -0.431978
1520616991.066144 -338.697830 -107.310278 -24.263209 0.627682 0.349711 0.549717 -0.426062
1520616991.116145 -338.655722 -107.753505 -25.156402 0.641583 0.351504 0.537933 -0.418861
1520616991.166147 -338.149959 -107.959023 -25.998646 0.652121 0.352191 0.529067 -0.413264
1520616991.216149 -339.047124 -108.398818 -25.999140 0.686346 0.333651 0.508231 -0.399133
1520616991.266150 -338.605189 -107.775927 -26.654504 0.708668 0.325955 0.501007 -0.374881
1520616991.316151 -337.941663 -107.230074 -27.161803 0.728028 0.316815 0.489925 -0.359969
1520616991.366086 -338.022180 -107.612560 -28.071332 0.740967 0.317090 0.478209 -0.348910
1520616991.416087 -338.508461 -107.480899 -28.938377 0.748886 0.317821 0.469564 -0.343031
1520616991.466088 -337.934232 -107.073368 -28.248699 0.751731 0.332219 0.455743 -0.341803
1520616991.516092 -337.878575 -106.181909 -27.788601 0.747064 0.337267 0.455753 -0.347037
1520616991.566092 -337.354413 -105.373466 -28.052403 0.719068 0.335328 0.482833 -0.370633
1520616991.616093 -337.209103 -105.105405 -27.091226 0.714098 0.331580 0.488620 -0.375991
1520616991.666095 -336.921538 -104.955825 -26.145415 0.705552 0.332116 0.495907 -0.382064
1520616991.716096 -336.608284 -104.846470 -25.202112 0.698084 0.330383 0.503353 -0.387506
1520616991.765949 -336.352178 -104.826336 -24.234791 0.689136 0.325104 0.516701 -0.390409
1520616991.815951 -336.031481 -104.846979 -23.288125 0.682092 0.327227 0.527163 -0.387004
1520616991.865952 -335.679366 -104.869064 -22.352749 0.671256 0.324885 0.541864 -0.387620
1520616991.915953 -335.347937 -104.923315 -21.410762 0.658939 0.329242 0.555108 -0.386334
1520616991.965955 -335.185387 -104.971320 -20.424772 0.648805 0.330817 0.567515 -0.384108
1520616992.015957 -335.276949 -105.067708 -19.432428 0.639076 0.331400 0.580425 -0.380609
1520616992.065958 -334.890136 -105.208196 -18.522497 0.635753 0.342198 0.575417 -0.384207
1520616992.115959 -335.461185 -105.162133 -17.700732 0.640628 0.338110 0.577583 -0.376398
1520616992.165961 -335.818395 -105.678592 -16.915484 0.646779 0.338499 0.567634 -0.380640
1520616992.215963 -335.977668 -105.813906 -15.941343 0.659092 0.342172 0.551605 -0.379801
1520616992.265964 -336.008659 -105.664574 -16.933262 0.672603 0.347222 0.535336 -0.374778
1520616992.315966 -336.174048 -105.880347 -17.892317 0.684454 0.352860 0.522112 -0.366622
1520616992.365967 -335.989794 -106.273619 -18.794929 0.690613 0.357927 0.512213 -0.364116
1520616992.415969 -336.093351 -106.626727 -19.722998 0.702351 0.355706 0.499643 -0.361294
1520616992.465970 -336.220913 -107.021046 -20.632945 0.714255 0.353296 0.485308 -0.359858
1520616992.515972 -336.421866 -107.305054 -21.571123 0.727350 0.349253 0.467496 -0.361155
1520616992.565973 -336.096544 -107.712271 -20.720168 0.737674 0.351910 0.449283 -0.360752
1520616992.615978 -336.359179 -107.603722 -21.681906 0.744659 0.353321 0.435261 -0.362209
1520616992.665979 -335.937669 -107.984607 -20.858821 0.753129 0.355275 0.417987 -0.363130
1520616992.715980 -335.585497 -107.266092 -20.262175 0.760161 0.362775 0.401271 -0.359904
1520616992.765983 -334.864889 -106.980118 -19.631135 0.764911 0.366150 0.388769 -0.360145
1520616992.815984 -334.721412 -106.665436 -18.687624 0.768673 0.368272 0.387350 -0.351394
1520616992.865985 -334.071677 -106.360622 -17.996107 0.761744 0.378279 0.391255 -0.351527
1520616992.915987 -333.342242 -106.033672 -17.396143 0.749523 0.399203 0.389828 -0.356211
1520616992.965988 -332.856037 -105.745193 -16.568840 0.741799 0.405075 0.397857 -0.356875
1520616993.015920 -332.184081 -105.474716 -15.880789 0.731466 0.420026 0.395659 -0.363304
1520616993.065922 -331.937445 -105.153221 -14.963430 0.722514 0.419649 0.408259 -0.367687
1520616993.115923 -331.725514 -104.837080 -14.038749 0.712109 0.419448 0.421784 -0.372910
1520616993.165924 -331.605659 -104.544831 -13.089483 0.701466 0.424263 0.433464 -0.374240
1520616993.215926 -331.195282 -104.271487 -12.221693 0.688687 0.437682 0.437236 -0.378112
1520616993.265928 -331.063352 -104.110809 -11.241095 0.676348 0.440153 0.451184 -0.381119
1520616993.315929 -331.257918 -104.101712 -10.258430 0.666626 0.439268 0.467135 -0.380052
1520616993.365930 -331.084550 -104.101434 -9.274969 0.658607 0.441462 0.475922 -0.380588
1520616993.415956 -331.013463 -104.100006 -8.277335 0.658393 0.445320 0.474211 -0.378593
1520616993.465958 -330.694850 -105.016812 -8.551965 0.660995 0.448086 0.465369 -0.381753
1520616993.515959 -330.774071 -104.421519 -7.754171 0.671632 0.457421 0.445313 -0.375996
1520616993.565961 -330.933789 -104.891135 -8.615877 0.682506 0.459561 0.428365 -0.373487
1520616993.615963 -331.122216 -105.161669 -9.562120 0.695757 0.466095 0.407197 -0.364511
1520616993.665964 -331.296774 -105.629689 -10.427357 0.709784 0.467777 0.388988 -0.355077
1520616993.715965 -331.315184 -106.245729 -11.215660 0.721966 0.469944 0.372114 -0.345613
1520616993.765967 -331.339169 -106.869882 -11.996989 0.735622 0.468738 0.356782 -0.334441
1520616993.816106 -331.500702 -107.609533 -12.647822 0.750424 0.465148 0.342880 -0.320833
1520616993.866107 -331.438906 -108.167306 -13.480158 0.764212 0.458322 0.327958 -0.313631
1520616993.916109 -331.719187 -108.775806 -14.218665 0.774463 0.453064 0.314558 -0.309827
1520616993.966110 -330.964222 -109.094003 -13.659802 0.780125 0.448482 0.303363 -0.313433
1520616994.016112 -331.040801 -108.085399 -13.661747 0.780843 0.440485 0.302173 -0.323957
1520616994.066113 -330.476413 -107.504112 -14.244530 0.767741 0.435001 0.322955 -0.342124
1520616994.116115 -330.361060 -107.067049 -13.340038 0.776889 0.417226 0.318389 -0.347842
1520616994.166116 -330.993840 -107.118265 -14.100673 0.785182 0.390389 0.322051 -0.356888
1520616994.216082 -330.272717 -107.234603 -13.429946 0.792807 0.362152 0.328216 -0.364112
1520616994.266084 -329.299414 -107.213540 -13.200493 0.799140 0.338791 0.325865 -0.374710
1520616994.316085 -328.505489 -107.250585 -12.593763 0.805201 0.310026 0.331438 -0.381687
1520616994.366087 -327.828472 -107.155723 -11.864856 0.807305 0.289624 0.338137 -0.387349
1520616994.416088 -327.231705 -106.748767 -11.174608 0.804420 0.277443 0.348763 -0.392808
1520616994.466090 -326.819393 -106.374221 -10.341948 0.796727 0.274561 0.362646 -0.397908
1520616994.516091 -326.399549 -105.852641 -9.600684 0.784512 0.277693 0.380747 -0.403063
1520616994.566093 -326.046133 -105.381979 -8.791535 0.768931 0.294445 0.402270 -0.400282
1520616994.616054 -325.919762 -104.949416 -7.896906 0.750140 0.317670 0.426480 -0.393052
1520616994.666056 -325.745062 -104.328707 -7.135435 0.732163 0.342474 0.448562 -0.381366
1520616994.716058 -325.730959 -103.374959 -6.835128 0.714762 0.367163 0.469621 -0.365737
1520616994.766059 -325.514935 -102.936566 -7.706843 0.697803 0.398681 0.485508 -0.344104
1520616994.816061 -324.934030 -102.135084 -7.805263 0.685636 0.434378 0.491452 -0.315744
1520616994.866063 -324.474414 -101.797174 -8.628528 0.664762 0.474921 0.499867 -0.287531
1520616994.916064 -324.378876 -101.931113 -9.610049 0.643364 0.510590 0.507763 -0.259918
1520616994.966067 -324.029125 -102.102657 -10.531814 0.625777 0.543660 0.508021 -0.233990
1520616995.016068 -323.977902 -102.626661 -11.376414 0.616004 0.555120 0.515098 -0.216921
1520616995.066224 -323.706432 -103.090744 -12.221750 0.615936 0.565482 0.510692 -0.200118
1520616995.116225 -323.379396 -103.649973 -12.983406 0.624219 0.566061 0.504233 -0.188876
1520616995.166227 -322.922287 -104.179784 -13.699369 0.638899 0.558851 0.496923 -0.180447
1520616995.216229 -322.149041 -104.578074 -14.193636 0.660398 0.545800 0.477840 -0.194026
1520616995.266230 -321.525115 -105.237374 -14.610911 0.683462 0.521317 0.469880 -0.200801
1520616995.316232 -321.054233 -106.049221 -14.953483 0.712495 0.485840 0.464522 -0.201320
1520616995.366233 -320.455192 -106.787388 -15.266319 0.743759 0.441319 0.458282 -0.205029
1520616995.416327 -320.425019 -107.738351 -15.560603 0.775444 0.387731 0.455731 -0.201643
1520616995.466610 -320.081477 -108.677251 -15.497730 0.792656 0.348201 0.452871 -0.212980
1520616995.516613 -321.056910 -108.860900 -15.565393 0.804751 0.305690 0.458823 -0.220027
1520616995.566613 -321.557888 -108.766903 -16.430928 0.810662 0.270505 0.462699 -0.235719
1520616995.616615 -320.967538 -108.628947 -15.650479 0.809150 0.247198 0.471657 -0.248412
1520616995.666616 -320.273767 -108.229622 -15.052833 0.800548 0.229762 0.488529 -0.260137
1520616995.716618 -319.766489 -107.961015 -14.231772 0.788404 0.225808 0.507012 -0.265272
1520616995.766619 -319.546265 -107.664346 -13.300091 0.771667 0.238697 0.529349 -0.259508
1520616995.816621 -319.174701 -107.204382 -12.496562 0.753012 0.256163 0.550200 -0.254231
1520616995.866175 -319.097846 -106.613774 -11.690607 0.734090 0.280301 0.569220 -0.241932
1520616995.916177 -319.269030 -105.874836 -11.036867 0.716438 0.310017 0.584480 -0.221337
1520616995.966178 -319.507243 -104.987968 -10.640995 0.695576 0.346071 0.596282 -0.202131
1520616996.016179 -320.182855 -104.279590 -10.433436 0.675357 0.381590 0.606168 -0.175622
1520616996.066181 -320.559616 -103.480363 -10.900770 0.652755 0.417910 0.612623 -0.154776
1520616996.116182 -321.017434 -102.915993 -11.584698 0.630421 0.452879 0.617478 -0.127244
1520616996.166184 -320.317719 -102.325508 -11.977496 0.613736 0.487783 0.612373 -0.101961
1520616996.216185 -319.899920 -102.748868 -12.777547 0.598562 0.512352 0.611044 -0.076447
1520616996.266078 -319.607086 -103.288200 -13.564885 0.586443 0.525846 0.613279 -0.058816
1520616996.316080 -319.461604 -103.938667 -14.307758 0.576773 0.535044 0.615921 -0.041253
1520616996.366081 -318.945938 -104.422277 -15.019694 0.572719 0.545256 0.611738 -0.021564
1520616996.416084 -318.580075 -103.524845 -15.269497 0.583988 0.548285 0.598553 0.008784
1520616996.466085 -317.967326 -104.239318 -15.632115 0.592801 0.542984 0.594625 0.013269
1520616996.516086 -318.713886 -104.905113 -15.574758 0.636347 0.499851 0.586897 0.027634
1520616996.566088 -318.148502 -105.734619 -15.695767 0.658703 0.472653 0.585396 0.004576
1520616996.616089 -317.535225 -106.523169 -15.743044 0.683246 0.437807 0.583841 -0.025080
1520616996.666723 -317.399180 -107.509422 -15.817573 0.710220 0.385583 0.588235 -0.029894
1520616996.716723 -317.303757 -108.494765 -15.961654 0.730028 0.333341 0.595781 -0.031423
1520616996.766726 -317.063536 -109.409668 -15.634503 0.743129 0.295484 0.598321 -0.049599
1520616996.816728 -316.075827 -109.418544 -15.797627 0.744005 0.258433 0.613974 -0.052007
1520616996.866729 -315.680101 -109.340400 -14.879550 0.738334 0.240357 0.626914 -0.063800
1520616996.916730 -315.663919 -108.948004 -13.956107 0.732099 0.231660 0.637145 -0.066410
1520616996.966732 -315.734393 -108.461680 -13.084344 0.718686 0.239376 0.650099 -0.059674
1520616997.016732 -315.414353 -108.101892 -12.212492 0.697602 0.260925 0.665310 -0.051304
1520616997.066611 -315.651989 -107.477291 -11.461608 0.675784 0.287394 0.678129 -0.029348
1520616997.116548 -316.085950 -106.771998 -10.898982 0.653522 0.319446 0.686104 0.011128
1520616997.166549 -316.481426 -106.032725 -10.355113 0.630091 0.353952 0.689295 0.050748
1520616997.216551 -316.073611 -105.404925 -11.034242 0.608421 0.381574 0.690727 0.084393
1520616997.266552 -315.102288 -105.336791 -10.825590 0.602716 0.398256 0.682133 0.113223
1520616997.316554 -314.517211 -106.028974 -11.252219 0.594017 0.412273 0.677779 0.133383
1520616997.366555 -313.822825 -106.696218 -11.522659 0.593698 0.420554 0.669925 0.147846
1520616997.416557 -313.385910 -107.591087 -11.624134 0.596905 0.421913 0.664827 0.153943
1520616997.466559 -313.024241 -108.461757 -11.952915 0.598275 0.417816 0.665149 0.158346
1520616997.516137 -312.550414 -109.301981 -12.219017 0.605373 0.407282 0.666338 0.153750
1520616997.566139 -311.860538 -110.011134 -12.364834 0.618157 0.394856 0.665462 0.138315
1520616997.616140 -311.309182 -110.546917 -13.001693 0.627151 0.383999 0.666138 0.124447
1520616997.666142 -310.529752 -110.719121 -13.604259 0.638604 0.378114 0.661505 0.107825
1520616997.716143 -310.552308 -110.484227 -14.572295 0.645560 0.369908 0.660730 0.099278
1520616997.766145 -310.692318 -110.391388 -15.556340 0.645440 0.359262 0.667611 0.092922
1520616997.816147 -310.686467 -110.062857 -16.503098 0.649686 0.351864 0.668443 0.085346
1520616997.866148 -310.682936 -109.885613 -17.486536 0.648989 0.347511 0.672003 0.080380
1520616997.916203 -310.746405 -109.570019 -18.433476 0.650061 0.340683 0.674808 0.077393
1520616997.966204 -310.814525 -109.043020 -19.281931 0.652816 0.335085 0.675108 0.076011
1520616998.016207 -310.169831 -108.366131 -19.628605 0.658672 0.336468 0.668926 0.074019
1520616998.066208 -309.673359 -108.039742 -20.434253 0.659625 0.337468 0.667355 0.075150
1520616998.116210 -309.218473 -107.458418 -21.108759 0.661697 0.339461 0.663679 0.080338
1520616998.166211 -308.731848 -106.613818 -21.317887 0.663190 0.342386 0.660070 0.085197
1520616998.216213 -308.279716 -106.555626 -22.210441 0.662914 0.343575 0.659715 0.085312
1520616998.266215 -307.767844 -106.481295 -23.066637 0.663254 0.341983 0.660204 0.085283
1520616998.316223 -307.002409 -106.072598 -23.559272 0.666225 0.341683 0.657082 0.087412
1520616998.366224 -306.583023 -105.205426 -23.829055 0.666993 0.346508 0.653154 0.091884
1520616998.416226 -305.594762 -105.268312 -24.005106 0.672570 0.347355 0.647439 0.088410
1520616998.466227 -305.218196 -104.408787 -24.367398 0.673086 0.352449 0.643105 0.095656
1520616998.516229 -304.840414 -103.496963 -24.517526 0.674313 0.354477 0.639711 0.102067
1520616998.566230 -305.265832 -102.589444 -24.529364 0.675724 0.350963 0.638761 0.110479
1520616998.616232 -306.048227 -103.162688 -24.749965 0.680078 0.333090 0.642429 0.117601
1520616998.666233 -306.915735 -103.629499 -24.924967 0.683246 0.307876 0.649760 0.127279
1520616998.716419 -306.551236 -104.456533 -24.490630 0.684681 0.301878 0.651650 0.124233
1520616998.766382 -306.235789 -105.295109 -24.046047 0.688420 0.293091 0.653532 0.114335
1520616998.816383 -305.851970 -106.044116 -23.507828 0.689401 0.291046 0.654030 0.110737
1520616998.866384 -304.875881 -105.835463 -23.604596 0.684901 0.277237 0.662860 0.121103
1520616998.916386 -303.973186 -105.592394 -23.259642 0.680572 0.270852 0.669376 0.124084
1520616998.966387 -303.963131 -104.865837 -22.560475 0.681838 0.269616 0.667726 0.128628
1520616999.016389 -303.006225 -104.559868 -22.501229 0.673286 0.273361 0.675190 0.126797
1520616999.066391 -302.949466 -103.872530 -21.768277 0.676787 0.276195 0.669302 0.133084
1520616999.116469 -302.998131 -103.322091 -20.934344 0.676787 0.276195 0.669302 0.133084
1520616999.166471 -302.805692 -102.884800 -20.058703 0.680541 0.276239 0.665589 0.132465
1520616999.216472 -302.647155 -102.134362 -19.412862 0.680926 0.273699 0.665824 0.134562
1520616999.266474 -302.770234 -101.711064 -18.513273 0.680187 0.275441 0.665472 0.136473
1520616999.316475 -302.630410 -101.251497 -17.638928 0.678834 0.283026 0.663140 0.139018
1520616999.366477 -301.641368 -101.064585 -17.584429 0.670046 0.293117 0.668721 0.133916
1520616999.416478 -300.770072 -100.572975 -17.603351 0.662759 0.303957 0.672959 0.124441
1520616999.466480 -300.645713 -99.582583 -17.488828 0.660098 0.316495 0.670526 0.120404
1520616999.516482 -300.217927 -98.679508 -17.464870 0.659339 0.330709 0.665546 0.113810
1520616999.566754 -300.525231 -97.757895 -17.707217 0.659053 0.335776 0.663501 0.112563
1520616999.616757 -300.547425 -96.773587 -17.880678 0.660031 0.339842 0.661131 0.108499
1520616999.666758 -300.327358 -95.802958 -17.963566 0.659991 0.345728 0.659453 0.100030
1520616999.716760 -299.386608 -95.486856 -17.844536 0.655608 0.358071 0.658657 0.090193
1520616999.766762 -299.762319 -94.610233 -18.166913 0.658191 0.353006 0.659238 0.087044
1520616999.816763 -299.909234 -93.676780 -18.495513 0.664619 0.347888 0.656897 0.075775
1520616999.866764 -300.316736 -92.791464 -18.718165 0.671943 0.338959 0.655109 0.066573
1520616999.916767 -299.736596 -92.466712 -17.985928 0.680803 0.343365 0.644835 0.052877
1520616999.966793 -300.429482 -92.175911 -18.629368 0.684597 0.334292 0.645943 0.048314
1520617000.016798 -300.904348 -93.032289 -18.367629 0.692032 0.327002 0.641862 0.046646
1520617000.066796 -301.259665 -93.960151 -18.258184 0.698013 0.323842 0.636602 0.051402
1520617000.116798 -300.961373 -94.917164 -18.278204 0.704770 0.315484 0.633525 0.049148
1520617000.166799 -301.965897 -94.885940 -18.225372 0.714957 0.297297 0.630405 0.055140
1520617000.216800 -302.369743 -95.521119 -17.558114 0.718608 0.294433 0.627231 0.059108
1520617000.266802 -303.303125 -95.524286 -17.196482 0.715861 0.289127 0.631423 0.072486
1520617000.316804 -304.228895 -95.623514 -16.832215 0.712073 0.279417 0.638410 0.085504
1520617000.366745 -303.904386 -96.268304 -16.141396 0.714021 0.281654 0.635766 0.081530
1520617000.416736 -303.761473 -96.632536 -15.220803 0.712942 0.281506 0.635907 0.089947
1520617000.466737 -303.484193 -97.023481 -14.344130 0.711492 0.293611 0.631416 0.094259
1520617000.516739 -303.151809 -97.289071 -13.440245 0.713518 0.303663 0.624102 0.095801
1520617000.566740 -303.129259 -97.325881 -12.438554 0.712683 0.303838 0.623781 0.103259
1520617000.616741 -302.831771 -97.412076 -11.490075 0.715093 0.310090 0.617814 0.103882
1520617000.666744 -302.980426 -96.890249 -10.642861 0.713393 0.307698 0.618707 0.116592
1520617000.716745 -302.831852 -96.499384 -9.737885 0.714494 0.313942 0.612547 0.125398
1520617000.766617 -302.787895 -96.001296 -8.870412 0.713241 0.320128 0.609139 0.133246
1520617000.816618 -302.807504 -95.361452 -8.100647 0.709465 0.330381 0.605919 0.142724
1520617000.866620 -302.787857 -94.668879 -7.379868 0.710202 0.341531 0.596025 0.154024
1520617000.916621 -302.782626 -93.843128 -6.813755 0.707214 0.351681 0.592087 0.160004
1520617000.966623 -302.965475 -92.993727 -6.315640 0.707049 0.358869 0.586261 0.166108
1520617001.016624 -303.236187 -92.034005 -6.210595 0.704220 0.359230 0.586485 0.176249
1520617001.066626 -303.448573 -91.082415 -5.992433 0.705046 0.361901 0.580968 0.185510
1520617001.116628 -303.649193 -90.107683 -6.108181 0.703259 0.361090 0.580862 0.194011
1520617001.166699 -304.603779 -90.060278 -5.820596 0.698402 0.375302 0.582518 0.179043
1520617001.216701 -305.094872 -89.302222 -6.272727 0.697651 0.373892 0.584693 0.177825
1520617001.266702 -305.556161 -88.570798 -6.774911 0.698913 0.370418 0.586250 0.174994
1520617001.316704 -306.054297 -87.881135 -7.299570 0.700247 0.366600 0.587207 0.174486
1520617001.366706 -307.018810 -88.071442 -7.107943 0.702455 0.375085 0.583261 0.160233
1520617001.416707 -308.005095 -87.922474 -7.011319 0.705773 0.376259 0.581129 0.150343
1520617001.466709 -308.915854 -87.864180 -6.599092 0.713079 0.372138 0.577278 0.140648
1520617001.516711 -309.757032 -87.876641 -6.057988 0.721262 0.366434 0.571934 0.135641
1520617001.566705 -310.484594 -88.435060 -6.436992 0.723203 0.359968 0.573933 0.134167
1520617001.616706 -311.100074 -89.121599 -6.825939 0.723878 0.359493 0.573169 0.135068
1520617001.666708 -312.095962 -89.249695 -6.874116 0.732372 0.350624 0.566117 0.142146
1520617001.716709 -312.725111 -90.002539 -7.072634 0.733353 0.349213 0.565666 0.142356
1520617001.766710 -313.245651 -90.858836 -7.092282 0.735145 0.343813 0.566958 0.141112
1520617001.816713 -313.453413 -91.838413 -7.048814 0.736589 0.337285 0.569780 0.137933
1520617001.866714 -313.485959 -92.820837 -6.857791 0.740578 0.327445 0.570607 0.136866
1520617001.916715 -313.582577 -93.782878 -6.601045 0.747517 0.313467 0.569589 0.136108
1520617001.966680 -313.789981 -94.756359 -6.519414 0.752560 0.305225 0.567772 0.134634
1520617002.016646 -314.133923 -95.672421 -6.309935 0.755920 0.301374 0.565261 0.135047
1520617002.066647 -314.224896 -96.622786 -6.009194 0.758311 0.301650 0.562557 0.132292
1520617002.116649 -314.332394 -97.577531 -5.732390 0.758142 0.305205 0.560785 0.132632
1520617002.166650 -314.410266 -98.414917 -5.189601 0.757064 0.309182 0.559237 0.136066
1520617002.216652 -314.311517 -99.212278 -4.595176 0.755043 0.315961 0.557667 0.138155
1520617002.266654 -314.160445 -99.875501 -3.862795 0.752207 0.322366 0.556877 0.141959
1520617002.316655 -314.045800 -100.423017 -3.033847 0.749726 0.324609 0.557971 0.145629
1520617002.366657 -314.039357 -100.843071 -2.125728 0.746919 0.321890 0.562843 0.147330
1520617002.416535 -314.082776 -100.997968 -1.138708 0.744008 0.325208 0.563484 0.152241
1520617002.466537 -314.526803 -101.008501 -0.239774 0.736269 0.332677 0.567526 0.158584
1520617002.516538 -314.642985 -100.295833 0.453164 0.729933 0.347086 0.564705 0.166845
1520617002.566540 -315.618410 -100.123029 0.493682 0.716658 0.369453 0.567291 0.167594
1520617002.616541 -316.047775 -99.219341 0.382986 0.709907 0.382091 0.565778 0.173015
1520617002.666543 -316.427620 -98.434290 -0.107658 0.704196 0.389000 0.566667 0.177978
1520617002.716545 -316.792135 -97.647660 -0.606237 0.700398 0.392390 0.568187 0.180655
1520617002.766546 -317.095621 -96.988371 -1.294358 0.697415 0.392096 0.571719 0.181687
1520617002.816246 -316.183543 -97.287183 -1.609102 0.695723 0.400211 0.571871 0.169599
1520617002.866247 -316.671526 -96.791446 -2.327576 0.689863 0.402467 0.575885 0.174548
1520617002.916250 -317.024929 -96.376307 -3.166600 0.687047 0.405416 0.576667 0.176236
1520617002.966250 -317.384062 -96.203750 -4.082317 0.685348 0.401937 0.581285 0.175646
1520617003.016253 -317.673924 -96.194745 -5.039129 0.684529 0.396528 0.586660 0.173250
1520617003.066254 -317.814622 -96.513636 -5.977454 0.684352 0.394157 0.588891 0.171786
1520617003.116255 -317.800265 -97.081487 -6.803056 0.686909 0.391558 0.588478 0.168917
1520617003.166257 -317.536079 -97.637987 -7.593781 0.688229 0.391521 0.587700 0.166316
1520617003.216340 -317.751886 -97.919325 -8.524236 0.683951 0.382672 0.599120 0.163790
1520617003.266341 -317.854858 -98.121065 -9.499288 0.685065 0.379549 0.601024 0.159370
1520617003.316343 -317.829557 -98.420274 -10.454458 0.684729 0.378503 0.603198 0.155030
1520617003.366345 -316.880785 -98.306665 -10.729534 0.696801 0.380163 0.588574 0.153381
1520617003.416345 -316.931524 -98.905257 -11.517134 0.699488 0.376390 0.589430 0.147031
1520617003.466347 -317.042820 -99.366964 -12.396337 0.696984 0.368997 0.597975 0.143109
1520617003.516349 -316.921319 -99.962806 -13.193488 0.696125 0.368569 0.600561 0.137456
1520617003.566350 -316.619538 -100.643259 -13.864314 0.695268 0.370778 0.602420 0.127346
1520617003.616840 -316.493031 -101.378586 -14.528158 0.693416 0.374537 0.603105 0.123126
1520617003.666841 -316.576210 -102.140705 -15.167519 0.694687 0.376830 0.600168 0.123318
1520617003.716843 -316.381224 -102.950671 -15.725520 0.689989 0.383779 0.602882 0.114728
1520617003.766844 -317.049360 -103.667713 -15.920267 0.696843 0.379600 0.596499 0.120427
1520617003.816846 -316.758884 -104.573090 -16.252872 0.695273 0.380397 0.599913 0.109534
1520617003.866848 -316.328503 -105.477185 -16.243886 0.696901 0.380642 0.600086 0.096632
1520617003.916849 -315.987758 -106.394227 -16.033266 0.693304 0.382901 0.602298 0.099767
1520617003.966851 -315.756624 -107.291106 -15.654792 0.686900 0.384730 0.607107 0.107578
1520617004.017411 -315.395456 -108.112740 -15.215178 0.679314 0.386249 0.613070 0.116144
1520617004.067413 -315.024956 -108.917276 -14.751256 0.671903 0.394980 0.615201 0.118595
1520617004.117414 -314.732267 -109.408776 -13.932264 0.666473 0.402394 0.615774 0.121309
1520617004.167416 -315.353762 -109.816068 -14.578777 0.657390 0.397457 0.626568 0.131450
1520617004.217417 -314.892155 -109.249017 -13.923456 0.650223 0.397096 0.632863 0.137878
1520617004.267419 -314.171226 -108.822014 -13.377918 0.642755 0.404558 0.635298 0.139982
1520617004.317421 -313.445376 -108.432921 -12.810668 0.636435 0.417547 0.633839 0.137309
1520617004.367422 -312.728947 -107.727871 -12.801273 0.634057 0.429659 0.629062 0.132838
1520617004.417424 -312.922268 -106.929325 -13.374584 0.632177 0.430169 0.631102 0.130445
1520617004.467168 -312.599681 -106.429433 -12.583286 0.635877 0.448579 0.615448 0.125143
1520617004.517170 -312.408964 -105.800786 -13.351588 0.634236 0.452396 0.615842 0.117561
1520617004.567171 -312.636096 -105.225447 -14.134683 0.630683 0.451200 0.619459 0.122183
1520617004.617173 -311.981998 -105.053486 -13.410592 0.632198 0.468224 0.606614 0.114509
1520617004.667175 -312.187363 -104.884065 -14.370981 0.631696 0.465396 0.609387 0.114079
1520617004.717176 -311.291033 -104.692314 -14.770214 0.640160 0.471993 0.596741 0.106389
1520617004.767178 -311.376613 -104.907210 -15.732510 0.638550 0.470313 0.599806 0.106269
1520617004.817180 -311.293227 -105.149909 -16.700571 0.638309 0.470969 0.599493 0.106576
1520617004.866489 -311.221416 -105.574916 -17.602560 0.638029 0.470890 0.600273 0.104180
1520617004.916491 -310.861442 -105.925086 -18.470386 0.640821 0.472691 0.596713 0.099226
1520617004.966491 -310.864827 -106.501477 -19.283261 0.641617 0.469512 0.599389 0.092840
1520617005.016494 -310.639554 -106.926609 -20.162564 0.641848 0.469944 0.599014 0.091461
1520617005.066496 -311.572443 -107.301936 -20.206520 0.666751 0.460225 0.578319 0.095828
1520617005.116497 -310.857433 -106.756488 -20.659377 0.678103 0.461268 0.562989 0.102234
1520617005.166500 -310.647733 -107.474303 -21.321136 0.679357 0.461302 0.562427 0.096695
1520617005.216500 -311.561013 -107.838561 -21.089558 0.709590 0.445008 0.536173 0.104733
1520617005.266827 -311.330856 -108.635082 -21.668691 0.708622 0.447737 0.538118 0.088404
1520617005.316827 -312.316157 -108.799615 -21.522468 0.744538 0.421786 0.507207 0.102471
1520617005.366904 -312.436225 -109.535096 -22.200784 0.744538 0.421786 0.507207 0.102471
1520617005.416830 -312.920917 -110.297254 -22.626245 0.749670 0.410993 0.508200 0.103980
1520617005.466832 -313.752865 -110.325047 -22.049750 0.771931 0.396628 0.481780 0.121231
1520617005.516833 -314.691050 -110.246204 -21.717666 0.790343 0.377521 0.461693 0.140268
1520617005.566835 -315.521813 -110.319535 -21.165081 0.799932 0.363399 0.448241 0.164710
1520617005.616836 -316.345156 -110.393702 -20.602979 0.802352 0.350870 0.443041 0.191927
1520617005.667319 -317.235599 -110.509130 -20.166214 0.800151 0.338724 0.444306 0.218214
1520617005.717320 -318.018028 -110.331231 -19.565085 0.798800 0.327065 0.443181 0.241945
1520617005.767322 -318.953397 -110.434580 -19.239538 0.795756 0.311955 0.449421 0.259764
1520617005.817323 -318.693069 -111.114966 -18.555287 0.795756 0.311955 0.449421 0.259764
1520617005.867325 -318.506967 -111.851453 -17.904332 0.789509 0.319229 0.453167 0.263454
1520617005.917327 -319.347903 -111.688282 -17.372992 0.772264 0.319682 0.471476 0.281286
1520617005.967328 -318.995177 -111.430060 -16.487429 0.777966 0.319075 0.460764 0.284001
1520617006.017330 -318.533037 -111.168479 -15.641098 0.777004 0.318769 0.461733 0.285402
1520617006.066762 -317.565607 -111.344682 -15.863931 0.756361 0.322258 0.488432 0.292408
1520617006.116764 -318.462879 -111.138341 -15.453147 0.736620 0.327128 0.514216 0.293189
1520617006.166765 -318.095134 -110.631979 -14.690228 0.739761 0.330976 0.507924 0.291928
1520617006.216767 -317.715952 -109.900949 -14.120266 0.740298 0.335535 0.504492 0.291312
1520617006.266769 -317.556050 -108.945461 -13.855537 0.740931 0.332214 0.500757 0.299827
1520617006.316770 -317.371020 -107.973471 -13.704767 0.741087 0.330644 0.494064 0.312036
1520617006.366772 -316.946646 -107.106531 -13.452649 0.742669 0.338757 0.483603 0.315935
1520617006.416774 -316.691752 -106.136792 -13.439524 0.740513 0.342868 0.478222 0.324631
1520617006.466332 -316.401262 -105.182280 -13.383776 0.740521 0.345567 0.469284 0.334641
1520617006.516335 -316.078563 -104.236033 -13.361000 0.739160 0.350634 0.462217 0.342131
1520617006.566336 -315.813010 -103.273095 -13.422367 0.738178 0.352236 0.452502 0.355339
1520617006.616338 -315.463403 -102.344147 -13.545328 0.736536 0.359614 0.446743 0.358626
1520617006.666338 -315.232427 -101.381280 -13.686975 0.731555 0.371267 0.435820 0.370201
1520617006.716341 -314.270885 -101.580240 -13.926351 0.714498 0.408630 0.443619 0.354566
1520617006.766341 -313.942214 -100.635489 -13.893213 0.710859 0.418749 0.434465 0.361343
1520617006.816348 -313.479996 -99.771188 -13.706573 0.710025 0.426732 0.425736 0.364024
1520617006.866346 -312.936311 -99.020269 -13.336573 0.711492 0.434760 0.414630 0.364478
1520617006.916497 -312.389256 -98.371790 -12.808576 0.713558 0.440980 0.405204 0.363566
1520617006.966499 -311.834323 -97.764102 -12.240728 0.712848 0.449745 0.395744 0.364641
1520617007.016546 -311.372402 -97.272341 -11.501675 0.710894 0.454173 0.393185 0.365736
1520617007.066501 -310.922057 -96.806230 -10.740011 0.711448 0.458710 0.385837 0.366820
1520617007.116503 -311.575145 -97.525094 -10.887808 0.703903 0.455506 0.399977 0.370208
1520617007.166505 -312.398011 -97.936249 -10.479709 0.701768 0.450418 0.405186 0.374792
1520617007.216506 -312.144263 -98.603020 -9.781692 0.703063 0.448780 0.405898 0.373559
1520617007.266508 -312.930863 -99.181538 -9.595672 0.704023 0.442841 0.409151 0.375286
1520617007.316928 -313.583685 -99.921785 -9.741792 0.704550 0.437746 0.413145 0.375898
1520617007.366930 -314.557255 -99.887248 -9.480840 0.710930 0.428086 0.410026 0.378417
1520617007.416931 -314.891071 -100.736858 -9.890455 0.714034 0.423896 0.412885 0.374156
1520617007.466933 -314.097601 -101.011337 -10.431166 0.723210 0.415288 0.406139 0.373569
1520617007.516935 -314.480802 -101.756289 -10.959676 0.725690 0.410003 0.407850 0.372732
1520617007.566936 -314.830222 -102.476092 -11.559471 0.728704 0.403427 0.413952 0.367261
1520617007.616938 -315.283783 -102.979606 -12.293135 0.728341 0.397444 0.423061 0.364112
1520617007.666939 -315.673801 -103.439635 -13.091287 0.732080 0.392793 0.423794 0.360794
1520617007.716563 -316.024315 -103.955606 -13.873551 0.734944 0.389064 0.424312 0.358394
1520617007.766564 -316.518163 -104.427226 -14.602524 0.738302 0.382577 0.426141 0.356300
1520617007.816566 -317.068623 -104.853944 -15.319498 0.736565 0.375685 0.435476 0.355940
1520617007.866569 -317.995500 -104.464218 -15.253783 0.761482 0.355252 0.414604 0.349349
1520617007.916569 -318.563367 -105.027023 -15.853141 0.761409 0.354730 0.414358 0.350330
1520617007.966571 -319.371074 -104.474313 -15.600457 0.778178 0.336531 0.395728 0.352967
1520617008.016573 -319.575547 -105.440905 -15.419043 0.785932 0.327247 0.392838 0.347704
1520617008.066574 -319.832224 -106.357212 -15.107496 0.789663 0.317111 0.396087 0.344946
1520617008.116703 -320.703258 -105.842441 -15.113104 0.786754 0.288241 0.400778 0.370558
1520617008.166704 -320.713693 -106.403282 -14.282692 0.785763 0.285808 0.402213 0.372980
1520617008.216706 -321.424608 -105.708531 -14.089424 0.770803 0.277666 0.413012 0.397726
1520617008.266707 -320.592611 -106.273937 -14.116246 0.752579 0.283451 0.427032 0.413429
1520617008.316709 -320.335150 -105.990657 -13.184639 0.755848 0.283691 0.421256 0.413228
1520617008.366710 -319.438737 -106.427405 -13.312385 0.743213 0.294562 0.431266 0.418184
1520617008.416712 -318.616794 -106.996833 -13.373140 0.730033 0.313382 0.441014 0.417551
1520617008.466713 -317.696052 -107.371151 -13.280653 0.719422 0.337073 0.447195 0.410890
1520617008.517259 -317.402129 -106.419178 -13.408094 0.717412 0.344440 0.446017 0.409573
1520617008.567261 -317.276687 -105.493051 -13.769073 0.713145 0.348867 0.443189 0.416292
1520617008.617262 -317.087479 -104.593808 -14.164178 0.710604 0.355356 0.441041 0.417429
1520617008.667281 -316.668403 -103.776060 -14.559363 0.709546 0.363644 0.440666 0.412457
1520617008.717265 -315.876913 -103.299232 -14.946937 0.707771 0.374652 0.442264 0.403855
1520617008.767267 -314.889881 -103.482836 -15.000009 0.701652 0.399663 0.442713 0.389819
1520617008.817268 -314.714119 -102.675395 -15.567628 0.700014 0.405289 0.440681 0.389257
1520617008.867270 -314.535016 -101.916999 -16.195189 0.698723 0.409508 0.438897 0.389177
1520617008.917271 -313.546405 -102.104950 -16.206447 0.693078 0.428990 0.437130 0.380168
1520617008.966612 -312.653156 -101.664054 -16.205505 0.691212 0.437048 0.435853 0.375828
1520617009.016613 -313.630824 -101.488208 -16.158348 0.682239 0.440825 0.444978 0.377117
1520617009.066615 -313.204946 -101.284685 -15.292827 0.680666 0.435927 0.451445 0.377967
1520617009.116617 -312.959548 -101.488636 -14.342394 0.680676 0.432160 0.455647 0.377231
1520617009.166618 -312.858350 -101.567074 -13.349210 0.682572 0.430441 0.454572 0.377068
1520617009.216620 -312.636078 -102.122704 -12.548849 0.682611 0.429047 0.455370 0.377623
1520617009.266621 -312.418396 -102.982077 -12.089464 0.683723 0.428102 0.455805 0.376156
1520617009.316623 -311.802769 -103.681377 -12.445433 0.685378 0.426652 0.452703 0.378531
1520617009.367223 -312.304062 -104.310049 -13.022524 0.684800 0.425334 0.453976 0.379534
1520617009.417224 -312.623514 -104.997510 -13.676490 0.685229 0.425260 0.453908 0.378923
1520617009.467226 -313.627522 -104.958878 -13.732999 0.694417 0.418909 0.447623 0.376743
1520617009.517227 -314.066451 -105.157736 -14.614515 0.694420 0.415367 0.449423 0.378510
1520617009.567229 -314.524297 -105.397147 -15.470333 0.694508 0.415885 0.448528 0.378842
1520617009.617230 -313.605988 -105.637881 -15.786510 0.698980 0.414110 0.441741 0.380533
1520617009.667233 -314.451618 -106.017900 -15.399343 0.699309 0.412639 0.439365 0.384259
1520617009.717233 -315.433053 -105.835953 -15.284337 0.697917 0.405479 0.440344 0.393188
1520617009.766970 -315.214033 -106.209933 -14.388247 0.697917 0.405479 0.440344 0.393188
1520617009.816971 -315.153977 -106.642556 -13.487260 0.695856 0.404670 0.442736 0.394983
1520617009.866973 -315.919712 -107.031624 -13.974822 0.694261 0.397408 0.450887 0.395942
1520617009.916974 -315.477738 -106.189257 -13.714165 0.696580 0.394238 0.451497 0.394340
1520617009.966976 -314.492958 -106.266276 -13.524770 0.695249 0.401808 0.451569 0.388928
1520617010.016977 -313.542917 -106.138262 -13.811966 0.696863 0.406229 0.450631 0.382481
1520617010.066980 -314.510081 -105.904771 -13.860169 0.695865 0.415970 0.448451 0.376342
1520617010.116980 -313.538742 -106.024869 -14.080712 0.694441 0.423999 0.447087 0.371605
1520617010.167055 -312.613641 -105.686158 -14.228864 0.693060 0.427978 0.445990 0.370940
1520617010.217056 -312.325092 -105.210067 -13.393670 0.693198 0.430895 0.443235 0.370605
1520617010.267058 -312.061413 -105.061365 -12.439912 0.694308 0.429992 0.443244 0.369565
1520617010.317060 -311.441023 -105.645731 -12.973535 0.693168 0.427413 0.445332 0.372177
1520617010.367061 -311.277224 -106.201227 -12.143014 0.692510 0.425143 0.447170 0.373794
1520617010.417062 -311.494758 -105.777015 -11.255109 0.692510 0.425143 0.447170 0.373794
1520617010.467064 -310.648397 -105.250257 -11.379603 0.694100 0.427789 0.443650 0.372017
1520617010.517065 -310.899764 -105.547841 -12.288122 0.694016 0.426830 0.444979 0.371687
1520617010.566927 -311.241396 -105.948056 -13.137481 0.693567 0.425997 0.446683 0.371438
1520617010.616928 -310.972994 -105.046284 -12.834087 0.693516 0.427562 0.445394 0.371283
1520617010.666930 -311.213518 -105.934087 -13.210788 0.693732 0.427248 0.444757 0.372002
1520617010.716932 -310.266005 -106.107728 -13.452572 0.694276 0.424669 0.444013 0.374819
1520617010.766933 -311.108033 -106.623393 -13.316727 0.694192 0.424481 0.443115 0.376248
1520617010.816935 -310.287282 -107.085416 -13.000501 0.694192 0.424481 0.443115 0.376248
1520617010.866936 -309.725025 -106.515943 -13.605339 0.694720 0.423047 0.443887 0.375978
1520617010.916938 -308.759784 -106.683906 -13.835451 0.694720 0.423047 0.443887 0.375978
1520617010.966973 -307.832714 -107.053363 -13.742694 0.694720 0.423047 0.443887 0.375978
1520617011.016975 -308.638197 -107.125709 -14.309786 0.694720 0.423047 0.443887 0.375978
1520617011.066977 -309.171976 -106.429711 -14.801972 0.693695 0.422329 0.445472 0.376802
1520617011.116978 -310.081631 -106.774732 -14.997937 0.693137 0.416916 0.449496 0.379072
1520617011.166980 -310.037084 -106.840712 -14.005697 0.692998 0.414327 0.450369 0.381124
1520617011.216981 -310.981302 -107.120102 -14.094891 0.690415 0.411042 0.452755 0.386503
1520617011.266983 -310.878715 -106.234886 -13.657366 0.688297 0.412260 0.453241 0.388409
1520617011.316985 -310.000533 -105.753112 -13.618921 0.688838 0.413264 0.451302 0.388642
1520617011.366986 -309.085351 -105.351097 -13.579253 0.689839 0.418937 0.444825 0.388258
1520617011.417002 -308.146408 -105.421861 -13.932500 0.691181 0.424695 0.438976 0.386268
1520617011.467004 -307.286552 -105.174579 -13.495417 0.691965 0.432659 0.432479 0.383344
1520617011.517006 -308.015829 -105.133041 -12.802759 0.693252 0.433551 0.429654 0.383187
1520617011.567007 -308.443652 -105.738359 -12.136344 0.693928 0.431345 0.429794 0.384294
1520617011.617008 -309.436649 -105.756657 -11.996951 0.696572 0.422015 0.431586 0.387846
1520617011.667010 -310.230714 -106.325251 -12.192537 0.697195 0.413175 0.439123 0.387784
1520617011.717011 -311.133802 -106.754826 -12.122203 0.697720 0.410601 0.440238 0.388310
1520617011.767013 -311.976787 -106.200470 -12.085713 0.700089 0.409875 0.437967 0.387380
1520617011.816891 -311.136008 -105.844605 -11.708094 0.704746 0.414313 0.431547 0.381372
1520617011.866894 -310.187713 -105.535432 -11.619538 0.705503 0.420571 0.428402 0.376639
1520617011.916893 -310.965581 -105.615632 -12.215239 0.705503 0.420571 0.428402 0.376639
1520617011.966895 -311.770455 -106.210922 -12.168901 0.705931 0.417398 0.429788 0.377785
1520617012.016896 -310.854083 -106.568850 -12.332416 0.704758 0.414524 0.430537 0.382262
1520617012.066898 -311.778094 -106.875456 -12.103434 0.704717 0.412964 0.431713 0.382698
1520617012.116899 -311.345186 -107.712128 -11.764602 0.703539 0.416910 0.431746 0.380545
1520617012.166901 -310.473481 -107.393686 -11.420365 0.704424 0.421720 0.427324 0.378595
1520617012.216943 -310.725099 -107.004157 -10.522999 0.704430 0.422995 0.427160 0.377344
1520617012.266945 -310.426350 -107.226878 -11.463244 0.705172 0.422430 0.427193 0.376552
1520617012.316947 -309.538577 -106.799401 -11.534745 0.708491 0.418894 0.427198 0.374260
1520617012.366948 -308.916631 -106.202284 -12.046958 0.709871 0.416352 0.428414 0.373089
1520617012.416950 -308.257639 -105.859659 -12.720765 0.711963 0.414567 0.426175 0.373654
1520617012.466951 -308.089744 -106.595872 -13.379496 0.712588 0.415517 0.424867 0.372897
1520617012.516953 -308.680552 -106.426307 -14.165823 0.712703 0.419808 0.421759 0.371396
1520617012.566954 -309.277244 -106.237241 -14.945882 0.712850 0.423831 0.418839 0.369846
1520617012.616969 -310.042379 -106.222984 -15.585965 0.715648 0.421058 0.418451 0.368044
1520617012.666971 -309.166239 -105.773454 -15.663534 0.716902 0.419889 0.416611 0.369026
1520617012.716972 -310.120537 -105.861562 -15.394840 0.716604 0.418302 0.416643 0.371364
1520617012.766974 -309.185379 -105.546377 -15.512506 0.716604 0.418302 0.416643 0.371364
1520617012.816975 -308.300992 -105.167507 -15.787711 0.717692 0.416137 0.417953 0.370221
1520617012.866977 -309.209656 -105.521938 -15.597868 0.717961 0.414196 0.419452 0.370180
1520617012.916978 -308.824126 -104.887487 -14.948640 0.717961 0.414196 0.419452 0.370180
1520617012.966980 -309.621836 -104.489472 -14.493665 0.716799 0.414763 0.419994 0.371182
1520617013.017036 -309.015200 -105.087364 -15.043563 0.716799 0.414763 0.419994 0.371182
1520617013.067038 -309.942888 -105.418383 -14.852320 0.718259 0.415134 0.418164 0.370010
1520617013.117038 -310.243742 -106.323858 -15.154355 0.718259 0.415134 0.418164 0.370010
1520617013.167041 -309.353602 -106.167251 -14.768661 0.718029 0.413078 0.419701 0.371016
1520617013.217041 -310.011501 -106.003529 -15.489497 0.717277 0.410941 0.421391 0.372922
1520617013.267043 -310.919878 -105.782282 -15.126000 0.716304 0.409456 0.425121 0.372192
1520617013.317044 -310.103781 -105.302927 -14.843336 0.715582 0.407746 0.428456 0.371634
1520617013.367047 -309.703369 -104.946014 -13.995343 0.715582 0.407746 0.428456 0.371634
1520617013.417050 -308.852046 -104.716327 -13.526834 0.713371 0.407993 0.430624 0.373104
1520617013.467055 -309.747344 -105.096307 -13.341859 0.711540 0.409117 0.431890 0.373904
1520617013.517053 -308.803919 -104.799707 -13.335114 0.710589 0.410003 0.432929 0.373541
1520617013.567055 -307.869664 -104.445976 -13.302701 0.709868 0.410572 0.434548 0.372404
1520617013.617056 -307.222609 -103.691536 -13.195530 0.708668 0.411400 0.436072 0.371995
1520617013.667144 -306.284053 -103.360758 -13.081956 0.707882 0.414558 0.435442 0.370723
1520617013.717059 -305.455059 -103.762924 -13.488412 0.707397 0.416682 0.435579 0.369102
1520617013.767061 -304.863353 -102.985358 -13.306584 0.707397 0.416682 0.435579 0.369102
1520617013.817062 -304.070296 -102.987459 -12.692328 0.707740 0.414972 0.436663 0.369090
1520617013.866968 -304.980044 -103.368584 -12.718576 0.707993 0.411737 0.438761 0.369740
1520617013.916970 -304.567650 -103.325850 -13.641296 0.708078 0.410235 0.439336 0.370563
1520617013.966971 -304.904380 -102.805358 -12.847420 0.708078 0.410235 0.439336 0.370563
1520617014.016973 -305.756094 -103.299800 -12.784065 0.709047 0.411374 0.438220 0.368763
1520617014.066973 -306.497311 -103.213778 -13.456983 0.708622 0.412933 0.438515 0.367486
1520617014.116976 -305.532007 -103.075670 -13.295948 0.708680 0.417473 0.437018 0.364013
1520617014.166977 -304.667715 -102.775464 -13.706083 0.709652 0.419327 0.434820 0.362616
