1520530731.400018 -0.755132 -0.609045 -0.197575 -0.002765 0.001807 -0.003100 0.999990
1520530731.450021 -1.732346 -0.813330 -0.174979 -0.001743 0.003262 -0.006624 0.999971
1520530731.500021 -2.403677 -0.806325 0.561637 0.001558 0.001572 -0.009369 0.999954
1520530731.550010 -3.101233 -0.624101 1.254292 0.004633 0.001384 -0.009037 0.999947
1520530731.600011 -2.848584 -1.114901 0.442602 0.004633 0.001384 -0.009037 0.999947
1520530731.650012 -2.368185 -0.589507 -0.251468 0.003167 0.002735 -0.009802 0.999943
1520530731.700014 -1.974925 -0.811998 0.623180 0.000448 0.005048 -0.009360 0.999943
1520530731.750016 -1.449924 -0.563708 -0.171706 0.001410 0.005541 -0.008003 0.999952
1520530731.800017 -2.211305 -1.099903 0.139876 0.002308 0.004498 -0.007116 0.999962
1520530731.850102 -2.703874 -1.242947 0.994950 0.002524 0.000637 -0.006969 0.999972
1520530731.900020 -3.403307 -1.408125 1.689791 0.001827 -0.004976 -0.007248 0.999960
1520530731.950036 -4.034753 -1.658721 2.423489 0.001303 -0.006965 -0.012864 0.999892
1520530732.000037 -3.712101 -1.858949 3.343526 0.005129 -0.004667 -0.014621 0.999869
1520530732.050039 -3.927779 -2.526545 4.051969 0.007507 -0.002161 -0.011293 0.999906
1520530732.100040 -4.062074 -3.494737 4.254274 0.009519 -0.002173 -0.012085 0.999879
1520530732.150042 -3.873348 -2.893845 5.012248 0.009519 -0.002173 -0.012085 0.999879
1520530732.200044 -3.411779 -2.925817 4.143798 0.008067 -0.002267 -0.007526 0.999937
1520530732.250045 -4.032019 -3.687012 4.239259 0.007081 -0.000096 -0.006414 0.999954
1520530732.300047 -4.137436 -3.753418 3.257115 0.008523 0.000164 -0.004960 0.999951
1520530732.350048 -4.279615 -4.635081 3.676614 0.008523 0.000164 -0.004960 0.999951
1520530732.400059 -4.165152 -5.608535 3.870801 0.010605 0.000094 -0.006972 0.999919
1520530732.450059 -4.687765 -6.299450 3.381362 0.010605 0.000094 -0.006972 0.999919
1520530732.500062 -4.374849 -5.784736 2.597738 0.010227 0.001059 -0.011755 0.999878
1520530732.550063 -4.144350 -5.489010 1.671163 0.010050 0.003005 -0.016592 0.999807
1520530732.600064 -3.393530 -5.191136 1.085048 0.010050 0.003005 -0.016592 0.999807
1520530732.650067 -3.931710 -5.842388 1.583358 0.010050 0.003005 -0.016592 0.999807
1520530732.700068 -3.563434 -5.008171 1.222805 0.008510 0.004365 -0.015027 0.999841
1520530732.750070 -4.255993 -4.876607 1.912267 0.007870 0.005851 -0.011969 0.999880
1520530732.800093 -3.797064 -4.092405 2.306284 0.011392 0.004835 -0.009312 0.999880
1520530732.850094 -4.595501 -4.418875 2.783177 0.011294 0.006298 -0.008450 0.999881
1520530732.900096 -4.514970 -5.397654 2.643965 0.012979 0.006277 -0.007131 0.999871
1520530732.950097 -5.204822 -6.061730 2.916243 0.011431 0.008103 -0.006686 0.999879
1520530733.000099 -4.913258 -5.885485 3.845129 0.011431 0.008103 -0.006686 0.999879
1520530733.050100 -4.232186 -5.283537 3.454365 0.011431 0.008103 -0.006686 0.999879
1520530733.100102 -3.721014 -4.616569 2.912982 0.011431 0.008103 -0.006686 0.999879
1520530733.150104 -3.301546 -3.719616 3.032805 0.009328 0.007927 -0.006007 0.999907
1520530733.200104 -3.370472 -2.899909 2.470294 0.007555 0.007794 -0.008024 0.999909
1520530733.250106 -3.603004 -3.651245 3.055803 0.006909 0.007512 -0.006051 0.999930
1520530733.300107 -2.839570 -4.218280 2.777768 0.006909 0.007512 -0.006051 0.999930
1520530733.350113 -2.730579 -4.958660 3.430905 0.007633 0.005834 -0.010374 0.999900
1520530733.400110 -2.356631 -4.781307 2.539236 0.012901 0.006700 -0.009338 0.999851
1520530733.450196 -1.988676 -5.686704 2.687313 0.014977 0.007167 -0.009033 0.999821
1520530733.500113 -1.859086 -6.245481 1.875459 0.020787 0.009515 -0.006659 0.999716
1520530733.550115 -1.751128 -6.301028 2.850558 0.025476 0.012344 -0.003569 0.999593
1520530733.600103 -1.736781 -7.291056 2.854076 0.025476 0.012344 -0.003569 0.999593
1520530733.650105 -1.774891 -7.902833 2.069518 0.018384 0.011862 -0.003485 0.999755
1520530733.700106 -2.195682 -7.785414 1.174397 0.010073 0.010142 -0.004030 0.999890
1520530733.750108 -1.556453 -7.432605 0.500073 0.006391 0.010200 -0.007186 0.999902
1520530733.800110 -1.881577 -8.112966 1.127891 0.007713 0.010657 -0.005834 0.999896
1520530733.850111 -2.096756 -7.174765 1.339733 0.010158 0.010593 -0.004540 0.999882
1520530733.900113 -1.831998 -7.134704 2.294478 0.013372 0.010720 -0.004844 0.999841
1520530733.950114 -2.098636 -8.012569 2.672794 0.014173 0.010984 -0.008146 0.999806
1520530734.000145 -1.364998 -7.456073 3.021010 0.016043 0.011763 -0.011643 0.999734
1520530734.050146 -0.864557 -6.881370 2.381751 0.017276 0.013961 -0.010592 0.999697
1520530734.100148 -0.288009 -7.015933 1.579175 0.017350 0.015582 -0.011940 0.999657
1520530734.150149 -0.404938 -7.875862 2.048950 0.017350 0.015582 -0.011940 0.999657
1520530734.200151 0.143711 -7.945491 1.232850 0.016668 0.015429 -0.010987 0.999682
1520530734.250153 0.580708 -8.187247 0.366921 0.017443 0.016338 -0.009525 0.999669
1520530734.300154 -0.037525 -8.286107 1.121913 0.019612 0.017694 -0.010418 0.999597
1520530734.350156 0.735316 -7.763391 0.815041 0.019612 0.017694 -0.010418 0.999597
1520530734.400153 1.244124 -7.421236 0.027483 0.018882 0.017796 -0.009108 0.999622
1520530734.450154 1.561641 -7.376605 0.958234 0.018882 0.017796 -0.009108 0.999622
1520530734.500156 2.165824 -6.595569 0.868670 0.020624 0.018849 -0.009151 0.999568
1520530734.550158 2.742726 -6.458337 0.069337 0.020669 0.020866 -0.009036 0.999528
1520530734.600159 3.546879 -5.952326 0.358591 0.022935 0.020490 -0.011471 0.999461
1520530734.650161 4.435608 -6.055918 0.800096 0.022935 0.020490 -0.011471 0.999461
1520530734.700162 5.119899 -6.752150 0.605224 0.022935 0.020490 -0.011471 0.999461
1520530734.750163 4.591086 -6.645173 1.428495 0.024007 0.020118 -0.008128 0.999476
1520530734.800165 5.051365 -5.955610 0.898554 0.026049 0.020058 -0.006276 0.999440
1520530734.850172 5.071020 -6.938742 0.903505 0.027695 0.020042 -0.006947 0.999391
1520530734.900173 4.713272 -6.294469 1.555325 0.035269 0.020262 -0.005435 0.999158
1520530734.950178 4.857431 -7.190384 1.940070 0.035269 0.020262 -0.005435 0.999158
1520530735.000176 3.991955 -7.584377 1.661403 0.031910 0.022835 -0.007195 0.999204
1520530735.050266 3.773086 -8.510114 1.953001 0.029945 0.022932 -0.010517 0.999233
1520530735.100178 3.355074 -7.784302 1.439507 0.027779 0.023434 -0.010743 0.999282
1520530735.150181 3.369286 -8.765616 1.375880 0.027453 0.023603 -0.010722 0.999287
1520530735.200181 3.369564 -9.764187 1.325549 0.026011 0.023705 -0.011485 0.999315
1520530735.250203 3.393978 -8.785805 1.377039 0.026011 0.023705 -0.011485 0.999315
1520530735.300204 4.070649 -8.241841 1.863791 0.026011 0.023705 -0.011485 0.999315
1520530735.350206 3.893825 -8.609856 2.766892 0.028111 0.022700 -0.012189 0.999273
1520530735.400208 3.442921 -9.365947 3.236301 0.028111 0.022700 -0.012189 0.999273
1520530735.450209 3.837417 -8.929008 2.451660 0.025494 0.022788 -0.013093 0.999329
1520530735.500211 3.836957 -8.172594 1.800339 0.023497 0.022524 -0.012296 0.999394
1520530735.550212 3.579329 -7.209492 1.794265 0.022615 0.023401 -0.012249 0.999395
1520530735.600214 3.105520 -7.995458 1.439470 0.022779 0.023267 -0.012152 0.999396
1520530735.650176 2.853567 -8.164065 2.381100 0.023761 0.022775 -0.009031 0.999417
1520530735.700178 3.040022 -9.108415 2.155965 0.020612 0.022412 -0.005495 0.999521
1520530735.750180 2.983096 -8.772818 3.080296 0.027937 0.022010 -0.004728 0.999356
1520530735.800181 3.500180 -9.602443 3.220656 0.029861 0.021384 -0.007052 0.999300
1520530735.850183 4.181509 -9.543242 2.502751 0.033117 0.022839 -0.012003 0.999118
1520530735.900184 5.118984 -9.617515 2.165717 0.030377 0.018067 -0.016158 0.999245
1520530735.950186 5.725066 -9.439666 1.393171 0.027360 0.021139 -0.018139 0.999237
1520530736.000189 4.811297 -9.799805 1.332343 0.024583 0.024752 -0.018433 0.999221
1520530736.050192 5.379761 -9.617102 0.549352 0.024977 0.029079 -0.018641 0.999091
1520530736.100193 5.952904 -10.401338 0.339522 0.026708 0.031486 -0.020166 0.998944
1520530736.150194 6.906556 -10.244846 0.573492 0.038042 0.022551 -0.021082 0.998799
1520530736.200196 7.134051 -10.369488 1.533692 0.045778 0.028824 -0.020433 0.998327
1520530736.250198 7.188996 -10.746565 0.629382 0.048817 0.034979 -0.020054 0.997994
1520530736.300199 7.622119 -10.666269 -0.266044 0.046588 0.040551 -0.017915 0.997930
1520530736.350200 8.072368 -10.646783 -1.158754 0.039723 0.046005 -0.016325 0.998018
1520530736.400202 8.751458 -10.034878 -1.555884 0.034141 0.050401 -0.013235 0.998058
1520530736.450248 9.111454 -9.820131 -2.460823 0.027785 0.056821 -0.009842 0.997949
1520530736.500249 9.392625 -9.782968 -3.419558 0.026069 0.064125 -0.007974 0.997569
1520530736.550255 10.174897 -10.170956 -3.901987 0.021138 0.061846 -0.011335 0.997797
1520530736.600252 11.120586 -10.046542 -4.197590 0.026129 0.062930 -0.013989 0.997578
1520530736.650344 11.232580 -10.132856 -3.218522 0.027767 0.073194 -0.015923 0.996804
1520530736.700255 11.671356 -10.124784 -4.096119 0.027811 0.079466 -0.017142 0.996302
1520530736.750257 11.821172 -10.176947 -5.082367 0.024558 0.087757 -0.021444 0.995608
1520530736.800258 12.605585 -10.511558 -5.600386 0.019351 0.090293 -0.024846 0.995417
1520530736.850260 13.553639 -10.245945 -5.764647 0.019351 0.090293 -0.024846 0.995417
1520530736.900250 13.665230 -10.305448 -6.747586 0.016996 0.101509 -0.029813 0.994243
1520530736.950252 14.603926 -10.552664 -6.967179 0.017930 0.102246 -0.035990 0.993946
1520530737.000254 14.670300 -10.572436 -7.955817 0.024142 0.112106 -0.036870 0.992718
1520530737.050255 15.018477 -10.732057 -7.051028 0.031261 0.119607 -0.034804 0.991719
1520530737.100257 15.801370 -10.173336 -6.803403 0.046541 0.117320 -0.040446 0.991178
1520530737.150258 15.646560 -10.055313 -7.770196 0.042221 0.125916 -0.041214 0.990285
1520530737.200260 15.774398 -9.936075 -8.754927 0.034895 0.130068 -0.044432 0.989894
1520530737.250261 15.753811 -9.895027 -9.753474 0.023813 0.133001 -0.049584 0.989588
1520530737.300259 15.945148 -8.928341 -9.861159 0.019582 0.134714 -0.054067 0.989215
1520530737.350261 16.355078 -8.029821 -10.014884 0.019577 0.131299 -0.059764 0.989346
1520530737.400262 16.473009 -7.037962 -10.057750 0.019237 0.130085 -0.067148 0.989039
1520530737.450264 16.772993 -7.527423 -10.859445 0.004023 0.126995 -0.069249 0.989475
1520530737.500265 16.438243 -7.700118 -11.780934 0.001131 0.126817 -0.068559 0.989553
1520530737.550267 16.221755 -7.565039 -10.833862 0.008505 0.124889 -0.065281 0.989984
1520530737.600269 16.161149 -7.588008 -9.836804 0.023745 0.120529 -0.068567 0.990054
1520530737.650270 16.188907 -7.488165 -8.842467 0.045224 0.113489 -0.071441 0.989935
1520530737.700183 16.174315 -7.407032 -7.845751 0.065872 0.101980 -0.073640 0.989868
1520530737.750184 16.177921 -7.507150 -6.851151 0.078565 0.089049 -0.078770 0.989794
1520530737.800186 16.008438 -7.743856 -5.894630 0.083546 0.076658 -0.083170 0.990064
1520530737.850187 15.326174 -7.702686 -5.165962 0.087065 0.072044 -0.085476 0.989911
1520530737.900189 14.460013 -7.707160 -4.666198 0.090688 0.071465 -0.082847 0.989851
1520530737.950191 14.309814 -7.853378 -3.693182 0.105896 0.060313 -0.083115 0.989060
1520530738.000192 14.155384 -7.773428 -2.708304 0.131192 0.040600 -0.073154 0.987820
1520530738.050194 13.338034 -8.334137 -2.694151 0.127227 0.044658 -0.071827 0.988261
1520530738.100308 12.713816 -8.140986 -1.944696 0.150646 0.036392 -0.062392 0.985946
1520530738.150315 12.628061 -8.118375 -0.951261 0.155777 0.005501 -0.050627 0.986479
1520530738.200311 12.409984 -8.019547 0.019811 0.156992 -0.017222 -0.043426 0.986494
1520530738.250404 11.512977 -7.601244 0.119369 0.153948 -0.019392 -0.044974 0.986864
1520530738.300314 10.613405 -7.406520 -0.269634 0.140832 -0.008676 -0.037034 0.989303
1520530738.350316 10.626283 -7.495908 0.712666 0.125748 -0.030580 -0.034124 0.991003
1520530738.400317 9.949775 -6.779678 0.831945 0.127974 -0.027136 -0.031327 0.990911
1520530738.450319 9.452029 -5.978692 0.501225 0.116858 -0.028239 -0.034617 0.992143
1520530738.500567 8.936031 -5.123613 0.505844 0.109162 -0.031753 -0.035615 0.992878
1520530738.550568 8.373535 -4.322882 0.709003 0.107808 -0.032661 -0.032406 0.993107
1520530738.600570 8.449154 -4.476028 1.683314 0.085954 -0.049050 -0.031769 0.994584
1520530738.650571 7.985393 -3.621780 1.505155 0.082295 -0.048705 -0.036672 0.994741
1520530738.700573 7.493535 -2.752007 1.477893 0.085635 -0.044269 -0.035495 0.994710
1520530738.750574 6.946247 -1.916233 1.520521 0.078621 -0.045792 -0.034320 0.995261
1520530738.800576 6.532698 -1.042392 1.773709 0.079720 -0.049265 -0.027867 0.995209
1520530738.850577 5.801228 -0.372475 1.654321 0.086586 -0.043505 -0.019418 0.995105
1520530738.900222 4.817332 -0.234213 1.553238 0.087695 -0.040449 -0.015785 0.995201
1520530738.950224 4.621592 -0.506415 2.486376 0.092115 -0.051652 -0.015649 0.994285
1520530739.000225 4.543322 -0.651350 3.472865 0.099337 -0.067890 -0.015055 0.992621
1520530739.050226 3.738159 -1.187103 3.272034 0.097932 -0.067190 -0.015217 0.992806
1520530739.100228 3.024778 -1.848348 3.041082 0.097932 -0.067190 -0.015217 0.992806
1520530739.150230 2.306269 -2.502513 2.805006 0.096696 -0.061882 -0.018901 0.993209
1520530739.200232 1.954095 -2.540019 3.732629 0.107054 -0.069517 -0.022255 0.991570
1520530739.250233 1.241539 -3.226835 3.794940 0.107390 -0.067237 -0.028171 0.991541
1520530739.300235 0.438098 -3.816768 3.723243 0.106070 -0.063186 -0.030441 0.991882
1520530739.350119 -0.403642 -4.342778 3.603587 0.102225 -0.056571 -0.029391 0.992716
1520530739.400121 -0.995449 -5.018894 4.041159 0.106965 -0.054240 -0.030681 0.992308
1520530739.450123 -1.104225 -5.922681 4.452268 0.112266 -0.055945 -0.031540 0.991601
1520530739.500124 -1.641891 -6.720968 4.717315 0.114943 -0.054270 -0.025065 0.991572
1520530739.550126 -1.971547 -6.591900 5.647583 0.132828 -0.057735 -0.014833 0.989345
1520530739.600127 -1.745156 -6.100934 6.487799 0.155252 -0.064926 -0.005408 0.985724
1520530739.650129 -1.913398 -7.061745 6.370963 0.157991 -0.063190 -0.004763 0.985405
1520530739.700130 -2.467521 -7.869194 6.570760 0.162307 -0.064397 0.002092 0.984634
1520530739.750311 -3.108494 -8.109608 7.298403 0.165922 -0.066117 0.006030 0.983901
1520530739.800313 -3.315185 -7.754042 8.209295 0.162999 -0.070936 0.008621 0.984035
1520530739.850406 -3.543063 -6.869752 8.615404 0.159865 -0.072948 0.010159 0.984387
1520530739.900316 -3.586546 -5.915556 8.912343 0.156536 -0.072917 0.009865 0.984928
1520530739.950318 -3.488723 -5.047609 9.397479 0.156483 -0.076806 0.014675 0.984580
1520530740.000319 -3.264931 -4.224946 9.919777 0.146271 -0.078189 0.017981 0.985986
1520530740.050321 -2.828113 -3.412229 10.305890 0.134977 -0.077837 0.020456 0.987575
1520530740.100322 -1.856827 -3.490679 10.108709 0.114733 -0.086258 0.016312 0.989510
1520530740.150481 -1.411181 -2.803350 10.667269 0.107637 -0.083468 0.016307 0.990546
1520530740.200483 -0.791957 -2.085405 10.985986 0.104915 -0.082410 0.017029 0.990914
1520530740.250484 -0.131316 -1.382333 11.249533 0.104915 -0.082409 0.017029 0.990915
1520530740.300486 0.627233 -0.914470 11.700808 0.112224 -0.090376 0.009742 0.989517
1520530740.350487 1.429898 -0.664955 12.241476 0.126855 -0.098355 -0.000778 0.987033
1520530740.400489 2.177387 -1.274693 12.487153 0.134354 -0.096262 -0.007319 0.986220
1520530740.450490 2.796031 -2.055227 12.570347 0.138053 -0.095298 -0.006168 0.985810
1520530740.500492 3.310203 -2.855876 12.877626 0.149028 -0.092333 -0.001429 0.984512
1520530740.550278 3.423647 -3.122778 13.831547 0.182400 -0.070823 -0.001513 0.980669
1520530740.600280 4.079614 -3.866172 13.810241 0.182680 -0.071552 0.005043 0.980552
1520530740.650282 4.856365 -4.486880 13.915608 0.183707 -0.068150 0.012253 0.980539
1520530740.700283 5.642579 -4.588181 14.522539 0.193025 -0.069227 0.016131 0.978616
1520530740.750285 6.588774 -4.868028 14.377939 0.186762 -0.075537 0.019393 0.979305
1520530740.800287 6.682279 -4.455193 13.481421 0.196643 -0.056848 0.033946 0.978237
1520530740.850288 6.997553 -4.660296 14.387747 0.216092 -0.037259 0.041462 0.974780
1520530740.900290 7.122756 -4.373903 13.455216 0.227824 -0.005465 0.047348 0.972535
1520530740.950432 7.073808 -3.975597 12.540039 0.237939 0.027788 0.054401 0.969357
1520530741.000433 7.965236 -4.068431 12.109233 0.221820 0.019697 0.043896 0.973900
1520530741.050435 8.949241 -3.911131 12.047901 0.222135 0.026350 0.047902 0.973482
1520530741.100436 9.211046 -4.292438 12.926283 0.213623 0.055386 0.056093 0.973731
1520530741.150438 9.893630 -3.573983 12.974767 0.209414 0.059285 0.058380 0.974281
1520530741.200439 10.354453 -2.688122 12.929552 0.196203 0.069121 0.063074 0.976088
1520530741.250441 10.972867 -1.902984 12.950074 0.200624 0.057499 0.049620 0.976720
1520530741.300442 10.996212 -1.496715 12.041657 0.173503 0.073765 0.047749 0.980905
1520530741.350637 10.981343 -1.095116 11.126211 0.156239 0.079463 0.047218 0.983385
1520530741.400638 10.797456 -0.644348 10.253588 0.146438 0.084379 0.048014 0.984444
1520530741.450728 10.862540 -0.126905 9.400507 0.139938 0.085406 0.048611 0.985272
1520530741.500641 10.547916 0.526507 8.715307 0.135294 0.085110 0.049735 0.985890
1520530741.550643 10.433182 1.496552 8.516794 0.132449 0.082393 0.045033 0.986732
1520530741.600644 10.381006 1.630501 7.531030 0.113289 0.077257 0.041479 0.989685
1520530741.650646 10.712207 1.344850 6.631750 0.085338 0.067207 0.035661 0.993443
1520530741.700647 10.333542 2.121456 6.152070 0.072965 0.063629 0.031343 0.994809
1520530741.750649 10.862866 1.644020 5.465102 0.050600 0.048058 0.024667 0.997257
1520530741.800464 11.669229 1.564326 6.037457 0.051661 0.045818 0.018396 0.997443
1520530741.850465 11.245913 0.729263 5.730620 0.054028 0.043281 0.014385 0.997497
1520530741.900467 11.084313 0.575929 4.761354 0.074115 0.033091 0.019064 0.996518
1520530741.950468 11.071430 0.500244 3.764461 0.094869 0.024993 0.024122 0.994884
1520530742.000470 11.163105 -0.009506 2.909421 0.109108 0.017529 0.034290 0.993284
1520530742.050471 10.877429 -0.142863 3.841396 0.127710 0.010072 0.046772 0.990657
1520530742.100473 10.873825 0.073386 2.884016 0.147357 -0.001000 0.059565 0.987288
1520530742.150475 10.952865 0.021081 1.888265 0.166373 -0.005943 0.066118 0.983826
1520530742.200338 10.609426 -0.009125 2.807549 0.189580 -0.008643 0.074994 0.978959
1520530742.250340 10.330714 0.254228 3.731815 0.207165 -0.009001 0.082429 0.974786
1520530742.300341 10.396319 -0.129982 2.831152 0.217075 -0.007798 0.087442 0.972199
1520530742.350343 10.623447 -0.111217 1.860250 0.224462 -0.008325 0.093007 0.969999
1520530742.400345 10.602959 0.507413 1.080948 0.230603 -0.006171 0.094446 0.968434
1520530742.450346 10.663935 1.057043 0.247252 0.233331 -0.006329 0.092110 0.968004
1520530742.500348 10.532686 2.040415 0.240051 0.238056 -0.004965 0.081695 0.967797
1520530742.550350 10.872174 2.461112 -0.599995 0.215181 -0.009111 0.062566 0.974525
1520530742.600604 10.806108 3.428803 -0.410867 0.220757 -0.011000 0.048185 0.974076
1520530742.650605 11.173260 3.491513 -1.332429 0.173286 -0.025325 0.025566 0.984214
1520530742.700607 10.685637 4.342213 -1.439238 0.157992 -0.024112 0.012930 0.987061
1520530742.750609 10.338571 5.271944 -1.325567 0.157324 -0.026446 0.007660 0.987163
1520530742.800610 9.952576 6.193890 -1.290357 0.155996 -0.025561 -0.000453 0.987427
1520530742.850612 9.492964 7.055259 -1.507961 0.146994 -0.023107 -0.012611 0.988787
1520530742.900613 9.023315 7.933159 -1.428805 0.142735 -0.022104 -0.014349 0.989410
1520530742.950615 9.135911 8.012955 -2.411222 0.127615 -0.035424 -0.014049 0.991091
1520530743.000437 9.437897 8.175702 -3.349810 0.123426 -0.050626 -0.010776 0.991003
1520530743.050523 9.735099 8.124290 -4.303533 0.125673 -0.064885 -0.001184 0.989947
1520530743.100440 9.248620 7.942784 -3.470166 0.135763 -0.081586 0.003141 0.987371
1520530743.150442 8.604531 7.255977 -3.775298 0.131602 -0.079138 0.006784 0.988115
1520530743.200443 7.975758 6.560179 -4.121648 0.129959 -0.078314 0.016688 0.988281
1520530743.250445 7.397373 5.841533 -4.507206 0.129884 -0.077430 0.025206 0.988180
1520530743.300446 6.906209 5.029027 -4.821481 0.123033 -0.075396 0.029524 0.989094
1520530743.350448 6.449299 4.218574 -5.187425 0.123682 -0.075119 0.038148 0.988739
1520530743.400277 6.100278 3.351532 -5.542663 0.124272 -0.074998 0.046067 0.988337
1520530743.450278 5.707029 2.472704 -5.813753 0.120017 -0.067673 0.043397 0.989511
1520530743.500280 5.277142 1.599944 -6.045385 0.119391 -0.061316 0.039327 0.990172
1520530743.550281 4.900427 0.718098 -6.328081 0.115938 -0.054176 0.033747 0.991204
1520530743.600283 4.337811 -0.081219 -6.539432 0.117846 -0.050077 0.032335 0.991241
1520530743.650284 3.887190 -0.874662 -6.946510 0.110053 -0.044769 0.028330 0.992513
1520530743.700286 3.676921 -1.398288 -6.127717 0.111308 -0.049070 0.020564 0.992361
1520530743.750288 3.763966 -1.382581 -7.104574 0.101631 -0.053491 0.019578 0.993190
1520530743.800289 3.606021 -1.400860 -8.091635 0.081483 -0.055470 0.014714 0.995021
1520530743.851240 3.144572 -0.536780 -8.240518 0.079862 -0.048617 0.007768 0.995589
1520530743.901241 2.737590 0.261180 -8.684478 0.065350 -0.047345 0.003727 0.996732
1520530743.951243 2.231419 1.121882 -8.687670 0.053713 -0.043819 -0.000021 0.997595
1520530744.001244 1.758733 2.002726 -8.663973 0.052642 -0.040190 -0.005901 0.997787
1520530744.051247 1.189994 2.810990 -8.513127 0.055251 -0.035396 -0.004295 0.997836
1520530744.101248 1.283373 2.857117 -7.527668 0.041071 -0.052313 -0.010816 0.997727
1520530744.151249 0.299129 2.948555 -7.530883 0.038094 -0.047719 -0.025925 0.997797
1520530744.201251 -0.571655 3.320308 -7.211825 0.044315 -0.046304 -0.038731 0.997192
1520530744.251205 -1.565571 3.243589 -7.261807 0.038921 -0.040527 -0.050175 0.997159
1520530744.301206 -2.515222 3.132111 -6.969911 0.038106 -0.041341 -0.060486 0.996584
1520530744.351208 -3.377884 3.130067 -6.464534 0.046136 -0.049272 -0.065106 0.995593
1520530744.401209 -4.272584 2.946061 -6.057910 0.058322 -0.056023 -0.061453 0.994828
1520530744.451210 -5.075522 2.381350 -5.871518 0.062865 -0.058573 -0.050151 0.995039
1520530744.501212 -5.807241 1.704702 -5.791432 0.067864 -0.058709 -0.031328 0.995473
1520530744.551214 -6.469181 0.967432 -5.922416 0.067401 -0.059744 0.008250 0.995901
1520530744.601215 -7.211955 0.302900 -5.840535 0.069067 -0.064651 0.055441 0.993970
1520530744.651044 -7.993719 -0.049740 -5.327169 0.066818 -0.071629 0.113585 0.988688
1520530744.700966 -8.782297 -0.469136 -5.763618 0.035312 -0.060521 0.183125 0.980589
1520530744.750968 -9.066896 -1.314934 -6.207913 -0.006773 -0.064343 0.245984 0.967112
1520530744.800969 -9.910455 -0.874886 -5.925585 -0.009354 -0.062228 0.300406 0.951733
1520530744.850971 -10.043700 -1.811193 -6.197703 -0.031898 -0.058954 0.345432 0.936047
1520530744.900972 -10.269476 -0.853438 -6.117713 -0.034564 -0.053083 0.386848 0.919965
1520530744.950974 -9.897409 -0.004584 -5.735736 -0.041743 -0.044654 0.416571 0.907046
1520530745.000976 -9.220074 0.726095 -5.628581 -0.049047 -0.043807 0.437076 0.897017
1520530745.051078 -8.529660 1.403003 -5.371084 -0.058665 -0.036811 0.451582 0.889537
1520530745.101080 -7.845426 2.119935 -5.497744 -0.067487 -0.048763 0.451717 0.888268
1520530745.151081 -7.716233 3.105732 -5.483478 -0.070292 -0.042735 0.448468 0.890005
1520530745.201083 -7.578251 4.095216 -5.439887 -0.081024 -0.039527 0.440286 0.893320
1520530745.251084 -7.503823 5.086953 -5.534984 -0.093829 -0.032629 0.425515 0.899482
1520530745.301086 -7.429696 6.082774 -5.585774 -0.090603 -0.027594 0.402310 0.910591
1520530745.351088 -7.125708 7.031739 -5.486639 -0.100767 -0.020565 0.376347 0.920753
1520530745.401089 -6.922546 8.008931 -5.515999 -0.111547 -0.015008 0.349846 0.930021
1520530745.451043 -6.759495 8.018897 -6.492731 -0.151914 -0.010303 0.304963 0.940114
1520530745.501044 -6.909986 8.999012 -6.447158 -0.148314 -0.006967 0.260001 0.954125
1520530745.551046 -7.130443 9.903957 -6.802725 -0.151055 -0.008993 0.226695 0.962139
1520530745.601048 -7.475071 10.267151 -7.661531 -0.173911 -0.017557 0.192249 0.965654
1520530745.651049 -8.076414 10.923839 -8.116089 -0.183389 -0.028338 0.152949 0.970655
1520530745.701051 -7.832553 10.360463 -8.887385 -0.198357 -0.055447 0.118881 0.971312
1520530745.751053 -7.723309 10.063420 -9.836748 -0.205121 -0.091443 0.082624 0.970946
1520530745.801054 -7.363077 9.854128 -10.745386 -0.209012 -0.134741 0.049601 0.967315
1520530745.850826 -8.178074 10.008391 -11.295003 -0.207189 -0.153612 0.019830 0.965962
1520530745.900828 -9.127331 9.944667 -11.600646 -0.217801 -0.158795 -0.003890 0.962981
1520530745.950830 -10.006629 9.830850 -12.061546 -0.232233 -0.163272 -0.019426 0.958662
1520530746.000831 -10.858491 10.144979 -12.481398 -0.233303 -0.186072 -0.025404 0.954097
1520530746.050833 -11.603630 10.143622 -13.144787 -0.241848 -0.201720 -0.028200 0.948696
1520530746.100834 -12.360019 10.256558 -13.789901 -0.248855 -0.223277 -0.028643 0.942018
1520530746.150839 -13.215249 10.298001 -14.307335 -0.259487 -0.230988 -0.016048 0.937578
1520530746.200837 -14.114502 10.164098 -14.723370 -0.276387 -0.226375 0.008084 0.933970
1520530746.250910 -14.998429 10.322647 -15.164345 -0.285457 -0.231041 0.049179 0.928825
1520530746.300487 -15.854323 10.644278 -15.571305 -0.290369 -0.223470 0.103565 0.924673
1520530746.350489 -16.717424 10.664762 -16.072575 -0.306790 -0.224236 0.153519 0.912157
1520530746.400490 -17.446123 10.960049 -16.691798 -0.326504 -0.212237 0.208310 0.897194
1520530746.450492 -17.935439 11.494610 -17.381546 -0.346408 -0.200025 0.254277 0.880531
1520530746.500493 -18.055523 12.290174 -17.976679 -0.350521 -0.183201 0.295374 0.869670
1520530746.550495 -17.227727 11.923537 -18.379353 -0.376013 -0.160048 0.321995 0.854001
1520530746.600497 -16.503957 12.600268 -18.453283 -0.386229 -0.144157 0.360664 0.836640
1520530746.650498 -15.856411 13.355403 -18.555527 -0.395092 -0.116448 0.388736 0.824152
1520530746.700510 -15.127035 14.015391 -18.738105 -0.402614 -0.098731 0.415868 0.809449
1520530746.750511 -14.605752 14.804360 -19.059762 -0.413865 -0.072746 0.434701 0.796529
1520530746.800513 -14.151870 15.651016 -19.339964 -0.422612 -0.052797 0.448664 0.785692
1520530746.850514 -13.797547 16.489393 -19.752077 -0.434633 -0.026627 0.460071 0.773770
1520530746.900517 -13.373286 17.125581 -20.393738 -0.443502 -0.015499 0.460621 0.768696
1520530746.950518 -13.050571 17.839718 -21.015627 -0.451600 -0.008136 0.452036 0.769191
1520530747.000519 -12.888963 18.660989 -21.563839 -0.469933 0.009349 0.424341 0.773957
1520530747.050521 -12.351427 19.195472 -22.213663 -0.482987 0.005168 0.392657 0.782635
1520530747.100689 -11.551193 19.539810 -22.705356 -0.495192 -0.034994 0.363862 0.788140
1520530747.150692 -10.840765 19.956634 -23.271142 -0.499554 -0.054355 0.323221 0.801885
1520530747.200693 -11.207385 20.856065 -23.061037 -0.520790 -0.042897 0.235855 0.819335
1520530747.250695 -10.708380 20.157931 -23.551790 -0.537283 -0.042364 0.173939 0.824183
1520530747.300696 -10.898125 21.124966 -23.417130 -0.546052 -0.045823 0.101087 0.830367
1520530747.350697 -10.041112 21.043981 -23.900167 -0.545224 -0.071641 0.058741 0.833155
1520530747.400699 -9.705606 20.325158 -24.507023 -0.544895 -0.097722 0.010296 0.832727
1520530747.450701 -9.532836 19.614552 -25.190587 -0.545630 -0.128512 -0.041402 0.827078
1520530747.501334 -9.441576 18.644702 -25.391609 -0.555176 -0.168388 -0.081883 0.810382
1520530747.551336 -9.657604 18.255134 -26.292599 -0.556502 -0.205099 -0.121332 0.795939
1520530747.601337 -9.965269 18.344647 -27.244041 -0.557810 -0.236394 -0.152250 0.780888
1520530747.651340 -9.919854 18.407723 -28.240100 -0.558492 -0.267337 -0.175195 0.765457
1520530747.701339 -9.984587 18.355663 -29.235937 -0.566493 -0.289900 -0.196278 0.746002
1520530747.751342 -10.110063 18.463092 -30.224243 -0.582850 -0.315122 -0.207890 0.719559
1520530747.801342 -10.180212 18.516977 -31.220388 -0.598930 -0.333245 -0.211910 0.696652
1520530747.851408 -10.156540 18.521500 -32.220039 -0.606076 -0.340778 -0.208794 0.687711
1520530747.901267 -10.187764 18.497832 -33.219369 -0.620154 -0.339545 -0.198685 0.678706
1520530747.951269 -10.178888 18.460800 -34.218784 -0.633477 -0.329477 -0.179623 0.676673
1520530748.001270 -10.123796 18.277837 -35.199067 -0.657678 -0.311994 -0.151631 0.668676
1520530748.051271 -10.054947 18.058879 -36.172462 -0.681908 -0.289042 -0.121786 0.660776
1520530748.101273 -10.316233 17.799705 -37.101923 -0.714900 -0.263469 -0.093222 0.640945
1520530748.151275 -10.536013 17.655862 -38.068916 -0.736938 -0.237242 -0.068036 0.629293
1520530748.201277 -10.505917 17.494040 -39.055244 -0.756475 -0.207104 -0.040463 0.619045
1520530748.251278 -10.305300 17.307807 -40.016385 -0.770172 -0.176900 -0.013981 0.612655
1520530748.300790 -10.209773 18.307371 -39.900141 -0.786270 -0.134745 0.011184 0.602908
1520530748.350791 -10.093557 19.296542 -39.806790 -0.797006 -0.086904 0.032870 0.596781
1520530748.400792 -10.437035 19.971720 -40.449057 -0.799640 -0.046416 0.042729 0.597156
1520530748.450794 -11.393888 20.232281 -40.520530 -0.798647 -0.006130 0.050018 0.599686
1520530748.500796 -10.599627 20.775252 -40.734624 -0.798464 0.027557 0.059627 0.598448
1520530748.550797 -9.778641 21.028135 -41.242532 -0.795151 0.065894 0.063211 0.599498
1520530748.600799 -8.845042 21.148087 -41.576921 -0.792436 0.092133 0.066468 0.599282
1520530748.650800 -7.874868 21.154684 -41.817157 -0.793395 0.109641 0.064274 0.595291
1520530748.700802 -6.886741 21.144273 -41.970321 -0.799843 0.107272 0.069460 0.586446
1520530748.750571 -5.931422 21.200689 -42.261292 -0.802939 0.112198 0.059722 0.582352
1520530748.800572 -5.030090 21.339191 -42.673536 -0.804971 0.124840 0.026832 0.579410
1520530748.850574 -4.054449 21.147194 -42.768353 -0.811796 0.105431 0.011217 0.574235
1520530748.900576 -3.078038 20.940775 -42.832278 -0.816045 0.083480 -0.013484 0.571769
1520530748.950577 -2.116697 20.666785 -42.800383 -0.820545 0.047137 -0.037029 0.568430
1520530749.000579 -1.124843 20.758764 -42.893418 -0.818287 0.019137 -0.065948 0.570694
1520530749.050581 -0.135706 20.645141 -42.986008 -0.813494 -0.020061 -0.092013 0.573897
1520530749.100585 -0.897970 21.270868 -43.059328 -0.809046 -0.037970 -0.134508 0.570885
1520530749.150923 -0.006999 21.098375 -42.672574 -0.805369 -0.071789 -0.165832 0.564558
1520530749.200924 -0.105443 20.321133 -42.046872 -0.798731 -0.108352 -0.214955 0.551437
1520530749.250925 -0.080031 19.352564 -41.781998 -0.790315 -0.149537 -0.257639 0.535410
1520530749.300926 0.009150 18.483055 -41.299525 -0.785143 -0.197502 -0.292133 0.509118
1520530749.350928 0.154817 17.695221 -40.702079 0.784939 0.246997 0.314547 -0.473206
1520530749.400930 0.402891 17.262221 -41.584307 0.781325 0.282528 0.321071 -0.454558
1520530749.450989 0.332576 16.757889 -42.441901 0.788004 0.310346 0.324171 -0.421484
1520530749.500933 0.697158 16.427805 -43.315637 0.783596 0.329810 0.302934 -0.430619
1520530749.551299 0.680783 15.756615 -44.050229 0.797634 0.337083 0.294586 -0.404196
1520530749.601300 0.722634 15.142104 -44.839859 0.814598 0.329709 0.275997 -0.389291
1520530749.651303 0.719166 14.499110 -45.605728 0.833222 0.311292 0.256277 -0.378366
1520530749.701303 0.611096 13.737629 -46.243074 0.853188 0.281296 0.237923 -0.369236
1520530749.751305 0.799238 12.856101 -46.677986 0.865373 0.254486 0.218774 -0.372162
1520530749.801307 1.121908 12.013318 -47.109845 0.875382 0.224244 0.199470 -0.378989
1520530749.851308 1.199778 11.065271 -47.412645 0.886943 0.182940 0.181173 -0.383460
1520530749.901310 1.507593 10.122401 -47.532398 0.899269 0.137359 0.161852 -0.382429
1520530749.950999 1.832027 9.226050 -47.239582 0.908558 0.086527 0.149829 -0.380246
1520530750.001001 2.519419 8.507898 -47.349799 0.912839 0.046874 0.141939 -0.379974
1520530750.051002 3.143445 7.761025 -47.129206 0.915031 0.009067 0.140818 -0.377897
1520530750.101004 3.971618 7.203439 -47.117552 0.914549 -0.019763 0.146943 -0.376321
1520530750.151005 4.886699 6.865602 -47.339975 0.912513 -0.039945 0.172392 -0.368790
1520530750.201007 5.742011 6.449629 -47.034803 0.912116 -0.046289 0.187754 -0.361457
1520530750.251009 6.511058 5.898739 -46.707336 0.909737 -0.044951 0.214425 -0.352674
1520530750.301010 7.375672 5.403636 -46.616123 0.906501 -0.033005 0.240624 -0.345351
1520530750.350639 8.043716 4.931670 -46.039902 0.904139 -0.013345 0.265586 -0.334394
1520530750.400641 8.524718 4.421320 -45.324952 0.898118 0.012296 0.295393 -0.325540
1520530750.450642 8.851314 4.136402 -44.424092 0.888687 0.048605 0.328338 -0.316332
1520530750.500644 8.562322 4.458084 -45.330061 0.876099 0.090671 0.360678 -0.306824
1520530750.550645 8.502836 3.822419 -44.545625 0.863260 0.138460 0.385072 -0.295518
1520530750.600647 8.795264 4.229960 -45.431049 0.849237 0.190364 0.403519 -0.282365
1520530750.650648 9.188490 4.748573 -46.190796 0.834421 0.242645 0.417149 -0.266180
1520530750.700654 9.629963 5.493881 -46.691618 0.821128 0.294070 0.422870 -0.245870
1520530750.750652 9.463280 5.245076 -47.637525 0.805349 0.337835 0.430023 -0.228825
1520530750.800615 10.096799 5.717381 -48.248809 0.805773 0.374676 0.410265 -0.205014
1520530750.850617 9.609232 5.247410 -48.965826 0.792461 0.402192 0.417637 -0.189277
1520530750.900618 9.261996 4.814999 -49.799522 0.782624 0.432007 0.415255 -0.168619
1520530750.950619 9.233115 4.281152 -50.647427 0.777034 0.462987 0.400993 -0.145139
1520530751.000621 9.034734 3.402513 -51.077690 0.777560 0.466819 0.400201 -0.131603
1520530751.050669 9.076747 2.633954 -51.720610 0.780717 0.472589 0.391287 -0.118471
1520530751.100624 9.180936 1.748274 -52.174254 0.789947 0.462291 0.386042 -0.115076
1520530751.150626 9.274710 0.836137 -52.573709 0.802950 0.442874 0.382888 -0.111939
1520530751.201260 9.304771 -0.111648 -52.890983 0.821667 0.415946 0.376353 -0.101050
1520530751.251262 9.297771 -1.098926 -53.053264 0.846741 0.377734 0.362201 -0.095692
1520530751.301263 9.181297 -2.043757 -53.358563 0.870799 0.330797 0.348495 -0.104082
1520530751.351265 8.915968 -2.932167 -53.731798 0.891637 0.281240 0.335182 -0.116363
1520530751.401267 8.535739 -3.822492 -53.982963 0.906841 0.236820 0.325757 -0.124252
1520530751.451268 8.423291 -4.816858 -54.054060 0.917539 0.199631 0.318104 -0.130691
1520530751.501270 8.436378 -5.814313 -53.973147 0.926008 0.157994 0.313897 -0.137897
1520530751.551271 8.722601 -6.772043 -54.016492 0.928839 0.130318 0.313089 -0.149163
1520530751.601708 8.904817 -7.754673 -53.989864 0.930213 0.100304 0.315732 -0.157974
1520530751.651709 9.346550 -8.524914 -53.538024 0.931613 0.077609 0.316614 -0.160718
1520530751.701711 9.874926 -8.991066 -52.832538 0.930020 0.060968 0.327688 -0.154811
1520530751.751712 10.482831 -9.451833 -52.187460 0.922884 0.058927 0.350963 -0.147095
1520530751.801714 11.202790 -9.747855 -51.563062 0.915410 0.064365 0.372287 -0.138864
1520530751.851716 11.860604 -10.064152 -50.878908 0.908203 0.079321 0.390747 -0.127248
1520530751.901717 12.411231 -10.343900 -50.091544 0.900071 0.102310 0.408792 -0.110878
1520530751.951719 13.033211 -10.442799 -49.316639 0.887308 0.134012 0.431495 -0.092397
1520530752.001096 13.516425 -10.518673 -48.443185 0.869688 0.170697 0.456628 -0.077432
1520530752.051097 14.246760 -10.507483 -47.763703 0.859152 0.223985 0.455465 -0.065125
1520530752.101099 14.323499 -10.094741 -46.848565 0.842726 0.268021 0.464661 -0.045468
1520530752.151101 13.966655 -10.911640 -47.299984 0.822749 0.309748 0.475630 -0.030268
1520530752.201102 14.333218 -10.723732 -48.222311 0.805835 0.351564 0.476436 -0.006460
1520530752.251103 13.751194 -11.259972 -48.818466 0.786602 0.385302 0.482192 0.017039
1520530752.301105 13.638052 -12.094860 -49.365760 0.774508 0.420577 0.470904 0.038760
1520530752.351107 13.371833 -12.847301 -49.964408 0.762720 0.453080 0.457638 0.059536
1520530752.401229 13.038931 -13.569006 -50.569439 0.751543 0.477377 0.448577 0.077936
1520530752.451231 12.822772 -14.370618 -51.128395 0.744622 0.497438 0.435012 0.094118
1520530752.501234 12.523365 -15.273659 -51.437072 0.746557 0.502874 0.422670 0.105453
1520530752.551234 12.658389 -16.142334 -51.921148 0.751917 0.505472 0.406579 0.117524
1520530752.601236 12.644387 -17.102133 -52.201012 0.761325 0.496723 0.395544 0.131133
1520530752.651273 12.613089 -18.093233 -52.337066 0.771962 0.482553 0.390746 0.136143
1520530752.701239 12.465047 -19.081221 -52.381855 0.784339 0.464302 0.385918 0.142489
1520530752.751240 12.354618 -20.071573 -52.470273 0.799129 0.442155 0.381005 0.143970
1520530752.801898 12.091024 -21.034492 -52.404571 0.815360 0.415464 0.374221 0.150123
1520530752.851901 11.828746 -21.980267 -52.591891 0.828331 0.386428 0.376355 0.151322
1520530752.901902 11.703544 -22.959781 -52.410966 0.841610 0.355254 0.378168 0.149921
1520530752.951904 11.738007 -23.899220 -52.065558 0.853722 0.322299 0.382261 0.145461
1520530753.001905 12.037421 -24.776224 -51.690962 0.863101 0.292539 0.388850 0.135178
1520530753.051907 12.447955 -25.564297 -51.234243 0.870426 0.258426 0.399821 0.125373
1520530753.101909 12.826824 -26.151863 -50.519832 0.875255 0.224279 0.411901 0.118172
1520530753.151910 13.340056 -26.572055 -49.774884 0.876560 0.196892 0.424591 0.112245
1520530753.201912 13.828043 -26.752939 -48.921987 0.869070 0.177666 0.446100 0.118939
1520530753.251554 14.391298 -26.535330 -48.126445 0.866935 0.171551 0.448420 0.133841
1520530753.301556 14.892850 -26.411607 -47.269456 0.852840 0.185665 0.466661 0.142896
1520530753.351557 15.467391 -25.969961 -46.580545 0.840907 0.204400 0.473697 0.163422
1520530753.401559 15.924982 -25.436622 -45.867829 0.824850 0.235363 0.481564 0.179783
1520530753.451561 16.365067 -24.731893 -45.309996 0.809292 0.269146 0.483863 0.196173
1520530753.501562 16.388665 -23.787620 -44.969401 0.789478 0.301889 0.486121 0.221976
1520530753.551564 16.630104 -22.846343 -44.739105 0.773858 0.336163 0.486661 0.226495
1520530753.601566 16.860922 -21.881400 -44.612291 0.760763 0.364113 0.486531 0.227924
1520530753.651036 17.532285 -21.144431 -44.562034 0.754410 0.389096 0.478047 0.225704
1520530753.701037 17.311642 -20.178420 -44.396423 0.747804 0.400039 0.476144 0.232472
1520530753.751040 18.011786 -19.556693 -44.066034 0.746391 0.414663 0.465813 0.232322
1520530753.801040 18.312184 -18.845172 -43.427010 0.748342 0.416002 0.459772 0.235661
1520530753.851042 18.257563 -18.584648 -42.459259 0.746117 0.415138 0.463354 0.237221
1520530753.901044 17.860843 -18.067230 -41.696052 0.745777 0.408911 0.467553 0.240838
1520530753.951046 17.313055 -18.009465 -40.862341 0.747012 0.400798 0.472940 0.240130
1520530754.001047 16.613663 -17.903653 -40.154999 0.747809 0.394436 0.478277 0.237599
1520530754.051765 16.305818 -17.024352 -39.779586 0.749960 0.389847 0.478834 0.237270
1520530754.101767 15.820247 -16.435864 -39.134008 0.751022 0.389195 0.478684 0.235274
1520530754.151768 16.676875 -16.083375 -39.538004 0.749279 0.392184 0.479218 0.234783
1520530754.201770 15.959119 -16.176127 -38.829779 0.746664 0.393827 0.481797 0.235084
1520530754.251797 15.289585 -15.672257 -38.276323 0.744331 0.394643 0.482824 0.238975
1520530754.301773 14.950276 -15.482824 -37.357433 0.744042 0.394528 0.482568 0.240577
1520530754.351775 14.556024 -15.040226 -36.550093 0.745481 0.392843 0.482082 0.239853
1520530754.401776 14.586173 -14.211045 -35.993288 0.748039 0.391148 0.478296 0.242226
1520530754.451720 15.386174 -13.793507 -36.449870 0.749599 0.391194 0.477563 0.238752
1520530754.501721 15.824461 -14.438436 -37.084003 0.752835 0.390283 0.476436 0.232223
1520530754.551723 16.747162 -14.269721 -37.407891 0.754317 0.388304 0.479537 0.224211
1520530754.601726 16.021415 -14.174842 -36.706502 0.757004 0.381451 0.483499 0.218331
1520530754.651726 15.736650 -13.728088 -35.860522 0.758848 0.376312 0.486880 0.213274
1520530754.701728 15.359403 -12.932537 -35.378546 0.756625 0.374796 0.491403 0.213470
1520530754.751729 14.597480 -13.365437 -34.904039 0.752720 0.372963 0.504474 0.199542
1520530754.801731 13.644719 -13.516589 -34.639249 0.746859 0.373789 0.516970 0.187685
1520530754.851699 13.544277 -12.948086 -33.829324 0.749064 0.368093 0.520394 0.180557
1520530754.901701 12.714973 -13.111162 -33.302079 0.744501 0.358843 0.535892 0.172540
1520530754.951702 12.661983 -12.731119 -32.385360 0.748914 0.345278 0.539249 0.170650
1520530755.001704 12.716157 -12.598597 -31.396378 0.748876 0.337453 0.545327 0.167122
1520530755.051706 12.791029 -12.140622 -30.510234 0.745175 0.330973 0.554180 0.167498
1520530755.101707 13.240273 -11.879233 -29.659735 0.745515 0.345110 0.546807 0.161583
1520530755.151709 13.398980 -11.308833 -28.849569 0.738227 0.345488 0.556239 0.162042
1520530755.201711 13.412740 -10.805261 -27.984534 0.732117 0.344830 0.565358 0.159586
1520530755.251591 13.394938 -10.361513 -27.088545 0.725495 0.345867 0.573698 0.157807
1520530755.301592 13.466353 -9.911435 -26.199623 0.725686 0.350473 0.571702 0.153963
1520530755.351593 13.338250 -9.195205 -25.508850 0.722730 0.351190 0.572617 0.162592
1520530755.401596 13.226929 -8.412596 -24.895893 0.718848 0.354369 0.571672 0.175700
1520530755.451596 13.005160 -7.603977 -24.349140 0.713825 0.360367 0.570128 0.188529
1520530755.501599 12.941550 -6.815217 -23.740601 0.700823 0.375932 0.579458 0.178189
1520530755.551600 12.486159 -6.061231 -23.262587 0.690114 0.389862 0.584447 0.173703
1520530755.601601 12.086747 -5.243855 -22.847251 0.687055 0.396046 0.584133 0.172892
1520530755.651603 11.141807 -5.008056 -22.640303 0.671708 0.407731 0.598906 0.154516
1520530755.701247 10.233937 -5.241068 -22.293413 0.659300 0.410378 0.615037 0.136537
1520530755.751248 9.993391 -4.780553 -21.445005 0.664015 0.409089 0.611869 0.131706
1520530755.801250 9.550908 -4.448029 -20.610213 0.665850 0.403540 0.614213 0.128610
1520530755.851267 8.784937 -4.257987 -19.995382 0.663518 0.396963 0.620240 0.132161
1520530755.901253 8.029283 -4.200517 -19.343382 0.658673 0.396007 0.625892 0.132622
1520530755.951255 7.427727 -3.792539 -18.656055 0.659519 0.393409 0.628214 0.124946
1520530756.001256 6.949084 -3.558613 -17.810864 0.656128 0.395084 0.632893 0.113366
1520530756.051258 6.466741 -3.171573 -17.024574 0.654763 0.395274 0.635065 0.108334
1520530756.101239 6.155020 -2.739698 -16.180043 0.652537 0.395643 0.637798 0.104287
1520530756.151241 5.545428 -2.543823 -15.409839 0.647341 0.396263 0.643142 0.101457
1520530756.201243 5.063824 -2.251529 -14.584727 0.639292 0.400154 0.650063 0.092740
1520530756.251244 4.537702 -1.874209 -13.822093 0.632510 0.404337 0.654776 0.087815
1520530756.301246 3.969765 -1.407148 -13.143715 0.627286 0.406700 0.659218 0.080859
1520530756.351247 3.192979 -1.280727 -12.526490 0.624869 0.404133 0.664874 0.064486
1520530756.401249 2.727012 -1.020863 -11.683329 0.621494 0.401884 0.670319 0.053922
1520530756.451250 2.047852 -0.853653 -10.967285 0.618305 0.398098 0.676241 0.043767
1520530756.501375 1.097299 -1.025344 -11.185238 0.593534 0.401130 0.696834 0.035128
1520530756.551377 0.193417 -0.911535 -10.759872 0.587762 0.396677 0.704570 0.027656
1520530756.601378 -0.583926 -0.998892 -10.136209 0.586028 0.392076 0.708975 0.014262
1520530756.651380 -1.376335 -1.080756 -9.531748 0.583711 0.386855 0.713863 0.004984
1520530756.701381 -2.240991 -1.368096 -9.122813 0.579995 0.380939 0.720063 -0.000426
1520530756.751383 -2.598682 -1.766116 -8.278714 0.577067 0.382480 0.721589 -0.003575
1520530756.801384 -3.022888 -2.281875 -7.533809 0.572717 0.383514 0.724477 -0.006766
1520530756.851386 -3.436282 -2.733030 -6.743134 0.568409 0.382870 0.728107 -0.013516
1520530756.901524 -4.170003 -3.046691 -6.140055 0.566330 0.374594 0.733789 -0.022442
1520530756.951526 -4.681458 -3.336970 -5.332081 0.566604 0.367758 0.736599 -0.033703
1520530757.001527 -5.343251 -3.536873 -4.609139 0.561168 0.364019 0.742163 -0.042122
1520530757.051529 -6.095608 -3.790429 -4.001279 0.550811 0.364468 0.749287 -0.048363
1520530757.101530 -6.805523 -4.131560 -3.384888 0.536263 0.367702 0.757508 -0.058300
1520530757.151531 -7.592707 -3.961155 -2.791186 0.531889 0.363742 0.762151 -0.062550
1520530757.201533 -8.320394 -4.442042 -2.298566 0.515760 0.368673 0.770060 -0.071274
1520530757.251534 -8.934125 -4.435115 -1.511067 0.511093 0.374822 0.770379 -0.069346
1520530757.301300 -9.479641 -4.535254 -0.678900 0.503463 0.377776 0.773494 -0.074281
1520530757.351301 -10.187140 -4.890819 -0.067045 0.503009 0.370779 0.776004 -0.085567
1520530757.401303 -10.852851 -5.265490 0.578326 0.494551 0.364385 0.783314 -0.095195
1520530757.451311 -11.586274 -5.554697 1.193261 0.489974 0.357993 0.788191 -0.102571
1520530757.501307 -12.258648 -5.727609 1.912181 0.485351 0.354348 0.791621 -0.110492
1520530757.551308 -12.951717 -5.810538 2.627862 0.480288 0.354194 0.794127 -0.115029
1520530757.601309 -13.757226 -6.308753 2.339404 0.457406 0.350408 0.808349 -0.120684
1520530757.651311 -14.671292 -6.569319 2.666128 0.452719 0.346278 0.811683 -0.127705
1520530757.701312 -15.060659 -6.882282 1.807580 0.433127 0.344635 0.821456 -0.137253
1520530757.751028 -15.319883 -7.715435 1.309481 0.419288 0.342372 0.827377 -0.149756
1520530757.801029 -16.103039 -8.331424 1.445387 0.414003 0.342385 0.829026 -0.155212
1520530757.851030 -16.910806 -8.764703 1.847321 0.409975 0.343660 0.829971 -0.158009
1520530757.901032 -17.638877 -9.437617 1.969142 0.400881 0.340938 0.833847 -0.166598
1520530757.951033 -17.476536 -8.552918 2.399311 0.381988 0.326933 0.843868 -0.187316
1520530758.001035 -17.118487 -8.073476 3.196555 0.355112 0.315906 0.857672 -0.196210
1520530758.051037 -16.552726 -7.662317 3.912265 0.323080 0.301724 0.875148 -0.196717
1520530758.101038 -17.126216 -7.954178 4.693101 0.319627 0.305933 0.875165 -0.195780
1520530758.151145 -16.699474 -7.513003 5.477550 0.286042 0.299533 0.888693 -0.196686
1520530758.201146 -17.527350 -8.078435 5.541402 0.276262 0.297229 0.891620 -0.200867
1520530758.251148 -18.449633 -8.449937 5.448741 0.266968 0.289619 0.896120 -0.204493
1520530758.301150 -18.691539 -9.160362 4.790274 0.242499 0.282197 0.903654 -0.212056
1520530758.351151 -18.949535 -9.833610 4.097764 0.216777 0.271187 0.912826 -0.214974
1520530758.401154 -19.700188 -10.493962 4.213024 0.202981 0.264970 0.917126 -0.217877
1520530758.451154 -20.266794 -11.161410 4.696573 0.192373 0.269043 0.917580 -0.220579
1520530758.501156 -21.018525 -11.758956 4.973098 0.177248 0.266894 0.920723 -0.222754
1520530758.551587 -20.969457 -12.047547 4.023488 0.135219 0.253925 0.928738 -0.233845
1520530758.601589 -20.572394 -12.358766 3.157700 0.097677 0.238577 0.930898 -0.258784
1520530758.651590 -20.381155 -12.780882 2.273516 0.072581 0.229134 0.931456 -0.273165
1520530758.701592 -20.410159 -12.816225 1.274100 0.042189 0.217637 0.935355 -0.275619
1520530758.751593 -20.494131 -12.844000 0.278024 0.018134 0.211936 0.937010 -0.277069
1520530758.801595 -20.772267 -13.174036 -0.625463 0.008001 0.217517 0.935466 -0.278433
1520530758.851597 -21.279036 -13.834698 -1.188090 0.005309 0.226644 0.933901 -0.276466
1520530758.901598 -21.097964 -14.451208 -1.955067 -0.003929 0.231529 0.935326 -0.267478
1520530758.951488 -20.780601 -15.207521 -2.531341 -0.013744 0.229018 0.935307 -0.269375
1520530759.001489 -20.108097 -15.785016 -3.001772 -0.025777 0.222301 0.932888 -0.282200
1520530759.051491 -19.749666 -16.644176 -3.365307 -0.030404 0.217969 0.930393 -0.293145
1520530759.101492 -19.793845 -17.517336 -3.846256 -0.030843 0.211251 0.929563 -0.300557
1520530759.151494 -19.743476 -18.305933 -4.457497 -0.036801 0.207965 0.929086 -0.303639
1520530759.201495 -19.141870 -18.142843 -5.248733 -0.054102 0.197920 0.929519 -0.306423
1520530759.251497 -18.831206 -18.097346 -6.195658 -0.066498 0.186885 0.930258 -0.308662
1520530759.301498 -18.762020 -18.558804 -7.080565 -0.072336 0.179249 0.931112 -0.309303
1520530759.351665 -18.413819 -18.951288 -7.933262 -0.080573 0.169179 0.932098 -0.309968
1520530759.401666 -18.170638 -19.326506 -8.827088 -0.089862 0.162834 0.932066 -0.310905
1520530759.451668 -17.689712 -19.577463 -9.668913 -0.103124 0.159174 0.930228 -0.314173
1520530759.501669 -17.235053 -19.970946 -10.467858 -0.122342 0.155028 0.928557 -0.314294
1520530759.551670 -17.429502 -20.429398 -11.335920 -0.135690 0.148585 0.927888 -0.313903
1520530759.601673 -18.130583 -20.855431 -11.915244 -0.134961 0.141399 0.926731 -0.320875
1520530759.651674 -17.703932 -20.593790 -12.781720 -0.153501 0.131081 0.922214 -0.329813
1520530759.701675 -17.231152 -20.713090 -13.652957 -0.165138 0.122671 0.917581 -0.340187
1520530759.751602 -16.982877 -20.933197 -14.595482 -0.171623 0.115687 0.914580 -0.347426
1520530759.801605 -16.572424 -21.068566 -15.497881 -0.178526 0.111786 0.910795 -0.355084
1520530759.851606 -16.305581 -21.286227 -16.436252 -0.180082 0.112383 0.908333 -0.360378
1520530759.901607 -15.810075 -21.022351 -17.267751 -0.185670 0.109391 0.908306 -0.358526
1520530759.951609 -15.160603 -20.965748 -18.025401 -0.190587 0.109473 0.908797 -0.354656
1520530760.001610 -14.729292 -21.543092 -18.719039 -0.193869 0.110687 0.907513 -0.355785
1520530760.051612 -14.444749 -21.252070 -19.635463 -0.198894 0.100735 0.905167 -0.361892
1520530760.101614 -14.109843 -21.964255 -20.261031 -0.197976 0.098329 0.902242 -0.370266
1520530760.151616 -13.995491 -22.461300 -21.117968 -0.196877 0.089457 0.900975 -0.376139
1520530760.201535 -13.738155 -22.358178 -22.079040 -0.207345 0.076011 0.898418 -0.379572
1520530760.251537 -13.418740 -22.294562 -23.024279 -0.222893 0.062032 0.897674 -0.375036
1520530760.301538 -12.853049 -22.376408 -23.845595 -0.241295 0.052562 0.894067 -0.373709
1520530760.351539 -12.841427 -22.936305 -24.676805 -0.249420 0.050852 0.891010 -0.375906
1520530760.401541 -12.391826 -22.480868 -25.450816 -0.267843 0.036306 0.888183 -0.371582
1520530760.451543 -11.815776 -22.405002 -26.261990 -0.284602 0.024378 0.882043 -0.374710
1520530760.501544 -11.235470 -22.072594 -27.007513 -0.297099 0.015986 0.878063 -0.374809
1520530760.551546 -11.600430 -22.245589 -27.930112 -0.300622 0.005620 0.880374 -0.366791
1520530760.601490 -11.646897 -22.405705 -28.914237 -0.312853 -0.003313 0.879834 -0.357775
1520530760.651492 -11.988486 -22.545002 -29.846155 -0.317350 -0.012356 0.880254 -0.352545
1520530760.701493 -11.326940 -22.614062 -30.595271 -0.345098 -0.013291 0.868298 -0.356075
1520530760.751494 -11.634062 -22.488857 -31.545221 -0.351359 -0.021885 0.864143 -0.359617
1520530760.801496 -10.973257 -21.966824 -32.088426 -0.369597 -0.027234 0.854564 -0.363836
1520530760.851498 -11.184250 -22.079302 -33.065569 -0.370745 -0.032364 0.850425 -0.371857
1520530760.901499 -10.546644 -21.433043 -33.497021 -0.384481 -0.034970 0.842437 -0.375834
1520530760.951501 -9.763704 -20.913330 -33.836253 -0.397088 -0.035380 0.834941 -0.379398
1520530761.001377 -8.888071 -20.788373 -34.295894 -0.409355 -0.033812 0.829381 -0.378699
1520530761.051378 -8.103860 -20.513592 -34.851999 -0.419854 -0.032659 0.825300 -0.376213
1520530761.101380 -7.448719 -20.699862 -35.581927 -0.430915 -0.031462 0.819829 -0.375769
1520530761.151381 -6.887418 -21.175787 -36.260742 -0.436068 -0.028982 0.815131 -0.380218
1520530761.201383 -6.411404 -21.533878 -37.062196 -0.439860 -0.029631 0.810712 -0.385215
1520530761.251384 -6.210111 -21.553193 -38.040981 -0.441763 -0.042374 0.808287 -0.386939
1520530761.301386 -6.056947 -21.836392 -38.989691 -0.442557 -0.048807 0.807222 -0.387497
1520530761.351387 -5.283693 -21.489213 -39.527763 -0.457923 -0.059679 0.797229 -0.388807
1520530761.401250 -5.248801 -21.726770 -40.502818 -0.459116 -0.067231 0.796750 -0.387146
1520530761.451252 -5.166182 -22.168075 -41.398454 -0.464805 -0.071248 0.795376 -0.382436
1520530761.501253 -4.944047 -22.385581 -42.346812 -0.473915 -0.079505 0.789524 -0.381752
1520530761.551255 -4.393977 -22.690481 -43.125968 -0.484773 -0.080002 0.781847 -0.383810
1520530761.601257 -3.979076 -22.817390 -44.025897 -0.493249 -0.085884 0.777200 -0.381169
1520530761.651259 -4.187727 -23.509612 -44.726301 -0.498575 -0.087789 0.779307 -0.369320
1520530761.701260 -3.859463 -23.501763 -45.663333 -0.511792 -0.089219 0.771588 -0.367098
1520530761.751262 -3.563663 -23.663371 -46.605928 -0.524590 -0.084875 0.762747 -0.368536
1520530761.801130 -3.517504 -24.002683 -47.548190 -0.535856 -0.083338 0.755207 -0.368207
1520530761.851130 -3.262098 -24.137175 -48.503414 -0.543895 -0.082300 0.748578 -0.370183
1520530761.901134 -3.033443 -23.966953 -49.461397 -0.546466 -0.088541 0.744692 -0.372785
1520530761.951133 -2.367906 -23.668285 -50.144688 -0.559622 -0.093386 0.736317 -0.368700
1520530762.001135 -1.774949 -23.556048 -50.941609 -0.567699 -0.092226 0.730742 -0.367734
1520530762.051136 -1.153499 -23.501411 -51.723167 -0.573233 -0.090872 0.728071 -0.364773
1520530762.101139 -0.530469 -23.343891 -52.489415 -0.578397 -0.089778 0.725715 -0.361572
1520530762.151140 0.313347 -23.581230 -52.976194 -0.587789 -0.087683 0.722180 -0.353939
1520530762.201314 1.202601 -23.131060 -52.817587 -0.602296 -0.094321 0.709266 -0.353956
1520530762.251319 2.014202 -23.171572 -53.389018 -0.606457 -0.095193 0.703669 -0.357768
1520530762.301317 2.865122 -23.003736 -53.888236 -0.615400 -0.101796 0.694782 -0.358049
1520530762.351319 3.424877 -23.324537 -54.654066 -0.621321 -0.104279 0.691835 -0.352775
1520530762.401320 3.984256 -23.373227 -55.480059 -0.628393 -0.107531 0.686056 -0.350552
1520530762.451322 4.491244 -23.471326 -56.336874 -0.634507 -0.109245 0.681715 -0.347464
1520530762.501323 4.789874 -23.668274 -57.272418 -0.640794 -0.111396 0.675641 -0.347108
1520530762.551325 5.531891 -23.559852 -57.932637 -0.647075 -0.118344 0.668511 -0.346961
1520530762.601327 6.288234 -23.352262 -58.553239 -0.652758 -0.131663 0.661779 -0.344412
1520530762.651531 7.007047 -23.127051 -59.210854 0.659656 0.136049 -0.654232 0.343983
1520530762.701533 7.658368 -22.361704 -59.266800 0.682579 0.156969 -0.632438 0.330861
1520530762.751534 8.059450 -21.446213 -59.343311 0.705114 0.183250 -0.607407 0.316686
1520530762.801536 8.283122 -20.858571 -60.122642 0.695298 0.203433 -0.603082 0.333866
1520530762.851537 7.926262 -21.781728 -60.314634 0.714816 0.220560 -0.577939 0.326157
1520530762.901539 8.430710 -20.911875 -60.261568 0.729430 0.236826 -0.554747 0.322646
1520530762.951540 8.805587 -20.066449 -59.878920 0.741954 0.248990 -0.536316 0.316027
1520530763.001542 9.551139 -20.049462 -60.537915 0.745607 0.250698 -0.536250 0.306033
1520530763.051559 10.098009 -19.341904 -60.992832 0.748523 0.252516 -0.533633 0.301967
1520530763.101560 10.709816 -18.797072 -60.410687 0.756172 0.245033 -0.529338 0.296586
1520530763.151562 11.133698 -18.127580 -59.798016 0.758563 0.242355 -0.528927 0.293400
1520530763.201564 11.913844 -17.775606 -59.286956 0.757983 0.245544 -0.532265 0.286120
1520530763.251565 12.637449 -17.265605 -58.819913 0.756867 0.251112 -0.533739 0.281455
1520530763.301567 13.310002 -16.802657 -58.241495 0.756105 0.254804 -0.534039 0.279612
1520530763.351568 14.151724 -16.629774 -57.733597 0.757275 0.253827 -0.534364 0.276697
1520530763.401570 14.553635 -15.989707 -57.070729 0.758534 0.258354 -0.529021 0.279314
1520530763.451561 15.193268 -15.469493 -56.508407 0.759234 0.264553 -0.524329 0.280455
1520530763.501562 15.517958 -14.555240 -56.250136 0.757734 0.273162 -0.516348 0.290873
1520530763.551565 15.975507 -13.765049 -55.845207 0.760178 0.280412 -0.506773 0.294413
1520530763.601566 16.628877 -13.268816 -55.275955 0.767420 0.284905 -0.495165 0.291044
1520530763.651567 16.822770 -12.338173 -54.947888 0.773228 0.295989 -0.481638 0.287287
1520530763.701570 17.199539 -11.609993 -54.377775 0.780345 0.301736 -0.467721 0.285051
1520530763.751570 17.409918 -10.745829 -53.917238 0.784283 0.315423 -0.452882 0.283384
1520530763.801571 18.187957 -10.214250 -54.224469 0.786583 0.319931 -0.449106 0.277913
1520530763.851453 18.654006 -9.524277 -53.657835 0.792486 0.328120 -0.435312 0.273508
1520530763.901453 19.204756 -9.040735 -52.978779 0.800914 0.328832 -0.421858 0.269151
1520530763.951455 19.213898 -8.230613 -52.384844 0.808442 0.336874 -0.404565 0.263183
1520530764.001456 19.798334 -7.431294 -52.448629 0.811945 0.334275 -0.398119 0.265532
1520530764.051458 20.340256 -6.782662 -51.908500 0.815832 0.334536 -0.389020 0.266773
1520530764.101459 20.252080 -5.956919 -51.344893 0.819019 0.341111 -0.375722 0.267738
1520530764.151461 20.124307 -5.196710 -50.708564 0.822264 0.342306 -0.366179 0.269484
1520530764.201463 20.002481 -4.273365 -50.340377 0.823120 0.347559 -0.358986 0.269825
1520530764.251482 20.875967 -3.868351 -50.102134 0.824823 0.346738 -0.361910 0.261648
1520530764.301483 20.938579 -3.622233 -49.133372 0.831039 0.345369 -0.354075 0.254412
1520530764.351484 21.454677 -2.854539 -48.762625 0.832282 0.341250 -0.352659 0.257850
1520530764.401486 21.203588 -2.106255 -48.146541 0.833386 0.343173 -0.340202 0.268260
1520530764.451487 21.288763 -1.363965 -47.483620 0.833412 0.347846 -0.332107 0.272274
1520530764.501489 21.797399 -0.571331 -47.161217 0.831629 0.353283 -0.330718 0.272414
1520530764.551490 22.452939 0.164376 -47.004484 0.830230 0.359830 -0.330269 0.268630
1520530764.601492 23.256385 0.700181 -46.748113 0.832017 0.362800 -0.325551 0.264840
1520530764.651494 24.006198 1.321762 -46.519828 0.836056 0.364487 -0.315844 0.261537
1520530764.701715 24.865096 1.829634 -46.518111 0.839313 0.363248 -0.308483 0.261615
1520530764.751718 25.665398 2.409369 -46.356532 0.842539 0.364212 -0.300261 0.259464
1520530764.801719 26.350231 3.138265 -46.321733 0.844802 0.366746 -0.294008 0.255670
1520530764.851721 27.017066 3.883467 -46.312222 0.850173 0.365761 -0.285775 0.248509
1520530764.901721 27.769761 4.488033 -46.568506 0.854045 0.368273 -0.280227 0.237604
1520530764.951724 27.842896 4.892605 -45.650216 0.861250 0.389846 -0.251643 0.207232
1520530765.001725 28.580058 5.543548 -45.534628 0.866799 0.389694 -0.238808 0.199420
1520530765.051728 29.268529 6.158118 -45.144886 0.873820 0.386599 -0.224383 0.191394
1520530765.101763 29.635549 6.966198 -45.618265 0.870297 0.390362 -0.227951 0.195548
1520530765.151765 29.418473 7.129732 -44.652693 0.877672 0.398744 -0.197381 0.178147
1520530765.201766 29.912599 7.725462 -44.028125 0.881987 0.398842 -0.184688 0.170043
1520530765.251767 30.573893 8.171883 -43.428060 0.887498 0.394811 -0.176254 0.159395
1520530765.301771 31.230902 8.729084 -42.921301 0.890941 0.389977 -0.172505 0.156152
1520530765.351771 31.814631 9.132550 -42.214244 0.892033 0.391334 -0.167160 0.152292
1520530765.401772 32.461095 9.624519 -41.633357 0.892200 0.394029 -0.163185 0.148629
1520530765.451774 33.084483 10.110575 -41.020372 0.892744 0.395960 -0.158474 0.145291
1520530765.501668 33.684584 10.638674 -40.419432 0.893982 0.395317 -0.153169 0.145119
1520530765.551566 34.537632 11.071756 -40.141346 0.896252 0.393656 -0.147568 0.141390
1520530765.601567 35.360420 11.592363 -39.913922 0.896100 0.398490 -0.139315 0.137118
1520530765.651569 35.281125 11.922251 -38.968034 0.896055 0.409780 -0.112965 0.128082
1520530765.701570 35.424468 12.630337 -38.277671 0.896883 0.413629 -0.091227 0.127235
1520530765.751572 35.196607 12.647717 -37.305798 0.899607 0.417321 -0.059146 0.114248
1520530765.801574 35.686149 13.331688 -36.778457 0.901397 0.416137 -0.046327 0.110309
1520530765.851575 36.287126 13.909678 -36.228347 0.903025 0.414283 -0.038976 0.106759
1520530765.901346 36.010720 13.820515 -35.272514 0.903300 0.418380 -0.014247 0.093828
1520530765.951347 36.625326 14.551991 -35.013632 0.902252 0.421757 -0.008597 0.089378
1520530766.001349 37.326417 15.263788 -35.032342 0.900965 0.426476 -0.000740 0.079876
1520530766.051350 38.003650 15.997693 -35.088691 0.901443 0.426574 0.001473 0.073711
1520530766.101351 38.699662 16.683859 -34.875903 0.905198 0.419597 0.013236 0.066170
1520530766.151353 39.195340 16.566567 -35.752344 0.900319 0.428936 0.050002 0.054218
1520530766.201355 39.948565 16.850920 -35.151769 0.902246 0.424583 0.058451 0.047583
1520530766.251357 40.462497 17.354378 -34.453956 0.903953 0.419933 0.067524 0.044336
1520530766.301372 40.828582 18.069694 -33.856809 0.905199 0.416513 0.073786 0.041065
1520530766.351374 41.291156 18.344227 -34.716128 0.903742 0.417105 0.091586 0.029774
1520530766.401376 40.916240 17.824973 -33.934643 0.902964 0.415723 0.106517 0.021983
1520530766.451376 41.478429 18.344391 -33.307392 0.902640 0.416131 0.108233 0.019027
1520530766.501379 42.014382 18.781628 -32.584026 0.903264 0.413441 0.113447 0.017628
1520530766.551379 41.871568 18.398995 -31.668889 0.904757 0.406106 0.127653 0.014027
1520530766.601382 42.239242 18.539678 -30.754330 0.905977 0.400629 0.136404 0.009769
1520530766.651383 42.105262 18.373050 -29.776379 0.903515 0.399606 0.154690 0.006799
1520530766.701834 42.486943 18.731423 -28.930982 0.901469 0.400612 0.163830 0.004813
1520530766.751836 42.880604 19.239649 -28.165974 0.899878 0.400121 0.173562 0.000119
1520530766.801837 42.802303 19.800038 -27.337378 0.896189 0.401047 0.189751 -0.000282
1520530766.851839 43.038377 20.417740 -26.591584 0.895799 0.397752 0.198337 -0.000671
1520530766.901841 43.204567 20.914944 -25.738851 0.893077 0.399202 0.207482 0.001418
1520530766.951842 42.474751 20.606470 -25.141901 0.883147 0.407041 0.233161 -0.002080
1520530767.001843 42.680086 20.958615 -24.234795 0.877260 0.415581 0.240188 -0.004215
1520530767.051845 42.714221 21.285833 -23.289137 0.870454 0.421921 0.253446 -0.007553
1520530767.101938 43.450643 21.823612 -22.896419 0.867191 0.432125 0.247101 -0.013749
1520530767.151879 43.822185 22.168870 -22.027636 0.866567 0.428528 0.254884 -0.021430
1520530767.201880 43.085480 21.846113 -21.447271 0.860819 0.421773 0.283186 -0.030059
1520530767.251882 43.260800 21.883643 -20.467199 0.859158 0.417899 0.293080 -0.036214
1520530767.301883 43.191275 21.923054 -19.469232 0.854430 0.418475 0.305597 -0.037920
1520530767.351884 42.707357 21.471530 -18.722618 0.848314 0.418728 0.321039 -0.044307
1520530767.401886 42.064435 20.759530 -18.455027 0.842058 0.419934 0.334223 -0.053752
1520530767.451887 41.841553 20.359413 -17.561459 0.843125 0.419093 0.331671 -0.059120
1520530767.501890 41.485389 19.872695 -16.764767 0.844136 0.420112 0.327644 -0.059915
1520530767.551857 41.579845 19.128690 -16.100264 0.841827 0.425105 0.326314 -0.064281
1520530767.601859 41.273232 18.439829 -15.445968 0.840960 0.426608 0.326585 -0.064292
1520530767.651860 41.044798 17.671183 -14.847895 0.840960 0.426608 0.326585 -0.064292
1520530767.701862 40.235207 17.360745 -14.354160 0.839588 0.423779 0.334946 -0.057580
1520530767.751863 40.088161 17.228389 -13.372529 0.839250 0.423898 0.336213 -0.054130
1520530767.801865 39.635713 16.506196 -12.855410 0.838092 0.417463 0.346586 -0.056607
1520530767.851867 39.321798 16.323223 -11.921377 0.836525 0.414978 0.353345 -0.056271
1520530767.901869 38.582689 16.012457 -11.330923 0.827902 0.416583 0.371415 -0.055564
1520530767.951936 37.856620 15.373537 -11.085609 0.819507 0.413464 0.392425 -0.058806
1520530768.001937 37.104039 15.296510 -10.423459 0.814515 0.413637 0.402666 -0.057703
1520530768.051940 36.270294 14.861645 -10.093728 0.808688 0.416035 0.410862 -0.064269
1520530768.101941 35.743032 15.381604 -9.415702 0.804366 0.421258 0.414032 -0.064150
1520530768.151942 35.032220 15.319728 -8.715009 0.799083 0.421427 0.423255 -0.068714
1520530768.201944 34.549193 14.741314 -8.054668 0.796634 0.414278 0.433487 -0.076398
1520530768.251945 33.996921 14.180426 -7.438584 0.792853 0.404838 0.448329 -0.080567
1520530768.301947 33.037870 13.921334 -7.382460 0.789209 0.391834 0.465846 -0.081260
1520530768.351886 32.280536 13.697119 -6.759661 0.790805 0.379401 0.472712 -0.085000
1520530768.401887 31.662211 13.256786 -6.107082 0.789243 0.374461 0.478433 -0.089304
1520530768.451889 30.947541 12.757303 -5.620606 0.786104 0.372312 0.484665 -0.092329
1520530768.501890 30.399212 12.357991 -4.883362 0.787776 0.370436 0.482862 -0.095029
1520530768.551892 29.483589 12.040689 -5.091263 0.786237 0.365843 0.488938 -0.094496
1520530768.601893 28.884496 11.744491 -4.336064 0.786548 0.368499 0.486401 -0.094680
1520530768.651895 28.090822 11.260306 -3.979068 0.784176 0.365839 0.491992 -0.095785
1520530768.701977 27.430321 10.512888 -4.029914 0.786620 0.352564 0.496788 -0.100643
1520530768.751811 27.099763 9.635927 -3.666993 0.786994 0.346953 0.499226 -0.105060
1520530768.801812 26.449767 9.345272 -2.961847 0.782467 0.345794 0.507156 -0.104712
1520530768.851814 25.827846 9.072993 -2.227276 0.775734 0.345970 0.517873 -0.101730
1520530768.901815 25.509148 8.879896 -1.299769 0.771942 0.344195 0.524816 -0.101013
1520530768.951817 24.682723 8.452195 -0.950920 0.760831 0.337900 0.543843 -0.105801
1520530769.001819 24.015706 7.903745 -0.441861 0.748678 0.330225 0.562607 -0.117925
1520530769.051820 23.749526 7.948362 0.518231 0.742137 0.331679 0.570395 -0.117777
1520530769.101822 23.423070 8.144090 1.442701 0.739861 0.324030 0.577696 -0.117805
1520530769.151823 22.573303 7.641811 1.534203 0.723438 0.319195 0.599270 -0.125010
1520530769.201870 22.432768 7.717981 2.516189 0.718931 0.323404 0.603559 -0.119433
1520530769.251871 21.716990 7.191757 2.970375 0.703200 0.321496 0.621689 -0.125114
1520530769.301873 21.289608 7.251813 3.870723 0.698977 0.320832 0.626882 -0.124567
1520530769.351875 20.851252 7.352249 4.763726 0.696048 0.316939 0.631413 -0.128001
1520530769.401876 20.359480 7.764836 5.530239 0.694371 0.306900 0.638054 -0.128643
1520530769.451879 19.732054 8.011845 6.269914 0.690212 0.298431 0.646664 -0.127954
1520530769.501879 18.929863 7.426903 6.218521 0.674124 0.289530 0.664818 -0.140517
1520530769.551881 18.163302 6.783079 6.209052 0.661395 0.286311 0.676400 -0.151874
1520530769.601850 17.420147 6.228521 5.841863 0.650570 0.283546 0.685685 -0.161853
1520530769.651852 16.635527 5.610369 5.948660 0.644949 0.283676 0.688938 -0.170099
1520530769.701854 15.684849 5.896096 6.095406 0.645890 0.276805 0.691781 -0.166266
1520530769.751855 15.051462 5.129346 6.255749 0.647835 0.270526 0.691148 -0.171581
1520530769.801857 14.537825 4.385473 6.686973 0.650567 0.261947 0.691557 -0.172899
1520530769.851859 13.950782 3.712158 7.135681 0.650572 0.255320 0.694783 -0.169839
1520530769.901860 13.432183 2.900376 7.404791 0.641631 0.251226 0.704266 -0.170895
1520530769.951862 12.827773 2.557693 8.124288 0.637704 0.250276 0.708968 -0.167510
1520530770.001661 12.186089 2.138271 8.766668 0.632279 0.247793 0.714100 -0.169953
1520530770.051662 11.739824 1.702577 9.548084 0.626225 0.241845 0.719821 -0.176667
1520530770.101664 11.071410 1.169180 10.065190 0.617137 0.235013 0.729682 -0.177413
1520530770.151666 10.490211 0.822446 10.800619 0.613176 0.230383 0.735629 -0.172594
1520530770.201668 10.088527 0.154727 11.430604 0.607857 0.230322 0.738863 -0.177605
1520530770.251669 9.438453 -0.253153 12.070706 0.603811 0.230351 0.742099 -0.177873
1520530770.301737 8.902056 -0.857616 12.661491 0.593103 0.235387 0.748203 -0.181699
1520530770.351672 8.122391 -1.120310 13.228611 0.584379 0.233912 0.756748 -0.176406
1520530770.401532 7.533438 -1.483748 13.951073 0.580124 0.228056 0.760112 -0.183511
1520530770.451534 7.049062 -2.169814 14.497136 0.573743 0.222598 0.763329 -0.196464
1520530770.501535 6.350857 -2.536940 15.110482 0.570886 0.215263 0.767083 -0.198330
1520530770.551537 5.668765 -2.839222 15.775959 0.568360 0.207091 0.769842 -0.203528
1520530770.601539 5.012530 -3.391933 16.291617 0.561975 0.203197 0.773254 -0.212072
1520530770.651540 4.363362 -3.799359 16.933047 0.556776 0.202304 0.775273 -0.219146
1520530770.701542 3.434434 -3.869620 16.597221 0.542511 0.198768 0.786607 -0.217768
1520530770.751543 2.511353 -4.181156 16.848965 0.539877 0.196978 0.788830 -0.217896
1520530770.801612 1.716998 -4.779452 16.754823 0.533409 0.197465 0.792464 -0.220188
1520530770.851613 1.053459 -5.501553 16.556762 0.528186 0.192722 0.796467 -0.222527
1520530770.901615 0.485260 -6.109150 16.006125 0.526678 0.179969 0.799415 -0.226179
1520530770.951617 -0.067677 -6.918700 16.230017 0.524214 0.178298 0.802061 -0.223847
1520530771.001617 -0.484174 -7.771766 16.547070 0.512989 0.181698 0.809739 -0.219436
1520530771.051620 -1.220099 -8.336294 16.917868 0.507775 0.181184 0.814870 -0.212893
1520530771.101621 -1.996705 -8.935579 17.107972 0.500313 0.174613 0.821452 -0.210746
1520530771.151623 -2.442048 -9.644931 17.656344 0.492334 0.169691 0.826824 -0.212541
1520530771.201896 -2.979154 -10.479413 17.769922 0.479753 0.163851 0.834793 -0.214734
1520530771.251898 -3.781292 -11.061412 17.662140 0.464949 0.158864 0.843949 -0.215255
1520530771.301900 -4.608091 -11.609518 17.535983 0.453071 0.155930 0.850012 -0.218844
1520530771.351902 -5.516032 -11.897687 17.845866 0.449772 0.153340 0.853113 -0.215384
1520530771.401903 -5.899966 -12.298826 18.674312 0.442824 0.163375 0.856136 -0.210347
1520530771.451905 -6.552379 -12.950109 19.065246 0.428347 0.159689 0.862236 -0.218099
1520530771.501906 -7.104946 -13.588640 19.600421 0.422179 0.158848 0.863819 -0.224386
1520530771.551912 -7.746251 -14.282729 19.927023 0.406612 0.149368 0.870302 -0.234372
1520530771.601909 -8.253005 -14.965222 19.411458 0.385270 0.138389 0.879826 -0.241500
1520530771.651878 -8.784494 -15.524765 18.777395 0.367096 0.131140 0.886940 -0.247749
1520530771.701880 -9.357073 -16.070791 18.165408 0.350104 0.128354 0.893028 -0.251898
1520530771.751882 -9.560131 -16.641854 17.368741 0.335108 0.130310 0.896948 -0.257306
1520530771.801883 -9.758323 -17.168117 16.542322 0.325299 0.132947 0.899485 -0.259678
1520530771.851885 -10.296831 -17.575457 15.805162 0.324335 0.134011 0.899975 -0.258637
1520530771.901942 -11.122922 -17.746498 15.264835 0.328522 0.131092 0.898517 -0.259916
1520530771.951888 -11.512975 -18.480477 14.700459 0.325607 0.133279 0.898111 -0.263843
1520530772.001889 -11.931334 -18.978916 13.944337 0.324394 0.128254 0.898332 -0.267054
1520530772.051867 -12.168202 -19.607130 13.201037 0.320712 0.122632 0.899134 -0.271409
1520530772.101868 -12.503180 -20.351495 12.621015 0.314011 0.119792 0.902972 -0.267746
1520530772.151870 -13.191014 -20.958284 12.221749 0.309807 0.118080 0.905190 -0.265911
1520530772.201872 -13.450258 -21.519945 11.437230 0.296460 0.117292 0.909289 -0.267484
1520530772.251873 -13.675492 -21.907398 10.544340 0.281026 0.114186 0.914269 -0.268511
1520530772.301875 -14.244009 -22.209618 9.778240 0.266068 0.106330 0.921042 -0.263787
1520530772.351876 -14.366077 -22.674348 8.899184 0.251605 0.102424 0.926124 -0.261724
1520530772.401878 -14.847521 -23.150800 8.162515 0.245507 0.099955 0.928917 -0.258552
1520530772.451787 -15.087219 -23.174365 7.192837 0.227282 0.099258 0.934630 -0.254866
1520530772.501789 -15.324334 -23.363053 6.239767 0.205331 0.097235 0.940951 -0.250991
1520530772.551790 -15.199740 -23.664191 7.167760 0.181677 0.092256 0.948108 -0.244077
1520530772.601792 -15.273935 -24.104760 6.291683 0.168256 0.085402 0.949409 -0.251036
1520530772.651794 -15.354146 -24.634719 5.446801 0.158952 0.081309 0.948990 -0.259888
1520530772.701795 -15.691220 -25.178777 4.678033 0.154729 0.079410 0.948312 -0.265438
1520530772.751797 -15.673454 -25.476911 3.723986 0.145104 0.077840 0.948633 -0.270150
1520530772.801799 -15.395295 -25.461366 2.761400 0.131035 0.077276 0.950093 -0.272362
1520530772.851710 -15.498749 -25.741934 1.808068 0.120400 0.079396 0.951550 -0.271575
1520530772.901712 -15.493141 -25.342638 0.887079 0.109555 0.074363 0.953933 -0.269222
1520530772.951713 -15.808860 -25.750471 0.027107 0.111065 0.078704 0.953732 -0.268076
1520530773.001715 -15.578326 -25.700721 -0.947150 0.104048 0.076446 0.953870 -0.271040
1520530773.051716 -15.468973 -25.848667 -1.929281 0.101689 0.072454 0.953611 -0.273927
1520530773.101718 -15.358246 -25.907565 -2.921496 0.103141 0.063022 0.953002 -0.277807
1520530773.151720 -14.906123 -26.395434 -3.674128 0.101074 0.060145 0.952510 -0.280878
1520530773.201721 -14.825566 -25.899143 -4.544466 0.094792 0.038300 0.954325 -0.280734
1520530773.251870 -15.084698 -26.500834 -5.307887 0.092228 0.032887 0.955181 -0.279361
1520530773.301872 -15.100041 -27.042821 -6.148406 0.085272 0.029722 0.954395 -0.284561
1520530773.351878 -15.810312 -27.584408 -6.606622 0.083842 0.026410 0.953337 -0.288827
1520530773.401875 -16.621458 -27.913794 -7.087570 0.078147 0.021158 0.953928 -0.288905
1520530773.451876 -17.219816 -28.359271 -7.752226 0.066322 0.020057 0.955553 -0.286561
1520530773.501919 -17.907416 -28.798080 -8.332363 0.060247 0.017081 0.956344 -0.285455
1520530773.551879 -18.401133 -29.571393 -8.739972 0.051514 0.016931 0.958289 -0.280609
1520530773.601880 -19.172527 -30.181170 -8.922362 0.043292 0.016351 0.961253 -0.271757
1520530773.651882 -19.681659 -31.023753 -9.111426 0.032312 0.017432 0.961344 -0.272893
1520530773.701948 -20.408989 -31.650147 -9.386180 0.022809 0.017886 0.960001 -0.278492
1520530773.751951 -20.914302 -32.407967 -9.800203 0.008171 0.020637 0.958796 -0.283228
1520530773.801952 -21.234307 -32.844439 -10.634923 -0.012453 0.018017 0.957605 -0.287252
1520530773.851954 -21.583301 -33.655256 -11.115499 -0.024911 0.018795 0.956990 -0.288439
1520530773.901955 -21.353315 -33.968162 -12.033821 -0.044219 0.016110 0.955338 -0.291743
1520530773.951957 -22.105422 -34.160897 -12.674770 -0.042123 0.007662 0.955394 -0.292214
1520530774.001959 -22.115804 -34.577863 -13.582890 -0.051694 0.009919 0.954100 -0.294826
1520530774.051959 -21.688804 -34.916006 -14.424453 -0.060863 0.013866 0.954626 -0.291192
1520530774.101985 -21.384715 -35.344635 -15.274592 -0.064029 0.020544 0.955537 -0.287101
1520530774.151987 -21.403514 -34.716739 -16.062046 -0.067160 0.011312 0.956254 -0.284500
1520530774.201988 -21.496100 -34.970921 -17.025482 -0.066284 0.015150 0.956093 -0.285066
1520530774.251990 -21.528386 -34.959623 -18.024377 -0.071871 0.014516 0.957963 -0.277363
1520530774.301991 -21.581711 -35.313943 -18.959976 -0.084392 0.012037 0.959718 -0.267720
1520530774.351993 -21.644309 -35.660830 -19.895895 -0.101667 0.010211 0.959958 -0.260846
1520530774.401994 -21.801368 -35.195977 -20.771246 -0.123680 -0.008629 0.959873 -0.251541
1520530774.451995 -22.071916 -35.273226 -21.732146 -0.143522 -0.013242 0.956474 -0.253739
1520530774.501792 -22.671735 -35.851359 -22.298331 -0.159662 -0.007851 0.951985 -0.261094
1520530774.551794 -23.143838 -36.051686 -23.151780 -0.168533 -0.012205 0.950172 -0.261957
1520530774.601795 -22.966616 -36.247717 -24.114751 -0.196471 -0.015326 0.944319 -0.263489
1520530774.651797 -23.553130 -36.682819 -24.808303 -0.207992 -0.018614 0.943821 -0.256116
1520530774.701798 -24.116154 -37.287775 -25.375026 -0.215561 -0.020291 0.943237 -0.251843
1520530774.751800 -24.440790 -37.818335 -26.154934 -0.227450 -0.021355 0.939290 -0.256018
1520530774.801801 -24.731163 -38.164223 -27.045172 -0.241523 -0.023139 0.932538 -0.267402
1520530774.851803 -25.240566 -38.478909 -27.848254 -0.248611 -0.022170 0.926568 -0.281376
1520530774.901630 -25.630517 -38.838888 -28.695217 -0.251785 -0.018554 0.922324 -0.292538
1520530774.951632 -25.364364 -38.264008 -29.471407 -0.271642 -0.031439 0.916162 -0.293034
1520530775.001633 -25.084815 -37.662945 -30.220066 -0.290378 -0.042470 0.912083 -0.286323
1520530775.051635 -25.275535 -37.465617 -31.184316 -0.292524 -0.043797 0.910030 -0.290442
1520530775.101664 -25.000778 -36.837029 -31.913550 -0.299578 -0.050126 0.907588 -0.289870
1520530775.151638 -24.171072 -36.679474 -32.450233 -0.311783 -0.049972 0.904115 -0.287870
1520530775.201639 -23.385410 -36.404715 -33.004803 -0.321479 -0.052444 0.899340 -0.291700
1520530775.251641 -22.567025 -36.329556 -33.573042 -0.332361 -0.056491 0.893131 -0.297762
1520530775.301808 -21.740691 -36.177057 -34.115709 -0.347158 -0.063771 0.885174 -0.303119
1520530775.351809 -21.651535 -36.585067 -35.026587 -0.353862 -0.069769 0.883380 -0.299255
1520530775.401811 -21.387318 -36.999279 -35.897911 -0.366142 -0.068600 0.877219 -0.302856
1520530775.451812 -21.314008 -37.190043 -36.875862 -0.374342 -0.072050 0.871543 -0.308366
1520530775.501814 -21.389747 -37.456405 -37.838196 -0.381839 -0.075640 0.866660 -0.312055
1520530775.551815 -21.702851 -37.461885 -38.788647 -0.382505 -0.088386 0.864210 -0.314672
1520530775.601817 -21.899315 -37.946620 -39.645622 -0.390671 -0.090420 0.863427 -0.306096
1520530775.651818 -21.638077 -37.169728 -40.226406 -0.418418 -0.111838 0.857345 -0.278168
1520530775.702432 -21.916133 -36.956497 -41.168844 -0.429750 -0.115149 0.853206 -0.272205
1520530775.752434 -21.330562 -36.251569 -41.577278 -0.468998 -0.130035 0.836479 -0.251862
1520530775.802435 -21.532171 -36.411309 -42.552843 -0.480191 -0.132384 0.828221 -0.256791
1520530775.852437 -21.045122 -35.534204 -42.667627 -0.516847 -0.157328 0.802157 -0.254285
1520530775.902438 -20.927564 -35.646329 -43.657184 -0.529708 -0.158155 0.789579 -0.266386
1520530775.952440 -21.060892 -36.187934 -44.493512 -0.532485 -0.150174 0.789851 -0.264658
1520530776.002441 -20.198896 -35.681833 -44.315264 -0.551317 -0.155095 0.774559 -0.268429
1520530776.052443 -19.407123 -35.226566 -44.709135 -0.563243 -0.161119 0.765078 -0.267308
1520530776.102445 -18.790154 -34.451270 -44.537711 -0.574219 -0.171708 0.757490 -0.258838
1520530776.152283 -17.915242 -33.977524 -44.582788 -0.577192 -0.173065 0.758664 -0.247642
1520530776.202285 -17.036364 -33.591694 -44.854730 -0.574684 -0.171342 0.763842 -0.238591
1520530776.252287 -16.086977 -33.270890 -44.868332 -0.574331 -0.171535 0.766698 -0.229988
1520530776.302287 -15.294577 -33.118215 -45.451120 -0.570663 -0.173300 0.770142 -0.226256
1520530776.352290 -14.426259 -32.883734 -45.891236 -0.570003 -0.171982 0.769684 -0.230448
1520530776.402291 -13.570555 -32.463985 -46.199892 -0.574473 -0.174888 0.765442 -0.231285
1520530776.452292 -12.887482 -32.130137 -46.846351 -0.578719 -0.179556 0.761100 -0.231454
1520530776.502294 -12.020459 -31.857304 -47.266709 -0.586832 -0.179612 0.755383 -0.229706
1520530776.552302 -11.175608 -31.383264 -47.523078 -0.594688 -0.181150 0.748195 -0.231808
1520530776.602304 -10.756442 -31.203461 -48.412962 -0.597352 -0.183644 0.745213 -0.232599
1520530776.652306 -9.769551 -31.055458 -48.549077 -0.608615 -0.187985 0.736640 -0.227180
1520530776.702322 -8.901570 -30.925445 -49.021970 -0.617539 -0.190148 0.729977 -0.222764
1520530776.752309 -8.665999 -30.537612 -49.917295 -0.618897 -0.192745 0.728545 -0.221445
1520530776.802310 -8.573964 -30.472463 -50.913504 -0.620041 -0.196281 0.729244 -0.212663
1520530776.852312 -8.339816 -30.165635 -51.834341 -0.621438 -0.200942 0.726970 -0.212018
1520530776.902313 -7.471003 -29.713672 -52.058334 -0.631801 -0.204094 0.715279 -0.218057
1520530776.952342 -6.530957 -29.370490 -52.086090 -0.639855 -0.203390 0.704210 -0.230882
1520530777.002344 -5.811701 -28.723707 -52.341562 -0.642888 -0.204835 0.696337 -0.244647
1520530777.052345 -5.068612 -28.120911 -52.629771 -0.643742 -0.201778 0.691836 -0.257382
1520530777.102347 -4.264643 -27.522993 -52.613434 -0.646783 -0.198369 0.687708 -0.263398
1520530777.152348 -3.482526 -26.985505 -52.920172 -0.647720 -0.194846 0.686670 -0.266418
1520530777.202350 -2.621479 -26.475166 -52.961909 -0.648951 -0.191127 0.687811 -0.263153
1520530777.252351 -1.774457 -25.968977 -52.789327 -0.647005 -0.183338 0.693762 -0.257809
1520530777.302353 -1.736383 -24.984853 -52.575925 -0.645813 -0.179352 0.693234 -0.264923
1520530777.352223 -0.876522 -24.486966 -52.563363 -0.643452 -0.171697 0.697905 -0.263474
1520530777.402224 0.084582 -24.222972 -52.624011 -0.636225 -0.164709 0.704177 -0.268744
1520530777.452226 0.730305 -24.544546 -51.930691 -0.637166 -0.156664 0.704251 -0.271121
1520530777.502227 1.329059 -23.761377 -51.725279 -0.633157 -0.163951 0.701377 -0.283378
1520530777.552229 2.029683 -23.054870 -51.645356 -0.630719 -0.171274 0.700099 -0.287610
1520530777.602230 2.850902 -22.487719 -51.622113 -0.634496 -0.174453 0.696894 -0.285166
1520530777.652232 3.603880 -21.975817 -52.028235 -0.640040 -0.174378 0.691239 -0.286581
1520530777.702234 4.312530 -21.316500 -51.757544 -0.654578 -0.180075 0.676754 -0.284788
1520530777.752132 4.899579 -21.082107 -52.525860 -0.661439 -0.180124 0.669375 -0.286342
1520530777.802134 5.622049 -20.386245 -52.427895 0.676367 0.187420 -0.651792 0.287349
1520530777.852136 6.464121 -20.135345 -52.893188 0.684257 0.185772 -0.642808 0.289964
1520530777.902137 7.043830 -19.753557 -53.614169 0.690741 0.189945 -0.635232 0.288581
1520530777.952138 7.761778 -19.050633 -53.642035 0.707040 0.200631 -0.617440 0.280372
1520530778.002140 8.105554 -18.483886 -54.393529 0.711652 0.203458 -0.608998 0.285092
1520530778.052142 8.599482 -18.075423 -55.159647 0.719571 0.198955 -0.598293 0.290998
1520530778.102143 9.118009 -17.651285 -55.902074 0.729900 0.199446 -0.582986 0.295963
1520530778.152196 9.882647 -17.005569 -55.809199 0.745575 0.203340 -0.559408 0.299724
1520530778.202197 10.651160 -16.672092 -56.348354 0.753212 0.199676 -0.547019 0.305894
1520530778.252199 11.351612 -16.030139 -56.013521 0.765200 0.203268 -0.527508 0.308037
1520530778.302201 11.894397 -15.230375 -55.751498 0.774106 0.207009 -0.513331 0.307243
1520530778.352201 12.725322 -14.684721 -55.699594 0.778868 0.207125 -0.506356 0.306705
1520530778.402203 13.285080 -13.952531 -55.301247 0.783946 0.212872 -0.499107 0.301672
1520530778.452205 13.976452 -13.329869 -55.655777 0.784984 0.213040 -0.497802 0.301012
1520530778.502206 14.883827 -12.981314 -55.886457 0.787319 0.211395 -0.493737 0.302762
1520530778.552208 15.666294 -12.602436 -56.380408 0.786175 0.212149 -0.493460 0.305646
1520530778.602252 16.451665 -12.225846 -56.871720 0.789801 0.216824 -0.485712 0.305427
1520530778.652253 17.093443 -11.827056 -57.528181 0.791375 0.220699 -0.479226 0.308804
1520530778.702255 17.861374 -11.527240 -58.093295 0.796328 0.220795 -0.469801 0.310482
1520530778.752256 18.533992 -11.126296 -58.716268 0.799626 0.219401 -0.461847 0.314895
1520530778.802258 19.327528 -10.725396 -59.173178 0.804128 0.221318 -0.452597 0.315520
1520530778.852259 19.960113 -10.257764 -59.792513 0.807930 0.221915 -0.442163 0.320148
1520530778.902261 20.788405 -9.970661 -60.272146 0.809875 0.220745 -0.437183 0.322871
1520530778.952263 21.643180 -9.630548 -60.664434 0.815633 0.225872 -0.427046 0.318365
1520530779.002047 22.345659 -9.292151 -61.292126 0.818049 0.232588 -0.420098 0.316570
1520530779.052049 23.108891 -8.867859 -61.778840 0.824245 0.233686 -0.405798 0.318339
1520530779.102050 23.905861 -8.531709 -62.280446 0.831902 0.224855 -0.390388 0.324001
1520530779.152051 24.791934 -8.064110 -62.300007 0.842916 0.216777 -0.368139 0.327069
1520530779.202053 25.522878 -7.418579 -62.065643 0.852901 0.214589 -0.343127 0.329812
1520530779.252055 26.178759 -6.718210 -62.348665 0.853986 0.214700 -0.332662 0.337562
1520530779.302057 27.010334 -6.164648 -62.348493 0.858819 0.213013 -0.321507 0.337177
1520530779.352059 27.907059 -5.749772 -62.493884 0.862455 0.210628 -0.316372 0.334239
1520530779.401860 28.763477 -5.236253 -62.417535 0.866766 0.203747 -0.312459 0.331018
1520530779.451861 29.685881 -4.895507 -62.237473 0.868462 0.200568 -0.313450 0.327559
1520530779.501863 30.202265 -4.095676 -61.911306 0.867484 0.209610 -0.314090 0.323855
1520530779.551864 31.130775 -3.744184 -61.964313 0.864725 0.217397 -0.318906 0.321387
1520530779.601869 31.853270 -3.396363 -61.357389 0.865672 0.220336 -0.314472 0.321202
1520530779.651868 32.784399 -3.132071 -61.123567 0.866421 0.220885 -0.310863 0.322318
1520530779.701869 33.710600 -3.429702 -61.355654 0.869891 0.224279 -0.315532 0.305659
1520530779.751870 34.571989 -3.170666 -61.789329 0.871483 0.229864 -0.311189 0.301399
1520530779.802151 35.490087 -2.770262 -61.790363 0.877486 0.229477 -0.298201 0.297379
1520530779.852154 36.374674 -2.304873 -61.824653 0.880896 0.224842 -0.289025 0.299887
1520530779.902155 37.250272 -2.098645 -62.261685 0.881108 0.224258 -0.288360 0.300343
1520530779.952156 38.141051 -1.656336 -62.131372 0.882421 0.229699 -0.277089 0.302974
1520530780.002157 38.957889 -1.144928 -61.859708 0.886144 0.234050 -0.260565 0.303439
1520530780.052159 39.842075 -0.714114 -62.029282 0.886574 0.240259 -0.256749 0.300571
1520530780.102160 40.783106 -0.375291 -62.017472 0.891997 0.247073 -0.238356 0.294081
1520530780.152162 41.464156 0.335267 -62.211539 0.883759 0.255739 -0.235785 0.313008
1520530780.202293 41.892128 1.124687 -61.763592 0.887765 0.262793 -0.204552 0.317760
1520530780.252294 42.274342 1.967093 -61.383319 0.892115 0.261905 -0.177969 0.322278
1520530780.302296 42.606461 2.828204 -60.997796 0.891101 0.272266 -0.158172 0.326789
1520530780.352297 42.526688 3.433943 -60.207078 0.894043 0.281211 -0.134930 0.321561
1520530780.402299 42.680881 3.904707 -59.340167 0.896563 0.287568 -0.118768 0.315236
1520530780.452300 42.623561 4.293889 -58.420873 0.900720 0.288756 -0.104140 0.307373
1520530780.502302 42.736530 4.947871 -57.671688 0.905634 0.282833 -0.097440 0.300563
1520530780.552303 42.581756 5.624539 -56.950504 0.906204 0.282427 -0.094302 0.300227
1520530780.602305 42.853120 6.196008 -56.179805 0.908512 0.277820 -0.098535 0.296165
1520530780.652140 43.434621 6.394136 -55.394380 0.910040 0.276673 -0.103330 0.290866
1520530780.702141 43.864459 6.689827 -54.539067 0.908715 0.277851 -0.109739 0.291537
1520530780.752143 44.064979 7.252314 -53.733361 0.905817 0.282051 -0.109896 0.296421
1520530780.802144 44.281905 7.682974 -52.858058 0.902753 0.295056 -0.100988 0.296278
1520530780.852146 44.865977 7.937138 -52.092084 0.903633 0.300937 -0.093941 0.289930
1520530780.902148 44.581577 8.633495 -51.424396 0.901829 0.312054 -0.074908 0.289336
1520530780.952150 44.811545 9.132777 -50.592930 0.901512 0.317738 -0.060272 0.287553
1520530781.002151 44.917199 10.006051 -50.110123 0.893632 0.332528 -0.045332 0.297981
1520530781.052165 45.495637 10.620541 -49.583836 0.890705 0.340812 -0.040588 0.298066
1520530781.102167 45.402199 10.949648 -48.642301 0.891285 0.346730 -0.027815 0.290887
1520530781.152169 44.893701 11.643160 -48.123250 0.887471 0.362086 -0.012015 0.284858
1520530781.202170 45.259641 12.490760 -47.758444 0.888921 0.364796 -0.004838 0.276985
1520530781.252171 45.871703 12.062479 -48.445161 0.885663 0.378545 0.021431 0.268039
1520530781.302172 45.259469 12.682168 -47.931408 0.879429 0.387665 0.052390 0.271248
1520530781.352174 44.639912 13.121652 -47.282647 0.877845 0.384502 0.078339 0.274607
1520530781.402176 44.162362 13.248612 -46.414248 0.879628 0.379076 0.097222 0.270379
1520530781.452059 43.886866 13.539784 -45.497067 0.880063 0.378080 0.109129 0.265774
1520530781.502060 43.423986 13.532091 -44.613036 0.878874 0.382155 0.122898 0.257749
1520530781.552062 42.851198 13.428007 -43.801252 0.877552 0.385928 0.135213 0.250358
1520530781.602063 42.351773 13.299818 -42.943865 0.877725 0.386836 0.144385 0.243124
1520530781.652065 41.699189 13.215938 -42.191480 0.878432 0.385815 0.151669 0.237697
1520530781.702066 41.238898 13.251844 -41.302536 0.879367 0.385858 0.156143 0.231184
1520530781.752068 40.554714 13.194179 -40.578385 0.877834 0.387737 0.164083 0.228351
1520530781.802070 39.763447 12.928257 -40.032702 0.876536 0.384984 0.175037 0.229855
1520530781.852037 38.952319 12.882278 -39.446205 0.873952 0.381404 0.184530 0.238092
1520530781.902039 38.077645 13.101775 -39.010003 0.866646 0.386261 0.197331 0.246553
1520530781.952040 37.982784 13.584891 -38.141732 0.863685 0.391485 0.198936 0.247411
1520530782.002042 37.179393 14.015947 -37.735126 0.855354 0.400548 0.214307 0.249004
1520530782.052043 37.404607 14.865259 -37.274160 0.854856 0.401727 0.215868 0.247462
1520530782.102045 37.489427 15.656648 -36.667333 0.853622 0.402665 0.222414 0.244380
1520530782.152046 37.824386 16.177219 -35.885301 0.851727 0.406954 0.227975 0.238696
1520530782.202048 38.134156 16.541966 -35.006927 0.850579 0.409238 0.234095 0.232894
1520530782.252169 38.280343 17.150254 -34.224107 0.848623 0.413058 0.238557 0.228720
1520530782.302170 38.668599 17.786712 -33.561413 0.844683 0.422629 0.242214 0.221873
1520530782.352172 38.545369 18.351954 -32.740953 0.839180 0.430135 0.255370 0.213418
1520530782.402173 38.693679 19.101555 -32.099154 0.838326 0.430383 0.262485 0.207561
1520530782.452175 38.829669 19.792590 -31.389372 0.839579 0.426347 0.272310 0.197944
1520530782.502177 37.942498 19.977510 -30.982440 0.824276 0.438059 0.304214 0.190074
1520530782.552179 38.196210 20.929437 -30.846775 0.823831 0.440352 0.297040 0.197887
1520530782.602180 37.388722 21.369154 -30.459498 0.816796 0.443770 0.313798 0.193502
1520530782.652289 36.992563 21.863768 -29.686926 0.815192 0.445102 0.320687 0.185759
1520530782.702290 36.073621 21.997100 -29.330481 0.805635 0.453177 0.337641 0.177709
1520530782.752292 35.241728 21.685764 -28.873377 0.801256 0.458470 0.346022 0.167520
1520530782.802293 34.541774 22.061792 -28.256967 0.796210 0.465162 0.348689 0.167601
1520530782.852294 34.514035 21.972823 -27.262469 0.796278 0.467007 0.347691 0.164184
1520530782.902296 33.796627 21.925781 -26.568300 0.796189 0.460063 0.354219 0.170161
1520530782.952298 33.742827 21.928441 -25.572297 0.795892 0.460353 0.353815 0.171597
1520530783.002299 33.709524 22.325615 -24.654953 0.793839 0.462668 0.353654 0.175177
1520530783.052301 33.328420 22.785545 -23.850015 0.786940 0.467700 0.360748 0.178446
1520530783.102150 32.417875 22.513735 -23.571278 0.772267 0.475235 0.384509 0.172939
1520530783.152152 32.661456 23.259094 -22.968866 0.770851 0.477382 0.386692 0.168419
1520530783.202153 31.802292 22.925479 -22.606411 0.755573 0.479982 0.418446 0.153722
1520530783.252155 31.427349 23.521732 -21.894366 0.752695 0.476458 0.425264 0.159964
1520530783.302156 30.448802 23.526430 -21.733863 0.725010 0.481962 0.464440 0.162384
1520530783.352158 29.930695 23.992122 -21.015286 0.719506 0.480552 0.474611 0.161635
1520530783.402160 29.460666 24.408180 -20.237468 0.712467 0.482903 0.483967 0.158024
1520530783.452161 28.743417 24.300490 -19.551296 0.697298 0.486916 0.505649 0.144942
1520530783.501916 28.274618 24.726171 -18.777140 0.692394 0.486713 0.513990 0.139700
1520530783.551917 27.453125 24.456323 -18.283251 0.678496 0.490738 0.533401 0.119596
1520530783.601919 26.580852 23.986221 -18.181843 0.658233 0.501197 0.552548 0.101105
1520530783.651920 25.656564 23.604149 -18.174072 0.639940 0.501634 0.575216 0.089253
1520530783.701922 24.720654 23.443417 -17.847284 0.624619 0.499801 0.593880 0.085776
1520530783.751924 23.967191 23.385962 -17.189838 0.617651 0.498018 0.603439 0.079667
1520530783.801925 24.658531 24.096249 -17.069782 0.606291 0.500013 0.614937 0.065200
1520530783.851927 23.967489 24.019670 -16.332532 0.605452 0.500033 0.616522 0.057402
1520530783.901875 23.550707 23.133363 -16.501576 0.595277 0.499585 0.627603 0.046638
1520530783.951877 23.128435 23.144618 -15.591689 0.593484 0.499883 0.629264 0.043824
1520530784.001879 22.599342 22.730509 -14.850484 0.593993 0.493189 0.634408 0.038260
1520530784.051881 22.337812 22.106963 -14.113343 0.590360 0.488516 0.641923 0.027606
1520530784.101882 21.679657 21.912563 -13.383074 0.586014 0.488031 0.646408 0.023881
1520530784.151884 21.018831 22.190222 -12.685124 0.580050 0.487769 0.652007 0.022598
1520530784.201885 21.857852 22.689889 -12.466442 0.540190 0.501991 0.675258 0.015041
1520530784.251886 21.285903 23.088364 -11.729962 0.532136 0.503887 0.680372 0.004867
1520530784.302434 22.053623 23.614368 -11.364908 0.493281 0.515327 0.700777 -0.004811
1520530784.352436 21.560444 23.944778 -10.544639 0.485404 0.518011 0.704251 -0.008858
1520530784.402437 20.775466 23.663863 -9.991242 0.472336 0.518596 0.712609 -0.012067
1520530784.452439 19.904939 23.480075 -9.534794 0.456908 0.520895 0.720915 -0.013594
1520530784.502440 19.043024 23.558158 -9.033097 0.441057 0.521893 0.729824 -0.021286
1520530784.552441 18.745909 22.667226 -9.363278 0.403837 0.520716 0.750697 -0.047163
1520530784.602443 17.925641 22.462974 -8.813472 0.399246 0.510420 0.759006 -0.063113
1520530784.652445 17.518485 21.586460 -9.047044 0.379724 0.500418 0.773390 -0.085206
1520530784.702522 17.062394 20.952992 -9.668140 0.348137 0.493611 0.790899 -0.098121
1520530784.752618 16.116859 20.622680 -9.779886 0.340743 0.483945 0.799119 -0.105357
1520530784.802525 15.773996 19.746308 -10.119541 0.325325 0.482324 0.805229 -0.114598
1520530784.852527 15.202947 18.960894 -10.362070 0.316948 0.482333 0.807965 -0.118707
1520530784.902528 14.849223 18.040074 -10.535732 0.314811 0.486336 0.805547 -0.124359
1520530784.952530 14.317070 17.200427 -10.646117 0.320133 0.491221 0.800506 -0.124122
1520530785.002532 14.273031 16.197616 -10.637322 0.316929 0.498903 0.797394 -0.121714
1520530785.052533 13.653211 15.413628 -10.605881 0.321605 0.496496 0.797458 -0.118836
1520530785.102535 13.205641 14.562597 -10.871484 0.327657 0.485965 0.801472 -0.118832
1520530785.152405 13.030454 13.583988 -10.725313 0.327855 0.481214 0.804120 -0.119724
1520530785.202407 12.784519 12.775149 -11.247931 0.320930 0.470650 0.812847 -0.121542
1520530785.252408 12.050693 12.094353 -11.140929 0.316795 0.469011 0.815568 -0.120495
1520530785.302410 11.662338 11.196755 -11.342417 0.307602 0.470009 0.818309 -0.121831
1520530785.352411 10.952113 10.489876 -11.327050 0.303396 0.468304 0.820903 -0.121495
1520530785.402413 10.848338 9.715211 -11.947261 0.288419 0.463919 0.829259 -0.117997
1520530785.452415 10.505212 8.832917 -12.276963 0.274583 0.461609 0.835828 -0.113636
1520530785.502416 10.322346 8.022208 -12.830827 0.259534 0.462346 0.839941 -0.115666
1520530785.552469 10.242653 7.155701 -13.325561 0.239633 0.468740 0.842014 -0.117774
1520530785.602470 10.533908 6.199672 -13.430835 0.221562 0.471755 0.843061 -0.132689
1520530785.652472 9.930008 5.753928 -14.088488 0.210706 0.458873 0.852880 -0.132795
1520530785.702475 9.911378 5.378574 -15.015749 0.198892 0.445537 0.862214 -0.136108
1520530785.752476 10.057124 4.429155 -15.319379 0.194131 0.441378 0.863943 -0.145263
1520530785.802477 9.292261 3.859224 -15.629323 0.196123 0.439164 0.864351 -0.146860
1520530785.852479 8.729166 3.219903 -16.148444 0.199291 0.435851 0.864542 -0.151273
1520530785.902480 8.389411 2.689031 -16.922313 0.200464 0.431670 0.866254 -0.151919
1520530785.952438 7.912275 1.888348 -17.296713 0.205133 0.431496 0.865409 -0.150991
1520530786.002439 7.556883 1.247829 -17.973553 0.211559 0.431998 0.863889 -0.149387
1520530786.052441 7.554466 1.335408 -18.975040 0.205255 0.424623 0.869149 -0.148817
1520530786.102443 7.491647 0.496996 -19.524257 0.203740 0.430855 0.865927 -0.151741
1520530786.152447 7.575873 -0.500625 -19.607502 0.209419 0.429605 0.864590 -0.155135
1520530786.202445 7.618851 -1.444466 -19.928237 0.217535 0.423705 0.864904 -0.158412
1520530786.252447 7.287890 -2.354972 -20.175913 0.219458 0.421038 0.865740 -0.158298
1520530786.302448 7.107363 -3.295071 -20.466193 0.213597 0.421095 0.866691 -0.160941
1520530786.352429 6.808541 -4.149388 -20.887530 0.204926 0.419008 0.868706 -0.166698
1520530786.402353 6.367074 -4.916518 -21.351769 0.197215 0.411475 0.872289 -0.175802
1520530786.452355 5.588525 -5.546534 -21.423280 0.191750 0.404666 0.875306 -0.182526
1520530786.502356 5.406461 -6.253202 -22.101195 0.167421 0.396278 0.882020 -0.192288
1520530786.552358 5.351726 -6.933629 -22.832060 0.144171 0.387703 0.887119 -0.204743
1520530786.602360 5.321379 -7.576429 -23.597245 0.124413 0.380904 0.890665 -0.214826
1520530786.652360 5.113577 -8.254219 -24.302974 0.107886 0.377453 0.893156 -0.219458
1520530786.702363 5.126829 -8.716519 -25.189297 0.078216 0.375734 0.897371 -0.217788
1520530786.752383 5.138979 -9.413907 -25.907697 0.050756 0.370510 0.899687 -0.225187
1520530786.802384 4.287369 -9.953073 -25.906065 0.048262 0.365534 0.900888 -0.229033
1520530786.852386 3.479679 -10.534240 -26.000200 0.043840 0.358579 0.901835 -0.237050
1520530786.902388 2.919168 -11.364977 -25.998532 0.036724 0.357096 0.899217 -0.250086
1520530786.952389 2.129429 -11.966178 -26.110252 0.035618 0.349795 0.897665 -0.265656
1520530787.002391 2.036656 -12.766637 -26.697853 0.016871 0.340537 0.896566 -0.282700
1520530787.052392 1.212331 -13.322208 -26.843556 0.020623 0.335047 0.898858 -0.281732
1520530787.102393 0.649381 -13.875100 -27.449576 0.009687 0.328605 0.902806 -0.277246
1520530787.152463 -0.065718 -14.158186 -28.089399 0.008775 0.323836 0.904834 -0.276276
1520530787.202465 -0.444946 -14.592804 -28.903177 0.002312 0.320491 0.905842 -0.277004
1520530787.252466 -0.526705 -15.364717 -29.538312 -0.008172 0.312851 0.907475 -0.280262
1520530787.302468 -0.694420 -15.809075 -30.416351 -0.014706 0.291955 0.912401 -0.286481
1520530787.352469 -0.830126 -16.808207 -30.368862 -0.012920 0.287604 0.910792 -0.295930
1520530787.402471 -0.623272 -17.447282 -31.101805 -0.029493 0.272906 0.913282 -0.300945
1520530787.452472 -0.836433 -18.251563 -31.660076 -0.041051 0.267532 0.914054 -0.302070
1520530787.502475 -1.534156 -18.680414 -32.235376 -0.045385 0.262647 0.914855 -0.303309
1520530787.552476 -2.372369 -18.927805 -32.722998 -0.046183 0.256913 0.915855 -0.305077
1520530787.602205 -2.200168 -19.429559 -33.568436 -0.068203 0.254409 0.913639 -0.309660
1520530787.652207 -2.933065 -19.813810 -34.141488 -0.070080 0.245894 0.917302 -0.305256
1520530787.702208 -3.588080 -20.402003 -34.619489 -0.070456 0.239010 0.920828 -0.299976
1520530787.752210 -4.261014 -20.847215 -35.207968 -0.074966 0.233751 0.921406 -0.301250
1520530787.802211 -4.687445 -21.365758 -35.946802 -0.087222 0.225191 0.922871 -0.299985
1520530787.852213 -4.959851 -22.084847 -36.589180 -0.099330 0.222979 0.919653 -0.307657
1520530787.902214 -5.259757 -22.818259 -37.200027 -0.108666 0.220884 0.915457 -0.318341
1520530787.952275 -5.459024 -23.715791 -37.600440 -0.117082 0.220261 0.910229 -0.330545
1520530788.002070 -5.919761 -24.509210 -37.996805 -0.128801 0.213842 0.907957 -0.336594
1520530788.052072 -6.136264 -25.390264 -38.419370 -0.138919 0.210857 0.906389 -0.338674
1520530788.102073 -6.705663 -26.196837 -38.582929 -0.149526 0.208502 0.903124 -0.344290
1520530788.152075 -6.798711 -26.809262 -39.359558 -0.157307 0.207825 0.899359 -0.351022
1520530788.202077 -6.834080 -27.558166 -40.023656 -0.160556 0.209242 0.895851 -0.357618
1520530788.252078 -6.055253 -27.550756 -40.662782 -0.175719 0.203130 0.891941 -0.363733
1520530788.302080 -6.075559 -28.379314 -41.226714 -0.181822 0.199616 0.890710 -0.365691
1520530788.352081 -5.504933 -28.471823 -42.045174 -0.201769 0.182442 0.887441 -0.372093
1520530788.402167 -5.316303 -29.142594 -42.764411 -0.206507 0.171787 0.886496 -0.376787
1520530788.452168 -4.843677 -29.927766 -43.175258 -0.213204 0.170636 0.880652 -0.387142
1520530788.502170 -4.645568 -30.553481 -43.924477 -0.217093 0.162676 0.880473 -0.388812
1520530788.552172 -4.421869 -31.229788 -44.627308 -0.225073 0.157305 0.878050 -0.391950
1520530788.602173 -4.382123 -31.680257 -45.517190 -0.231187 0.143469 0.879514 -0.390414
1520530788.652175 -4.634684 -32.247978 -46.303646 -0.234426 0.137042 0.878989 -0.391973
1520530788.702176 -4.795547 -33.095082 -46.818145 -0.237492 0.136990 0.879322 -0.389390
1520530788.752178 -4.476734 -33.579190 -47.629515 -0.249073 0.127055 0.877430 -0.389789
1520530788.802199 -4.684550 -34.437062 -48.108648 -0.251123 0.126154 0.878581 -0.386157
1520530788.852201 -4.371090 -34.768299 -48.993697 -0.263104 0.121384 0.874936 -0.387981
1520530788.902203 -4.282657 -35.323755 -49.822252 -0.275827 0.121802 0.869852 -0.390438
1520530788.952205 -3.734758 -34.915957 -50.560026 -0.306530 0.107874 0.864971 -0.382398
1520530789.002206 -3.367241 -34.787951 -51.479042 -0.328171 0.090340 0.862373 -0.374773
1520530789.052208 -2.928993 -34.755194 -52.376748 -0.345745 0.080863 0.858308 -0.370444
1520530789.102209 -3.115575 -35.304641 -53.198792 -0.353632 0.081560 0.855696 -0.368886
1520530789.152211 -2.310397 -35.253272 -53.797220 -0.370909 0.077458 0.848143 -0.370244
1520530789.202288 -1.585163 -35.303099 -54.481891 -0.383509 0.072226 0.841818 -0.372891
1520530789.252290 -1.037618 -35.247767 -55.316214 -0.391002 0.062122 0.836625 -0.378573
1520530789.302291 -0.114793 -35.338161 -55.700072 -0.402304 0.058325 0.827935 -0.386358
1520530789.352293 0.034513 -35.188312 -56.678865 -0.397941 0.041376 0.828558 -0.391693
1520530789.402294 0.636747 -34.808936 -57.382191 -0.412328 0.026623 0.824256 -0.387141
1520530789.452296 0.868030 -34.225994 -58.165184 -0.422044 0.013162 0.821027 -0.384215
1520530789.502297 1.605412 -33.835008 -58.713073 -0.430788 0.013397 0.815962 -0.385289
1520530789.552340 2.403619 -33.285608 -58.970219 -0.439201 0.005233 0.811398 -0.385627
1520530789.602354 3.012304 -32.897023 -59.657600 -0.444971 -0.001482 0.807621 -0.386971
1520530789.652356 2.984322 -32.204744 -60.387837 -0.445458 -0.017528 0.803588 -0.394343
1520530789.702357 3.333911 -31.865186 -61.255931 -0.449547 -0.021834 0.800903 -0.394950
1520530789.752359 3.519919 -31.660197 -62.217661 -0.449514 -0.032860 0.801810 -0.392375
1520530789.802361 4.428425 -31.405964 -62.561304 -0.463626 -0.040461 0.795989 -0.387059
1520530789.852362 4.448797 -30.800511 -63.366137 -0.463770 -0.059847 0.792637 -0.391231
1520530789.902364 5.333125 -30.408210 -63.621183 -0.476857 -0.064271 0.783877 -0.392446
1520530789.952365 5.845216 -29.818068 -64.246868 -0.487948 -0.078035 0.775711 -0.392543
1520530790.002367 6.347597 -29.126732 -64.767708 -0.500754 -0.089274 0.765240 -0.394568
1520530790.052260 6.774504 -28.812507 -65.613418 -0.505910 -0.097661 0.759682 -0.396739
1520530790.102262 6.327786 -29.672994 -65.373762 -0.524177 -0.116523 0.751408 -0.383467
1520530790.152263 6.572867 -28.887083 -65.935720 -0.529688 -0.134521 0.746952 -0.378678
1520530790.202265 7.065652 -28.057009 -66.194378 -0.538131 -0.140746 0.741691 -0.374833
1520530790.252267 7.748468 -27.339629 -66.323767 -0.547996 -0.144536 0.734303 -0.373642
1520530790.302268 8.574170 -26.805510 -66.493141 -0.557679 -0.144267 0.725512 -0.376581
1520530790.352270 9.355274 -26.205692 -66.668621 -0.564270 -0.144537 0.717882 -0.381252
1520530790.402272 10.311373 -25.933496 -66.763139 -0.573086 -0.143380 0.710270 -0.382793
1520530790.452261 11.066207 -25.825336 -67.404023 -0.575741 -0.145082 0.709152 -0.380233
1520530790.502263 11.882818 -25.877287 -67.979829 -0.580999 -0.147983 0.708694 -0.371879
1520530790.552263 12.373013 -24.993793 -67.956657 -0.591131 -0.157276 0.700674 -0.367266
1520530790.602266 12.918133 -24.277027 -68.383469 -0.591566 -0.154381 0.696372 -0.375876
1520530790.652267 13.566559 -24.081981 -69.116223 -0.592131 -0.153614 0.694824 -0.378158
1520530790.702269 14.462119 -23.813972 -69.477945 -0.595384 -0.156101 0.691818 -0.377541
1520530790.752271 15.291272 -23.247205 -69.488871 -0.603864 -0.159219 0.683415 -0.378076
1520530790.802272 15.846434 -23.440389 -70.296317 -0.608673 -0.160578 0.681898 -0.372488
1520530790.852423 16.372470 -23.240609 -71.121916 -0.611278 -0.167463 0.680809 -0.367143
1520530790.902428 16.997864 -23.107009 -71.890601 -0.616185 -0.171507 0.678686 -0.360953
1520530790.952426 17.587102 -23.030923 -72.695206 -0.622768 -0.172743 0.674028 -0.357779
1520530791.002428 18.113108 -22.726474 -73.489542 -0.628583 -0.175464 0.667603 -0.358333
1520530791.052429 18.681049 -22.488287 -74.277269 -0.635513 -0.178352 0.660340 -0.358141
1520530791.102430 19.167203 -22.244626 -75.117000 -0.645525 -0.178552 0.651277 -0.356728
1520530791.152456 19.566608 -22.254793 -76.035596 0.656596 0.176172 -0.642521 0.353570
1520530791.202433 20.186620 -22.192874 -76.816815 0.668093 0.175809 -0.632767 0.349783
1520530791.252573 20.851815 -22.127368 -77.560604 0.677044 0.177621 -0.624690 0.346157
1520530791.302574 21.573200 -21.672647 -78.085295 0.685344 0.185157 -0.615936 0.341531
1520530791.352576 22.360085 -21.249061 -78.533727 0.694331 0.186477 -0.606567 0.339422
1520530791.402578 23.214822 -20.916181 -78.931290 0.705254 0.187129 -0.595437 0.336234
1520530791.452579 24.042867 -20.865359 -79.488733 0.714163 0.185239 -0.585861 0.335296
1520530791.502581 24.842407 -20.300853 -79.712131 0.726418 0.186949 -0.569843 0.335628
1520530791.552582 25.611949 -19.735392 -79.405171 0.742107 0.192320 -0.551924 0.328133
1520530791.602584 26.298814 -19.066775 -79.683745 0.748556 0.205999 -0.539803 0.325332
1520530791.652471 27.278594 -18.867501 -79.689685 0.757322 0.211648 -0.529012 0.319084
1520530791.702473 27.946770 -18.260282 -79.244904 0.767032 0.220217 -0.514589 0.313632
1520530791.752474 28.545663 -17.749493 -78.627850 0.777065 0.227431 -0.496302 0.313257
1520530791.802476 28.745481 -17.244987 -77.787708 0.788935 0.238779 -0.469094 0.317044
1520530791.852478 29.676826 -16.915202 -77.799293 0.795082 0.241785 -0.458282 0.315218
1520530791.902479 29.847163 -15.965536 -77.503244 0.801157 0.266532 -0.437342 0.309580
1520530791.952481 30.577234 -15.462165 -77.948159 0.803424 0.267686 -0.434007 0.307396
1520530792.002483 31.242522 -14.795854 -78.287978 0.801598 0.274926 -0.432057 0.308518
1520530792.052519 31.309152 -13.817772 -78.065098 0.804542 0.292983 -0.413822 0.309233
1520530792.102171 31.507772 -12.901016 -77.722606 0.806681 0.314679 -0.392040 0.310721
1520530792.152172 31.932975 -12.025643 -77.504944 0.811990 0.331646 -0.371517 0.304398
1520530792.202174 32.360343 -11.152828 -77.738864 0.815276 0.334879 -0.363202 0.302101
1520530792.252176 32.792574 -10.795631 -78.571641 0.819240 0.332354 -0.360157 0.297781
1520530792.302177 32.630045 -11.531038 -79.239501 0.828962 0.347432 -0.334401 0.283354
1520530792.352179 33.356343 -10.897880 -79.474905 0.830903 0.349844 -0.326147 0.284318
1520530792.402180 34.170450 -10.396462 -79.765321 0.830742 0.352126 -0.326012 0.282117
1520530792.452182 34.551764 -9.724638 -79.117477 0.836446 0.354937 -0.311854 0.277715
1520530792.502040 35.204129 -9.364296 -79.783614 0.839847 0.353586 -0.309362 0.271899
1520530792.552042 35.005489 -9.844891 -78.931609 0.848835 0.348333 -0.296829 0.264643
1520530792.602042 35.048064 -10.369267 -79.790975 0.855118 0.354917 -0.281583 0.252029
1520530792.652044 35.107282 -10.833741 -80.674382 0.859055 0.368230 -0.263942 0.238254
1520530792.702045 35.677920 -10.406579 -79.953342 0.863535 0.371101 -0.254224 0.227950
1520530792.752053 36.076012 -10.061173 -79.102258 0.869078 0.370682 -0.243129 0.219514
1520530792.802049 36.907956 -9.523293 -79.045759 0.873940 0.364100 -0.237466 0.217415
1520530792.852051 37.388621 -9.144243 -78.246565 0.880853 0.357817 -0.221118 0.217191
1520530792.902248 38.208662 -8.680616 -77.929079 0.883798 0.357851 -0.210944 0.215282
1520530792.952250 39.033740 -8.302125 -77.508417 0.889807 0.355003 -0.198633 0.206790
1520530793.002252 39.537312 -7.615433 -76.976245 0.891343 0.361599 -0.184918 0.201393
1520530793.052253 40.051911 -6.761183 -76.907530 0.890185 0.366387 -0.177857 0.204201
1520530793.102255 40.815086 -6.234893 -77.279241 0.889981 0.369127 -0.175316 0.202343
1520530793.152256 41.607527 -5.645623 -77.111403 0.890508 0.372717 -0.168386 0.199309
1520530793.202258 42.318228 -5.099998 -76.662657 0.890747 0.377352 -0.158981 0.197232
1520530793.252259 42.999880 -4.412965 -76.412573 0.890941 0.383282 -0.149960 0.191913
1520530793.302667 43.594304 -3.651019 -76.152325 0.894018 0.385298 -0.137770 0.182471
1520530793.352668 44.050030 -2.759014 -76.147611 0.897552 0.382242 -0.124348 0.181189
1520530793.402670 43.915621 -2.819769 -75.156126 0.904626 0.378516 -0.090419 0.173785
1520530793.452672 43.695182 -2.699106 -74.186995 0.906194 0.382737 -0.062910 0.168425
1520530793.502673 43.109947 -2.268678 -73.497273 0.903959 0.391608 -0.038144 0.167471
1520530793.552675 43.394334 -1.572785 -72.846269 0.905676 0.389926 -0.028772 0.163954
1520530793.602676 42.932984 -1.669436 -71.970096 0.908075 0.389452 -0.008723 0.153785
1520530793.652678 42.273862 -1.257877 -71.334684 0.906545 0.393028 0.011377 0.153547
1520530793.702589 41.604592 -1.418336 -70.612513 0.906618 0.393330 0.032478 0.149268
1520530793.752592 41.104625 -1.782211 -69.825269 0.905786 0.396183 0.048659 0.142209
1520530793.802593 40.940856 -1.552646 -68.861991 0.905145 0.397974 0.054382 0.139182
1520530793.852595 40.984172 -1.428763 -67.871352 0.905799 0.397891 0.056348 0.134299
1520530793.902596 41.278132 -1.023838 -67.007854 0.907186 0.395104 0.055640 0.133459
1520530793.952598 41.635000 -0.816981 -66.096949 0.905937 0.397138 0.056425 0.135561
1520530794.002600 40.880329 -0.561413 -65.498664 0.903027 0.397639 0.073626 0.144929
1520530794.052605 40.619911 -0.842483 -64.571587 0.902512 0.398750 0.084192 0.139221
1520530794.102648 40.476266 -0.512120 -63.635837 0.902485 0.397703 0.092433 0.137148
1520530794.152650 40.275337 -0.743502 -62.684790 0.902159 0.398308 0.102732 0.130022
1520530794.202651 39.412852 -0.754404 -62.186061 0.896174 0.403903 0.129382 0.130365
1520530794.252653 38.723706 -0.583922 -61.476979 0.891021 0.408338 0.148368 0.131642
1520530794.302654 38.493360 0.029527 -60.720815 0.887281 0.411715 0.157439 0.135779
1520530794.352656 37.712842 0.209469 -60.130619 0.879724 0.421576 0.174719 0.133537
1520530794.402657 36.983690 0.420572 -59.478079 0.875619 0.425292 0.190569 0.126891
1520530794.452658 36.410428 0.375627 -58.659388 0.870483 0.430780 0.206311 0.118843
1520530794.502660 35.764675 0.458207 -57.899531 0.865494 0.432494 0.223529 0.117916
1520530794.552676 35.325674 0.299688 -57.014467 0.862489 0.433780 0.234789 0.113237
1520530794.602678 34.752761 0.316141 -56.194310 0.860075 0.434248 0.244396 0.109410
1520530794.652679 34.267292 0.167561 -55.332799 0.861002 0.430092 0.252309 0.100184
1520530794.702681 33.793094 0.136358 -54.452217 0.861558 0.426880 0.258266 0.093751
1520530794.752682 33.233912 0.069238 -53.626487 0.863248 0.422513 0.261597 0.088618
1520530794.802684 32.514368 -0.127550 -52.963828 0.862081 0.420757 0.268557 0.087508
1520530794.852685 32.180496 -0.129391 -52.019404 0.858249 0.425796 0.273024 0.086970
1520530794.902687 31.708339 0.069930 -51.159953 0.853336 0.433459 0.276450 0.086641
1520530794.952672 31.104424 -0.290762 -50.452983 0.850982 0.437130 0.280242 0.078809
1520530795.002674 30.247949 -0.267758 -49.935753 0.850453 0.433349 0.287451 0.079438
1520530795.052676 29.792565 -0.273643 -49.042843 0.850657 0.428542 0.293620 0.080756
1520530795.102677 29.433178 -0.152725 -48.117333 0.850437 0.422279 0.302079 0.084770
1520530795.152679 28.808902 -0.226361 -47.341815 0.845922 0.419398 0.317842 0.086592
1520530795.202680 28.391932 -0.342279 -46.439548 0.842120 0.417878 0.330845 0.082184
1520530795.252682 28.102336 -0.085967 -45.517017 0.839922 0.417224 0.338087 0.078439
1520530795.302684 27.619367 -0.309840 -44.671523 0.834776 0.417066 0.352618 0.069760
1520530795.352702 27.558657 0.091533 -43.760162 0.834512 0.414072 0.356326 0.071870
1520530795.402704 26.945914 0.291997 -42.995796 0.827303 0.412980 0.373460 0.074465
1520530795.452706 26.206158 0.178828 -42.335127 0.815803 0.416664 0.395029 0.069336
1520530795.502707 26.246411 0.791035 -41.552920 0.814825 0.414044 0.400569 0.064597
1520530795.552709 26.185358 1.325593 -40.708892 0.812703 0.409744 0.409840 0.060458
1520530795.602710 25.711470 1.287347 -39.827488 0.804560 0.405154 0.431012 0.052543
1520530795.652711 25.561735 1.572752 -38.883317 0.802490 0.401637 0.438558 0.048629
1520530795.702713 25.314605 1.945696 -37.988312 0.801281 0.400376 0.441851 0.049148
1520530795.752691 24.671436 1.849512 -37.229706 0.795102 0.399089 0.454430 0.045108
1520530795.802693 24.176038 2.199296 -36.433590 0.791472 0.396510 0.462774 0.046818
1520530795.852695 23.487265 2.213574 -35.709794 0.786572 0.392544 0.474854 0.041548
1520530795.902695 23.273840 2.552665 -34.796730 0.787585 0.387711 0.477472 0.037567
1520530795.952699 22.823592 2.985651 -34.014078 0.783206 0.389372 0.482830 0.043055
1520530796.002699 22.456004 3.105767 -33.091612 0.778875 0.392494 0.487667 0.038521
1520530796.052701 21.930844 2.621881 -32.392490 0.774823 0.389714 0.497158 0.024621
1520530796.102702 21.469240 2.799257 -31.521474 0.774286 0.385076 0.501729 0.021590
1520530796.152534 20.710623 2.299807 -31.114745 0.764980 0.380444 0.519301 0.019861
1520530796.202537 20.375913 2.377191 -30.175687 0.761047 0.378743 0.526249 0.020538
1520530796.252537 20.111212 2.715167 -29.273309 0.758918 0.376712 0.530647 0.023358
1520530796.302539 19.862315 2.988952 -28.344352 0.754917 0.376869 0.536361 0.019691
1520530796.352540 19.194684 3.071225 -27.603859 0.745193 0.375536 0.550775 0.017537
1520530796.402542 18.613066 2.583361 -26.952097 0.733467 0.372005 0.568876 0.004282
1520530796.452543 18.393691 2.725264 -25.989813 0.732297 0.369760 0.571821 0.006269
1520530796.502546 18.058059 2.885690 -25.060772 0.727475 0.365402 0.580711 0.006014
1520530796.552486 17.782444 2.841915 -24.100352 0.723860 0.364310 0.585922 -0.000860
1520530796.602488 17.155569 2.896806 -23.321933 0.716544 0.360967 0.596852 -0.005945
1520530796.652490 16.756207 2.993178 -22.411593 0.706233 0.360535 0.609083 -0.016379
1520530796.702491 16.258037 3.144982 -21.557561 0.698189 0.361578 0.617709 -0.015149
1520530796.752493 16.210979 3.602799 -20.675241 0.693166 0.363490 0.622173 -0.017269
1520530796.802494 16.098917 4.018553 -19.772088 0.689562 0.362367 0.626709 -0.020738
1520530796.852496 15.478075 3.819281 -19.009971 0.684427 0.355543 0.635848 -0.029088
1520530796.902498 14.532537 3.518755 -19.013074 0.662980 0.350287 0.660850 -0.032154
1520530796.952499 13.575438 3.236458 -19.079113 0.645728 0.341604 0.681986 -0.035166
1520530797.002632 13.142856 2.900351 -18.239434 0.643860 0.335563 0.686307 -0.042720
1520530797.052634 12.482506 2.482134 -17.616422 0.635696 0.334340 0.694438 -0.043160
1520530797.102635 12.157240 2.613719 -16.684074 0.635424 0.339091 0.692226 -0.045581
1520530797.152637 11.493657 2.278543 -16.013100 0.635911 0.336213 0.692532 -0.054564
1520530797.202638 10.871650 1.825784 -15.374144 0.637002 0.326083 0.695859 -0.060657
1520530797.252639 11.001875 1.397065 -14.484716 0.635680 0.327481 0.696002 -0.065181
1520530797.302642 10.391984 0.615184 -14.457085 0.621487 0.311997 0.714973 -0.072289
1520530797.352643 10.014386 0.351264 -13.570528 0.619650 0.311241 0.717145 -0.069749
1520530797.402760 10.216283 -0.059819 -12.683517 0.610990 0.337956 0.712584 -0.068560
1520530797.452761 10.151347 -0.436324 -11.757546 0.608130 0.356994 0.705909 -0.066530
1520530797.502762 9.317816 -0.892068 -11.459233 0.598059 0.351801 0.717125 -0.065521
1520530797.552764 8.980836 -1.172089 -10.562694 0.598290 0.355001 0.715184 -0.067354
1520530797.602866 8.030500 -1.413538 -10.396189 0.584672 0.349202 0.729900 -0.058849
1520530797.652767 7.345441 -2.076500 -10.689787 0.563566 0.342414 0.749181 -0.062244
1520530797.702768 6.800484 -2.390895 -9.908499 0.554947 0.337081 0.757742 -0.065093
1520530797.752770 6.011219 -2.803961 -10.335379 0.530593 0.325965 0.779545 -0.067279
1520530797.802643 5.251238 -3.454329 -10.427175 0.504956 0.317547 0.799052 -0.075491
1520530797.852644 4.427954 -3.768230 -10.894885 0.475194 0.310634 0.819844 -0.074516
1520530797.902646 3.604204 -4.297490 -11.114436 0.460021 0.301745 0.831855 -0.073127
1520530797.952647 3.155955 -5.089284 -11.531319 0.443600 0.298341 0.841447 -0.078597
1520530798.002650 2.467150 -5.415330 -12.176491 0.428681 0.298388 0.849046 -0.079490
1520530798.052650 1.847541 -5.487823 -12.958402 0.418325 0.296984 0.854766 -0.078608
1520530798.102652 0.898168 -5.824253 -12.890963 0.417301 0.295875 0.855835 -0.076585
1520530798.152653 0.327295 -6.645518 -12.819490 0.403812 0.295007 0.861802 -0.084874
1520530798.202505 -0.129755 -6.927276 -13.656041 0.385556 0.289342 0.871944 -0.085680
1520530798.252507 -0.719927 -7.280236 -14.383205 0.366990 0.281626 0.882997 -0.079506
1520530798.302508 -1.246825 -7.603546 -15.169043 0.353449 0.280216 0.889366 -0.074704
1520530798.352510 -1.372171 -7.861851 -16.128079 0.339546 0.282816 0.894267 -0.070780
1520530798.402511 -1.836320 -8.257627 -16.921253 0.326182 0.284550 0.899263 -0.062954
1520530798.452513 -2.242132 -8.644069 -17.749366 0.311846 0.284988 0.904476 -0.058798
1520530798.502514 -2.687111 -8.966122 -18.585085 0.295094 0.284479 0.910510 -0.054438
1520530798.552516 -2.846485 -9.432598 -19.456028 0.280449 0.284492 0.915193 -0.053233
1520530798.602415 -3.633213 -10.051703 -19.585510 0.273095 0.289042 0.916376 -0.046130
1520530798.652417 -3.739880 -10.571929 -20.428800 0.263109 0.292354 0.918165 -0.047702
1520530798.702418 -3.864014 -10.787931 -21.397181 0.253295 0.294070 0.920285 -0.049396
1520530798.752420 -3.949711 -11.303153 -22.251019 0.244546 0.295395 0.921708 -0.058257
1520530798.802421 -4.462465 -11.543149 -23.076872 0.235244 0.292550 0.924458 -0.066726
1520530798.852423 -4.539560 -10.819487 -22.409774 0.216972 0.288161 0.928995 -0.082796
1520530798.902425 -5.124480 -11.620051 -22.562530 0.211097 0.286564 0.930832 -0.082889
1520530798.952426 -5.799283 -12.328407 -22.347782 0.205759 0.286180 0.932401 -0.079961
1520530799.002338 -6.004055 -13.102025 -22.937117 0.192562 0.282955 0.936111 -0.080943
1520530799.052339 -6.145656 -13.684239 -23.735450 0.181493 0.282477 0.938019 -0.085951
1520530799.102340 -6.573810 -14.151755 -24.509418 0.172206 0.280770 0.939989 -0.089076
1520530799.152342 -7.055618 -14.963091 -24.856805 0.168324 0.282036 0.940124 -0.091046
1520530799.202422 -7.114241 -15.390688 -25.755044 0.153133 0.278959 0.943617 -0.091204
1520530799.252345 -7.686839 -16.182026 -26.006471 0.147121 0.280591 0.944157 -0.090503
1520530799.302346 -8.212681 -16.982809 -26.292219 0.138245 0.284076 0.944709 -0.087830
1520530799.352348 -8.544686 -17.704224 -26.894610 0.126486 0.288349 0.945246 -0.085827
1520530799.402350 -9.238922 -18.009490 -27.548833 0.124239 0.291166 0.944689 -0.085733
1520530799.452410 -9.735553 -18.845197 -27.806398 0.123628 0.298122 0.942186 -0.090140
1520530799.502413 -9.784355 -19.340835 -28.668165 0.114774 0.298077 0.942941 -0.094023
1520530799.552413 -10.259938 -20.202973 -28.884377 0.107673 0.299983 0.943073 -0.095026
1520530799.602416 -10.503318 -21.047978 -29.355852 0.097870 0.302063 0.943667 -0.093125
1520530799.652417 -11.149378 -21.613113 -29.870372 0.091412 0.303240 0.944385 -0.088461
1520530799.702419 -11.026436 -22.423759 -30.447988 0.081047 0.306467 0.944110 -0.090368
1520530799.752419 -10.989696 -23.118593 -31.163693 0.066020 0.306615 0.944938 -0.093384
1520530799.802422 -11.120479 -24.033968 -31.554147 0.054488 0.306117 0.945271 -0.098925
1520530799.852662 -11.699282 -24.844084 -31.674396 0.046970 0.303623 0.946254 -0.101048
1520530799.902663 -12.160997 -25.520819 -32.239683 0.032654 0.298077 0.948218 -0.104725
1520530799.952665 -13.106333 -25.854098 -32.309438 0.027803 0.298948 0.948063 -0.105044
1520530800.002666 -12.871329 -26.105893 -33.243799 -0.002877 0.300868 0.947566 -0.107652
1520530800.052668 -13.734311 -26.325872 -33.724266 -0.009094 0.303772 0.946605 -0.107602
1520530800.102669 -14.354580 -27.090009 -33.922750 -0.023374 0.313668 0.943832 -0.101233
1520530800.152671 -13.583997 -27.326619 -34.529833 -0.058378 0.308364 0.942691 -0.113305
1520530800.202673 -13.762284 -28.151496 -35.073240 -0.073478 0.304378 0.942813 -0.114275
1520530800.252766 -14.374300 -28.942646 -35.162634 -0.077243 0.301102 0.943157 -0.117585
1520530800.302767 -15.260222 -29.388446 -35.293327 -0.076566 0.301645 0.943264 -0.115766
1520530800.352769 -15.343718 -29.641674 -36.247722 -0.091222 0.299298 0.942506 -0.117396
1520530800.402770 -16.080920 -29.842978 -36.903962 -0.097448 0.298221 0.942637 -0.114037
1520530800.452771 -16.619255 -30.410222 -37.527445 -0.106130 0.297606 0.942542 -0.108543
1520530800.502774 -17.404350 -30.903715 -37.909556 -0.110913 0.295031 0.943499 -0.102294
1520530800.552775 -17.444445 -31.312176 -38.814254 -0.119738 0.288745 0.944097 -0.104742
1520530800.602776 -17.475696 -31.843619 -39.661543 -0.128368 0.285662 0.943315 -0.109890
1520530800.652461 -16.711906 -32.214683 -40.203380 -0.146155 0.286968 0.939262 -0.118638
1520530800.702461 -16.396201 -32.672783 -41.030030 -0.163111 0.287575 0.935982 -0.120968
1520530800.752463 -16.627008 -32.990443 -41.952152 -0.176945 0.280812 0.935694 -0.119630
1520530800.802521 -17.135892 -33.670023 -42.491980 -0.184944 0.280187 0.934934 -0.114841
1520530800.852467 -16.599256 -33.786621 -43.329670 -0.214070 0.266980 0.933009 -0.111307
1520530800.902468 -16.153372 -34.040574 -44.186762 -0.238449 0.256536 0.930497 -0.107272
1520530800.952470 -15.575340 -34.223935 -44.982749 -0.268062 0.247891 0.925373 -0.101871
1520530801.002471 -16.186358 -34.566930 -45.711991 -0.273708 0.243723 0.924867 -0.101504
1520530801.052103 -16.466721 -34.933417 -46.595480 -0.286332 0.238508 0.922520 -0.100426
1520530801.102105 -17.041591 -35.518263 -47.176266 -0.292250 0.242326 0.919318 -0.103544
1520530801.152106 -17.544702 -35.925585 -47.936071 -0.298780 0.241350 0.917115 -0.106684
1520530801.202108 -18.002626 -36.237096 -48.767821 -0.303362 0.237461 0.917511 -0.098777
1520530801.252109 -18.402479 -36.587536 -49.614295 -0.315733 0.235822 0.914471 -0.091893
1520530801.302111 -18.810159 -36.728985 -50.516657 -0.322689 0.230513 0.914015 -0.085508
1520530801.352113 -19.180761 -37.084633 -51.375041 -0.329085 0.229860 0.911957 -0.084859
1520530801.402114 -18.633809 -37.220375 -52.201182 -0.348095 0.225705 0.905865 -0.085418
1520530801.452116 -18.707768 -37.475160 -53.168742 -0.355135 0.226704 0.902798 -0.086262
1520530801.502019 -18.811162 -38.148787 -53.905263 -0.364749 0.232710 0.897717 -0.083121
1520530801.552021 -18.871667 -38.646607 -54.768757 -0.372968 0.237017 0.893337 -0.081647
1520530801.602022 -18.596533 -38.089639 -55.562808 -0.381935 0.230632 0.891033 -0.083632
1520530801.652024 -17.994135 -38.579404 -56.195330 -0.391428 0.240798 0.884389 -0.081585
1520530801.702025 -17.708611 -38.941947 -57.081641 -0.400322 0.245904 0.878929 -0.082201
1520530801.752028 -18.049034 -39.542678 -57.814184 -0.403108 0.248448 0.876904 -0.082562
1520530801.802029 -18.231656 -40.146078 -58.588637 -0.407178 0.248898 0.874598 -0.085636
1520530801.852031 -18.286794 -40.606531 -59.472645 -0.415226 0.248275 0.870988 -0.085593
1520530801.902305 -18.005817 -40.856174 -60.397586 -0.426672 0.244837 0.866889 -0.080682
1520530801.952306 -17.847601 -41.167422 -61.335425 -0.434009 0.242078 0.864403 -0.076439
1520530802.002307 -18.035621 -41.842195 -62.056493 -0.439569 0.243887 0.861755 -0.068387
1520530802.052309 -17.274482 -41.999260 -62.688947 -0.453974 0.239863 0.855598 -0.065776
1520530802.102309 -17.045827 -42.403231 -63.576024 -0.461859 0.240045 0.851361 -0.065184
1520530802.152312 -17.493719 -42.838114 -64.365905 -0.461556 0.246001 0.850142 -0.060891
1520530802.202314 -17.441641 -43.153839 -65.308273 -0.469464 0.253548 0.843199 -0.065821
1520530802.252315 -16.544513 -43.223748 -65.758796 -0.490306 0.257968 0.829842 -0.066438
1520530802.302572 -17.059622 -43.805092 -66.411477 -0.484630 0.268128 0.831105 -0.050059
1520530802.352574 -16.130357 -43.666478 -66.779491 -0.509078 0.257343 0.820290 -0.041688
1520530802.402610 -15.219401 -43.966307 -67.061257 -0.524698 0.255853 0.810889 -0.041107
1520530802.452577 -14.746857 -44.115662 -67.928067 -0.529599 0.255868 0.807406 -0.046392
1520530802.502578 -13.745096 -44.025926 -68.012054 -0.540065 0.256206 0.799969 -0.052320
1520530802.552580 -12.801194 -43.761994 -68.209959 -0.553832 0.247817 0.792822 -0.057358
1520530802.602582 -11.860797 -43.965243 -68.474532 -0.568540 0.239515 0.784632 -0.061214
1520530802.652582 -10.941863 -44.081796 -68.848541 -0.581667 0.228233 0.778168 -0.063467
1520530802.702605 -10.141439 -44.664527 -69.007523 -0.592248 0.222158 0.772193 -0.060045
1520530802.752606 -9.325444 -44.971098 -69.491781 -0.593827 0.219197 0.772056 -0.057026
1520530802.802608 -8.390753 -44.825533 -69.827213 -0.598718 0.215738 0.769559 -0.052647
1520530802.852609 -7.556019 -45.093041 -70.304601 -0.600951 0.220904 0.766448 -0.051153
1520530802.902611 -6.759464 -45.695980 -70.407541 -0.602720 0.230246 0.762198 -0.052635
1520530802.952613 -5.916123 -45.562980 -70.929361 -0.607946 0.231630 0.757393 -0.055717
1520530803.002614 -5.227943 -45.656816 -71.646590 -0.611827 0.230414 0.754417 -0.058585
1520530803.052616 -4.222764 -45.652314 -71.568374 -0.625268 0.227248 0.744311 -0.058299
1520530803.102764 -3.894485 -46.168334 -72.360096 -0.627314 0.225837 0.743278 -0.054880
1520530803.152766 -3.012347 -46.622293 -72.525564 -0.636101 0.223368 0.736434 -0.056105
1520530803.202767 -2.062869 -46.698720 -72.205091 -0.646775 0.218103 0.727676 -0.067833
1520530803.252769 -1.152680 -46.284309 -72.158024 -0.657047 0.211399 0.719045 -0.081081
1520530803.302770 -0.262092 -46.738689 -72.161781 -0.664252 0.215805 0.710125 -0.088993
1520530803.352772 0.610257 -47.173951 -72.374102 -0.669800 0.220558 0.703174 -0.090927
1520530803.402774 1.600889 -47.160296 -72.526312 -0.677557 0.218168 0.696463 -0.090877
1520530803.452775 2.552366 -46.996632 -72.786499 -0.683408 0.213106 0.692418 -0.089981
1520530803.502920 3.500696 -47.207245 -73.020293 -0.683775 0.212871 0.691910 -0.091641
1520530803.552922 4.457062 -47.256608 -73.308712 -0.684446 0.210200 0.691042 -0.099047
1520530803.602923 5.268384 -46.693346 -73.498722 -0.687304 0.202141 0.689133 -0.108851
1520530803.652925 6.230056 -46.865398 -73.699608 0.690159 -0.198001 -0.686646 0.113989
1520530803.702926 7.180565 -47.145584 -73.836712 0.699195 -0.192347 -0.678728 0.116003
1520530803.752928 8.181109 -47.092479 -73.862726 0.711780 -0.181921 -0.668390 0.116310
1520530803.802930 9.160850 -46.932071 -73.730963 0.720251 -0.179086 -0.659872 0.117199
1520530803.852931 10.033916 -47.386727 -73.551448 0.722339 -0.181535 -0.657068 0.116332
1520530803.902932 11.006226 -47.567068 -73.400520 0.726533 -0.181430 -0.651959 0.119094
1520530803.952781 11.999451 -47.483509 -73.312741 0.733240 -0.179354 -0.643759 0.125565
1520530804.002792 12.954741 -47.530612 -73.016800 0.744218 -0.177987 -0.629794 0.133487
1520530804.052784 13.593302 -47.816369 -73.726337 0.746874 -0.175413 -0.626691 0.136628
1520530804.102786 14.198773 -48.171966 -74.438789 0.750833 -0.170333 -0.623359 0.136604
1520530804.152787 15.186818 -48.053081 -74.266708 0.763021 -0.168109 -0.608542 0.138619
1520530804.202790 15.818789 -48.164894 -75.031422 0.765076 -0.169996 -0.604378 0.143135
1520530804.252790 16.530725 -48.053777 -75.725647 0.768326 -0.169815 -0.598796 0.149268
1520530804.302792 17.124584 -48.365598 -76.468652 0.772144 -0.176637 -0.591079 0.152374
1520530804.352736 17.894284 -48.415931 -77.104980 0.778019 -0.180623 -0.580687 0.157687
1520530804.402738 18.567150 -48.719849 -77.780315 0.780652 -0.185744 -0.575047 0.159385
1520530804.452739 19.243861 -48.837196 -78.507342 0.785861 -0.181647 -0.568401 0.162319
1520530804.502741 20.206331 -48.803461 -78.204420 0.802398 -0.168709 -0.548770 0.162930
1520530804.552742 21.087430 -48.699001 -77.740715 0.816282 -0.156420 -0.530565 0.166483
1520530804.602744 22.058169 -48.508467 -77.853659 0.824359 -0.137074 -0.521585 0.172026
1520530804.652746 22.777604 -49.105277 -78.215026 0.825300 -0.134820 -0.520751 0.171820
1520530804.702747 23.521639 -49.332334 -78.841188 0.822669 -0.133963 -0.523166 0.177672
1520530804.752780 24.473485 -49.428571 -79.136530 0.825120 -0.137642 -0.516832 0.181978
1520530804.802782 25.449513 -49.583230 -79.294313 0.831110 -0.144621 -0.503855 0.185663
1520530804.852783 26.287515 -49.705690 -79.824723 0.832758 -0.147113 -0.499616 0.187764
1520530804.902784 27.282821 -49.834105 -79.827284 0.841039 -0.145650 -0.487521 0.183747
1520530804.952786 28.066508 -49.897123 -80.444888 0.842653 -0.139611 -0.487481 0.181127
1520530805.002789 28.876013 -50.292770 -80.881463 0.847267 -0.134024 -0.482795 0.176311
1520530805.052790 29.685402 -50.696829 -81.307970 0.849448 -0.130623 -0.480298 0.175187
1520530805.102791 30.432761 -51.088565 -81.844672 0.849412 -0.125973 -0.481319 0.175960
1520530805.152563 31.230449 -51.460495 -82.319278 0.853016 -0.116668 -0.477299 0.175892
1520530805.202564 32.126227 -51.723137 -82.677976 0.858041 -0.107821 -0.470565 0.175240
1520530805.252566 33.062288 -51.661873 -83.026432 0.860702 -0.100170 -0.466296 0.178118
1520530805.302567 33.882983 -51.589984 -83.593833 0.860881 -0.096750 -0.465517 0.181155
1520530805.352569 34.862171 -51.640270 -83.795548 0.864554 -0.099906 -0.456749 0.184246
1520530805.402570 35.681401 -51.976908 -84.260490 0.867960 -0.104751 -0.447801 0.187474
1520530805.452573 36.573994 -52.277085 -84.597264 0.873301 -0.110101 -0.433887 0.192265
1520530805.502574 37.473814 -52.638830 -84.843028 0.878495 -0.116802 -0.419552 0.196417
1520530805.552535 38.314588 -52.953744 -85.282213 0.881166 -0.117130 -0.412200 0.199796
1520530805.602537 38.904852 -53.563006 -85.817457 0.885100 -0.113322 -0.411582 0.185352
1520530805.652538 39.902161 -53.459752 -85.856981 0.889078 -0.106669 -0.404617 0.185600
1520530805.702539 40.890421 -53.590216 -85.926488 0.891572 -0.104966 -0.400094 0.184407
1520530805.752541 41.890523 -53.616323 -85.940742 0.892703 -0.104938 -0.395450 0.188915
1520530805.802543 42.757118 -53.756454 -85.452383 0.895976 -0.104306 -0.386881 0.191494
1520530805.852544 43.751456 -53.689525 -85.463011 0.895895 -0.098942 -0.384839 0.198699
1520530805.902546 44.741773 -53.770409 -85.345739 0.897862 -0.095844 -0.377963 0.204452
1520530805.952547 45.729717 -53.885725 -85.245620 0.900634 -0.092829 -0.370490 0.207311
1520530806.002724 46.666539 -53.908529 -84.889420 0.904463 -0.091545 -0.360771 0.208352
1520530806.052725 47.613746 -54.217539 -84.845255 0.906210 -0.097074 -0.356177 0.206148
1520530806.102727 48.482193 -54.389170 -84.370615 0.910390 -0.105175 -0.345235 0.202340
1520530806.152730 49.477526 -54.420753 -84.400489 0.913599 -0.105102 -0.336292 0.202972
1520530806.202730 50.390440 -54.432236 -83.983023 0.919320 -0.106317 -0.319486 0.203658
1520530806.252732 51.348825 -54.393501 -83.704998 0.924669 -0.098631 -0.307019 0.202484
1520530806.302733 52.318556 -54.158780 -83.762240 0.926754 -0.088117 -0.302675 0.204330
1520530806.352735 53.276334 -54.249427 -83.483976 0.931432 -0.085818 -0.293657 0.197068
1520530806.402898 53.734717 -53.704811 -82.771458 0.938373 -0.077368 -0.276490 0.192415
1520530806.452900 54.175678 -53.160094 -82.058304 0.945639 -0.067782 -0.255055 0.190050
1520530806.502902 54.559716 -52.603601 -81.321444 0.954701 -0.050544 -0.222750 0.190720
1520530806.552903 54.768308 -52.032659 -80.527370 0.964348 -0.026321 -0.181383 0.190893
1520530806.602905 55.496417 -51.689405 -79.943892 0.969960 -0.022526 -0.149952 0.190221
1520530806.652907 55.680110 -51.224093 -79.075761 0.975107 -0.014945 -0.116833 0.187866
1520530806.702909 55.712803 -50.635547 -78.267281 0.978163 0.001012 -0.088172 0.188209
1520530806.752909 56.677428 -50.678656 -78.058058 0.978900 0.004026 -0.084802 0.185867
1520530806.803026 56.879099 -50.316424 -77.138949 0.978614 0.007948 -0.068590 0.193770
1520530806.853027 57.164045 -49.870270 -76.290785 0.976772 0.010225 -0.057931 0.206049
1520530806.903030 57.354421 -49.471941 -75.393577 0.975286 0.009147 -0.047299 0.215628
1520530806.953031 57.485228 -49.093921 -74.477170 0.974056 0.007732 -0.036947 0.223139
1520530807.003032 57.440842 -48.896012 -73.498790 0.974962 0.004204 -0.018675 0.221548
1520530807.053034 57.370566 -48.489293 -72.586626 0.975480 0.007357 -0.000289 0.219963
1520530807.103035 58.070369 -48.117298 -71.988674 0.976605 0.002501 0.001489 0.215023
1520530807.153037 58.315649 -47.426451 -71.302161 0.976150 0.001456 0.000045 0.217092
1520530807.202843 58.264265 -47.015961 -70.392630 0.975546 0.007113 0.006980 0.219571
1520530807.252841 58.095798 -46.494220 -69.555875 0.973689 0.011728 0.019069 0.226780
1520530807.302842 57.924424 -46.230136 -68.607563 0.971849 0.011434 0.034051 0.232852
1520530807.352844 57.629770 -46.026727 -67.674599 0.970355 0.012987 0.051676 0.235736
1520530807.402846 57.342653 -45.272652 -67.076175 0.967004 0.026742 0.071932 0.242928
1520530807.452847 57.088827 -44.669946 -66.320331 0.963745 0.041523 0.090761 0.247456
1520530807.502849 57.572770 -44.097900 -65.666208 0.962162 0.044996 0.093365 0.251998
1520530807.552850 57.149408 -43.824902 -64.805727 0.960642 0.041868 0.112769 0.250396
1520530807.602722 57.474024 -43.404041 -63.962306 0.959505 0.035586 0.121316 0.251728
1520530807.652723 56.879716 -42.867246 -63.370019 0.955181 0.041286 0.145735 0.254336
1520530807.702725 57.545713 -42.628918 -62.680296 0.955005 0.050270 0.150135 0.250795
1520530807.752726 56.989017 -42.133472 -62.016556 0.950601 0.065642 0.171285 0.250421
1520530807.802728 57.550659 -41.586725 -61.409512 0.949315 0.070751 0.172166 0.253289
1520530807.852730 57.999941 -41.164111 -60.621769 0.947862 0.074056 0.175702 0.255346
1520530807.902731 57.809459 -41.013330 -59.650833 0.947267 0.071883 0.185513 0.251204
1520530807.952733 58.026606 -40.642461 -58.749235 0.946526 0.067982 0.191351 0.250702
1520530808.002813 58.428267 -40.257563 -57.920105 0.946245 0.060179 0.195581 0.250493
1520530808.052814 58.886100 -40.119703 -57.043260 0.946575 0.050145 0.202903 0.245586
1520530808.102816 59.293955 -39.613832 -56.279685 0.944596 0.045505 0.210989 0.247288
1520530808.152818 59.511507 -39.272157 -55.364689 0.942875 0.047443 0.219764 0.245845
1520530808.202819 59.806811 -38.984798 -54.454638 0.942764 0.047249 0.222912 0.243462
1520530808.252820 60.139891 -38.638966 -53.577543 0.942882 0.045049 0.225660 0.240878
1520530808.302823 60.523865 -38.226264 -52.751647 0.942012 0.046791 0.229637 0.240189
1520530808.352824 61.215989 -37.896383 -52.114854 0.941230 0.052732 0.228988 0.242629
1520530808.402827 60.461840 -37.415735 -51.683044 0.930530 0.074672 0.261893 0.244848
1520530808.452991 60.923397 -36.829702 -51.030160 0.928053 0.078759 0.263999 0.250639
1520530808.502992 61.038927 -36.378699 -50.143137 0.925517 0.078284 0.274549 0.248824
1520530808.552994 61.146412 -35.998934 -49.224780 0.924488 0.075694 0.280582 0.246712
1520530808.602995 61.224838 -35.532876 -48.342805 0.922658 0.079879 0.285867 0.246175
1520530808.652999 60.322454 -35.399505 -47.958842 0.911153 0.083435 0.318121 0.248271
1520530808.702999 59.438501 -35.003823 -47.702109 0.893056 0.106188 0.356348 0.253358
1520530808.753000 58.499511 -35.126339 -47.382883 0.880325 0.116607 0.390012 0.243560
1520530808.803002 58.627910 -34.518519 -46.601236 0.874150 0.119109 0.408204 0.234615
1520530808.852989 57.738173 -34.365255 -46.190570 0.860145 0.148617 0.435610 0.219789
1520530808.902899 58.043286 -33.766851 -45.460154 0.858879 0.152157 0.438364 0.216821
1520530808.952900 58.081888 -33.417495 -44.522447 0.856629 0.154910 0.444107 0.212036
1520530809.002902 57.425601 -33.214246 -43.796930 0.848285 0.154103 0.462110 0.207653
1520530809.052903 56.440648 -33.320571 -43.840899 0.834468 0.142050 0.492252 0.202909
1520530809.102906 55.827536 -33.033318 -43.095839 0.827597 0.134667 0.505123 0.204446
1520530809.152906 55.695925 -32.482129 -42.273656 0.827148 0.126498 0.505020 0.211611
1520530809.202909 55.005164 -32.188655 -41.614961 0.814834 0.129757 0.522663 0.214550
1520530809.252623 55.012287 -31.820126 -40.691052 0.811922 0.134269 0.526479 0.213479
1520530809.302625 54.416582 -31.540999 -39.936667 0.804624 0.137281 0.540615 0.203640
1520530809.352627 54.225732 -30.914691 -39.180712 0.804226 0.135885 0.541581 0.203583
1520530809.402628 53.969213 -30.678702 -38.244129 0.801980 0.134943 0.546650 0.199481
1520530809.452630 53.853991 -30.591269 -37.256195 0.800440 0.135383 0.549471 0.197605
1520530809.502631 52.950721 -30.198444 -37.111473 0.776317 0.141683 0.576273 0.212525
1520530809.552633 52.946069 -29.831825 -36.189431 0.760422 0.148632 0.593889 0.216708
1520530809.602633 51.974990 -29.728589 -36.332129 0.739260 0.159610 0.618013 0.214661
1520530809.652634 51.418385 -29.218191 -35.670730 0.733303 0.163152 0.625508 0.210686
1520530809.702636 51.067334 -28.662591 -34.918376 0.728807 0.163747 0.629909 0.212703
1520530809.752637 52.058256 -28.606098 -34.772970 0.707967 0.164643 0.653533 0.211116
1520530809.802639 51.739001 -28.472954 -33.820082 0.709923 0.162245 0.654626 0.202859
1520530809.852641 51.366376 -28.225459 -32.924662 0.706101 0.161425 0.656841 0.209577
1520530809.902642 51.074527 -27.909371 -32.022455 0.693918 0.159439 0.670705 0.207872
1520530809.952644 50.687638 -27.635595 -31.141548 0.685433 0.159065 0.681576 0.200833
1520530810.002645 50.490785 -27.259632 -30.237562 0.678475 0.161203 0.689578 0.195363
1520530810.053198 50.137601 -26.761175 -29.443585 0.672514 0.164311 0.694827 0.194786
1520530810.103199 49.696626 -26.188689 -28.750978 0.666723 0.169716 0.698809 0.195816
1520530810.153201 49.015433 -25.548762 -28.393836 0.659099 0.172488 0.704077 0.200280
1520530810.203202 48.506659 -25.147061 -27.635164 0.655243 0.177485 0.706569 0.199791
1520530810.253207 47.658796 -25.254690 -28.127505 0.633796 0.180065 0.725484 0.198878
1520530810.303206 46.890491 -24.872333 -27.600054 0.627210 0.176358 0.731550 0.200849
1520530810.353207 45.996971 -24.652072 -27.211881 0.617991 0.175461 0.740440 0.197607
1520530810.403208 45.290631 -24.276855 -26.610867 0.610686 0.179408 0.745882 0.196304
1520530810.453339 44.511546 -23.811802 -26.189328 0.605055 0.185997 0.749348 0.194398
1520530810.503276 43.777069 -23.290731 -25.753890 0.600818 0.194631 0.751486 0.190800
1520530810.553277 42.935595 -22.854467 -25.437022 0.592848 0.202058 0.755755 0.191149
1520530810.603279 42.287855 -22.416320 -24.815192 0.586661 0.205375 0.759413 0.192203
1520530810.653280 41.760195 -22.818823 -25.549116 0.554233 0.209286 0.783083 0.189226
1520530810.703282 40.861756 -22.715816 -25.095171 0.547155 0.206408 0.788635 0.189929
1520530810.753284 39.963770 -22.824640 -25.501094 0.530378 0.198233 0.802288 0.189040
1520530810.803285 39.375532 -23.343342 -26.120736 0.505847 0.190971 0.822197 0.177877
1520530810.853286 38.415774 -23.042687 -26.010101 0.496621 0.188487 0.827482 0.181973
1520530810.903262 37.479516 -22.710725 -25.893044 0.486324 0.190556 0.832648 0.184053
1520530810.953264 37.025732 -22.837331 -26.767969 0.455680 0.198784 0.848206 0.182722
1520530811.003265 36.071639 -22.509758 -26.822980 0.444271 0.197674 0.855942 0.175819
1520530811.053267 35.506012 -22.689196 -27.619699 0.419722 0.204420 0.867001 0.174227
1520530811.103268 35.146469 -23.056519 -28.477816 0.391457 0.209848 0.879964 0.168491
1520530811.153270 34.458069 -23.352899 -29.143037 0.370363 0.213395 0.889246 0.162898
1520530811.203271 33.695208 -23.859955 -29.551628 0.356794 0.215733 0.896265 0.151215
1520530811.253273 33.026229 -23.861946 -30.294659 0.343048 0.212207 0.903298 0.146077
1520530811.303123 32.232726 -24.121801 -30.847893 0.334279 0.209396 0.908161 0.140196
1520530811.353126 31.556133 -24.710473 -31.293133 0.325135 0.210030 0.911691 0.137821
1520530811.403127 31.010886 -24.850383 -32.117394 0.312528 0.209633 0.915309 0.143492
1520530811.453130 30.345981 -25.297219 -32.719937 0.301029 0.213926 0.917769 0.146007
1520530811.503130 29.583116 -25.602955 -33.291429 0.298438 0.212640 0.918959 0.145717
1520530811.553132 28.829608 -25.527788 -33.946840 0.297132 0.208246 0.919831 0.149187
1520530811.603135 28.055380 -25.734726 -34.544573 0.293375 0.206856 0.920688 0.153214
1520530811.653136 27.528482 -26.041374 -35.334781 0.283502 0.209366 0.923288 0.152747
1520530811.703139 26.986738 -26.402260 -36.094353 0.271915 0.212222 0.926585 0.149882
1520530811.753141 26.591904 -26.886711 -36.874938 0.254664 0.215856 0.931891 0.141883
1520530811.803142 25.780036 -26.746999 -37.453892 0.239102 0.215917 0.935902 0.142473
1520530811.853144 25.422957 -27.151756 -38.292760 0.216262 0.219461 0.941097 0.139300
1520530811.903148 25.065319 -27.010292 -39.218550 0.196727 0.215317 0.945700 0.143489
1520530811.953147 24.815498 -27.137834 -40.177436 0.181394 0.211550 0.949214 0.146065
1520530812.003149 24.468997 -27.354879 -41.090314 0.161733 0.211238 0.952408 0.148795
1520530812.053188 24.159469 -27.674922 -41.985885 0.140467 0.211794 0.955977 0.146698
1520530812.103106 23.263077 -27.401760 -42.362714 0.131382 0.210057 0.957647 0.146722
1520530812.153108 22.440371 -26.985960 -42.752370 0.125264 0.207209 0.958755 0.148869
1520530812.203110 22.448849 -27.272164 -43.706072 0.100140 0.212794 0.960996 0.145527
1520530812.253111 21.616865 -27.181035 -44.270925 0.098033 0.209077 0.962998 0.138963
1520530812.303113 20.778943 -27.070012 -44.805952 0.097934 0.202397 0.965346 0.132481
1520530812.353114 19.922378 -27.436809 -45.171206 0.094285 0.201494 0.966887 0.125058
1520530812.403116 19.748918 -27.852900 -46.057638 0.081249 0.202049 0.969147 0.115449
1520530812.453117 19.701103 -28.215632 -46.987947 0.068410 0.203420 0.970730 0.107813
1520530812.503178 18.879221 -28.190871 -47.572992 0.062812 0.205424 0.971172 0.103342
1520530812.553179 18.065887 -28.074026 -48.144010 0.060753 0.205735 0.971622 0.099660
1520530812.603181 17.332866 -27.691735 -48.709349 0.060984 0.200698 0.972910 0.097197
1520530812.653183 17.252567 -27.788115 -49.696218 0.049244 0.198576 0.973991 0.097389
1520530812.703184 16.410782 -27.782300 -50.251643 0.046958 0.193801 0.974789 0.100110
1520530812.753186 16.044175 -27.888893 -51.170599 0.024221 0.183998 0.976553 0.109101
1520530812.803188 15.111892 -28.222926 -51.359238 0.017321 0.184379 0.976511 0.110134
1520530812.853189 14.170620 -28.395411 -51.649751 0.015825 0.184130 0.976534 0.110577
1520530812.903190 13.686086 -28.649171 -52.478600 -0.000649 0.182015 0.977139 0.109859
1520530812.953081 13.698846 -29.006908 -53.411201 -0.021778 0.180548 0.977825 0.103852
1520530813.003083 12.888815 -28.749346 -53.958983 -0.021640 0.171503 0.979691 0.101612
1520530813.053085 12.128530 -29.089671 -54.511176 -0.026682 0.171247 0.980001 0.097774
1520530813.103086 11.194839 -29.283979 -54.820333 -0.028799 0.170598 0.980099 0.097326
1520530813.153088 10.318460 -29.341401 -55.296934 -0.034215 0.167509 0.980327 0.098639
1520530813.203089 9.470633 -29.590016 -55.764714 -0.042652 0.170266 0.979528 0.098565
1520530813.253091 8.584317 -29.368411 -56.178431 -0.045701 0.162780 0.980306 0.102051
1520530813.303093 7.747892 -29.436318 -56.719127 -0.054217 0.164028 0.979889 0.099862
1520530813.352869 7.269334 -29.718384 -57.545294 -0.068487 0.165565 0.979072 0.096523
1520530813.402870 7.412443 -29.726522 -58.534555 -0.098668 0.159867 0.976886 0.101984
1520530813.452872 6.604550 -29.968652 -59.091396 -0.103380 0.161014 0.976634 0.097842
1520530813.502873 5.791144 -30.038202 -59.669796 -0.104058 0.159940 0.977331 0.091733
1520530813.552875 5.001356 -29.940746 -60.276052 -0.106132 0.160078 0.977681 0.085153
1520530813.602877 4.393050 -29.747628 -61.043902 -0.109048 0.155047 0.978330 0.083301
1520530813.652887 4.073481 -29.999306 -61.953966 -0.120346 0.157545 0.976764 0.081419
1520530813.702878 3.322096 -29.810770 -62.596872 -0.119381 0.152885 0.977399 0.084056
1520530813.752878 2.752424 -30.256560 -63.286018 -0.124052 0.159969 0.975904 0.081438
1520530813.802880 2.215740 -30.505390 -64.091325 -0.128469 0.160493 0.975380 0.079816
1520530813.852881 1.407024 -30.711926 -64.648465 -0.131265 0.158777 0.974965 0.083678
1520530813.902884 0.659490 -30.896988 -65.285133 -0.137257 0.157424 0.974251 0.084932
1520530813.952884 -0.109827 -30.646794 -65.877423 -0.132623 0.142770 0.976967 0.086964
1520530814.002887 -0.584733 -30.936921 -66.703317 -0.143298 0.148561 0.974943 0.082951
1520530814.052887 -1.314588 -31.000110 -67.389215 -0.149244 0.153884 0.973335 0.081643
1520530814.102889 -1.659542 -31.243696 -68.291072 -0.160292 0.158616 0.971182 0.077149
1520530814.153383 -2.295056 -31.520510 -69.016780 -0.168642 0.162667 0.968950 0.078967
1520530814.203385 -2.549959 -31.994977 -69.856063 -0.186378 0.163972 0.965710 0.076032
1520530814.253387 -3.308916 -32.264114 -70.458903 -0.192898 0.164492 0.964340 0.076032
1520530814.303388 -3.919654 -32.670375 -71.136492 -0.205058 0.166749 0.962020 0.068285
1520530814.353390 -4.396871 -32.511801 -72.002070 -0.205054 0.145470 0.965740 0.064320
1520530814.403392 -3.887249 -32.640735 -72.853694 -0.243279 0.140117 0.957533 0.065677
1520530814.453393 -4.320043 -32.650312 -73.763551 -0.248159 0.134337 0.957083 0.066046
1520530814.503394 -3.720733 -33.011824 -74.482912 -0.276737 0.135188 0.949332 0.062532
1520530814.553366 -3.934644 -33.200317 -75.445735 -0.283861 0.135446 0.947576 0.056372
1520530814.603368 -4.262744 -33.313678 -76.384924 -0.289576 0.131815 0.946635 0.051500
1520530814.653369 -3.990110 -33.499547 -77.326876 -0.304183 0.128069 0.942684 0.049172
1520530814.703371 -3.503961 -33.700213 -78.178090 -0.325092 0.128579 0.935700 0.047418
1520530814.753371 -3.582620 -33.640966 -79.176771 -0.330940 0.131537 0.933395 0.044158
1520530814.803373 -2.802354 -33.887742 -79.761752 -0.353414 0.139820 0.923985 0.042431
1520530814.853376 -2.791607 -34.288866 -80.680416 -0.358190 0.152594 0.920350 0.037018
1520530814.903377 -2.914585 -34.375951 -81.670293 -0.357484 0.151803 0.920787 0.036229
1520530814.953189 -2.035174 -34.612090 -82.103883 -0.375848 0.146280 0.914508 0.031859
1520530815.003187 -1.403317 -35.237438 -82.564214 -0.393283 0.141706 0.908026 0.027150
1520530815.053189 -0.667522 -35.411514 -83.215826 -0.413687 0.129776 0.900751 0.025846
1520530815.103190 0.059980 -35.572560 -83.882109 -0.428222 0.121553 0.895200 0.021617
1520530815.153192 0.189202 -35.756776 -84.858292 -0.430366 0.118652 0.894633 0.018396
1520530815.203193 0.913513 -36.171029 -85.417303 -0.441661 0.120180 0.889002 0.012953
1520530815.253195 1.773382 -36.476097 -85.829728 -0.454843 0.118418 0.882625 0.008241
1520530815.303196 2.689362 -36.645431 -86.194339 -0.475470 0.112334 0.872458 0.011218
1520530815.353199 3.646532 -36.574633 -86.478292 -0.499490 0.104568 0.859821 0.016850
1520530815.403065 4.598767 -36.523926 -86.776910 -0.527249 0.093184 0.844232 0.024428
1520530815.453066 5.543333 -36.456191 -87.095552 -0.550568 0.081218 0.830314 0.029292
1520530815.503068 6.517749 -36.585262 -87.284317 -0.567882 0.077820 0.818994 0.026490
1520530815.553069 7.225185 -36.733311 -87.969904 -0.576801 0.068106 0.813763 0.021253
1520530815.603070 7.455886 -36.917206 -88.928092 -0.575743 0.066069 0.814830 0.014365
1520530815.653072 8.400679 -36.755189 -89.237788 -0.595034 0.056617 0.801658 0.008595
1520530815.703074 9.299534 -36.834798 -89.665061 -0.606888 0.054991 0.792879 0.002185
1520530815.753075 10.302846 -36.802179 -89.683334 -0.622796 0.058434 0.780199 -0.000364
1520530815.803066 10.498605 -36.861182 -90.665329 -0.622532 0.060578 0.780246 -0.001154
1520530815.853068 11.509285 -36.878559 -90.616438 -0.638974 0.061764 0.766742 0.001962
1520530815.903069 12.431453 -36.539577 -90.420212 -0.655515 0.059666 0.752804 0.005058
1520530815.953071 13.396961 -36.790573 -90.458537 -0.663121 0.064698 0.745710 0.000880
1520530816.003072 14.122308 -37.055330 -91.088214 -0.664277 0.063034 0.744823 -0.000744
1520530816.053074 14.624976 -37.288572 -91.921234 -0.666954 0.060315 0.742649 -0.002678
1520530816.103075 14.956104 -37.646503 -92.796199 -0.670648 0.059624 0.739367 -0.003542
1520530816.153077 15.215023 -38.012040 -93.691003 -0.674411 0.063592 0.735603 -0.003838
1520530816.203195 15.702280 -38.110217 -94.556845 -0.678449 0.065890 0.731647 -0.007685
1520530816.253196 16.233764 -38.134369 -95.403411 -0.682269 0.066463 0.728022 -0.008688
1520530816.303198 16.748569 -38.259349 -96.251726 -0.684692 0.066906 0.725711 -0.008007
1520530816.353200 17.326990 -38.512695 -97.027324 -0.689118 0.064630 0.721747 -0.004507
1520530816.403201 18.285676 -38.314826 -96.772114 0.723965 -0.045859 -0.688165 -0.014162
1520530816.453202 18.657306 -38.599623 -97.657642 0.729462 -0.043201 -0.682316 -0.021547
1520530816.503205 19.220378 -38.784626 -98.461613 0.736087 -0.043021 -0.675156 -0.022125
1520530816.553205 19.573648 -38.502610 -99.357492 0.728996 -0.020205 -0.683936 -0.019710
1520530816.603260 20.174975 -38.600247 -100.148532 0.737376 -0.021176 -0.674866 -0.019604
1520530816.653262 20.816301 -38.581624 -100.915517 0.745487 -0.023443 -0.665907 -0.016385
1520530816.703268 21.356454 -38.598614 -101.757690 0.749017 -0.029711 -0.661820 -0.009233
1520530816.753265 21.942656 -38.647820 -102.566108 0.754776 -0.034357 -0.655079 -0.002175
1520530816.803266 22.424836 -38.803019 -103.429407 0.755910 -0.037148 -0.653620 0.000922
1520530816.853268 23.093887 -38.886077 -104.166794 0.760807 -0.039794 -0.647746 0.003748
1520530816.903270 23.778021 -38.967579 -104.891548 0.765555 -0.040716 -0.642080 0.001203
1520530816.953271 24.304752 -38.815948 -105.729866 0.764274 -0.038449 -0.643744 0.001081
1520530817.002977 24.774803 -38.933842 -106.605166 0.770125 -0.049144 -0.635996 0.000490
1520530817.052978 25.588742 -38.690042 -106.050576 0.787279 -0.051788 -0.614382 0.006676
1520530817.102980 26.306573 -38.582990 -105.362208 0.806961 -0.045212 -0.588793 0.009616
1520530817.152981 27.144662 -38.600128 -104.819600 0.825620 -0.031078 -0.563252 0.011550
1520530817.202983 27.930116 -38.099162 -104.453957 0.847688 0.001833 -0.529960 0.023748
1520530817.252984 28.902792 -37.982053 -104.272889 0.863059 0.015480 -0.503972 0.030028
1520530817.302986 29.606632 -38.102693 -104.973192 0.865298 0.007582 -0.500097 0.033245
1520530817.352987 30.575951 -38.098297 -105.224138 0.870218 -0.001039 -0.491123 0.038960
1520530817.402989 31.416272 -38.268134 -105.739079 0.868131 -0.009587 -0.495088 0.033837
1520530817.452915 30.640342 -38.080702 -106.346579 0.885728 -0.011668 -0.462906 0.032681
1520530817.502916 29.972112 -38.413210 -107.015074 0.906377 0.011212 -0.421888 0.019122
1520530817.552918 29.295519 -38.159027 -107.707464 0.925072 0.001311 -0.379590 0.012356
1520530817.602920 28.884786 -38.356623 -108.599443 0.943611 0.013865 -0.330743 -0.003775
1520530817.652921 29.842405 -38.373838 -108.853526 0.948172 0.012287 -0.317481 -0.004933
1520530817.702922 30.748334 -38.431744 -109.273424 0.950447 0.011621 -0.310630 -0.005003
1520530817.752924 31.443328 -38.878730 -109.843294 0.949634 0.014597 -0.312259 -0.021851
1520530817.802926 32.396696 -39.089599 -110.052462 0.947725 0.010325 -0.318038 -0.023729
1520530817.853492 33.334936 -39.371686 -110.254548 0.950075 0.005695 -0.311153 -0.022573
1520530817.903493 34.327236 -39.491109 -110.202669 0.952453 0.006916 -0.303858 -0.021335
1520530817.953495 35.306264 -39.373997 -110.029932 0.955261 0.010682 -0.295030 -0.017875
1520530818.003497 36.298197 -39.433102 -109.922359 0.957551 0.007237 -0.287771 -0.015219
1520530818.053498 37.293126 -39.495528 -109.847784 0.959602 0.004926 -0.280972 -0.013919
1520530818.103500 38.291635 -39.530310 -109.815610 0.961544 -0.004459 -0.274406 -0.010680
1520530818.153501 38.389857 -39.305363 -108.841374 0.970736 -0.010624 -0.239896 -0.002869
1520530818.203502 39.339393 -39.493390 -108.639213 0.972334 -0.016993 -0.232965 -0.002262
1520530818.253753 40.314834 -39.699322 -108.697696 0.973258 -0.016544 -0.229109 -0.002200
1520530818.303756 40.261142 -39.492827 -107.716316 0.981644 -0.009769 -0.190387 0.005678
1520530818.353756 41.225587 -39.571297 -107.523526 0.982859 -0.006762 -0.184084 0.007409
1520530818.403758 42.043016 -39.435290 -106.956548 0.984628 -0.006498 -0.174237 0.010361
1520530818.453759 42.927235 -39.217278 -106.547240 0.985683 -0.006323 -0.167635 0.016983
1520530818.503834 43.877638 -39.150948 -106.248162 0.986389 -0.003742 -0.163182 0.019865
1520530818.553762 44.868628 -39.111033 -106.130256 0.987512 -0.002696 -0.155757 0.023508
1520530818.603764 44.917370 -39.075033 -105.126301 0.992295 -0.001763 -0.121729 0.023026
1520530818.653602 45.889792 -39.184973 -105.269353 0.993007 -0.002629 -0.116182 0.020790
1520530818.703604 45.739371 -38.992473 -104.293161 0.996638 0.004364 -0.079295 0.020128
1520530818.753605 46.721807 -39.082056 -104.278030 0.996948 0.011322 -0.076026 0.013686
1520530818.803607 46.382149 -39.045696 -103.336489 0.998562 0.012638 -0.050395 0.013231
1520530818.853608 47.047095 -38.977186 -102.603298 0.998846 0.008865 -0.044717 0.015115
1520530818.903610 46.970487 -38.837474 -101.614760 0.999308 0.001730 -0.030036 0.021849
1520530818.953611 47.307081 -38.729489 -100.681241 0.999355 -0.005351 -0.022035 0.027849
1520530819.003613 47.862307 -38.461561 -99.896347 0.999216 -0.009726 -0.017775 0.034010
1520530819.053455 48.340626 -38.266237 -99.039330 0.999159 -0.016211 -0.013227 0.035257
1520530819.103456 48.684923 -38.172706 -98.104117 0.999337 -0.015399 -0.004302 0.032708
1520530819.153458 49.218832 -38.047796 -97.270171 0.999467 -0.017762 -0.000084 0.027388
1520530819.203459 49.765277 -37.832009 -96.461072 0.999406 -0.024260 -0.000871 0.024464
1520530819.253461 50.026790 -38.191600 -95.561684 0.999626 -0.019203 -0.001389 0.019433
1520530819.303463 49.910565 -38.283475 -94.572399 0.999707 -0.008310 0.009138 0.020799
1520530819.353464 50.341006 -38.318649 -93.674165 0.999382 -0.001726 0.018883 0.029589
1520530819.403466 50.381425 -37.913296 -92.758426 0.998429 0.000490 0.035186 0.043611
1520530819.453362 51.167760 -38.131992 -92.193175 0.998197 -0.006118 0.037519 0.046449
1520530819.503364 51.153796 -37.851078 -91.227437 0.997075 -0.009738 0.055538 0.051598
1520530819.553366 50.721230 -37.742243 -90.335010 0.995285 -0.009859 0.080386 0.053376
1520530819.603367 50.768732 -37.531454 -89.358386 0.993683 -0.008566 0.098013 0.053979
1520530819.653369 50.747367 -37.275683 -88.391774 0.991772 -0.007193 0.114894 0.056003
1520530819.703370 50.443545 -37.087694 -87.458563 0.988821 -0.002348 0.138693 0.054697
1520530819.753375 50.331927 -36.872689 -86.488148 0.984923 0.001023 0.164289 0.054174
1520530819.803373 50.174010 -36.738637 -85.509883 0.979999 0.006883 0.191597 0.053337
1520530819.853374 50.009118 -36.608953 -84.532138 0.974512 0.012959 0.217100 0.055004
1520530819.903325 49.709625 -36.515825 -83.582734 0.968872 0.015048 0.240791 0.055496
1520530819.953332 49.411814 -36.397943 -82.635289 0.964058 0.010241 0.259149 0.057705
1520530820.003328 48.803951 -36.224698 -81.862685 0.958267 0.007791 0.278537 0.063874
1520530820.053330 48.559504 -35.896535 -80.949178 0.954469 0.007423 0.290070 0.069237
1520530820.103372 47.930865 -35.465152 -80.305655 0.950387 0.008697 0.302405 0.072386
1520530820.153333 47.254017 -35.074309 -79.682363 0.944862 0.014947 0.318302 0.075467
1520530820.203335 47.503058 -34.819604 -78.754326 0.942907 0.019260 0.324259 0.073565
1520530820.253336 47.052761 -34.702252 -77.868706 0.936875 0.016835 0.343258 0.064464
1520530820.303467 46.683187 -34.592729 -76.945832 0.932619 0.010300 0.355797 0.059368
1520530820.353468 46.952099 -34.436630 -76.000902 0.932660 0.007222 0.354823 0.064752
1520530820.403470 46.541803 -33.960069 -75.221023 0.924260 0.016734 0.371955 0.084338
1520530820.453470 46.945095 -33.992725 -74.314824 0.922890 0.019090 0.373610 0.091240
1520530820.503473 47.271436 -34.079222 -73.372683 0.920061 0.020078 0.380279 0.092040
1520530820.553474 47.361399 -33.764074 -72.424351 0.916972 0.017310 0.388068 0.090912
1520530820.603476 47.753406 -33.169619 -71.723377 0.915513 0.011564 0.390249 0.096994
1520530820.653478 47.957355 -32.655054 -70.889005 0.912621 0.009641 0.396776 0.097974
1520530820.703377 48.238558 -32.374309 -69.972854 0.910883 0.007745 0.400222 0.100273
1520530820.753379 48.583535 -32.334082 -69.036163 0.908546 0.002963 0.405543 0.100348
1520530820.803380 48.792963 -32.468345 -68.066383 0.903850 0.000290 0.415878 0.100503
1520530820.853382 49.047574 -32.487318 -67.100026 0.902116 0.001152 0.418807 0.103855
1520530820.903383 49.407133 -32.579615 -66.172793 0.897323 0.003352 0.429444 0.101877
1520530820.953385 48.925614 -32.284504 -65.343353 0.886451 0.005297 0.450644 0.105339
1520530821.003387 48.368035 -32.182810 -64.519843 0.877543 0.004152 0.468320 0.102843
1520530821.053389 48.641703 -32.060915 -63.573760 0.873405 0.001029 0.476041 0.102707
1520530821.103219 48.694433 -32.101746 -62.574193 0.873460 -0.000884 0.476536 0.099897
1520530821.153220 48.532969 -32.163469 -61.587757 0.870881 -0.002323 0.481929 0.096463
1520530821.203221 48.137078 -31.970002 -60.688425 0.867231 -0.005233 0.489268 0.092199
1520530821.253223 47.975551 -31.821937 -59.714221 0.864259 -0.006284 0.495851 0.084547
1520530821.303224 47.807294 -31.138833 -58.998993 0.859652 -0.015272 0.501949 0.093872
1520530821.353226 47.376532 -31.082445 -58.096687 0.856462 -0.022545 0.508451 0.086273
1520530821.403228 47.088529 -31.132546 -57.141205 0.854988 -0.026130 0.510797 0.086017
1520530821.453229 47.014734 -31.254713 -56.153162 0.854561 -0.025617 0.510490 0.092031
1520530821.503483 46.849152 -31.665756 -55.255785 0.851924 -0.019175 0.514166 0.097425
1520530821.553485 46.517859 -31.729778 -54.312499 0.847370 -0.020478 0.520480 0.103174
1520530821.603487 46.187707 -31.555193 -53.384117 0.842594 -0.021722 0.527007 0.108757
1520530821.653488 46.126468 -30.944568 -52.593048 0.840135 -0.030227 0.528200 0.119434
1520530821.703495 46.219567 -30.700939 -51.630177 0.836881 -0.034918 0.534005 0.115106
1520530821.753491 45.927038 -30.248075 -50.784669 0.831009 -0.039571 0.542038 0.118544
1520530821.803493 45.501804 -29.910653 -49.944899 0.823826 -0.043502 0.552270 0.120065
1520530821.853494 45.377145 -29.589070 -49.008394 0.818226 -0.049176 0.559731 0.121614
1520530821.903496 45.222172 -29.375228 -48.044142 0.810512 -0.049738 0.570420 0.123362
1520530821.953848 45.236982 -29.110514 -47.081362 0.809146 -0.052706 0.569735 0.133817
1520530822.003850 45.164885 -28.901037 -46.105711 0.803035 -0.053553 0.576801 0.139884
1520530822.053851 45.110080 -28.700100 -45.127997 0.795119 -0.055172 0.587477 0.140043
1520530822.103853 44.214402 -28.440257 -44.783333 0.776412 -0.056349 0.611569 0.141396
1520530822.153854 43.461837 -28.222219 -44.158691 0.763292 -0.061616 0.626897 0.143489
1520530822.203856 42.893696 -28.135087 -43.340727 0.756957 -0.064888 0.634004 0.144377
1520530822.253858 42.078424 -27.907438 -42.810351 0.747014 -0.066662 0.643675 0.152344
1520530822.303859 41.579234 -27.249185 -42.241767 0.741219 -0.074247 0.645985 0.166685
1520530822.353643 40.822244 -27.066835 -41.615272 0.736311 -0.074611 0.651820 0.165557
1520530822.403644 40.292746 -26.777915 -40.817351 0.730720 -0.073268 0.658073 0.166192
1520530822.453646 39.481445 -26.224819 -40.968865 0.713692 -0.072939 0.675388 0.170807
1520530822.503647 38.537770 -25.931526 -41.116367 0.699894 -0.078433 0.688936 0.171359
1520530822.553649 37.611933 -25.559526 -41.015474 0.688647 -0.082318 0.698293 0.177132
1520530822.603651 36.616942 -25.510586 -40.934996 0.673982 -0.081957 0.711029 0.182945
1520530822.653653 35.625041 -25.419025 -41.009985 0.655422 -0.078697 0.727793 0.185867
1520530822.703654 35.115752 -25.404345 -40.150110 0.646746 -0.073509 0.736539 0.183917
1520530822.753500 34.223377 -25.012144 -39.937827 0.636658 -0.070257 0.745226 0.185385
1520530822.803502 33.551828 -24.280051 -40.063822 0.623780 -0.073602 0.754569 0.190019
1520530822.853504 32.576706 -24.086831 -40.159187 0.614373 -0.073585 0.762984 0.187046
1520530822.903505 31.652501 -24.066042 -40.533796 0.598329 -0.070864 0.775168 0.189987
1520530822.953507 31.042269 -23.702253 -39.823940 0.599394 -0.071054 0.772484 0.197351
1520530823.003508 30.398119 -23.392963 -39.124669 0.593973 -0.070045 0.776852 0.196952
1520530823.053510 31.001882 -23.906261 -38.521351 0.568035 -0.056047 0.794107 0.208779
1520530823.103511 30.398621 -23.751290 -37.722301 0.565987 -0.047989 0.795768 0.210021
1520530823.153322 29.669691 -23.408551 -38.295447 0.548762 -0.040914 0.806728 0.215351
1520530823.203323 28.895698 -23.268895 -38.912034 0.535446 -0.036836 0.815975 0.214767
1520530823.253325 28.090549 -23.300501 -38.310663 0.532006 -0.032660 0.819119 0.212006
1520530823.303327 27.522254 -22.970337 -39.053470 0.513725 -0.031589 0.829615 0.216396
1520530823.353328 27.025458 -22.643701 -39.857499 0.497320 -0.031374 0.838403 0.220836
1520530823.403330 26.508511 -22.060338 -40.487761 0.483378 -0.030314 0.844506 0.228554
1520530823.453331 26.039807 -21.504688 -41.174167 0.470434 -0.027985 0.850666 0.232973
1520530823.503333 25.353534 -21.577613 -41.896849 0.461375 -0.026614 0.857095 0.227626
1520530823.553308 25.011722 -21.720536 -42.825890 0.452606 -0.027931 0.863979 0.218877
1520530823.603310 24.528256 -21.702470 -43.700833 0.445684 -0.032424 0.868801 0.213306
1520530823.653311 23.647996 -21.507968 -44.144787 0.444146 -0.039450 0.869375 0.212990
1520530823.703313 22.700694 -21.809836 -44.277358 0.441587 -0.038300 0.870441 0.214163
1520530823.753314 21.758809 -21.803273 -43.930491 0.440864 -0.036374 0.870476 0.215841
1520530823.803316 20.859651 -21.451375 -44.178844 0.433096 -0.035776 0.873792 0.218257
1520530823.853318 20.020976 -20.932954 -43.993526 0.429790 -0.035487 0.874469 0.222091
1520530823.903319 19.133637 -20.475075 -43.996273 0.424699 -0.035267 0.877058 0.221714
1520530823.953421 18.198507 -20.147258 -43.860099 0.419360 -0.034340 0.879588 0.221998
1520530824.003422 17.713047 -19.733199 -44.623675 0.399843 -0.031048 0.886877 0.229370
1520530824.053424 16.792699 -19.368665 -44.440020 0.395094 -0.030707 0.888484 0.231417
1520530824.103426 15.854628 -19.068246 -44.269658 0.386461 -0.027633 0.892225 0.231987
1520530824.153427 14.963948 -18.753166 -43.940652 0.379444 -0.023437 0.895021 0.233259
1520530824.203429 14.064256 -18.330851 -43.831731 0.368774 -0.019690 0.898723 0.236461
1520530824.253430 13.238404 -17.767667 -43.783014 0.361446 -0.017666 0.900539 0.240986
1520530824.303432 12.821111 -17.299579 -44.555537 0.330622 -0.012165 0.909463 0.251829
1520530824.353433 11.952504 -16.884508 -44.842136 0.321498 -0.014433 0.913897 0.247434
1520530824.403523 10.966402 -16.868888 -44.669898 0.317481 -0.012632 0.916773 0.242021
1520530824.453525 10.019516 -16.587055 -44.821559 0.312443 -0.013586 0.918975 0.240168
1520530824.503527 9.167438 -16.110130 -45.041210 0.307210 -0.014486 0.921397 0.237569
1520530824.553528 8.220975 -15.833566 -45.205358 0.300942 -0.010840 0.924206 0.234863
1520530824.603529 7.315193 -15.427087 -45.070411 0.296998 -0.004408 0.925840 0.233650
1520530824.653531 6.425534 -15.040665 -45.303323 0.288072 0.001118 0.931897 0.220413
1520530824.703532 5.478352 -15.049522 -45.619288 0.283145 0.004603 0.936582 0.206452
1520530824.753536 4.484022 -15.103334 -45.505332 0.280613 0.004932 0.938402 0.201579
1520530824.803378 4.469020 -14.976149 -46.493322 0.250789 -0.003063 0.945438 0.207949
1520530824.853379 4.523775 -14.866802 -47.485803 0.207261 -0.005638 0.952931 0.221209
1520530824.903381 4.004158 -14.706336 -48.327074 0.176542 -0.005854 0.956911 0.230477
1520530824.953473 3.117457 -14.326477 -48.046815 0.177894 -0.000755 0.954449 0.239543
1520530825.003384 2.358897 -14.036113 -48.616997 0.164360 -0.000459 0.957737 0.236062
1520530825.053385 2.260943 -14.107076 -49.607303 0.135266 0.006113 0.962029 0.236996
1520530825.103387 1.783880 -14.094674 -50.488347 0.112588 0.006732 0.964990 0.236797
1520530825.153388 1.565906 -14.085257 -51.463560 0.080655 0.005809 0.967095 0.241221
1520530825.203182 0.591025 -13.992225 -51.708739 0.072062 0.009938 0.966976 0.244268
1520530825.253183 -0.330953 -13.675727 -51.937903 0.066938 0.009166 0.966793 0.246468
1520530825.303185 -1.276968 -13.366314 -52.038557 0.065484 0.009181 0.964902 0.254149
1520530825.353186 -1.539171 -13.482532 -51.093790 0.028608 0.015894 0.963728 0.264872
1520530825.403188 -1.673301 -13.331987 -52.054757 0.000220 0.015549 0.964622 0.263177
1520530825.453190 -2.462093 -12.792953 -52.376874 0.001172 0.007265 0.966130 0.257950
1520530825.503191 -2.376677 -12.593226 -53.347446 -0.035474 0.008419 0.964158 0.262812
1520530825.553193 -2.529116 -12.118146 -52.498324 -0.068451 0.014857 0.967108 0.244530
1520530825.603213 -3.030582 -11.953377 -51.649681 -0.099245 0.022441 0.963630 0.247110
1520530825.653215 -3.419308 -12.112722 -50.743463 -0.136051 0.027225 0.955332 0.260939
1520530825.703216 -4.112980 -11.749580 -51.362976 -0.142410 0.032598 0.954713 0.259190
1520530825.753218 -4.511421 -11.088385 -50.737624 -0.173986 0.042283 0.955291 0.235289
1520530825.803220 -5.071423 -10.888565 -51.529686 -0.178176 0.042610 0.954796 0.234098
1520530825.853221 -5.694983 -10.255536 -51.998989 -0.174761 0.027979 0.956969 0.229969
1520530825.903223 -6.405864 -9.924756 -52.616180 -0.179681 0.023505 0.955976 0.230809
1520530825.953225 -7.209138 -9.724650 -53.177405 -0.185211 0.024881 0.953881 0.234924
1520530826.003936 -7.850982 -9.397200 -53.869869 -0.194112 0.024278 0.950587 0.241073
1520530826.053936 -8.156279 -9.138725 -54.782674 -0.207770 0.028458 0.946875 0.243822
1520530826.103938 -8.378829 -8.966588 -55.741382 -0.222753 0.036281 0.943373 0.243128
1520530826.153939 -8.860759 -8.691591 -56.577061 -0.232389 0.038828 0.942352 0.237614
1520530826.203940 -9.399427 -8.390220 -57.365032 -0.238971 0.035338 0.941231 0.236070
1520530826.253942 -9.888070 -8.268759 -58.227295 -0.249169 0.035886 0.939097 0.233933
1520530826.303945 -10.463971 -8.121848 -59.033035 -0.261134 0.036694 0.935586 0.234820
1520530826.353945 -11.008656 -7.781031 -59.801242 -0.269396 0.033483 0.933532 0.234144
1520530826.404023 -11.579764 -7.487389 -60.567838 -0.272921 0.032842 0.931959 0.236406
1520530826.454024 -11.782719 -7.196556 -61.499730 -0.283836 0.033895 0.930317 0.229781
1520530826.504025 -12.182656 -6.744819 -62.300963 -0.288398 0.028800 0.931833 0.218367
1520530826.554083 -12.592731 -6.636693 -63.204497 -0.298387 0.028872 0.930348 0.211151
1520530826.604029 -12.095751 -6.713173 -64.068123 -0.318320 0.029014 0.924794 0.206365
1520530826.654030 -11.955163 -6.660098 -65.057458 -0.329504 0.027025 0.921428 0.204126
1520530826.704032 -11.083457 -6.646808 -65.560885 -0.353492 0.025216 0.911257 0.209806
1520530826.754033 -11.111086 -6.403116 -66.532527 -0.360868 0.024209 0.908089 0.211096
1520530826.804035 -10.955839 -6.154996 -67.488166 -0.369595 0.029413 0.904173 0.212147
1520530826.853659 -11.052217 -5.913603 -68.455407 -0.371345 0.035596 0.903932 0.209149
1520530826.903661 -10.735280 -5.613507 -69.354881 -0.376317 0.035217 0.902529 0.206367
1520530826.953662 -10.303197 -5.396329 -70.229944 -0.383381 0.031545 0.899346 0.207847
1520530827.003664 -10.108005 -5.271881 -71.202889 -0.388714 0.027096 0.897006 0.208680
1520530827.053666 -9.294349 -5.284940 -71.791769 -0.404801 0.022505 0.889521 0.210671
1520530827.103667 -9.052300 -5.577872 -72.718246 -0.414654 0.022554 0.885292 0.209314
1520530827.153669 -8.591855 -5.710077 -73.595296 -0.427235 0.022294 0.880262 0.205213
1520530827.203670 -8.000563 -5.981122 -74.356037 -0.444208 0.025357 0.872624 0.201405
1520530827.253637 -7.233886 -5.980879 -74.998782 -0.462644 0.022899 0.863830 0.198075
1520530827.303638 -7.626133 -6.271302 -75.884257 -0.461383 0.027110 0.863343 0.202558
1520530827.353640 -6.909713 -6.188657 -76.576984 -0.478076 0.023006 0.855168 0.198999
1520530827.403642 -6.024844 -6.337617 -77.024632 -0.498932 0.023487 0.842903 0.200076
1520530827.453643 -5.316498 -6.672293 -77.645264 -0.520326 0.027052 0.829457 0.201320
1520530827.503645 -5.191178 -6.388696 -78.600944 -0.526168 0.024013 0.825507 0.202754
1520530827.553647 -4.949206 -6.399631 -79.569787 -0.529964 0.028597 0.823517 0.200349
1520530827.603648 -4.987217 -6.693242 -80.527840 -0.530131 0.034756 0.823748 0.197970
1520530827.653593 -4.123315 -7.007929 -80.929994 -0.546383 0.034333 0.814891 0.190366
1520530827.703595 -3.148879 -7.063215 -81.151525 -0.565022 0.031273 0.803425 0.185152
1520530827.753596 -2.229151 -7.338514 -81.431580 -0.580230 0.032840 0.794088 0.177983
1520530827.803598 -1.273838 -7.350707 -81.723781 -0.594322 0.029667 0.784450 0.174757
1520530827.853599 -0.349795 -7.565682 -82.040545 -0.609059 0.027712 0.773081 0.174999
1520530827.903600 0.608983 -7.763718 -82.247284 -0.624052 0.025300 0.760629 0.177095
1520530827.953602 1.176254 -7.697650 -83.065928 -0.627155 0.025360 0.758786 0.174003
1520530828.003604 1.761027 -7.889598 -83.854601 -0.630134 0.024168 0.756490 0.173409
1520530828.053573 2.591132 -8.161492 -84.345034 -0.641970 0.019983 0.746596 0.173405
1520530828.103574 2.989507 -8.121030 -85.263174 -0.643967 0.013860 0.744552 0.175378
1520530828.153593 3.274167 -7.996296 -86.214770 -0.648117 0.012426 0.741110 0.174774
1520530828.203578 3.465422 -8.034512 -87.196179 -0.651850 0.014855 0.737616 0.175479
1520530828.253579 4.358861 -8.280275 -87.580895 -0.664669 0.016837 0.725779 0.176566
1520530828.303581 4.709260 -7.965384 -88.467313 -0.664867 0.009508 0.726458 0.173552
1520530828.353582 5.527295 -8.163794 -89.009985 -0.672723 0.008228 0.719687 0.171543
1520530828.403584 5.861115 -8.181625 -89.955603 -0.670908 0.006557 0.722151 0.168337
1520530828.453458 6.796073 -8.485558 -90.169325 -0.688204 0.010463 0.706429 0.165000
1520530828.503460 7.089503 -8.193067 -91.084758 -0.688922 0.005565 0.707108 0.159228
1520530828.553461 7.675885 -8.243503 -91.891081 0.698680 -0.004443 -0.696561 -0.163187
1520530828.603463 8.098692 -7.971194 -92.758082 0.699820 0.007632 -0.694151 -0.168370
1520530828.653465 8.647709 -8.073001 -93.586785 0.705714 0.007926 -0.686133 -0.176429
1520530828.703466 9.633200 -8.253807 -93.677407 0.719553 0.004516 -0.671740 -0.176037
1520530828.753468 10.116831 -8.124534 -94.544340 0.720202 0.002427 -0.673048 -0.168255
1520530828.803469 10.667803 -8.235184 -95.371080 0.724298 -0.000605 -0.669450 -0.165011
1520530828.853471 11.648852 -8.424479 -95.483816 0.738652 -0.003551 -0.653331 -0.165949
1520530828.903294 12.312199 -8.360280 -96.227777 0.741132 -0.003853 -0.649567 -0.169624
1520530828.953295 13.231448 -8.241626 -96.608211 0.749175 0.001038 -0.640292 -0.169591
1520530829.003296 13.880017 -8.136346 -97.362091 0.751144 -0.003060 -0.638302 -0.168357
1520530829.053298 14.673933 -8.114347 -97.969643 0.754921 -0.012489 -0.634636 -0.164849
1520530829.103299 14.937038 -8.226143 -98.932971 0.751334 -0.020690 -0.637872 -0.167894
1520530829.153301 15.582471 -8.388743 -99.676177 0.754376 -0.022918 -0.634725 -0.165880
1520530829.203302 16.174589 -8.492090 -100.475725 0.755947 -0.021552 -0.633533 -0.163448
1520530829.253304 16.644027 -8.642279 -101.346968 0.759436 -0.023071 -0.629677 -0.161962
1520530829.303629 17.321962 -8.140788 -101.892587 0.764404 0.001489 -0.627220 -0.149264
1520530829.353631 17.912575 -8.020476 -102.688734 0.767751 0.001685 -0.623136 -0.149187
1520530829.403632 18.533059 -7.909680 -103.464898 0.773569 -0.004845 -0.616146 -0.148096
1520530829.453637 19.247397 -7.859653 -104.162427 0.777904 -0.005055 -0.610906 -0.147082
1520530829.503635 19.948699 -7.930676 -104.871893 0.783957 -0.002187 -0.603327 -0.146298
1520530829.553637 20.559416 -7.913462 -105.664388 0.787926 0.005174 -0.597984 -0.146837
1520530829.603639 21.064298 -7.959765 -106.527378 0.797098 0.008095 -0.585259 -0.148460
1520530829.653640 21.851858 -8.049207 -107.135820 0.809158 0.004323 -0.569507 -0.144593
1520530829.704050 22.434250 -8.030269 -107.950489 0.815737 0.003913 -0.560062 -0.144527
1520530829.754052 23.290887 -8.011794 -108.465563 0.821602 0.007035 -0.551441 -0.144339
1520530829.804054 24.155640 -8.050557 -107.945678 0.843965 0.016062 -0.514510 -0.150817
1520530829.854055 25.135870 -8.217614 -107.907767 0.854848 0.011760 -0.496572 -0.150041
1520530829.904057 25.947411 -8.270461 -108.487484 0.859056 0.009002 -0.489570 -0.149212
1520530829.954058 26.815315 -8.400524 -108.967050 0.861483 0.001777 -0.485876 -0.147545
1520530830.004060 27.569366 -8.491653 -108.301245 0.875118 0.000289 -0.461930 -0.144182
1520530830.054061 28.491718 -8.231322 -108.559588 0.878538 0.005928 -0.457855 -0.136031
1520530830.103816 29.115959 -8.264762 -107.766856 0.892105 0.009896 -0.429874 -0.138777
1520530830.153816 29.798406 -8.209364 -107.039471 0.903972 0.010114 -0.404703 -0.137648
1520530830.203818 30.744773 -8.397389 -106.795455 0.907270 -0.000250 -0.398220 -0.135211
1520530830.253820 31.498561 -8.654149 -106.184745 0.912560 -0.005078 -0.387309 -0.131152
1520530830.303821 32.337914 -8.751537 -105.652964 0.919712 -0.000961 -0.372463 -0.124101
1520530830.353823 33.077274 -8.960212 -105.010679 0.928127 0.004158 -0.352789 -0.118758
1520530830.403825 33.758515 -9.116381 -104.295126 0.936760 0.009315 -0.329825 -0.116663
1520530830.453826 34.229210 -9.323893 -103.436500 0.944421 0.011866 -0.305823 -0.120004
1520530830.503616 34.749841 -9.272380 -102.585108 0.951956 0.019703 -0.280419 -0.121473
1520530830.553618 35.269451 -9.442741 -101.747267 0.958266 0.016535 -0.258173 -0.121651
1520530830.603620 36.228795 -9.528360 -101.508824 0.959764 0.013802 -0.254089 -0.118749
1520530830.653621 36.584197 -9.554073 -100.568614 0.968416 0.021492 -0.220493 -0.114420
1520530830.703623 37.570539 -9.600561 -100.637860 0.970036 0.019266 -0.212732 -0.115776
1520530830.753625 38.563705 -9.578370 -100.516567 0.971765 0.026675 -0.204304 -0.114987
1520530830.803627 38.621979 -9.663461 -99.517277 0.977834 0.037431 -0.170914 -0.115013
1520530830.853628 38.665234 -9.729128 -98.520306 0.982090 0.044039 -0.143951 -0.113306
1520530830.903462 38.791905 -9.611390 -97.535466 0.985418 0.046721 -0.122647 -0.108291
1520530830.953465 38.727930 -9.902713 -96.579747 0.987715 0.040674 -0.102982 -0.110274
1520530831.003467 38.846320 -10.187684 -95.628357 0.989410 0.033679 -0.086487 -0.111592
1520530831.053468 39.648680 -10.242869 -95.047821 0.990123 0.029859 -0.082291 -0.109510
1520530831.103468 39.777928 -10.578777 -94.110476 0.991102 0.023489 -0.069987 -0.110755
1520530831.153471 40.557779 -10.989111 -93.651859 0.991046 0.021198 -0.066929 -0.113572
1520530831.203472 40.226263 -11.166990 -92.727863 0.991977 0.016236 -0.051818 -0.114161
1520530831.253474 39.898093 -11.349281 -91.800706 0.992617 0.012796 -0.038661 -0.114249
1520530831.303476 39.721482 -11.151621 -90.835639 0.993766 0.015418 -0.024112 -0.107749
1520530831.353524 40.039941 -11.758123 -90.102536 0.993682 0.016085 -0.020141 -0.109231
1520530831.403624 39.461835 -12.163329 -89.404057 0.993819 0.013572 -0.006298 -0.110002
1520530831.453527 40.175838 -12.462295 -88.787147 0.993828 0.014320 -0.002437 -0.109976
1520530831.503529 40.995454 -12.796041 -88.324382 0.993707 0.014474 0.000509 -0.111068
1520530831.553530 41.663658 -13.070190 -87.629719 0.993587 0.016341 0.006426 -0.111699
1520530831.603532 42.408362 -13.270331 -86.995041 0.993577 0.021956 0.011336 -0.110425
1520530831.653533 43.192722 -13.604753 -86.472956 0.993346 0.024177 0.014384 -0.111676
1520530831.703535 43.855978 -13.982733 -85.824443 0.993230 0.023534 0.018561 -0.112234
1520530831.753733 44.426434 -14.271719 -85.054533 0.993228 0.020326 0.025720 -0.111464
1520530831.803735 45.083124 -14.402703 -84.313745 0.993367 0.013933 0.033183 -0.109206
1520530831.853737 45.888505 -14.653682 -83.780122 0.992933 0.004594 0.041628 -0.111037
1520530831.903738 46.690932 -14.825124 -83.208951 0.992147 0.002018 0.052559 -0.113479
1520530831.953740 47.536069 -15.109148 -82.757206 0.990922 0.001553 0.062355 -0.119089
1520530832.003741 48.087304 -15.196378 -81.922759 0.990229 -0.000402 0.071029 -0.120005
1520530832.053743 48.147685 -15.417593 -80.946701 0.988952 -0.004025 0.087468 -0.119616
1520530832.103744 48.652334 -15.747763 -80.153535 0.988263 -0.008790 0.095826 -0.118642
1520530832.153733 49.003663 -15.857277 -79.222580 0.987705 -0.010080 0.106895 -0.113622
1520530832.203735 49.408335 -16.137432 -78.352229 0.986717 -0.009078 0.115884 -0.113480
1520530832.253736 49.613028 -16.419483 -77.413593 0.985090 -0.005143 0.129641 -0.112979
1520530832.303738 50.088468 -16.766300 -76.608075 0.984081 -0.004698 0.136327 -0.113922
1520530832.353740 50.345795 -16.890885 -75.648239 0.982836 -0.006152 0.145445 -0.113315
1520530832.403741 50.630249 -17.092902 -74.711247 0.981976 -0.011679 0.149914 -0.114512
1520530832.453743 50.965014 -17.454891 -73.841222 0.981239 -0.014575 0.154959 -0.113781
1520530832.503744 51.143452 -17.914731 -72.969919 0.980284 -0.016097 0.164237 -0.108674
1520530832.553492 51.231785 -18.417210 -72.109308 0.978398 -0.017562 0.179040 -0.101853
1520530832.603494 51.192629 -18.470400 -71.111083 0.975620 -0.010624 0.202681 -0.083507
1520530832.653495 51.697239 -18.630932 -70.268922 0.975657 -0.005869 0.205811 -0.075498
1520530832.703496 51.694939 -18.790807 -69.278517 0.972378 -0.003800 0.223163 -0.068295
1520530832.753498 52.056003 -18.766349 -68.350050 0.970465 -0.003928 0.233469 -0.060622
1520530832.803499 51.461407 -18.865937 -67.555703 0.965113 -0.007241 0.255839 -0.055233
1520530832.853501 52.060712 -18.999913 -66.780693 0.965374 -0.005793 0.255692 -0.051383
1520530832.903502 52.465795 -19.105353 -65.869982 0.963209 -0.006563 0.264057 -0.049579
1520530832.953347 53.128523 -19.097028 -65.125404 0.962088 -0.008686 0.268204 -0.048765
1520530833.003408 53.973031 -19.181388 -64.599955 0.959039 -0.004785 0.278465 -0.051754
1520530833.053349 53.471288 -19.357486 -63.749027 0.948078 -0.005963 0.313965 -0.050376
1520530833.103352 52.816595 -19.668905 -63.061242 0.936619 -0.019753 0.345914 -0.051947
1520530833.153352 53.707463 -19.714603 -63.521804 0.924728 -0.027805 0.376833 -0.045851
1520530833.203354 54.515104 -19.932623 -64.073040 0.910943 -0.026167 0.410296 -0.033986
1520530833.253356 55.382402 -20.025894 -64.561932 0.895862 -0.027349 0.442671 -0.026942
1520530833.303358 56.175090 -20.334802 -65.090465 0.879837 -0.016701 0.474732 -0.015436
1520530833.353606 56.512718 -20.209742 -64.148460 0.880453 -0.017685 0.473672 -0.011144
1520530833.403607 57.351490 -20.529194 -64.620891 0.861435 -0.007525 0.507810 -0.001299
1520530833.453609 56.695334 -20.599281 -63.848508 0.847405 -0.012517 0.530729 -0.008669
1520530833.503610 56.394823 -20.580280 -62.896364 0.845002 -0.019311 0.534301 -0.010992
1520530833.553612 56.172722 -20.922445 -61.982959 0.841496 -0.021907 0.539629 -0.014304
1520530833.603614 56.140308 -21.289716 -61.055060 0.839133 -0.023302 0.543299 -0.011740
1520530833.653615 56.276498 -21.894841 -60.270959 0.836410 -0.014606 0.547684 -0.015737
1520530833.703616 56.520300 -22.176238 -59.344702 0.834157 -0.011085 0.551265 -0.012928
1520530833.753618 56.341570 -22.242885 -58.359416 0.828637 -0.008041 0.559635 -0.010214
1520530833.804356 55.982822 -22.040273 -57.446972 0.823934 -0.007734 0.566605 -0.005566
1520530833.854357 55.501947 -22.058861 -56.569768 0.817314 -0.006701 0.576127 -0.005517
1520530833.904359 55.347020 -22.087820 -55.584772 0.813526 -0.007980 0.581470 -0.001904
1520530833.954361 55.170236 -22.176851 -54.604430 0.808531 -0.006765 0.588405 0.003458
1520530834.004362 54.902205 -22.234405 -53.642182 0.800268 -0.005840 0.599597 0.004568
1520530834.054364 54.723950 -22.254150 -52.659332 0.794163 -0.000341 0.607678 0.005685
1520530834.104366 53.807915 -21.963662 -52.886106 0.759308 0.021374 0.650095 0.019271
1520530834.154367 52.821160 -22.023564 -53.046025 0.740014 0.027895 0.671624 0.022852
1520530834.204152 52.528563 -22.153304 -52.100525 0.736650 0.028401 0.675216 0.024989
1520530834.254153 51.739793 -22.096945 -51.488327 0.727523 0.021422 0.685112 0.029526
1520530834.304155 50.786793 -21.968695 -51.731436 0.708298 0.016934 0.704876 0.034314
1520530834.354156 50.159726 -22.085788 -50.955571 0.702938 0.016110 0.710303 0.032975
1520530834.404157 49.588463 -21.505771 -51.531427 0.683005 0.011922 0.728934 0.044905
1520530834.454159 48.729426 -21.235445 -51.076553 0.678357 0.009104 0.733062 0.048665
1520530834.504160 47.738222 -21.206574 -51.152539 0.668256 0.011925 0.742141 0.050187
1520530834.554162 46.953499 -20.951636 -50.580249 0.666422 0.014001 0.743655 0.051600
1520530834.603905 45.981395 -20.878333 -50.371929 0.665029 0.014751 0.744903 0.051373
1520530834.653884 44.988675 -20.870831 -50.259434 0.665304 0.013258 0.744573 0.052972
1520530834.703887 43.999342 -20.790371 -50.136138 0.665406 0.007241 0.744182 0.058106
1520530834.753888 43.016093 -20.839243 -49.958078 0.664252 0.002176 0.744870 0.062712
1520530834.803890 42.025486 -20.741845 -50.028133 0.659257 -0.000964 0.748847 0.067880
1520530834.853890 41.088120 -20.545288 -49.728978 0.654793 -0.002481 0.752235 0.073361
1520530834.903893 40.392565 -20.327887 -49.043487 0.653942 -0.000670 0.752461 0.078502
1520530834.953893 39.567781 -20.020242 -49.496422 0.636793 -0.001758 0.766319 0.085135
1520530835.003848 38.827280 -19.838145 -50.141430 0.616651 -0.000025 0.781762 0.092684
1520530835.053850 38.005456 -20.132430 -50.634485 0.596304 0.001723 0.798018 0.087103
1520530835.103851 37.079683 -20.235376 -51.002414 0.584610 0.011340 0.807069 0.082114
1520530835.153853 36.097027 -20.028006 -51.027937 0.575860 0.021028 0.813050 0.083025
1520530835.203854 35.309825 -19.601172 -50.576765 0.568762 0.029783 0.816661 0.093212
1520530835.253856 34.441220 -19.724588 -51.037501 0.550273 0.033502 0.829129 0.092859
1520530835.303858 33.539520 -19.612927 -51.458475 0.536833 0.026993 0.838617 0.088337
1520530835.353859 32.616663 -19.823824 -51.118351 0.533844 0.020881 0.841620 0.079061
1520530835.403752 31.783950 -20.081443 -51.592239 0.522034 0.019966 0.849313 0.075828
1520530835.453753 30.897274 -19.744591 -51.921926 0.514731 0.022020 0.853521 0.077904
1520530835.503755 30.085288 -19.343117 -52.344861 0.506733 0.024587 0.858024 0.080070
1520530835.553756 29.156596 -19.288649 -52.712158 0.496966 0.025695 0.863868 0.078076
1520530835.603758 28.306828 -19.184750 -53.226825 0.481670 0.024033 0.872791 0.075174
1520530835.653759 27.425427 -18.940509 -53.635601 0.469744 0.021549 0.879962 0.067411
1520530835.703760 26.504422 -18.818928 -54.006711 0.462094 0.020042 0.884568 0.060058
1520530835.753763 25.607827 -18.528827 -54.344635 0.454364 0.018741 0.888212 0.065438
1520530835.803792 24.732359 -18.743572 -53.902626 0.454505 0.021888 0.887458 0.073237
1520530835.853784 23.997338 -18.598416 -54.550320 0.434381 0.016115 0.896935 0.081003
1520530835.903789 23.158688 -18.939123 -54.110026 0.433054 0.015833 0.897649 0.080249
1520530835.953786 22.198115 -19.025890 -53.845399 0.425851 0.013276 0.901111 0.080456
1520530836.003788 21.632654 -18.802282 -54.629653 0.403005 0.011145 0.911149 0.085272
1520530836.053790 20.685652 -18.773482 -54.284248 0.402371 0.012286 0.911335 0.086112
1520530836.103791 19.867304 -18.404241 -53.841681 0.397846 0.007768 0.912662 0.093307
1520530836.153793 19.016825 -18.074641 -53.431873 0.397373 0.005792 0.912122 0.100469
1520530836.203794 18.118158 -17.929366 -53.018456 0.388922 0.010259 0.915406 0.103273
1520530836.253843 17.329159 -17.444327 -52.637965 0.381679 0.008232 0.917754 0.109455
1520530836.303845 16.512922 -17.024946 -52.241037 0.372801 0.009878 0.920573 0.116046
1520530836.353846 15.556452 -16.768266 -52.110903 0.363011 0.014036 0.924290 0.117106
1520530836.403848 14.670115 -16.500611 -51.732501 0.365309 0.012168 0.923823 0.113807
1520530836.453849 13.790944 -16.262909 -51.319731 0.368431 0.005575 0.923081 0.110225
1520530836.503851 12.827189 -16.104506 -51.107896 0.362313 0.002870 0.925711 0.108538
1520530836.553853 12.248420 -16.106616 -51.911561 0.341159 0.003137 0.933680 0.108819
1520530836.603854 11.264764 -15.939974 -51.761615 0.338698 0.003388 0.934674 0.107963
1520530836.653644 10.488850 -15.524169 -52.227244 0.321551 0.003169 0.939564 0.117533
1520530836.703645 9.518135 -15.323289 -52.069923 0.318348 0.006826 0.941223 0.112726
1520530836.753647 8.660052 -14.824173 -51.939216 0.313585 0.006679 0.943323 0.108450
1520530836.803648 7.672072 -14.676162 -51.940522 0.308746 0.008030 0.945681 0.101485
1520530836.853650 6.698263 -14.794231 -52.126733 0.302274 0.008465 0.947884 0.100375
1520530836.903651 5.722078 -14.956290 -51.971802 0.300192 0.011040 0.948222 0.103141
1520530836.953653 4.755416 -15.127926 -51.781458 0.289956 0.012072 0.951230 0.104598
1520530837.003655 3.776088 -15.237546 -51.938575 0.278140 0.013018 0.955298 0.099365
1520530837.053571 2.985905 -14.619895 -51.870208 0.277177 -0.002755 0.954910 0.106357
1520530837.103573 2.017436 -14.374356 -51.885903 0.270753 0.000511 0.956739 0.106506
1520530837.153575 1.051160 -14.126601 -51.809772 0.267991 0.003268 0.957024 0.110793
1520530837.203576 0.083237 -13.951156 -51.979319 0.261860 0.003085 0.957918 0.117524
1520530837.253578 -0.899566 -13.871861 -52.145642 0.253830 0.002890 0.960303 0.115671
1520530837.303579 -1.862656 -13.596683 -52.149855 0.249581 -0.000230 0.961586 0.114284
1520530837.353581 -2.822779 -13.455247 -52.382898 0.238284 0.000635 0.964599 0.113001
1520530837.403583 -3.780848 -13.230992 -52.195984 0.235039 0.002644 0.964663 0.119054
1520530837.453924 -4.683110 -12.844002 -52.378370 0.223334 0.000589 0.966814 0.124065
1520530837.503925 -5.657636 -12.692956 -52.543744 0.215389 0.000905 0.969252 0.118984
1520530837.553927 -5.870302 -12.355187 -53.456305 0.179162 -0.003852 0.976039 0.123427
1520530837.603929 -6.750759 -12.446520 -53.937853 0.168002 -0.005869 0.979231 0.113351
1520530837.653930 -7.585863 -12.352730 -54.479849 0.157798 -0.007242 0.981390 0.109183
1520530837.703931 -7.697870 -11.948828 -55.387601 0.131190 -0.008072 0.984240 0.118305
1520530837.753933 -8.620436 -11.701470 -55.711960 0.127622 -0.005890 0.984965 0.116283
1520530837.803935 -9.577022 -11.722709 -56.002721 0.120631 0.001951 0.986327 0.112261
1520530837.854232 -10.270609 -11.655435 -56.713595 0.110465 0.006460 0.988391 0.104107
1520530837.904138 -10.925823 -11.445057 -57.439746 0.102997 0.001357 0.989721 0.099203
1520530837.954139 -11.500001 -11.846418 -58.155605 0.095843 0.000872 0.990714 0.096431
1520530838.004141 -12.299546 -12.081828 -58.713044 0.087675 -0.004809 0.991108 0.099969
1520530838.054142 -13.249482 -12.321777 -58.926885 0.093575 -0.001919 0.989901 0.106472
1520530838.104145 -13.895056 -12.510711 -59.658482 0.076969 -0.005862 0.991142 0.108073
1520530838.154145 -14.529402 -12.505591 -60.431653 0.063134 -0.007505 0.992013 0.108936
1520530838.204147 -15.454512 -12.365672 -60.798545 0.064278 -0.007413 0.991505 0.112831
1520530838.254149 -16.253728 -12.436040 -61.390926 0.059152 -0.003834 0.991356 0.117045
1520530838.304105 -16.278097 -12.287985 -62.376919 0.039606 -0.008205 0.991245 0.125687
1520530838.354107 -15.983971 -12.172400 -63.327110 0.010596 -0.008990 0.990708 0.135298
1520530838.404108 -16.692565 -11.695971 -63.866978 0.005605 -0.017724 0.990180 0.138557
1520530838.454110 -17.496315 -11.518031 -64.433744 -0.003580 -0.014529 0.990379 0.137567
1520530838.504111 -18.352993 -11.535283 -64.950263 -0.022069 -0.006859 0.990644 0.134500
1520530838.554113 -19.184175 -11.543696 -65.506118 -0.039346 0.001249 0.990969 0.128185
1520530838.604115 -18.931841 -11.635516 -66.467124 -0.064312 0.002770 0.990231 0.123689
1520530838.654116 -18.613360 -11.476417 -67.402058 -0.090896 -0.003701 0.988184 0.123352
1520530838.703937 -18.542512 -11.758004 -68.360344 -0.109372 -0.001284 0.987088 0.117019
1520530838.753938 -18.189957 -11.752037 -69.296423 -0.129837 -0.003408 0.984271 0.119754
1520530838.803941 -17.547740 -11.526619 -70.033058 -0.147806 -0.004948 0.981537 0.121302
1520530838.853942 -17.069588 -11.846218 -70.852244 -0.161581 0.001900 0.979914 0.116857
1520530838.903944 -17.175603 -11.393088 -71.742744 -0.168326 -0.002552 0.979220 0.113085
1520530838.953945 -17.470996 -11.424050 -72.697929 -0.170218 0.007420 0.979469 0.107756
1520530839.003947 -16.816560 -11.203956 -73.429713 -0.182251 0.005212 0.977285 0.108037
1520530839.053948 -16.302214 -11.358342 -74.272545 -0.187480 0.000301 0.976599 0.105381
1520530839.103765 -16.432112 -12.044456 -74.998599 -0.189439 0.000218 0.975814 0.109083
1520530839.153767 -16.562404 -12.619286 -75.805093 -0.197439 -0.002255 0.974087 0.110307
1520530839.203769 -16.072730 -12.653781 -76.675605 -0.220226 -0.011859 0.968915 0.112091
1520530839.253770 -16.605341 -12.966549 -75.905688 -0.247570 -0.018964 0.960866 0.122828
1520530839.303771 -16.026898 -12.626165 -76.632949 -0.272503 -0.026266 0.952514 0.133300
1520530839.353773 -15.239204 -12.682026 -77.249917 -0.297063 -0.025717 0.944344 0.138949
1520530839.403775 -15.702629 -12.570894 -78.139865 -0.298452 -0.026462 0.943084 0.144284
1520530839.453830 -15.812380 -12.464344 -79.125117 -0.303720 -0.022942 0.941926 0.141431
1520530839.503782 -15.932397 -12.232625 -80.091152 -0.310608 -0.017144 0.940083 0.139547
1520530839.553783 -15.185142 -12.429447 -80.734762 -0.335830 -0.013172 0.930603 0.144994
1520530839.603785 -15.695167 -12.417170 -81.607777 -0.341991 -0.011299 0.927329 0.151576
1520530839.653786 -14.882418 -12.622386 -82.163868 -0.364397 -0.011849 0.918958 0.150304
1520530839.703788 -15.317683 -12.689813 -83.073199 -0.367666 -0.008944 0.918217 0.147032
1520530839.753790 -15.391849 -12.586444 -84.062403 -0.371430 -0.009431 0.917628 0.141099
1520530839.803791 -15.419587 -12.607549 -85.061346 -0.376024 -0.008227 0.916398 0.136944
1520530839.853793 -15.454543 -12.655927 -86.059649 -0.377361 -0.006745 0.916330 0.133765
1520530839.903964 -15.434264 -12.675415 -87.058878 -0.378786 -0.006746 0.915950 0.132330
1520530839.953965 -15.426078 -12.832784 -88.046713 -0.381530 -0.006664 0.915133 0.130087
1520530840.003967 -15.581041 -13.060114 -89.009768 -0.383579 -0.004741 0.914522 0.128432
1520530840.053968 -15.781468 -13.228660 -89.975259 -0.386087 -0.001274 0.913427 0.128789
1520530840.103970 -15.861241 -13.425050 -90.951573 -0.388200 0.003572 0.913210 0.123835
1520530840.153971 -15.859384 -13.703100 -91.911766 -0.390712 0.008613 0.913377 0.114070
1520530840.203974 -16.114479 -13.801099 -92.876174 -0.392081 0.006838 0.912784 0.114239
1520530840.253975 -16.360579 -14.083837 -93.803669 -0.398635 0.007039 0.908501 0.125167
1520530840.304034 -16.610387 -13.967005 -94.765938 -0.403954 0.000089 0.905307 0.131299
1520530840.354035 -16.780959 -13.840215 -95.742464 -0.412292 -0.004620 0.901183 0.133656
1520530840.404038 -17.162312 -13.651018 -96.650007 -0.414576 -0.010335 0.899933 0.134686
1520530840.454039 -17.491421 -13.787605 -97.583660 -0.420845 -0.008921 0.896758 0.136507
1520530840.504041 -17.775534 -13.863086 -98.539136 -0.427591 -0.009931 0.893242 0.138514
1520530840.554042 -18.085204 -13.661508 -99.469920 -0.426729 -0.015579 0.894017 0.135624
1520530840.604043 -18.523764 -13.549295 -100.362685 -0.432544 -0.013657 0.890848 0.138239
1520530840.654045 -18.849921 -13.279448 -101.268473 -0.431355 -0.022008 0.891083 0.139353
1520530840.704046 -19.305575 -13.188734 -102.154786 -0.431135 -0.016520 0.891377 0.138913
1520530840.753757 -18.401232 -13.289891 -102.586126 -0.470751 -0.011902 0.870403 0.143705
1520530840.803758 -19.007787 -13.158155 -103.389603 -0.467742 -0.012380 0.868561 0.163298
1520530840.853760 -18.076137 -13.031516 -103.751138 -0.508490 -0.021594 0.843400 0.172189
1520530840.903762 -17.144961 -12.777167 -104.012159 -0.545974 -0.036931 0.818829 0.173400
1520530840.953763 -16.146296 -12.769933 -104.089767 -0.576461 -0.044702 0.797307 0.173193
1520530841.003765 -15.155458 -12.865790 -104.180280 -0.606124 -0.050986 0.775084 0.171053
1520530841.053776 -15.030200 -12.859051 -105.176727 -0.608572 -0.057473 0.770980 0.178681
1520530841.103768 -16.020151 -12.874092 -105.123096 -0.641266 -0.067221 0.739739 0.192469
1520530841.153441 -17.016290 -12.806674 -105.188091 -0.670956 -0.071715 0.708920 0.205201
1520530841.203443 -16.027794 -12.954522 -105.234788 0.693748 0.073167 -0.683978 -0.213390
1520530841.253444 -15.682942 -12.725320 -106.147737 0.697079 0.073458 -0.679461 -0.216837
1520530841.303446 -15.432140 -12.569258 -107.103813 0.698049 0.074236 -0.677257 -0.220317
1520530841.353448 -15.107020 -12.344040 -108.021959 0.696611 0.076442 -0.677756 -0.222567
1520530841.403450 -15.994719 -11.911257 -108.152479 0.718366 0.069890 -0.654206 -0.226011
1520530841.453451 -15.615722 -11.515806 -108.973365 0.718117 0.076396 -0.652593 -0.229336
1520530841.503453 -15.284874 -11.214876 -109.867492 0.718515 0.076264 -0.650170 -0.234945
1520530841.553541 -14.738119 -10.913647 -110.647419 0.721358 0.074491 -0.646831 -0.236016
1520530841.603542 -14.581820 -10.720601 -111.619160 0.718116 0.072415 -0.648406 -0.242147
1520530841.653544 -14.366832 -10.437644 -112.553749 0.719686 0.073394 -0.645007 -0.246234
1520530841.703546 -13.980285 -10.124347 -113.420038 0.724243 0.071268 -0.639303 -0.248364
1520530841.753546 -13.781853 -9.830760 -114.356771 0.724277 0.071182 -0.635427 -0.258047
1520530841.803549 -13.169596 -9.454912 -115.050867 0.732940 0.071601 -0.622346 -0.265249
1520530841.853550 -12.461843 -8.893643 -115.485188 0.739983 0.083189 -0.613076 -0.263899
1520530841.903552 -11.647326 -9.148676 -114.941026 0.762885 0.083263 -0.578292 -0.276860
1520530841.953866 -10.820743 -8.794158 -115.358847 0.769478 0.086388 -0.569784 -0.275295
1520530842.003868 -10.177835 -8.541365 -116.081545 0.770884 0.088417 -0.568584 -0.273189
1520530842.053870 -9.181140 -8.433946 -116.149179 0.777833 0.088154 -0.561369 -0.268458
1520530842.103871 -8.273363 -8.351613 -116.555903 0.780174 0.088637 -0.559489 -0.265413
1520530842.153873 -7.355991 -8.256448 -116.942464 0.783069 0.090755 -0.555299 -0.264969
1520530842.203874 -6.491393 -8.638870 -116.592304 0.789893 0.091593 -0.541603 -0.272664
1520530842.253876 -5.558493 -8.502065 -116.904705 0.790215 0.091322 -0.538662 -0.277602
1520530842.303878 -4.578308 -8.712857 -116.948394 0.790484 0.088207 -0.534850 -0.285114
1520530842.353804 -3.598434 -8.544028 -117.040330 0.790926 0.086949 -0.533625 -0.286566
1520530842.403806 -2.660880 -8.577954 -117.384567 0.792763 0.088906 -0.530269 -0.287119
1520530842.453807 -2.061589 -8.649763 -118.184808 0.791561 0.087300 -0.530826 -0.289885
1520530842.503809 -1.475671 -9.040444 -117.461918 0.803880 0.083740 -0.509514 -0.295228
1520530842.553810 -0.543083 -9.170579 -117.142546 0.810847 0.077564 -0.496070 -0.300708
1520530842.603812 0.389445 -8.904186 -117.365270 0.813190 0.076749 -0.490013 -0.304498
1520530842.653813 1.098366 -9.277813 -116.751494 0.823968 0.074090 -0.467574 -0.311388
1520530842.703815 2.033308 -9.532991 -116.524085 0.829710 0.076644 -0.457089 -0.311089
1520530842.753816 2.958546 -9.851892 -116.317469 0.836221 0.076770 -0.446249 -0.309359
1520530842.803920 3.400988 -10.413242 -115.614599 0.846903 0.070983 -0.426725 -0.309228
1520530842.853921 4.084622 -10.781145 -114.987755 0.854339 0.064029 -0.410679 -0.312006
1520530842.903923 4.568959 -11.380604 -114.347492 0.862201 0.056118 -0.384541 -0.324943
1520530842.953924 5.045392 -11.820702 -113.587886 0.869627 0.045043 -0.362724 -0.331889
1520530843.003926 5.893906 -12.139615 -113.176840 0.873676 0.036939 -0.351570 -0.334253
1520530843.053927 6.733573 -12.436103 -112.722201 0.879114 0.031600 -0.339004 -0.333521
1520530843.103928 7.162367 -12.584595 -111.830252 0.887457 0.032610 -0.320342 -0.329753
1520530843.153931 7.664337 -13.049643 -111.098116 0.894068 0.026265 -0.304332 -0.327618
1520530843.203975 8.184861 -13.614278 -110.456889 0.899336 0.020253 -0.292505 -0.324383
1520530843.253977 9.065137 -14.012307 -110.695510 0.899235 0.015391 -0.291990 -0.325394
1520530843.303978 9.631457 -14.691999 -110.219035 0.903614 0.012196 -0.276348 -0.327055
1520530843.353980 10.192332 -15.015284 -109.458795 0.908583 0.012739 -0.256952 -0.329076
1520530843.403982 10.800128 -15.395366 -108.761902 0.911518 0.008570 -0.243969 -0.330970
1520530843.453983 11.774722 -15.579511 -108.704116 0.911388 0.004962 -0.246834 -0.329271
1520530843.503985 12.222528 -15.872893 -107.852650 0.919144 0.004457 -0.229676 -0.320006
1520530843.553986 12.730634 -16.347382 -107.132683 0.927483 0.004175 -0.208850 -0.310064
1520530843.603940 12.912661 -16.711653 -106.219813 0.935909 0.006899 -0.179411 -0.303049
1520530843.653943 13.434324 -17.079517 -105.452389 0.941663 0.009329 -0.151032 -0.300620
1520530843.703944 13.752917 -17.447743 -104.578321 0.946064 0.006501 -0.124230 -0.299145
1520530843.753945 14.716916 -17.678247 -104.624825 0.946017 0.007389 -0.121934 -0.300215
1520530843.803946 15.689189 -17.900689 -104.695432 0.946367 0.007816 -0.115904 -0.301488
1520530843.853950 16.684354 -17.994216 -104.709246 0.946667 0.010414 -0.117234 -0.299949
1520530843.903951 17.669240 -17.850611 -104.607569 0.948763 0.014604 -0.113456 -0.294556
1520530843.953952 18.666807 -17.787971 -104.590839 0.949134 0.017693 -0.111485 -0.293944
1520530844.003965 19.638940 -17.642290 -104.402385 0.950465 0.018715 -0.102821 -0.292737
1520530844.053963 20.594236 -17.859683 -104.194580 0.949274 0.017951 -0.089617 -0.300874
1520530844.103965 21.552124 -17.631140 -104.022564 0.950696 0.018911 -0.084592 -0.297766
1520530844.153966 22.529157 -17.683585 -103.813417 0.951569 0.020684 -0.086938 -0.294160
1520530844.203968 22.723643 -17.950415 -102.862464 0.955409 0.017549 -0.060258 -0.288538
1520530844.253969 23.014882 -18.359987 -101.997390 0.958229 0.012920 -0.038696 -0.283076
1520530844.304044 23.142931 -18.855546 -101.137415 0.959322 0.004692 -0.021937 -0.281421
1520530844.353972 24.049699 -19.028667 -100.779189 0.959097 0.001498 -0.021350 -0.282268
1520530844.403862 24.888407 -19.175035 -100.252559 0.958935 0.000677 -0.016379 -0.283150
1520530844.453863 25.828250 -19.245475 -99.923557 0.957685 -0.002627 -0.013415 -0.287493
1520530844.503865 26.551605 -19.692388 -99.388897 0.956167 -0.009120 -0.009198 -0.292537
1520530844.553866 26.927001 -20.320504 -98.702745 0.956050 -0.016303 0.000605 -0.292749
1520530844.603868 27.053648 -20.686164 -97.781250 0.958710 -0.013831 0.020997 -0.283272
1520530844.653870 27.917750 -21.173802 -97.699767 0.958670 -0.008704 0.025677 -0.283227
1520530844.703871 28.866446 -21.373184 -97.460414 0.959330 -0.008212 0.034939 -0.279995
1520530844.753873 29.710405 -21.557101 -96.953555 0.959607 -0.010284 0.040902 -0.278165
1520530844.804015 30.519662 -21.665098 -96.375808 0.959596 -0.014187 0.045708 -0.277280
1520530844.854017 30.498203 -21.959104 -95.415727 0.958192 -0.012899 0.077125 -0.275233
1520530844.904018 31.182671 -22.315918 -94.790077 0.958355 -0.015787 0.081932 -0.273119
1520530844.954020 31.874535 -22.788733 -94.243485 0.958044 -0.018141 0.089288 -0.271753
1520530845.004022 32.786622 -23.061543 -93.946445 0.956649 -0.019783 0.097141 -0.273851
1520530845.054023 33.651446 -23.133777 -93.448914 0.955011 -0.022795 0.108038 -0.275248
1520530845.104025 34.591250 -23.317052 -93.162369 0.950283 -0.029166 0.124008 -0.284138
1520530845.154026 35.392573 -23.435697 -92.573353 0.951351 -0.034597 0.129161 -0.277583
1520530845.204028 36.283117 -23.742896 -92.238183 0.950649 -0.032871 0.131016 -0.279323
1520530845.254549 36.967214 -24.186570 -91.654704 0.950300 -0.036259 0.142955 -0.274189
1520530845.304551 37.735186 -24.434608 -91.067182 0.954316 -0.038303 0.140133 -0.261106
1520530845.354552 38.342459 -24.802131 -90.359520 0.956132 -0.042376 0.143597 -0.251786
1520530845.404553 38.976835 -25.328417 -89.792145 0.954496 -0.049048 0.152371 -0.251625
1520530845.454555 39.405305 -25.484633 -88.900822 0.955443 -0.055542 0.157955 -0.243094
1520530845.504556 40.036394 -25.699262 -88.158165 0.956350 -0.058185 0.158754 -0.238342
1520530845.554558 40.525401 -26.282949 -87.504620 0.954184 -0.059485 0.168310 -0.240138
1520530845.604560 41.089222 -26.844620 -86.900641 0.951957 -0.061839 0.178177 -0.241260
1520530845.654414 40.455059 -27.292389 -86.278467 0.947743 -0.070036 0.199408 -0.238987
1520530845.704415 40.498104 -27.823889 -85.433785 0.946816 -0.072538 0.205679 -0.236587
1520530845.754416 41.007434 -28.155434 -84.646034 0.949085 -0.070108 0.205131 -0.228570
1520530845.804418 41.545250 -28.698268 -83.999361 0.949053 -0.065337 0.210738 -0.224987
1520530845.854419 41.626093 -28.970729 -83.037963 0.946898 -0.067060 0.228953 -0.215562
1520530845.904449 41.038810 -29.033046 -82.235129 0.938981 -0.060856 0.267267 -0.207798
1520530845.954422 40.501438 -29.246140 -81.417253 0.931217 -0.061796 0.293568 -0.206962
1520530846.004424 40.764683 -29.198166 -80.460062 0.934015 -0.062760 0.293781 -0.193311
1520530846.054296 41.052300 -29.505870 -79.551380 0.932024 -0.062673 0.302044 -0.190191
1520530846.104298 40.475011 -29.758337 -78.776919 0.925565 -0.059823 0.329116 -0.177296
1520530846.154299 39.851751 -30.000914 -78.033395 0.916522 -0.056546 0.359601 -0.165762
1520530846.204301 39.035198 -29.887458 -77.471751 0.904638 -0.050867 0.393292 -0.156091
1520530846.254303 39.284423 -30.013767 -76.518937 0.899865 -0.053654 0.402324 -0.159686
1520530846.304304 39.425140 -30.132484 -75.535203 0.897686 -0.055379 0.406221 -0.161485
1520530846.354306 39.408214 -30.287917 -74.546275 0.894351 -0.061112 0.411903 -0.163515
1520530846.404307 38.500207 -30.388816 -74.160143 0.885201 -0.071711 0.429923 -0.162612
1520530846.454088 37.712250 -30.414419 -73.541233 0.877176 -0.081299 0.446801 -0.155951
1520530846.504089 36.934366 -30.563162 -72.929300 0.868315 -0.087916 0.464782 -0.149254
1520530846.554091 36.138581 -30.374197 -72.354991 0.859159 -0.088058 0.483657 -0.142013
1520530846.604093 35.224630 -30.310515 -71.956993 0.851101 -0.084728 0.499914 -0.136144
1520530846.654094 34.266800 -30.440925 -71.701628 0.844671 -0.079853 0.512517 -0.132212
1520530846.704096 33.534119 -30.543636 -71.024048 0.844643 -0.076714 0.513907 -0.128814
1520530846.754097 32.568743 -30.777816 -70.969872 0.841946 -0.076987 0.518824 -0.126576
1520530846.804099 31.580394 -30.911518 -70.900439 0.840540 -0.083086 0.520782 -0.123995
1520530846.853992 30.700230 -31.053406 -70.439470 0.840786 -0.090461 0.519781 -0.121341
1520530846.903995 29.790344 -31.335656 -70.137179 0.837092 -0.097076 0.524761 -0.120330
1520530846.953996 29.078765 -31.754834 -69.568913 0.833244 -0.098480 0.529843 -0.123582
1520530847.003998 28.253668 -31.317579 -69.213626 0.824731 -0.093373 0.545742 -0.115178
1520530847.054000 27.255936 -31.310813 -69.209906 0.814419 -0.089687 0.561621 -0.115153
1520530847.104001 26.716689 -31.252718 -68.365000 0.812562 -0.088953 0.565401 -0.110238
1520530847.154002 26.231369 -31.516594 -67.530152 0.809577 -0.086757 0.570977 -0.105088
1520530847.204006 26.225103 -32.036308 -66.678746 0.809429 -0.080535 0.572465 -0.103066
1520530847.254089 25.824867 -32.294671 -65.797397 0.806227 -0.082901 0.576771 -0.102274
1520530847.304091 25.703045 -32.476442 -64.824091 0.802685 -0.090015 0.579739 -0.107220
1520530847.354092 25.642887 -32.679843 -63.847474 0.798640 -0.099946 0.582543 -0.113264
1520530847.404094 25.436886 -32.946050 -62.904556 0.793805 -0.109465 0.586245 -0.119196
1520530847.454095 25.202456 -33.593069 -62.175880 0.787479 -0.114642 0.592124 -0.126976
1520530847.504097 24.661400 -33.922402 -61.401607 0.781036 -0.123818 0.597894 -0.131050
1520530847.554097 24.453185 -34.370958 -60.534680 0.777832 -0.131650 0.599360 -0.135695
1520530847.604100 23.950695 -34.684785 -59.727972 0.774296 -0.140630 0.601849 -0.135894
1520530847.654101 23.314968 -35.135724 -59.100583 0.767686 -0.148237 0.607820 -0.138701
1520530847.704270 22.849122 -35.498304 -58.294526 0.763839 -0.153536 0.611583 -0.137634
1520530847.754271 22.638977 -36.136365 -57.553913 0.760165 -0.151682 0.616754 -0.136954
1520530847.804273 22.010171 -36.417349 -56.828167 0.754060 -0.150794 0.625630 -0.131306
1520530847.854275 21.086433 -36.066466 -56.726368 0.738451 -0.149916 0.646293 -0.120499
1520530847.904276 21.137351 -36.477875 -55.824253 0.740938 -0.148136 0.643765 -0.120966
1520530847.954278 20.803835 -37.125218 -55.133087 0.737328 -0.148509 0.647863 -0.120689
1520530848.004279 20.663566 -37.783808 -54.395754 0.733623 -0.149627 0.651776 -0.120818
1520530848.054281 20.292164 -38.192444 -53.561041 0.725465 -0.154219 0.660565 -0.116490
1520530848.104165 20.091869 -38.639520 -52.690937 0.720091 -0.152105 0.666882 -0.116624
1520530848.154167 19.806293 -38.785642 -51.743498 0.719989 -0.147316 0.669368 -0.108907
1520530848.204169 19.684378 -39.058326 -50.790439 0.722669 -0.142594 0.667758 -0.107307
1520530848.254170 18.923802 -38.818250 -51.366271 0.693707 -0.149976 0.697294 -0.100295
1520530848.304172 18.545226 -39.294235 -50.567848 0.693232 -0.149122 0.698571 -0.095868
1520530848.354172 18.192024 -39.745892 -49.748918 0.693028 -0.149031 0.699070 -0.093826
1520530848.404175 17.865474 -40.015486 -48.843648 0.692388 -0.147062 0.700825 -0.088403
1520530848.454177 17.535265 -40.354094 -47.962304 0.682710 -0.145206 0.711083 -0.084754
1520530848.503816 17.202387 -40.632198 -47.061604 0.676069 -0.142878 0.718026 -0.083397
1520530848.553818 16.814766 -40.964587 -46.201243 0.668994 -0.144506 0.723938 -0.086483
1520530848.603819 16.559523 -41.412527 -45.345426 0.667628 -0.141119 0.725501 -0.089482
1520530848.653821 16.034698 -41.774381 -44.572901 0.662593 -0.143711 0.729762 -0.088123
1520530848.703822 15.251892 -42.066925 -44.023727 0.654313 -0.149747 0.736318 -0.085358
1520530848.753824 14.284425 -41.911611 -44.180453 0.635465 -0.161743 0.750884 -0.078723
1520530848.803826 13.341544 -41.588789 -44.067741 0.619289 -0.171506 0.763620 -0.062865
1520530848.853827 12.757068 -42.052987 -43.398293 0.617093 -0.171239 0.765797 -0.058549
1520530848.903766 12.028811 -42.304970 -42.760533 0.611187 -0.168170 0.771873 -0.048800
1520530848.953768 11.410743 -42.723742 -42.095428 0.606769 -0.159530 0.777554 -0.042312
1520530849.003769 10.474283 -42.388442 -42.087686 0.588143 -0.164496 0.791418 -0.026181
1520530849.053776 9.766318 -42.645389 -41.426061 0.586518 -0.170547 0.791289 -0.027788
1520530849.103772 9.163170 -43.160179 -40.816456 0.586798 -0.167345 0.791867 -0.024704
1520530849.153862 8.646076 -43.602437 -40.084807 0.586711 -0.163391 0.792951 -0.017410
1520530849.203774 8.167681 -44.203862 -39.444246 0.586672 -0.150627 0.795518 -0.016704
1520530849.253776 7.542812 -44.587888 -38.763433 0.578750 -0.145550 0.802324 -0.011798
1520530849.304012 6.975616 -44.674968 -37.944892 0.576798 -0.139697 0.804826 -0.006644
1520530849.354015 6.256464 -44.155817 -38.383585 0.549715 -0.124666 0.825935 0.010167
1520530849.404016 5.458239 -43.825345 -37.867526 0.543590 -0.121837 0.830335 0.014468
1520530849.454017 4.764671 -43.669830 -37.165007 0.540519 -0.121743 0.832272 0.018463
1520530849.504019 4.164680 -43.320524 -37.868057 0.507108 -0.120867 0.852959 0.026338
1520530849.554020 3.532002 -42.832240 -38.471627 0.475088 -0.120196 0.871097 0.032166
1520530849.604021 2.793227 -42.556125 -37.849028 0.468669 -0.122688 0.874450 0.025176
1520530849.654023 2.101124 -42.168729 -37.239867 0.465067 -0.122512 0.876440 0.023566
1520530849.704024 1.325471 -42.059280 -36.617902 0.456887 -0.112052 0.882096 0.024599
1520530849.754075 0.460553 -42.084716 -36.116211 0.454273 -0.106859 0.884037 0.026377
1520530849.804077 -0.483981 -41.771224 -36.167262 0.446184 -0.110147 0.887696 0.028003
1520530849.854078 -1.436503 -41.514382 -35.994240 0.441320 -0.114354 0.889525 0.030088
1520530849.904080 -2.305747 -41.578334 -35.503075 0.442673 -0.112620 0.889117 0.028780
1520530849.954081 -3.247709 -41.378061 -35.747636 0.435709 -0.110686 0.892828 0.027651
1520530850.004083 -3.769391 -41.080143 -36.542572 0.419378 -0.104927 0.901126 0.032936
1520530850.054084 -4.407365 -40.601122 -37.149517 0.403228 -0.099602 0.908730 0.041185
1520530850.104087 -5.356870 -40.358062 -36.918597 0.402029 -0.100622 0.909282 0.038137
1520530850.154247 -6.248585 -40.052588 -37.237022 0.399149 -0.103209 0.910364 0.035563
1520530850.204248 -7.227285 -39.980752 -37.436948 0.395371 -0.106077 0.911750 0.033777
1520530850.254250 -7.639562 -39.499989 -38.208222 0.375642 -0.115646 0.918784 0.036818
1520530850.304252 -8.600302 -39.632547 -37.924876 0.374378 -0.114510 0.919347 0.039108
1520530850.354254 -9.547662 -39.331937 -37.813710 0.368510 -0.113821 0.921443 0.046772
1520530850.404256 -9.890996 -39.074786 -38.709401 0.346054 -0.107664 0.930427 0.054420
1520530850.454256 -10.787199 -38.654135 -38.905136 0.336126 -0.106731 0.933730 0.061445
1520530850.504258 -11.177032 -38.184252 -39.692246 0.315791 -0.107342 0.939957 0.072353
1520530850.554295 -11.553589 -37.776192 -40.523377 0.292579 -0.111321 0.946210 0.081809
1520530850.604297 -12.544958 -37.739924 -40.336208 0.286889 -0.111647 0.948015 0.080609
1520530850.654298 -13.041714 -37.294074 -41.071042 0.261651 -0.108808 0.955509 0.081863
1520530850.704300 -13.453232 -36.876806 -41.880784 0.229135 -0.099958 0.964424 0.085973
1520530850.754340 -13.816975 -36.524956 -42.742988 0.199283 -0.088201 0.971793 0.090141
1520530850.804303 -14.719794 -36.083857 -42.658131 0.197137 -0.091705 0.971844 0.090806
1520530850.854304 -15.160851 -35.887848 -43.522678 0.176264 -0.090987 0.975894 0.091011
1520530850.904306 -15.588986 -35.516008 -44.347597 0.160267 -0.096562 0.978066 0.091529
1520530850.954237 -15.888997 -35.054618 -45.182889 0.145223 -0.103173 0.979573 0.093284
1520530851.004239 -16.238218 -34.449321 -45.900563 0.132885 -0.109709 0.980299 0.096534
1520530851.054241 -16.739088 -34.240121 -46.739110 0.119423 -0.110085 0.981790 0.098532
1520530851.104242 -16.912489 -33.930212 -47.673466 0.098269 -0.106901 0.983934 0.103867
1520530851.154244 -17.655693 -33.253973 -47.768232 0.096423 -0.111846 0.983542 0.104109
1520530851.204245 -18.004044 -32.872002 -48.614341 0.082594 -0.105289 0.985606 0.103316
1520530851.254247 -18.948360 -32.879396 -48.965570 0.084811 -0.103490 0.985883 0.100652
1520530851.304248 -19.890055 -33.120308 -49.203057 0.082044 -0.103642 0.986152 0.100159
1520530851.354320 -19.912295 -33.531600 -48.305926 0.054336 -0.114084 0.986032 0.108506
1520530851.404322 -20.877353 -33.563244 -48.580337 0.048702 -0.112109 0.985951 0.113847
1520530851.454323 -21.786875 -33.218024 -48.818119 0.042934 -0.111944 0.985657 0.118770
1520530851.504325 -22.479400 -32.528759 -49.038336 0.036298 -0.115860 0.985453 0.118921
1520530851.554326 -23.358599 -32.147249 -49.322463 0.031969 -0.114165 0.986172 0.115797
1520530851.604328 -24.227160 -31.693721 -49.525685 0.030165 -0.120060 0.985966 0.112013
1520530851.654329 -24.281532 -32.171806 -48.660239 0.004738 -0.125351 0.984470 0.122814
1520530851.704331 -24.334880 -32.591859 -47.754987 -0.028302 -0.128808 0.981385 0.139607
1520530851.754292 -25.224149 -32.180582 -47.986619 -0.030421 -0.133223 0.979830 0.145805
1520530851.804294 -26.042361 -31.660217 -48.231654 -0.039448 -0.133656 0.979503 0.145441
1520530851.854296 -26.861294 -31.187577 -48.555629 -0.048095 -0.129566 0.980341 0.140821
1520530851.904297 -27.707846 -30.725358 -48.821386 -0.048966 -0.132560 0.980677 0.135285
1520530851.954298 -28.631060 -30.660869 -49.198754 -0.054629 -0.130398 0.981095 0.132157
1520530852.004300 -29.594694 -30.597734 -49.461036 -0.061151 -0.135744 0.979952 0.132396
1520530852.054301 -30.529823 -30.609385 -49.813591 -0.067064 -0.140233 0.978834 0.133119
1520530852.104303 -31.342486 -30.378908 -50.346751 -0.077030 -0.142697 0.978511 0.127361
1520530852.154304 -31.070854 -29.801524 -51.118445 -0.107726 -0.141854 0.973835 0.141129
1520530852.204151 -31.896198 -29.439228 -51.572754 -0.108673 -0.140343 0.973846 0.141839
1520530852.254152 -32.398337 -28.714066 -52.046256 -0.113157 -0.155007 0.970386 0.146696
1520530852.304154 -32.795908 -28.177642 -52.785944 -0.124247 -0.158941 0.968462 0.146223
1520530852.354155 -33.723907 -27.847952 -52.981263 -0.124710 -0.158815 0.968863 0.143285
1520530852.404157 -34.575267 -27.603264 -53.441254 -0.126863 -0.160738 0.968630 0.140804
1520530852.454158 -35.261452 -27.534207 -54.161402 -0.133025 -0.160924 0.967949 0.139581
1520530852.504160 -35.997617 -27.416684 -54.829266 -0.142298 -0.161756 0.966144 0.141959
1520530852.554161 -36.877674 -27.153510 -55.231203 -0.142926 -0.160384 0.964813 0.151606
1520530852.604380 -37.522804 -26.548253 -55.698297 -0.149699 -0.164445 0.961952 0.158732
1520530852.654382 -38.127804 -25.951684 -56.224500 -0.152854 -0.168459 0.960811 0.158429
1520530852.704383 -38.878895 -25.537892 -56.739423 -0.152351 -0.172580 0.960155 0.158452
1520530852.754385 -39.577050 -25.391296 -57.437478 -0.158021 -0.171975 0.958916 0.161040
1520530852.804386 -40.375571 -24.995761 -57.897751 -0.157121 -0.182191 0.957153 0.161176
1520530852.854388 -41.187925 -24.697479 -58.397919 -0.159224 -0.185343 0.956073 0.161923
1520530852.904389 -41.798130 -24.184963 -59.000687 -0.166859 -0.190240 0.953313 0.164807
1520530852.954391 -42.424225 -23.676720 -59.592408 -0.178721 -0.190281 0.949674 0.173124
1520530853.004533 -43.123525 -23.092952 -60.009271 -0.185922 -0.191633 0.947100 0.178075
1520530853.054534 -42.647818 -22.733031 -60.809921 -0.221526 -0.187581 0.937474 0.192046
1520530853.104537 -43.138381 -22.274417 -61.560652 -0.230772 -0.189693 0.933208 0.199708
1520530853.154537 -43.828969 -22.043282 -62.247975 -0.233290 -0.186477 0.931951 0.205597
1520530853.204540 -44.456272 -21.829690 -62.995756 -0.236827 -0.182152 0.931216 0.208735
1520530853.254540 -43.854486 -21.871759 -63.795112 -0.261755 -0.176656 0.926709 0.203684
1520530853.304543 -43.052367 -21.755593 -64.383159 -0.283987 -0.173471 0.921218 0.201534
1520530853.354544 -42.513033 -21.458810 -65.167825 -0.306778 -0.175732 0.911834 0.208721
1520530853.404342 -41.699191 -21.266430 -65.721239 -0.332587 -0.173990 0.900517 0.219506
1520530853.454343 -41.608607 -20.804084 -66.603626 -0.339555 -0.168588 0.899502 0.217200
1520530853.504345 -40.844132 -20.582576 -67.216053 -0.352389 -0.165820 0.895493 0.215447
1520530853.554346 -40.726149 -20.067041 -68.065967 -0.355575 -0.173927 0.892845 0.214811
1520530853.604348 -39.893158 -19.923484 -68.610501 -0.377592 -0.183370 0.879901 0.222653
1520530853.654349 -40.225282 -19.478896 -69.451764 -0.379814 -0.190166 0.875788 0.229288
1520530853.704350 -39.353078 -19.160100 -69.843927 -0.399074 -0.193256 0.862133 0.245190
1520530853.754353 -39.170529 -18.354142 -70.409528 -0.403179 -0.196532 0.859329 0.245713
1520530853.804126 -38.436985 -18.008916 -70.996509 -0.415981 -0.193488 0.852192 0.251575
1520530853.854123 -37.464090 -17.825913 -71.168006 -0.430752 -0.192541 0.843454 0.256840
1520530853.904125 -37.301039 -17.539570 -72.110822 -0.434809 -0.193787 0.840442 0.258932
1520530853.954126 -36.520468 -17.217524 -72.653597 -0.454352 -0.201802 0.824916 0.268989
1520530854.004222 -37.513047 -17.353806 -72.638456 -0.476062 -0.200027 0.809322 0.279914
1520530854.054129 -38.481958 -17.216267 -72.432140 -0.498139 -0.191059 0.797996 0.280279
1520530854.104131 -39.472247 -17.353112 -72.428384 -0.519175 -0.185346 0.780232 0.295537
1520530854.154132 -39.405757 -16.633096 -73.111435 -0.523373 -0.179429 0.776409 0.301786
1520530854.204134 -38.451430 -16.781401 -73.401553 -0.534999 -0.170517 0.765063 0.315244
1520530854.254028 -37.466693 -16.744109 -73.568398 -0.546738 -0.166771 0.752323 0.327528
1520530854.304029 -37.831272 -16.530213 -74.486792 -0.541747 -0.160368 0.752469 0.338501
1520530854.354032 -37.032498 -16.872352 -74.984280 -0.550563 -0.153236 0.749864 0.333321
1520530854.404032 -36.232921 -16.922168 -75.578774 -0.557068 -0.150106 0.750075 0.323311
1520530854.454035 -35.347520 -17.295512 -75.869670 -0.566485 -0.144705 0.746159 0.318437
1520530854.504035 -34.758548 -17.015114 -76.623743 -0.570036 -0.143777 0.742053 0.322095
1520530854.554037 -34.322536 -16.597298 -77.421716 -0.570323 -0.139308 0.740195 0.327775
1520530854.604039 -33.562477 -16.528508 -78.069173 -0.572233 -0.131566 0.737572 0.333507
1520530854.654198 -32.567224 -16.435963 -77.953314 -0.585822 -0.131082 0.720259 0.347644
1520530854.704200 -32.009293 -16.426771 -78.779220 -0.589526 -0.121985 0.717285 0.350829
1520530854.754201 -31.706652 -16.092060 -79.674095 -0.592078 -0.120428 0.712845 0.356080
1520530854.804203 -30.701395 -16.033780 -79.594205 -0.611398 -0.125865 0.690938 0.364630
1520530854.854205 -30.364823 -15.935325 -80.530701 -0.614878 -0.123618 0.685963 0.368915
1520530854.904206 -29.866339 -15.518900 -81.292396 -0.617743 -0.123930 0.681326 0.372598
1520530854.954208 -29.601221 -15.309923 -82.234241 -0.622123 -0.117338 0.678790 0.372074
1520530855.004210 -28.896199 -14.967332 -82.856113 -0.627273 -0.116252 0.675418 0.369898
1520530855.054454 -28.569265 -14.659537 -83.750869 -0.629925 -0.113695 0.672803 0.370951
1520530855.104456 -27.675621 -14.630758 -84.202934 -0.646215 -0.111625 0.657332 0.371297
1520530855.154457 -26.685644 -14.571639 -84.045512 0.678690 0.122075 -0.620242 -0.373868
1520530855.204460 -26.162485 -14.388783 -84.875204 0.689816 0.114914 -0.609357 -0.373676
1520530855.254461 -25.655411 -13.941910 -85.614410 0.694902 0.111204 -0.604768 -0.372828
1520530855.304462 -24.796481 -14.118662 -85.108838 0.715534 0.108892 -0.572916 -0.384605
1520530855.354464 -24.052323 -14.267914 -84.458251 0.737915 0.107367 -0.540156 -0.390110
1520530855.404465 -23.236651 -14.802455 -84.228796 0.748425 0.093192 -0.525795 -0.393339
1520530855.454262 -22.331344 -15.213059 -84.144725 0.756045 0.084535 -0.515027 -0.394965
1520530855.504264 -21.448782 -15.677590 -84.069036 0.762572 0.079140 -0.505527 -0.395808
1520530855.554265 -20.575178 -16.161143 -84.015961 0.771486 0.076055 -0.494003 -0.393683
1520530855.604309 -19.666567 -16.263386 -84.410991 0.774869 0.080607 -0.488177 -0.393401
1520530855.654268 -18.690859 -16.135257 -84.590784 0.779115 0.085191 -0.483036 -0.390382
1520530855.704270 -18.100633 -16.742129 -84.043395 0.786775 0.075378 -0.468805 -0.394367
1520530855.754271 -17.275477 -17.290480 -83.931120 0.791394 0.061936 -0.459425 -0.398481
1520530855.804273 -16.541050 -17.113189 -84.583491 0.793495 0.048774 -0.457828 -0.397970
1520530855.853946 -16.102555 -17.911826 -84.151401 0.806078 0.034346 -0.437340 -0.397231
1520530855.903947 -15.409626 -18.292031 -83.544628 0.823343 0.029662 -0.405886 -0.395578
1520530855.953949 -15.840800 -17.783466 -84.306751 0.834973 0.025441 -0.374808 -0.402108
1520530856.003950 -15.317027 -17.401989 -85.058321 0.835491 0.020442 -0.368131 -0.407451
1520530856.053952 -15.690879 -16.777674 -85.747700 0.845572 0.017223 -0.340968 -0.410429
1520530856.103953 -15.869763 -15.956963 -86.294375 0.855793 0.009224 -0.317349 -0.408439
1520530856.153955 -15.100314 -16.260943 -85.713404 0.867881 0.013897 -0.293861 -0.400294
1520530856.203957 -14.579216 -16.742825 -85.005653 0.880984 0.014226 -0.259086 -0.395651
1520530856.253996 -13.683117 -16.748538 -85.436104 0.882189 0.008226 -0.251462 -0.398048
1520530856.303998 -13.944016 -16.034481 -86.095664 0.891587 -0.010996 -0.216848 -0.397402
1520530856.354000 -12.962583 -16.043996 -86.231737 0.893198 -0.018400 -0.212667 -0.395766
1520530856.404001 -12.079693 -15.968776 -86.696957 0.891711 -0.021174 -0.211103 -0.399799
1520530856.454002 -11.165835 -16.084916 -87.084906 0.893253 -0.028808 -0.201425 -0.400870
1520530856.504004 -10.199856 -16.293764 -87.236725 0.895740 -0.035992 -0.194683 -0.398061
1520530856.554006 -9.419973 -16.653505 -87.754157 0.892709 -0.037219 -0.193348 -0.405341
1520530856.604007 -8.567388 -17.174945 -87.722365 0.894837 -0.040634 -0.185387 -0.404039
1520530856.654009 -7.596613 -17.405577 -87.701248 0.896257 -0.042249 -0.181507 -0.402485
1520530856.704353 -6.831572 -17.994627 -87.426228 0.897186 -0.048622 -0.173328 -0.403299
1520530856.754355 -5.923046 -18.353672 -87.225083 0.898145 -0.052794 -0.167578 -0.403071
1520530856.804357 -4.981749 -18.613479 -87.012947 0.898914 -0.060402 -0.164873 -0.401400
1520530856.854358 -4.314812 -19.322900 -86.764585 0.899245 -0.069157 -0.157629 -0.402156
1520530856.904359 -3.708082 -20.057727 -86.460363 0.899274 -0.076158 -0.146619 -0.404979
1520530856.954361 -2.919431 -20.624893 -86.234554 0.901102 -0.078502 -0.137481 -0.403673
1520530857.004363 -3.358080 -21.139851 -85.506253 0.906322 -0.088575 -0.107751 -0.398905
1520530857.054364 -2.489573 -21.552747 -85.285639 0.908076 -0.092562 -0.098079 -0.396499
1520530857.104499 -1.682448 -22.001722 -84.900189 0.909332 -0.094835 -0.092187 -0.394491
1520530857.154501 -1.512543 -22.273201 -83.950712 0.915421 -0.093320 -0.067297 -0.385702
1520530857.204502 -1.702829 -22.672785 -83.053157 0.919874 -0.097311 -0.045668 -0.377197
1520530857.254503 -1.539183 -23.413262 -82.397861 0.923247 -0.097650 -0.036064 -0.369835
1520530857.304505 -1.007106 -24.099218 -81.907279 0.926049 -0.096063 -0.026977 -0.363975
1520530857.354507 -0.242247 -24.427559 -81.359573 0.927129 -0.100309 -0.020834 -0.360466
1520530857.404508 0.533018 -24.506040 -80.733883 0.928174 -0.109718 -0.013651 -0.355344
1520530857.454510 1.504163 -24.706732 -80.623959 0.926635 -0.111702 -0.015149 -0.358664
1520530857.504649 2.245811 -25.298758 -80.296880 0.925162 -0.119428 -0.008436 -0.360195
1520530857.554651 2.941704 -26.012328 -80.199608 0.924065 -0.126675 -0.006597 -0.360575
1520530857.604652 3.157765 -26.651281 -79.458412 0.925869 -0.133870 0.002425 -0.353326
1520530857.654654 3.120417 -27.168623 -78.603842 0.929923 -0.139584 0.015108 -0.339899
1520530857.704655 3.147616 -27.740766 -77.783673 0.933132 -0.144111 0.025787 -0.328377
1520530857.754657 3.168953 -28.389217 -77.021761 0.935414 -0.146081 0.034572 -0.320102
1520530857.804659 3.399143 -29.146214 -76.410476 0.936039 -0.145505 0.040508 -0.317833
1520530857.854660 3.323172 -29.697308 -75.580194 0.935472 -0.144532 0.056522 -0.317504
1520530857.904692 3.089539 -30.573377 -75.148956 0.932090 -0.148788 0.067709 -0.323244
1520530857.954694 2.649537 -31.250991 -74.563236 0.930323 -0.150410 0.073149 -0.326382
1520530858.004695 2.762534 -32.170395 -74.185716 0.930028 -0.150618 0.075733 -0.326537
1520530858.054696 2.717975 -32.869880 -73.474201 0.932138 -0.153434 0.084420 -0.316940
1520530858.104698 3.186636 -33.726936 -73.263495 0.932805 -0.154874 0.084287 -0.314299
1520530858.154700 3.312899 -34.334217 -72.478064 0.934873 -0.157771 0.095395 -0.303349
1520530858.204702 3.222965 -34.897523 -71.656284 0.934150 -0.163987 0.108128 -0.297959
1520530858.254703 3.217853 -35.440065 -70.816810 0.932417 -0.169302 0.123841 -0.294277
1520530858.304576 3.877926 -35.809343 -70.173975 0.933458 -0.169996 0.130331 -0.287700
1520530858.354578 3.467896 -36.353269 -69.439125 0.930086 -0.177869 0.150876 -0.283796
1520530858.404579 2.996485 -36.702188 -68.630494 0.927594 -0.178205 0.179449 -0.274975
1520530858.454581 3.543041 -37.205101 -67.974097 0.926593 -0.178980 0.192026 -0.269291
1520530858.504583 4.188497 -37.680119 -67.378016 0.925662 -0.183218 0.197356 -0.265766
1520530858.554584 3.586057 -37.854179 -66.602458 0.918536 -0.190541 0.226009 -0.262499
1520530858.604586 4.114222 -37.929944 -65.768866 0.918374 -0.197329 0.228269 -0.256014
1520530858.654592 3.809600 -38.405683 -64.936795 0.912210 -0.206886 0.244975 -0.255066
1520530858.704607 3.529853 -39.002473 -64.183813 0.907282 -0.215915 0.255904 -0.254429
1520530858.754608 3.665731 -39.703635 -63.487201 0.905782 -0.221808 0.258814 -0.251746
1520530858.804610 3.126702 -40.026222 -62.711455 0.901455 -0.232978 0.270711 -0.244572
1520530858.854707 2.895736 -40.727420 -62.034119 0.898133 -0.243634 0.271204 -0.245863
1520530858.904613 2.240426 -40.950509 -61.317038 0.891908 -0.256729 0.280532 -0.244729
1520530858.954614 2.676469 -41.252918 -60.481159 0.892760 -0.263114 0.277051 -0.238732
1520530859.004616 2.930986 -41.614329 -59.581879 0.889213 -0.269403 0.280782 -0.240592
1520530859.054618 2.222692 -41.833869 -58.914985 0.883341 -0.274503 0.292926 -0.241973
1520530859.104619 2.391304 -42.418616 -58.128219 0.884053 -0.277313 0.291024 -0.238438
1520530859.154595 2.197440 -43.010378 -57.342975 0.883972 -0.280665 0.296941 -0.227260
1520530859.204596 2.323344 -43.880937 -56.866746 0.883218 -0.281712 0.301272 -0.223158
1520530859.254598 2.442305 -44.689282 -56.290991 0.881797 -0.281972 0.309421 -0.217221
1520530859.304599 2.608133 -45.359340 -55.568987 0.880709 -0.283705 0.314230 -0.212422
1520530859.354601 2.340583 -45.708409 -54.669310 0.876285 -0.287517 0.329297 -0.202540
1520530859.404603 1.617804 -46.106727 -54.105894 0.865460 -0.298103 0.348930 -0.200900
1520530859.454604 1.794832 -46.865900 -53.489020 0.861563 -0.301457 0.355142 -0.201761
1520530859.504606 1.838976 -47.645203 -52.862285 0.856663 -0.305473 0.364155 -0.200512
1520530859.554533 1.800897 -48.371157 -52.175340 0.850294 -0.307948 0.378106 -0.198000
1520530859.604535 1.913144 -49.085125 -51.486448 0.845265 -0.311607 0.387544 -0.195542
1520530859.654536 2.207934 -49.808203 -50.864456 0.841036 -0.317644 0.392814 -0.193542
1520530859.704538 2.081642 -50.502321 -50.151612 0.834945 -0.325991 0.402001 -0.187062
1520530859.754539 2.319898 -51.376044 -49.730195 0.836041 -0.321631 0.398101 -0.197748
1520530859.804542 2.563764 -52.219394 -49.252040 0.830552 -0.327677 0.403491 -0.200017
1520530859.854543 2.845636 -52.996587 -48.691247 0.826875 -0.332350 0.406123 -0.202203
1520530859.904544 2.776450 -53.544511 -47.854811 0.824426 -0.338755 0.407854 -0.198045
1520530859.954868 2.603493 -54.167876 -47.090825 0.821515 -0.344058 0.410065 -0.196429
1520530860.004870 2.331668 -54.968443 -46.553112 0.818584 -0.347125 0.413357 -0.196369
1520530860.054872 1.747753 -55.556619 -45.994192 0.812049 -0.351391 0.423463 -0.194373
1520530860.104874 0.908961 -55.168445 -45.627488 0.800674 -0.351309 0.447560 -0.187596
1520530860.154874 0.166190 -55.659089 -45.154569 0.791309 -0.361486 0.453770 -0.193003
1520530860.204876 -0.277670 -56.289489 -44.518753 0.788114 -0.369327 0.453679 -0.191440
1520530860.254877 -0.729783 -57.091773 -44.124935 0.784909 -0.374243 0.456197 -0.189061
1520530860.304879 -0.748581 -58.046942 -43.834392 0.785483 -0.369141 0.458963 -0.190011
1520530860.355014 -0.689758 -59.010853 -43.575586 0.788086 -0.355199 0.458987 -0.205145
1520530860.405016 -0.579907 -59.565275 -42.752374 0.791262 -0.359938 0.451429 -0.201396
1520530860.455061 -0.549501 -60.153749 -41.943220 0.783179 -0.367297 0.458818 -0.203000
1520530860.505019 -0.459705 -60.702380 -41.113118 0.782732 -0.372975 0.457316 -0.197692
1520530860.555020 -0.437684 -61.600197 -40.664770 0.775804 -0.375248 0.467668 -0.196477
1520530860.605022 -0.704762 -62.327895 -40.031489 0.773510 -0.375017 0.473771 -0.191273
1520530860.655024 -0.920402 -63.007843 -39.331670 0.771618 -0.375204 0.477811 -0.188480
1520530860.705025 -1.036666 -63.618193 -38.549649 0.764878 -0.382881 0.482529 -0.188491
1520530860.754850 -1.226506 -64.367978 -37.913690 0.751356 -0.392195 0.495379 -0.190385
1520530860.804851 -1.421952 -65.184479 -37.369886 0.743808 -0.396331 0.502286 -0.193338
1520530860.854853 -1.744920 -66.021362 -36.925595 0.737922 -0.401455 0.506850 -0.193412
1520530860.904854 -2.663065 -66.165654 -36.568967 0.726570 -0.414053 0.517697 -0.180682
1520530860.954856 -3.496665 -65.923058 -36.073522 0.715633 -0.423622 0.532342 -0.158196
1520530861.004858 -3.792599 -66.742956 -35.578544 0.712154 -0.422574 0.537482 -0.159313
1520530861.054859 -4.649024 -66.570980 -35.097923 0.700668 -0.427937 0.549515 -0.154816
1520530861.104861 -5.439669 -65.985602 -34.940388 0.688040 -0.432039 0.564221 -0.146964
1520530861.154862 -6.394498 -65.693810 -34.867099 0.676683 -0.438245 0.573894 -0.143829
1520530861.204706 -7.157531 -65.067825 -34.701493 0.665481 -0.438811 0.589709 -0.129704
1520530861.254708 -7.807634 -64.409098 -34.316412 0.653756 -0.444202 0.602001 -0.113500
1520530861.304709 -8.482021 -63.741374 -34.002595 0.645039 -0.454267 0.606514 -0.098522
1520530861.354710 -9.351591 -63.254441 -34.038411 0.634753 -0.465630 0.610062 -0.090014
1520530861.404712 -10.286880 -62.921464 -33.899385 0.624576 -0.473114 0.616235 -0.079514
1520530861.454714 -10.957660 -62.332287 -33.442811 0.614968 -0.475111 0.626640 -0.058356
1520530861.504715 -11.545821 -61.597210 -33.107922 0.604163 -0.473610 0.639807 -0.036426
1520530861.554717 -12.079080 -60.814039 -32.787351 0.594019 -0.472983 0.650341 -0.022036
1520530861.604568 -12.536870 -60.018074 -32.388995 0.584479 -0.474357 0.658306 -0.001634
1520530861.654569 -13.020900 -59.149928 -32.308209 0.570538 -0.477003 0.668410 0.013534
1520530861.704571 -13.605401 -58.345950 -32.197263 0.556068 -0.481966 0.676611 0.026356
1520530861.754572 -14.525424 -58.610149 -31.881269 0.549450 -0.481009 0.682687 0.025948
1520530861.804574 -15.133322 -58.927736 -31.155857 0.545319 -0.480516 0.686403 0.024142
1520530861.854575 -15.857056 -59.174172 -30.510333 0.538258 -0.480519 0.692044 0.021330
1520530861.904577 -15.390627 -60.061138 -30.594377 0.513074 -0.471093 0.715418 0.054800
1520530861.954578 -15.762982 -59.134098 -30.467779 0.489184 -0.462643 0.733595 0.092190
1520530862.004641 -16.638137 -59.321896 -30.006097 0.482356 -0.463572 0.737814 0.089800
1520530862.054642 -17.511518 -59.403325 -29.525561 0.477388 -0.465278 0.740319 0.086863
1520530862.104644 -18.370663 -59.612128 -29.058691 0.471520 -0.464819 0.744824 0.082760
1520530862.154645 -19.241838 -59.568417 -28.568484 0.464943 -0.464324 0.749686 0.078760
1520530862.204647 -20.125492 -59.322257 -28.170934 0.459993 -0.463694 0.753262 0.077399
1520530862.254649 -21.106452 -59.351782 -27.980414 0.456836 -0.460566 0.757000 0.078298
1520530862.304650 -22.041903 -59.043742 -27.808708 0.454514 -0.457290 0.759771 0.083972
1520530862.354652 -22.940032 -58.668169 -27.577872 0.450415 -0.455509 0.763159 0.085006
1520530862.404807 -23.431042 -57.797402 -27.608001 0.440648 -0.457841 0.767117 0.087993
1520530862.454809 -24.330935 -57.375170 -27.723450 0.437597 -0.458511 0.768750 0.085442
1520530862.504810 -25.251607 -56.983443 -27.676694 0.433395 -0.461841 0.768879 0.087727
1520530862.554812 -26.244883 -57.037830 -27.788511 0.429081 -0.464663 0.769942 0.084661
1520530862.604814 -26.539518 -56.079195 -27.678147 0.416284 -0.480655 0.764292 0.107408
1520530862.654815 -27.442401 -55.955905 -28.093691 0.407745 -0.490335 0.762536 0.108877
1520530862.704817 -27.639888 -54.988660 -28.294919 0.384704 -0.518347 0.752944 0.128043
1520530862.754818 -27.786974 -54.033362 -28.547929 0.359118 -0.544547 0.743664 0.146512
1520530862.804626 -28.778686 -53.958757 -28.376622 0.361433 -0.557511 0.733493 0.143299
1520530862.854627 -29.671826 -54.010285 -28.815223 0.355037 -0.561784 0.733411 0.143022
1520530862.904629 -30.623858 -54.241029 -29.028335 0.357417 -0.564516 0.731669 0.135038
1520530862.954630 -31.589940 -54.391207 -29.237450 0.354243 -0.570935 0.727500 0.138884
1520530863.004632 -32.564237 -54.512818 -29.427739 0.347781 -0.575351 0.726433 0.142530
1520530863.054634 -33.546823 -54.605433 -29.253725 0.345976 -0.580313 0.722749 0.145506
1520530863.104635 -33.710161 -53.615411 -29.296946 0.324393 -0.589751 0.719672 0.170395
1520530863.154637 -34.616436 -53.631820 -28.860528 0.331068 -0.590000 0.715329 0.174926
1520530863.204079 -35.424504 -53.651782 -28.271825 0.335044 -0.590897 0.710983 0.181904
1520530863.254080 -36.111800 -53.738286 -27.551738 0.346289 -0.591491 0.703770 0.186897
1520530863.304082 -36.766934 -53.799105 -26.798433 0.356732 -0.587183 0.700477 0.193107
1520530863.354084 -37.390004 -53.968059 -26.035706 0.361552 -0.575943 0.705486 0.199647
1520530863.404085 -37.783081 -53.924142 -25.116222 0.359601 -0.564117 0.714799 0.203770
1520530863.454086 -37.770701 -53.702108 -24.140211 0.364716 -0.568613 0.708572 0.203930
1520530863.504088 -37.719229 -53.579124 -23.150032 0.365511 -0.568721 0.708349 0.202976
1520530863.554089 -37.666320 -53.589385 -22.152770 0.367380 -0.564050 0.711354 0.202125
1520530863.604091 -37.636532 -54.009383 -21.248653 0.366664 -0.548083 0.722950 0.206168
1520530863.653909 -37.601365 -53.888242 -20.251731 0.370666 -0.534208 0.728740 0.214866
1520530863.704004 -37.503162 -53.630038 -19.289556 0.370888 -0.520835 0.736522 0.220699
1520530863.753912 -37.580068 -53.330608 -18.338176 0.373590 -0.513386 0.738354 0.227373
1520530863.803914 -37.528425 -53.066163 -17.375816 0.366025 -0.507373 0.747168 0.224361
1520530863.853916 -37.825286 -52.809684 -16.455234 0.368158 -0.512808 0.743231 0.221572
1520530863.903917 -38.086979 -52.610035 -15.511481 0.359413 -0.512341 0.750165 0.213499
1520530863.953919 -38.530886 -52.283005 -14.675751 0.355875 -0.513323 0.751825 0.211216
1520530864.003920 -39.138624 -51.939921 -13.959262 0.347045 -0.511943 0.757390 0.209366
1520530864.054671 -39.781570 -51.908691 -13.196494 0.338549 -0.512571 0.761343 0.207394
1520530864.104673 -40.602774 -51.613761 -12.706975 0.327097 -0.516840 0.763565 0.207010
1520530864.154674 -40.389857 -50.719528 -13.110097 0.292746 -0.515559 0.769835 0.236332
1520530864.204676 -41.378152 -50.576207 -12.955356 0.286784 -0.517803 0.768888 0.241754
1520530864.254677 -40.957344 -49.656462 -13.023181 0.260944 -0.528260 0.759738 0.275042
1520530864.304679 -41.942332 -49.492719 -12.884722 0.255634 -0.535302 0.755021 0.279369
1520530864.354680 -42.898908 -49.227128 -12.985992 0.250682 -0.538985 0.748022 0.295157
1520530864.404682 -43.890306 -49.108955 -13.046935 0.257282 -0.535349 0.745471 0.302456
1520530864.455242 -44.874196 -48.963741 -13.146273 0.256253 -0.536720 0.740803 0.312212
1520530864.505244 -45.797623 -48.891827 -13.516680 0.251421 -0.538777 0.738214 0.318665
1520530864.555245 -45.538136 -48.052264 -14.006914 0.218312 -0.568764 0.721414 0.329256
1520530864.605247 -46.209395 -47.780310 -14.701764 0.211958 -0.572480 0.718737 0.332802
1520530864.655249 -46.858060 -47.560199 -15.430399 0.207170 -0.585658 0.706900 0.338197
1520530864.705251 -47.367265 -47.473251 -16.286535 0.208100 -0.597984 0.696748 0.337122
1520530864.755252 -47.865148 -47.241980 -17.121562 0.205931 -0.599482 0.700898 0.327040
1520530864.805253 -47.693488 -47.108746 -18.099115 0.198114 -0.609069 0.698549 0.319085
1520530864.854248 -47.640537 -46.998618 -19.091909 0.195270 -0.610191 0.701763 0.311554
1520530864.904250 -46.836003 -47.085832 -19.684385 0.188206 -0.616546 0.697133 0.313776
1520530864.954251 -46.062397 -47.220742 -20.304042 0.189868 -0.620486 0.694803 0.310154
1520530865.004252 -45.295561 -47.243840 -20.944325 0.190062 -0.623082 0.694728 0.304956
1520530865.054255 -44.565799 -47.231774 -21.627572 0.191531 -0.627320 0.695916 0.292380
1520530865.104256 -43.671946 -47.296101 -22.071814 0.185403 -0.631965 0.695400 0.287514
1520530865.154262 -42.737946 -47.418847 -22.407006 0.180184 -0.637604 0.695987 0.276762
1520530865.204259 -41.831027 -47.571131 -22.801085 0.174587 -0.640246 0.701684 0.259315
1520530865.253919 -40.870272 -47.764237 -22.996660 0.172045 -0.639739 0.707893 0.244992
1520530865.303959 -39.879061 -47.886347 -23.027393 0.167646 -0.638537 0.712678 0.237180
1520530865.353923 -38.883671 -47.929278 -22.948171 0.165533 -0.638106 0.715651 0.230788
1520530865.403924 -37.912701 -47.994945 -22.722666 0.165655 -0.636507 0.716994 0.230949
1520530865.453926 -36.925596 -48.075187 -22.579690 0.156739 -0.638348 0.715220 0.237496
1520530865.503927 -35.940827 -47.935164 -22.686733 0.175605 -0.629219 0.719990 0.234226
1520530865.553929 -35.009091 -48.204996 -22.458612 0.186690 -0.623549 0.721132 0.237279
1520530865.603930 -34.991334 -47.216341 -22.333803 0.219473 -0.615145 0.733288 0.188988
1520530865.653932 -34.650537 -47.954976 -22.944250 0.230399 -0.575503 0.773613 0.131286
1520530865.704601 -33.659316 -47.808539 -22.999270 0.229102 -0.574019 0.773434 0.140761
1520530865.754603 -32.707165 -47.773302 -23.305419 0.251658 -0.564827 0.775046 0.130163
1520530865.804605 -31.709826 -47.793421 -23.358442 0.280165 -0.559099 0.771872 0.114583
1520530865.854606 -31.041407 -47.083385 -23.568346 0.253202 -0.597045 0.752163 0.116952
1520530865.904608 -30.206133 -46.830849 -24.062624 0.251258 -0.598023 0.751876 0.117979
1520530865.954609 -29.358227 -46.711690 -24.580404 0.243215 -0.598250 0.754183 0.118963
1520530866.004611 -28.526469 -46.505080 -25.094568 0.236550 -0.602470 0.752976 0.118752
1520530866.054613 -27.844279 -46.424911 -25.821088 0.235310 -0.604926 0.752355 0.112495
1520530866.105678 -27.293008 -46.515092 -26.651482 0.226330 -0.601540 0.758320 0.108973
1520530866.155680 -26.893409 -46.625239 -27.560757 0.220562 -0.606114 0.757439 0.101317
1520530866.205681 -27.114232 -45.668536 -27.308546 0.227703 -0.648949 0.721462 0.080678
1520530866.255683 -27.167737 -45.839566 -28.304376 0.212391 -0.662609 0.715841 0.058400
1520530866.305685 -27.341285 -45.848721 -29.287773 0.194421 -0.676482 0.708898 0.045126
1520530866.355687 -27.541901 -45.886211 -30.267356 0.174966 -0.680924 0.710199 0.036694
1520530866.405689 -27.700054 -44.907114 -30.056831 -0.157697 0.731274 -0.661513 -0.052631
1520530866.455689 -28.322187 -44.859042 -30.849480 -0.162030 0.728694 -0.663224 -0.053720
1520530866.504818 -29.098122 -44.856885 -31.482600 -0.177524 0.725015 -0.663108 -0.055904
1520530866.554819 -28.853035 -45.811753 -31.614181 -0.158387 0.758913 -0.622100 -0.109342
1520530866.604821 -29.671624 -45.623856 -32.152348 -0.169431 0.758975 -0.613466 -0.137515
1520530866.654823 -30.631660 -45.684614 -32.434654 -0.190041 0.761594 -0.600234 -0.153554
1520530866.704824 -31.629082 -45.597962 -32.439951 -0.212179 0.759002 -0.588419 -0.180716
1520530866.754826 -32.554604 -45.730479 -32.084858 -0.243225 0.754894 -0.573058 -0.206351
1520530866.804827 -33.374939 -45.813366 -31.517941 -0.275755 0.745370 -0.560954 -0.231764
1520530866.854828 -34.004278 -45.965199 -30.756369 -0.311756 0.730677 -0.550022 -0.257671
1520530866.903951 -34.221836 -46.270584 -29.831700 -0.347099 0.721074 -0.529949 -0.280587
1520530866.953953 -34.221625 -46.564245 -28.875670 -0.376170 0.709745 -0.514702 -0.299733
1520530867.003954 -34.056359 -46.817131 -27.921956 -0.396983 0.696709 -0.509019 -0.312891
1520530867.053956 -33.848199 -47.098350 -26.985551 -0.409509 0.682984 -0.515827 -0.315845
1520530867.103957 -33.361424 -47.267118 -26.127039 -0.415144 0.676276 -0.517934 -0.319454
1520530867.153959 -32.630324 -47.957968 -26.131722 -0.411558 0.647684 -0.556552 -0.318396
1520530867.203960 -33.419071 -47.493306 -26.505767 -0.404077 0.618376 -0.597352 -0.312256
1520530867.253962 -34.158164 -47.063005 -27.022356 0.396900 -0.590640 0.629483 0.312035
1520530867.304045 -33.787675 -47.078871 -26.102397 0.411888 -0.582690 0.621500 0.323356
1520530867.354047 -33.665010 -47.096431 -25.109961 0.416463 -0.569508 0.628074 0.328241
1520530867.404049 -33.547345 -46.926137 -24.129998 0.423315 -0.562328 0.624441 0.338623
1520530867.454050 -33.337979 -45.978285 -24.358697 0.411798 -0.531943 0.639274 0.372542
1520530867.504052 -33.734123 -45.869391 -23.449877 0.415883 -0.529083 0.634224 0.380620
1520530867.554054 -33.492946 -44.939483 -23.737991 0.392389 -0.524953 0.635196 0.408634
1520530867.604055 -34.359706 -44.911702 -23.230731 0.385600 -0.530742 0.631136 0.413875
1520530867.654056 -35.348307 -44.957614 -23.110668 0.373651 -0.539985 0.621609 0.427088
1520530867.705262 -36.336791 -45.039237 -23.220876 0.358046 -0.557380 0.597359 0.451989
1520530867.755264 -37.305795 -44.981185 -23.455167 0.352477 -0.568184 0.587552 0.455751
1520530867.805265 -38.222809 -44.835000 -23.822309 -0.346569 0.578342 -0.578230 -0.459413
1520530867.855267 -39.058305 -44.638697 -24.332691 -0.342448 0.586390 -0.578952 -0.451321
1520530867.905269 -39.795796 -44.458501 -24.982016 -0.340298 0.599728 -0.577103 -0.437580
1520530867.955270 -40.089958 -44.450185 -25.937555 -0.322954 0.610837 -0.581971 -0.428822
1520530868.005272 -40.126482 -44.495774 -26.935937 -0.307076 0.627183 -0.583736 -0.414245
1520530868.055273 -40.100658 -44.453526 -27.933941 -0.295505 0.638128 -0.588596 -0.398778
1520530868.105275 -40.198370 -44.323303 -28.919950 -0.287778 0.644839 -0.598347 -0.378612
1520530868.154268 -40.090612 -44.229370 -29.910047 -0.280589 0.656721 -0.602742 -0.355936
1520530868.204269 -39.717843 -44.197566 -30.838368 -0.268894 0.668264 -0.609176 -0.331699
1520530868.254270 -39.251150 -44.050460 -31.709458 -0.259991 0.678860 -0.618270 -0.298825
1520530868.304272 -38.440976 -43.966498 -32.290880 -0.245552 0.686613 -0.630988 -0.264804
1520530868.354273 -37.461208 -44.005307 -32.481349 -0.224388 0.693209 -0.641444 -0.240124
1520530868.404275 -36.463519 -44.056264 -32.511747 -0.208248 0.695433 -0.651606 -0.220036
1520530868.454277 -36.448813 -43.111612 -32.186282 -0.227511 0.682093 -0.680229 -0.142398
1520530868.504278 -35.477710 -42.991509 -31.949202 0.219769 -0.681752 0.685634 0.129700
1520530868.554020 -34.642113 -42.519748 -31.667019 -0.200144 0.699789 -0.674874 -0.121583
1520530868.603941 -34.059651 -43.270578 -32.005189 0.195075 -0.665063 0.717802 0.066310
1520530868.653943 -33.112045 -43.102974 -31.714409 0.197195 -0.658573 0.724442 0.050793
1520530868.703944 -33.209332 -42.191677 -31.306993 0.217605 -0.644334 0.732674 -0.025897
1520530868.753946 -32.340886 -41.899373 -30.897599 0.218161 -0.638391 0.737195 -0.037504
1520530868.803947 -31.564807 -41.392462 -30.520498 0.222207 -0.632667 0.740379 -0.046845
1520530868.853949 -31.262945 -42.324930 -30.760928 0.248041 -0.615241 0.740761 -0.105959
1520530868.903950 -30.455996 -41.889081 -30.328467 0.271525 -0.597942 0.745322 -0.115045
1520530868.954710 -29.577918 -41.430709 -30.461475 0.256647 -0.596415 0.751500 -0.116913
1520530869.004712 -30.009113 -40.789292 -31.086286 0.283931 -0.592229 0.743622 -0.125194
1520530869.054713 -29.234404 -40.576644 -31.702697 0.294830 -0.591586 0.739053 -0.130006
1520530869.104715 -28.861967 -40.391642 -32.608113 0.311024 -0.596478 0.728637 -0.128708
1520530869.154716 -28.780008 -40.655713 -33.571427 0.322755 -0.595624 0.723269 -0.133957
1520530869.204718 -28.768115 -40.718450 -34.567451 0.332874 -0.603613 0.713836 -0.123629
1520530869.254719 -29.111055 -39.862539 -34.139471 0.343060 -0.655876 0.663463 -0.109334
1520530869.304721 -29.514137 -39.767211 -35.054395 -0.343257 0.668430 -0.652628 0.097219
1520530869.355247 -29.953405 -38.897456 -34.782112 -0.335637 0.725049 -0.596958 0.072752
1520530869.405247 -30.581282 -39.053874 -35.560359 -0.344199 0.736807 -0.579132 0.056992
1520530869.455249 -31.287992 -39.168217 -36.258452 -0.354015 0.742785 -0.567187 0.035252
1520530869.505250 -32.148707 -39.393016 -36.718612 -0.376449 0.739496 -0.557962 0.010478
1520530869.555252 -33.029309 -39.721803 -37.061606 -0.397551 0.735234 -0.548762 -0.015615
1520530869.605253 -33.927796 -40.054841 -37.347419 -0.426028 0.720209 -0.546107 -0.039578
1520530869.655255 -34.840801 -40.464019 -37.360389 -0.449851 0.706040 -0.543531 -0.060956
1520530869.705257 -34.530475 -41.266188 -37.878525 -0.455369 0.692357 -0.546901 -0.119081
1520530869.754109 -35.112671 -41.836053 -37.280286 -0.491375 0.671588 -0.537510 -0.136393
1520530869.804111 -34.622996 -42.654360 -37.601033 -0.492077 0.643745 -0.557563 -0.180488
1520530869.854112 -34.964451 -43.031024 -36.725524 -0.516128 0.623031 -0.555270 -0.192665
1520530869.904114 -35.222454 -43.487271 -35.874861 -0.533487 0.607658 -0.551475 -0.204985
1520530869.954116 -35.784183 -43.921580 -35.167732 -0.554335 0.589958 -0.545158 -0.217865
1520530870.004117 -35.351699 -44.755995 -35.524899 -0.554501 0.569785 -0.551668 -0.252064
1520530870.054118 -34.956600 -45.066745 -34.658303 0.569551 -0.559222 0.541431 0.264072
1520530870.104120 -34.165756 -45.004566 -34.042312 0.577706 -0.544079 0.548178 0.264073
1520530870.153996 -33.356126 -44.919664 -33.461448 0.581928 -0.534522 0.557877 0.253810
1520530870.203978 -32.506681 -44.672143 -32.991448 0.579532 -0.529557 0.570493 0.241350
1520530870.253980 -31.647442 -44.579188 -32.491171 0.577958 -0.522907 0.585544 0.222869
1520530870.303981 -30.723660 -44.486575 -32.116906 0.575319 -0.516999 0.600501 0.202779
1520530870.353983 -29.885846 -44.070152 -31.757698 0.572123 -0.513167 0.612231 0.185763
1520530870.403984 -29.050906 -43.713493 -31.340317 0.569657 -0.509847 0.623494 0.163716
1520530870.453986 -28.157120 -43.628071 -30.904582 0.575443 -0.492939 0.633560 0.156459
1520530870.503987 -27.332697 -43.078231 -30.744561 0.575584 -0.485631 0.642098 0.143443
1520530870.553989 -27.638226 -43.997419 -30.441721 0.602519 -0.447584 0.650582 0.115682
1520530870.604329 -27.948805 -43.078335 -30.159948 0.606316 -0.453618 0.644915 0.103421
1520530870.654330 -28.146632 -42.129927 -30.398918 0.598173 -0.485063 0.627066 0.117008
1520530870.704332 -28.852947 -42.615416 -30.940194 0.599195 -0.493880 0.616739 0.129155
1520530870.754333 -29.627343 -42.911444 -31.496523 0.598164 -0.515275 0.594698 0.151744
1520530870.804335 -30.433318 -43.104892 -32.055017 0.595514 -0.539486 0.573097 0.160867
1520530870.854336 -31.159041 -43.237388 -32.729502 0.594967 -0.556904 0.554731 0.167766
1520530870.904338 -31.814819 -43.170902 -33.479571 0.596557 -0.573610 0.535124 0.169510
1520530870.954339 -32.337818 -43.043833 -34.322599 0.601670 -0.592009 0.510192 0.164995
1520530871.005245 -32.271022 -42.496908 -35.161064 0.608136 -0.595894 0.499301 0.160562
1520530871.055247 -31.607815 -43.029792 -35.682700 0.628813 -0.589742 0.486079 0.143266
1520530871.105249 -31.604820 -42.125133 -35.235041 0.639617 -0.582233 0.486883 0.121817
1520530871.155250 -30.701015 -41.788422 -34.975281 0.638443 -0.579426 0.493074 0.116334
1520530871.205252 -30.104195 -42.088728 -34.237657 0.640821 -0.569937 0.499611 0.122102
1520530871.255253 -29.902386 -42.472860 -33.333989 0.644755 -0.553290 0.508686 0.139286
1520530871.305255 -29.736347 -42.914146 -32.452399 0.641047 -0.533542 0.527769 0.160781
1520530871.355257 -29.498558 -43.144532 -31.508065 0.630615 -0.524302 0.544229 0.176764
1520530871.404157 -29.319304 -43.459741 -30.576767 0.621384 -0.515002 0.560167 0.186727
1520530871.454158 -29.184792 -43.867573 -29.674329 0.605890 -0.508959 0.580475 0.192112
1520530871.504160 -29.167939 -44.332028 -28.788684 0.595563 -0.501547 0.595488 0.197864
1520530871.554162 -29.168969 -44.743796 -27.877263 0.584941 -0.494836 0.608625 0.206296
1520530871.604163 -29.179385 -45.208537 -26.992481 0.579040 -0.482248 0.620592 0.216830
1520530871.654164 -29.178195 -45.684639 -26.113524 0.577306 -0.470888 0.627242 0.227046
1520530871.704166 -29.155266 -46.144205 -25.225924 0.580685 -0.462259 0.628156 0.233543
1520530871.754168 -28.574239 -46.668815 -25.867783 0.589048 -0.454503 0.624932 0.236451
1520530871.804375 -28.420264 -46.613073 -26.848017 0.605170 -0.451695 0.612706 0.233091
1520530871.854377 -28.393690 -46.519815 -27.842617 0.619216 -0.451504 0.600027 0.229528
1520530871.904378 -28.525523 -46.484558 -28.833229 0.637214 -0.454876 0.581206 0.221914
1520530871.954380 -28.764124 -46.186941 -29.755462 0.648546 -0.468320 0.559482 0.216897
1520530872.004381 -29.105584 -46.142935 -30.696599 0.654637 -0.481997 0.544584 0.206295
1520530872.054383 -29.590928 -46.013415 -31.560222 0.656476 -0.501044 0.528672 0.196213
1520530872.104383 -30.157799 -45.746896 -32.338632 0.652820 -0.519095 0.518409 0.188730
1520530872.154386 -30.844123 -45.656798 -33.062428 0.650927 -0.527404 0.513487 0.185662
1520530872.204461 -31.660797 -45.746641 -33.636450 0.650424 -0.537638 0.503497 0.185431
1520530872.254462 -32.360966 -45.405126 -34.259386 0.648607 -0.549380 0.490679 0.191638
1520530872.304464 -33.226174 -45.436543 -34.767272 0.645238 -0.560932 0.481942 0.191713
1520530872.354465 -33.995227 -45.062635 -35.281283 0.630976 -0.583249 0.479125 0.179246
1520530872.404467 -33.653457 -44.540387 -36.075158 -0.599947 0.612593 -0.488829 -0.160750
1520530872.454468 -33.462232 -43.875301 -35.343595 -0.559575 0.642254 -0.506208 -0.134681
1520530872.504470 -33.233714 -43.324544 -36.152372 -0.508673 0.667302 -0.532734 -0.110251
1520530872.554471 -33.006545 -42.658584 -36.860495 -0.455644 0.682726 -0.563418 -0.093988
1520530872.604473 -33.309916 -43.301056 -36.156423 -0.407705 0.703334 -0.578149 -0.069584
1520530872.654146 -33.790592 -43.914433 -35.528588 -0.362935 0.723039 -0.585951 -0.046414
1520530872.704148 -34.530885 -44.401148 -35.061154 -0.320240 0.741004 -0.589740 -0.023788
1520530872.754149 -35.321238 -44.996853 -34.914980 -0.280938 0.755357 -0.592027 -0.003691
1520530872.804151 -36.170008 -45.522205 -34.852128 -0.254999 0.762616 -0.594427 0.006968
1520530872.854152 -37.062689 -45.904376 -34.612722 -0.247844 0.764771 -0.594654 0.009220
1520530872.904153 -37.965298 -46.265418 -34.378266 -0.258404 0.759466 -0.596969 -0.008205
1520530872.954156 -38.863884 -46.624967 -34.126628 -0.283465 0.748727 -0.597860 -0.040246
1520530873.004157 -39.769878 -46.899843 -33.803877 -0.324628 0.733081 -0.592648 -0.077313
1520530873.054336 -40.669114 -47.177290 -33.465353 -0.365266 0.714049 -0.585996 -0.115425
1520530873.104338 -41.438194 -47.316203 -32.840311 -0.412088 0.693672 -0.570675 -0.152751
1520530873.154339 -42.206708 -47.784007 -32.404854 -0.455016 0.665773 -0.559613 -0.191154
1520530873.204341 -42.947394 -47.267671 -31.974812 -0.494723 0.633958 -0.546741 -0.233283
1520530873.254342 -43.592429 -47.062514 -31.238051 -0.537327 0.598168 -0.528225 -0.272859
1520530873.304344 -43.852137 -46.333629 -30.599536 0.580298 -0.557715 0.502398 0.315919
1520530873.354346 -44.812237 -46.101140 -30.709630 0.622490 -0.514019 0.471823 0.354506
1520530873.404404 -45.397676 -46.048659 -31.518158 0.655938 -0.473354 0.445534 0.383642
1520530873.454876 -46.008285 -46.063624 -32.310178 0.688778 -0.437895 0.406401 0.410696
1520530873.504877 -46.621865 -45.726129 -33.021089 0.707734 -0.408196 0.379048 0.434525
1520530873.554879 -47.344264 -45.984539 -33.669968 0.727796 -0.390437 0.344779 0.446093
1520530873.604881 -48.183207 -45.844704 -34.190836 0.737490 -0.381468 0.321365 0.455318
1520530873.654882 -49.044812 -45.692221 -34.674847 0.738657 -0.391899 0.303939 0.456533
1520530873.704884 -49.894585 -45.682868 -35.203961 0.731452 -0.411371 0.300362 0.453360
1520530873.754885 -50.766723 -45.495020 -35.654098 0.714608 -0.440127 0.310449 0.446369
1520530873.804887 -51.546444 -45.128295 -36.160439 0.684308 -0.471125 0.332556 0.446285
1520530873.854907 -51.681351 -44.132042 -36.159649 0.637140 -0.536729 0.325566 0.447193
1520530873.904909 -52.482044 -43.542916 -36.204556 0.600406 -0.579303 0.329544 0.441951
1520530873.954910 -53.453964 -43.302424 -36.166106 -0.566265 0.613040 -0.339739 -0.433709
1520530874.004912 -54.433535 -43.185633 -35.987837 -0.534320 0.638996 -0.353501 -0.425702
1520530874.054913 -54.856939 -44.085450 -35.994634 -0.485224 0.670418 -0.349338 -0.439387
1520530874.104915 -55.698601 -44.420556 -35.557045 -0.456786 0.683580 -0.348487 -0.450135
1520530874.154917 -56.258925 -45.206782 -35.798900 -0.426213 0.689948 -0.344918 -0.472596
1520530874.204918 -56.982493 -45.184716 -35.092792 -0.417297 0.691182 -0.344000 -0.479369
1520530874.254431 -57.554265 -45.602887 -34.391730 -0.410816 0.688075 -0.339184 -0.492684
1520530874.304432 -58.153406 -45.826042 -33.620833 -0.412603 0.684878 -0.336884 -0.497203
1520530874.354434 -58.372305 -46.343911 -32.797615 0.413288 -0.680895 0.337219 0.501854
1520530874.404437 -58.841225 -46.705858 -31.990444 0.418680 -0.675259 0.340411 0.502843
1520530874.454437 -58.780856 -47.122011 -31.083677 0.423986 -0.671539 0.339890 0.503733
1520530874.504439 -58.664861 -47.604097 -30.216097 0.429128 -0.661063 0.341675 0.511960
1520530874.554441 -58.540571 -48.047787 -29.328264 0.436957 -0.654410 0.339292 0.515458
1520530874.604442 -58.335150 -48.519305 -28.471046 0.440540 -0.653543 0.337485 0.514694
1520530874.654209 -58.002186 -49.148113 -27.770656 0.447823 -0.646500 0.337821 0.517077
1520530874.704211 -57.849615 -50.136161 -27.831974 0.446796 -0.637864 0.347788 0.522060
1520530874.754212 -57.386991 -50.688800 -27.137138 0.447462 -0.638513 0.348297 0.520353
1520530874.804214 -57.022245 -51.311171 -26.445066 0.453929 -0.632914 0.347537 0.522099
1520530874.854216 -56.588774 -52.019514 -25.889149 0.457235 -0.628463 0.350450 0.522642
1520530874.904217 -56.362994 -52.717233 -25.207961 0.458822 -0.626541 0.353863 0.521258
1520530874.954219 -56.811450 -51.871110 -24.958323 0.461789 -0.622994 0.350986 0.524822
1520530875.004220 -57.158602 -52.377349 -24.179841 0.469062 -0.622327 0.345355 0.522896
1520530875.054222 -57.240368 -52.839744 -23.296416 0.470655 -0.623290 0.340822 0.523292
1520530875.104335 -56.299060 -52.948248 -23.645035 0.475026 -0.622108 0.335686 0.524067
1520530875.154337 -56.132132 -53.088098 -22.669988 0.477805 -0.622143 0.331993 0.523852
1520530875.204338 -55.975257 -53.288720 -21.703519 0.478721 -0.624221 0.328240 0.522907
1520530875.254340 -56.386290 -53.616533 -20.854661 0.480893 -0.622381 0.328037 0.523236
1520530875.304341 -55.888706 -53.731321 -19.990870 0.480133 -0.622966 0.325680 0.524708
1520530875.354343 -56.036796 -54.429326 -19.294033 0.485891 -0.619486 0.330897 0.520244
1520530875.404345 -55.258789 -54.857704 -18.832376 0.486469 -0.619208 0.333612 0.518298
