1520530731.400018 0.000000 0.000000 0.000000 0.000000 0.000000 0.000000 1.000000
1520530731.450021 -0.312381 -0.831077 -0.460141 0.001154 -0.002600 -0.000892 0.999996
1520530731.500021 -0.699083 -0.455522 0.382129 0.006296 -0.004839 -0.002022 0.999966
1520530731.550010 -0.128260 -0.377331 1.199471 0.008981 -0.006246 -0.004766 0.999929
1520530731.600011 0.137042 -0.415136 2.162895 0.007407 -0.006753 -0.005531 0.999934
1520530731.650012 0.205729 0.392661 2.748340 0.005189 -0.004423 -0.009131 0.999935
1520530731.700014 1.081821 0.748991 3.073135 0.002745 -0.002083 -0.007484 0.999966
1520530731.750016 0.388396 0.028516 3.081964 0.002565 -0.000938 -0.004291 0.999987
1520530731.800017 0.161788 0.723379 2.399458 0.003860 -0.003218 -0.004776 0.999976
1520530731.850102 -0.219121 1.273242 3.142802 0.007156 -0.007869 0.000460 0.999943
1520530731.900020 -0.194700 1.443371 2.157683 0.005766 -0.015844 0.000971 0.999857
1520530731.950036 -0.745696 1.295675 2.979017 0.005021 -0.017894 -0.002192 0.999825
1520530732.000037 -0.651117 0.565539 3.655741 0.006429 -0.014324 0.000649 0.999877
1520530732.050039 -0.164088 -0.246245 3.977936 0.006287 -0.014605 0.000020 0.999874
1520530732.100040 0.053607 0.578437 3.455912 0.006287 -0.014605 0.000020 0.999874
1520530732.150042 -0.276136 0.683079 4.394165 0.006072 -0.014676 0.000267 0.999874
1520530732.200044 -0.774025 0.355829 5.197293 0.004923 -0.015487 0.004540 0.999858
1520530732.250045 -0.547771 0.395511 4.224033 0.004321 -0.011692 0.005746 0.999906
1520530732.300047 -0.342463 0.475303 5.199472 0.006650 -0.009546 0.005682 0.999916
1520530732.350048 -0.646005 -0.332508 5.704748 0.007620 -0.009376 0.004068 0.999919
1520530732.400059 -1.347385 -0.292716 6.416424 0.010909 -0.008951 0.003723 0.999894
1520530732.450059 -1.973648 -1.048503 6.225163 0.010909 -0.008951 0.003723 0.999894
1520530732.500062 -2.020015 -0.414881 6.997415 0.011248 -0.008682 0.000027 0.999899
1520530732.550063 -1.813748 -0.118088 6.065016 0.010947 -0.007311 -0.005308 0.999899
1520530732.600064 -2.415823 -0.102287 6.863300 0.010701 -0.007664 -0.005756 0.999897
1520530732.650067 -2.065496 -0.251886 5.938696 0.010701 -0.007664 -0.005756 0.999897
1520530732.700068 -1.311053 0.234521 5.497988 0.009833 -0.007253 -0.002356 0.999923
1520530732.750070 -0.509305 0.380259 4.918366 0.009339 -0.006504 -0.000079 0.999935
1520530732.800093 -0.140346 1.282637 4.695697 0.010183 -0.006660 0.004338 0.999917
1520530732.850094 -0.137851 0.987534 5.651159 0.010183 -0.006660 0.004338 0.999917
1520530732.900096 -0.852223 1.038747 6.349049 0.012837 -0.005804 0.004368 0.999891
1520530732.950097 -0.276441 0.451716 6.918144 0.012837 -0.005804 0.004368 0.999891
1520530733.000099 -0.399604 0.334548 5.932699 0.011358 -0.006112 0.005742 0.999900
1520530733.050100 -0.047536 0.669680 5.058780 0.010383 -0.005644 0.007794 0.999900
1520530733.100102 -0.159110 -0.290445 4.802436 0.011094 -0.005613 0.007302 0.999896
1520530733.150104 -0.576180 0.453962 5.323887 0.007735 -0.005442 0.007570 0.999927
1520530733.200104 -0.549139 0.119488 4.381870 0.004664 -0.004462 0.006616 0.999957
1520530733.250106 -0.526859 0.341835 3.407157 0.002822 -0.005382 0.005959 0.999964
1520530733.300107 0.455846 0.284287 3.231147 0.003055 -0.005495 0.005673 0.999964
1520530733.350113 0.436062 -0.711362 3.322206 0.003199 -0.005512 0.005538 0.999964
1520530733.400110 0.034024 -1.618879 3.200637 0.004096 -0.003687 0.006395 0.999964
1520530733.450196 0.685728 -1.498569 2.451766 0.010099 -0.001716 0.007649 0.999918
1520530733.500113 0.818010 -1.719384 1.485462 0.018209 0.003442 0.006885 0.999805
1520530733.550115 0.938706 -1.735535 0.492904 0.022483 0.005824 0.011475 0.999664
1520530733.600103 0.783565 -2.704701 0.684344 0.022483 0.005824 0.011475 0.999664
1520530733.650105 0.935887 -3.613711 0.296403 0.017415 0.005886 0.008112 0.999798
1520530733.700106 0.852905 -3.691900 -0.697076 0.009443 0.001546 0.009146 0.999912
1520530733.750108 0.956001 -2.744347 -0.394561 0.004509 0.001381 0.007464 0.999961
1520530733.800110 0.454156 -2.261861 0.323324 0.005893 0.001303 0.008878 0.999942
1520530733.850111 0.265499 -3.149554 0.743335 0.009012 0.001406 0.008976 0.999918
1520530733.900113 -0.077411 -3.870600 1.345420 0.010790 0.001368 0.012154 0.999867
1520530733.950114 0.510184 -3.731631 0.548288 0.011447 0.001891 0.009297 0.999889
1520530734.000145 1.387865 -3.720672 0.069167 0.010728 0.002205 0.006755 0.999917
1520530734.050146 1.768761 -3.607687 -0.848522 0.010745 0.004478 0.006739 0.999910
1520530734.100148 1.090785 -3.735795 -0.124687 0.010676 0.006197 0.007146 0.999898
1520530734.150149 1.606926 -3.990017 -0.942592 0.008348 0.007049 0.007072 0.999915
1520530734.200151 2.134734 -3.842458 -1.779041 0.008535 0.007505 0.007968 0.999904
1520530734.250153 2.593994 -4.391868 -2.477059 0.009264 0.007934 0.008392 0.999890
1520530734.300154 2.638661 -3.409195 -2.297172 0.011376 0.008051 0.006913 0.999879
1520530734.350156 1.940778 -4.071009 -2.570964 0.011376 0.008051 0.006913 0.999879
1520530734.400153 2.569818 -3.359453 -2.884009 0.011376 0.008051 0.006913 0.999879
1520530734.450154 3.080724 -3.175926 -2.044192 0.011376 0.008051 0.006913 0.999879
1520530734.500156 2.508508 -3.193796 -1.224284 0.013238 0.008550 0.009863 0.999827
1520530734.550158 3.312465 -2.829705 -0.754081 0.017712 0.007621 0.007038 0.999789
1520530734.600159 4.085610 -3.151264 -1.300749 0.017628 0.009122 0.004224 0.999794
1520530734.650161 5.085408 -3.142497 -1.318840 0.017628 0.009122 0.004224 0.999794
1520530734.700162 4.752499 -2.685933 -0.493783 0.017628 0.009122 0.004224 0.999794
1520530734.750163 4.318758 -2.089840 0.181897 0.020724 0.008510 0.009983 0.999699
1520530734.800165 3.858615 -1.643652 0.949481 0.023596 0.008541 0.011843 0.999615
1520530734.850172 3.899745 -0.645390 0.907277 0.025172 0.008522 0.013037 0.999562
1520530734.900173 3.203902 -0.639575 1.625448 0.028158 0.009282 0.014365 0.999457
1520530734.950178 3.156215 -1.253260 2.413558 0.028158 0.009282 0.014365 0.999457
1520530735.000176 2.727881 -1.791742 3.139207 0.027270 0.009600 0.011252 0.999519
1520530735.050266 3.142837 -1.164914 2.479739 0.025579 0.009798 0.010393 0.999571
1520530735.100178 3.122561 -0.166438 2.531079 0.025579 0.009798 0.010393 0.999571
1520530735.150181 3.138327 0.323813 3.402518 0.020233 0.010753 0.011163 0.999675
1520530735.200181 3.098097 1.323002 3.401005 0.019969 0.010899 0.010625 0.999685
1520530735.250203 3.515382 2.230835 3.359616 0.020491 0.008701 0.013274 0.999664
1520530735.300204 2.956206 1.675354 3.975053 0.019802 0.007095 0.013957 0.999681
1520530735.350206 2.502575 2.406252 4.484963 0.024037 0.006889 0.013732 0.999593
1520530735.400208 1.857534 2.510988 5.241899 0.027111 0.005701 0.014198 0.999515
1520530735.450209 1.273536 2.609929 6.047602 0.025594 0.005829 0.012859 0.999573
1520530735.500211 1.221662 3.606187 6.116737 0.026405 0.005874 0.013464 0.999543
1520530735.550212 1.287885 2.660203 5.799359 0.022563 0.006005 0.014455 0.999623
1520530735.600214 0.786279 2.379637 6.617695 0.020831 0.004521 0.015388 0.999654
1520530735.650176 0.730811 1.987831 7.536069 0.022176 0.006907 0.019837 0.999533
1520530735.700178 1.027583 1.119576 7.138501 0.022982 0.007060 0.019743 0.999516
1520530735.750180 0.596189 1.350980 8.010482 0.030274 0.007098 0.021141 0.999293
1520530735.800181 1.327221 1.892594 8.425508 0.043772 0.003730 0.012444 0.998957
1520530735.850183 1.694553 1.657297 9.325343 0.046849 0.006980 0.004993 0.998865
1520530735.900184 2.088194 1.667034 8.406131 0.045708 0.010238 0.001017 0.998902
1520530735.950186 2.449559 1.963413 7.522063 0.042420 0.013918 0.000599 0.999003
1520530736.000189 3.200608 1.800914 6.882127 0.036450 0.015605 -0.004572 0.999203
1520530736.050192 3.887026 1.689533 6.163500 0.036135 0.018826 -0.005112 0.999156
1520530736.100193 4.664095 1.081705 6.000073 0.037726 0.019247 -0.005130 0.999090
1520530736.150194 4.636435 0.882627 5.020480 0.044036 0.024643 -0.005864 0.998709
1520530736.200196 5.598686 0.816218 5.284419 0.050923 0.020745 -0.003968 0.998479
1520530736.250198 5.798201 0.700606 6.257470 0.054625 0.028973 -0.001649 0.998085
1520530736.300199 6.410998 0.812418 5.475180 0.053174 0.032258 0.001807 0.998062
1520530736.350200 6.624556 1.226547 4.590369 0.049107 0.038656 0.007632 0.998016
1520530736.400202 7.129960 1.737429 3.894979 0.044167 0.042450 0.011632 0.998054
1520530736.450248 7.808493 2.470834 3.936319 0.045477 0.042845 0.014080 0.997947
1520530736.500249 8.803050 2.490159 3.833930 0.045277 0.042403 0.013990 0.997976
1520530736.550255 9.783302 2.676084 3.901289 0.052105 0.037270 0.009222 0.997903
1520530736.600252 9.959455 2.708650 4.885113 0.056001 0.050201 0.003564 0.997161
1520530736.650344 9.947684 2.875359 3.899177 0.057148 0.060981 0.002350 0.996499
1520530736.700255 10.912681 2.868088 3.637017 0.056557 0.061923 -0.000922 0.996477
1520530736.750257 11.156591 2.732955 4.597355 0.054902 0.071940 -0.002830 0.995893
1520530736.800258 11.459147 2.946561 3.668467 0.053448 0.079770 -0.002711 0.995376
1520530736.850260 11.317190 2.939366 2.678620 0.050400 0.091028 -0.006798 0.994549
1520530736.900250 11.375958 2.913843 1.680675 0.048642 0.102791 -0.010506 0.993457
1520530736.950252 11.224806 3.044579 0.700848 0.051328 0.114978 -0.014586 0.991934
1520530737.000254 11.185365 3.017157 -0.297998 0.057787 0.124300 -0.014730 0.990451
1520530737.050255 11.766932 2.283387 -0.649226 0.060063 0.128056 -0.011116 0.989884
1520530737.100257 11.540991 2.138657 -1.612555 0.062551 0.137438 -0.010504 0.988478
1520530737.150258 11.660164 2.767590 -2.380827 0.060758 0.141738 -0.007960 0.988006
1520530737.200260 11.132839 2.347425 -3.119332 0.053116 0.146225 -0.012308 0.987748
1520530737.250261 11.317102 2.457259 -4.096052 0.043439 0.146829 -0.016496 0.988070
1520530737.300259 10.905894 2.582732 -4.998917 0.029948 0.150245 -0.019670 0.987999
1520530737.350261 10.901419 2.617243 -5.998311 0.013141 0.152103 -0.026239 0.987929
1520530737.400262 11.135184 2.170162 -6.861718 -0.006009 0.149197 -0.033046 0.988237
1520530737.450264 11.069576 2.219204 -7.858358 -0.017148 0.147831 -0.034226 0.988271
1520530737.500265 10.128474 1.881087 -7.856305 -0.023575 0.153359 -0.028733 0.987471
1520530737.550267 10.065580 2.044279 -6.871717 -0.016570 0.151033 -0.027073 0.988019
1520530737.600269 10.022950 1.961862 -5.876031 -0.001834 0.147335 -0.029831 0.988635
1520530737.650270 10.501159 2.309410 -5.069480 0.019328 0.141200 -0.034788 0.989181
1520530737.700183 9.996143 1.460437 -4.913906 0.022127 0.141216 -0.038108 0.988998
1520530737.750184 9.986029 1.469612 -3.913999 0.034636 0.133071 -0.044627 0.989495
1520530737.800186 10.101266 1.399892 -2.923111 0.039982 0.116049 -0.047546 0.991299
1520530737.850187 10.345316 1.447430 -1.954514 0.042806 0.096786 -0.045936 0.993323
1520530737.900189 9.808736 1.846927 -1.211222 0.062671 0.096997 -0.040317 0.992491
1520530737.950191 9.607472 1.741018 -0.237427 0.079283 0.087719 -0.038921 0.992222
1520530738.000192 8.939457 1.113060 0.161854 0.085050 0.088530 -0.038828 0.991676
1520530738.050194 8.138817 0.528242 0.292098 0.082832 0.089753 -0.033163 0.991959
1520530738.100308 7.262617 0.129110 0.562223 0.084836 0.085128 -0.032589 0.992217
1520530738.150315 6.522009 0.278661 1.217306 0.096549 0.084360 -0.028578 0.991335
1520530738.200311 6.614973 0.000239 2.173255 0.092569 0.064192 -0.031681 0.993130
1520530738.250404 6.236578 -0.148915 1.259707 0.081087 0.044735 -0.024154 0.995410
1520530738.300314 6.406537 -0.194928 2.244083 0.069319 0.024440 -0.019543 0.997104
1520530738.350316 6.480211 -0.159439 3.240734 0.052734 0.001722 -0.013968 0.998509
1520530738.400317 5.793241 0.563060 3.318634 0.052733 0.001722 -0.013968 0.998509
1520530738.450319 5.054029 0.273352 2.710659 0.015639 0.009768 -0.002612 0.999827
1520530738.500567 4.403184 1.032356 2.692926 0.013536 0.011973 0.002698 0.999833
1520530738.550568 3.896667 1.893620 2.652145 0.020240 0.013199 0.003498 0.999702
1520530738.600570 3.341340 2.680746 2.383730 0.019364 0.012921 -0.001505 0.999728
1520530738.650571 2.778140 3.484501 2.191941 0.017507 0.012444 -0.003265 0.999764
1520530738.700573 2.315893 4.358634 2.042880 0.014994 0.010348 -0.004651 0.999823
1520530738.750574 1.654173 5.098066 1.918919 0.016506 0.016491 -0.003840 0.999720
1520530738.800576 0.922969 5.765997 2.057514 0.007169 0.012858 0.000111 0.999892
1520530738.850577 0.625608 6.163288 1.189334 0.004260 0.001742 0.000399 0.999989
1520530738.900222 -0.343401 6.290382 0.977508 0.005312 0.009258 0.004960 0.999931
1520530738.950224 -0.479644 6.188552 1.962936 0.010233 -0.002999 0.005298 0.999929
1520530739.000225 -1.338311 5.689243 2.078618 0.009725 -0.002092 0.005442 0.999936
1520530739.050226 -1.334674 5.423539 3.042666 0.017865 -0.017254 0.002208 0.999689
1520530739.100228 -2.091216 4.775557 2.954545 0.013937 -0.010957 -0.002327 0.999840
1520530739.150230 -2.569422 4.530526 3.797918 0.023392 -0.015451 -0.008312 0.999572
1520530739.200232 -3.084071 3.673167 3.806464 0.018427 -0.013623 -0.013675 0.999644
1520530739.250233 -3.615495 2.845546 3.987109 0.015022 -0.012194 -0.023116 0.999546
1520530739.300235 -4.286512 2.104205 3.999309 0.008148 -0.007277 -0.026641 0.999585
1520530739.350119 -4.911798 1.343111 4.171799 0.006227 -0.006289 -0.030599 0.999493
1520530739.400121 -5.173211 0.829961 4.989320 0.013005 -0.006397 -0.033867 0.999321
1520530739.450123 -5.347026 1.181491 5.909220 0.032199 -0.006865 -0.031703 0.998955
1520530739.500124 -5.226241 1.620202 6.799694 0.056259 -0.011740 -0.026282 0.998001
1520530739.550126 -5.170967 1.892828 7.760225 0.077025 -0.016608 -0.019370 0.996703
1520530739.600127 -5.350688 1.026325 8.225922 0.081608 -0.016518 -0.012444 0.996450
1520530739.650129 -5.421613 0.060956 8.476985 0.085682 -0.017415 -0.009159 0.996128
1520530739.700130 -5.617477 -0.788811 8.966405 0.090259 -0.019115 -0.005405 0.995720
1520530739.750311 -6.284462 -0.988167 9.684310 0.094413 -0.018962 -0.000788 0.995352
1520530739.800313 -6.390032 -1.117594 10.670264 0.088843 -0.023290 -0.000177 0.995773
1520530739.850406 -6.404397 -0.237851 11.145496 0.096555 -0.025676 -0.001173 0.994996
1520530739.900316 -6.448582 0.726264 11.407277 0.095748 -0.024680 -0.001075 0.995099
1520530739.950318 -6.260275 1.671321 11.674502 0.092484 -0.027123 0.003201 0.995340
1520530740.000319 -6.003803 2.620113 11.858936 0.087612 -0.029030 0.010570 0.995675
1520530740.050321 -5.732169 3.556074 12.082972 0.082151 -0.026867 0.012694 0.996177
1520530740.100322 -4.989611 4.223086 12.143824 0.075087 -0.028825 0.016549 0.996623
1520530740.150481 -4.233910 4.875847 12.090738 0.067892 -0.028046 0.020009 0.997098
1520530740.200483 -3.621623 5.555592 12.494534 0.063571 -0.026287 0.018941 0.997451
1520530740.250484 -2.945091 6.280842 12.622275 0.063572 -0.026288 0.018941 0.997451
1520530740.300486 -2.025279 5.960844 12.849313 0.053192 -0.029063 0.012481 0.998083
1520530740.350487 -1.103519 5.726604 13.158331 0.053830 -0.034958 0.002412 0.997935
1520530740.400489 -0.393015 5.103146 13.484648 0.061732 -0.031039 -0.004853 0.997598
1520530740.450490 0.210026 4.305793 13.508525 0.059969 -0.032286 -0.007919 0.997647
1520530740.500492 0.729468 3.453787 13.573837 0.067631 -0.028483 -0.006374 0.997283
1520530740.550278 1.384382 2.701801 13.648698 0.072142 -0.030817 -0.006782 0.996895
1520530740.600280 1.986553 1.914978 13.513420 0.059306 -0.033630 -0.006060 0.997655
1520530740.650282 2.713784 1.916316 14.199811 0.076593 -0.034383 -0.006215 0.996450
1520530740.700283 2.909989 2.230461 13.270932 0.082192 -0.013250 0.000662 0.996528
1520530740.750285 3.882408 2.008864 13.343704 0.082338 -0.016710 0.007109 0.996439
1520530740.800287 4.763634 1.539209 13.397236 0.083242 -0.017397 0.019986 0.996177
1520530740.850288 4.970694 1.613616 14.372730 0.102839 0.011866 0.017358 0.994476
1520530740.900290 5.626490 1.692029 15.123586 0.130682 0.024889 0.014559 0.991005
1520530740.950432 5.494360 1.659772 14.132878 0.142796 0.063763 0.006292 0.987676
1520530741.000433 6.411326 1.588618 13.740311 0.140562 0.068077 0.004940 0.987716
1520530741.050435 7.074465 1.561070 12.992321 0.125287 0.077171 0.001559 0.989113
1520530741.100436 7.927959 1.989043 12.695023 0.124268 0.079386 0.011218 0.989004
1520530741.150438 8.474504 2.783763 12.430997 0.118482 0.087532 0.021093 0.988866
1520530741.200439 8.902393 3.610403 12.065516 0.111245 0.092730 0.024572 0.989152
1520530741.250441 9.432832 4.439888 11.890618 0.107421 0.092385 0.020832 0.989693
1520530741.300442 9.758844 5.270419 11.439027 0.093107 0.100126 0.024769 0.990299
1520530741.350637 9.650163 5.359449 10.448945 0.075696 0.109690 0.022604 0.990822
1520530741.400638 9.830244 5.555713 9.485072 0.066052 0.110764 0.023562 0.991369
1520530741.450728 9.792892 5.587953 8.486290 0.059696 0.110634 0.023722 0.991783
1520530741.500641 9.989553 6.178681 7.703751 0.057021 0.104096 0.021107 0.992707
1520530741.550643 10.561846 6.129265 6.885192 0.039966 0.088168 0.015541 0.995182
1520530741.600644 10.338297 7.100888 6.807889 0.038343 0.086556 0.014444 0.995404
1520530741.650646 10.523830 7.306016 5.846900 0.013565 0.079236 0.004588 0.996753
1520530741.700647 10.304608 8.279770 5.785714 0.016288 0.078564 0.005360 0.996762
1520530741.750649 10.632658 7.818393 4.961388 0.001253 0.070197 -0.002221 0.997530
1520530741.800464 10.744695 8.444823 4.190004 0.004050 0.064486 -0.012048 0.997838
1520530741.850465 10.891749 8.496754 3.202240 0.018796 0.053774 -0.014003 0.998278
1520530741.900467 10.717464 8.422108 2.220378 0.039761 0.044368 -0.010928 0.998164
1520530741.950468 10.606721 8.387286 3.213617 0.063021 0.036479 -0.002685 0.997342
1520530742.000470 10.438469 8.403547 4.199227 0.082101 0.029689 0.008768 0.996143
1520530742.050471 10.185791 8.192963 5.143583 0.101462 0.022605 0.022293 0.994333
1520530742.100473 9.983165 7.972814 6.097772 0.122058 0.012641 0.037134 0.991747
1520530742.150475 10.057455 8.119379 5.111364 0.142816 0.005046 0.047478 0.988597
1520530742.200338 10.010020 7.155487 4.849328 0.146746 0.006677 0.052216 0.987772
1520530742.250340 10.253499 7.344771 3.898071 0.165965 0.005193 0.059731 0.984307
1520530742.300341 10.417654 6.563243 3.296185 0.158294 0.000578 0.069385 0.984951
1520530742.350343 10.289628 5.925223 4.055487 0.167905 0.001378 0.074013 0.983020
1520530742.400345 10.687741 6.176759 3.173311 0.170484 0.000853 0.074870 0.982512
1520530742.450346 10.413581 6.670485 2.348041 0.172034 0.004637 0.071781 0.982461
1520530742.500348 9.921648 7.093705 1.587194 0.166888 0.008781 0.063462 0.983892
1520530742.550350 9.632103 8.038816 1.738619 0.170500 0.011165 0.054712 0.983774
1520530742.600604 9.933964 8.107482 0.787744 0.129053 0.003890 0.032335 0.991103
1520530742.650605 9.525339 9.011377 0.661252 0.114062 0.002799 0.023724 0.993186
1520530742.700607 9.049988 9.879184 0.516505 0.098792 -0.000066 0.017836 0.994948
1520530742.750609 8.491922 10.698050 0.382264 0.085072 0.000351 0.009688 0.996328
1520530742.800610 8.086099 11.554487 0.063164 0.076407 -0.001535 -0.002441 0.997073
1520530742.850612 7.774636 12.504648 0.049588 0.082365 -0.001910 -0.006564 0.996579
1520530742.900613 7.062596 13.204704 -0.004455 0.061842 -0.006126 -0.006305 0.998047
1520530742.950615 6.555416 13.971039 -0.398790 0.059939 -0.007494 -0.006990 0.998149
1520530743.000437 6.526652 14.244946 -1.360116 0.057384 -0.020908 -0.005052 0.998120
1520530743.050523 6.849778 14.310025 -2.304231 0.059382 -0.037999 -0.001047 0.997511
1520530743.100440 6.113242 13.987105 -2.898569 0.064532 -0.037554 0.004952 0.997196
1520530743.150442 5.471078 13.269072 -3.166998 0.060614 -0.035143 0.012268 0.997467
1520530743.200443 4.839544 12.528882 -3.397829 0.059126 -0.033142 0.020564 0.997488
1520530743.250445 4.356751 11.690605 -3.651211 0.059840 -0.035464 0.028588 0.997168
1520530743.300446 3.833481 10.856872 -3.827500 0.064726 -0.037721 0.034354 0.996598
1520530743.350448 3.390242 9.981925 -4.022455 0.067751 -0.036981 0.038179 0.996285
1520530743.400277 3.005765 9.070427 -4.168566 0.069487 -0.034565 0.038127 0.996255
1520530743.450278 2.565598 8.197469 -4.378797 0.073035 -0.032007 0.043252 0.995877
1520530743.500280 2.233913 7.268788 -4.544743 0.068662 -0.028608 0.040232 0.996418
1520530743.550281 1.936419 6.356335 -4.825682 0.067815 -0.026220 0.038583 0.996607
1520530743.600283 1.651959 6.484101 -3.875546 0.084656 -0.034906 0.042972 0.994871
1520530743.650284 0.789639 5.977795 -3.883200 0.086388 -0.025633 0.039328 0.995155
1520530743.700286 0.765763 6.225311 -4.851789 0.086781 -0.027739 0.033942 0.995263
1520530743.750288 0.438406 6.507107 -5.753692 0.077114 -0.027676 0.029840 0.996191
1520530743.800289 -0.082741 7.360486 -5.741446 0.079466 -0.019698 0.025356 0.996320
1520530743.851240 -0.520919 8.156874 -6.158300 0.068032 -0.015996 0.017368 0.997404
1520530743.901241 -0.868028 9.093565 -6.112213 0.066581 -0.012716 0.012256 0.997625
1520530743.951243 -1.302700 9.990218 -6.028101 0.063242 -0.009457 0.012057 0.997881
1520530744.001244 -1.771841 10.868354 -5.934383 0.057354 -0.008522 0.006893 0.998294
1520530744.051247 -2.400752 11.645762 -5.923999 0.048316 -0.007534 0.002144 0.998801
1520530744.101248 -3.155136 12.301725 -5.899148 0.044868 -0.007735 -0.009360 0.998919
1520530744.151249 -3.153147 12.395785 -4.903583 0.041009 -0.024614 -0.019382 0.998668
1520530744.201251 -4.066767 12.731465 -4.674199 0.047377 -0.017299 -0.031165 0.998241
1520530744.251205 -5.035873 12.749193 -4.428193 0.045250 -0.022300 -0.044307 0.997743
1520530744.301206 -6.013360 12.887211 -4.268601 0.048802 -0.016567 -0.053179 0.997254
1520530744.351208 -6.958740 12.863161 -3.943517 0.055791 -0.022000 -0.057307 0.996554
1520530744.401209 -7.809392 12.341689 -4.010279 0.056548 -0.022460 -0.050672 0.996860
1520530744.451210 -8.543657 11.693674 -3.807965 0.058982 -0.024677 -0.039896 0.997156
1520530744.501212 -9.203385 11.057874 -3.407319 0.075584 -0.033649 -0.022160 0.996325
1520530744.551214 -9.803848 10.278102 -3.230115 0.085241 -0.039508 0.005517 0.995561
1520530744.601215 -10.652606 9.928393 -2.833487 0.098373 -0.047029 0.052943 0.992627
1520530744.651044 -11.477376 9.433547 -2.559841 0.094246 -0.056561 0.109027 0.987943
1520530744.700966 -12.356902 9.756093 -2.209989 0.090203 -0.062460 0.174026 0.978610
1520530744.750968 -13.236684 9.998425 -1.801014 0.079490 -0.068252 0.227092 0.968221
1520530744.800969 -13.267093 9.686482 -2.750628 0.060542 -0.084743 0.282841 0.953496
1520530744.850971 -13.278191 8.747166 -3.093503 0.039109 -0.088888 0.329073 0.939298
1520530744.900972 -13.096502 9.630299 -2.660992 0.028451 -0.087355 0.368758 0.924974
1520530744.950974 -12.800715 10.448387 -2.167797 0.020173 -0.080520 0.399961 0.912765
1520530745.000976 -12.539912 10.633826 -1.220382 0.005639 -0.058625 0.423140 0.904148
1520530745.051078 -11.945359 11.433167 -1.133430 0.000717 -0.058859 0.433948 0.899013
1520530745.101080 -11.330040 12.213637 -1.022750 -0.009206 -0.052170 0.436710 0.898041
1520530745.151081 -10.995251 13.134166 -0.821402 -0.014240 -0.049139 0.433186 0.899851
1520530745.201083 -10.626391 13.108677 -1.750537 -0.057814 -0.024297 0.407669 0.910974
1520530745.251084 -10.526879 14.102297 -1.803614 -0.070943 -0.014571 0.393157 0.916615
1520530745.301086 -10.319863 15.079270 -1.855268 -0.080090 -0.004421 0.372883 0.924405
1520530745.351088 -10.254518 15.937293 -1.345832 -0.081833 0.016755 0.337369 0.937659
1520530745.401089 -9.975188 16.884846 -1.501131 -0.088819 0.017698 0.307621 0.947189
1520530745.451043 -9.782324 16.923201 -2.481607 -0.128849 0.023264 0.265731 0.955114
1520530745.501044 -9.664620 17.313719 -1.568567 -0.166514 0.031925 0.222888 0.959987
1520530745.551046 -9.740742 17.779079 -2.450409 -0.184666 0.026083 0.192752 0.963361
1520530745.601048 -10.013121 18.613273 -2.929919 -0.192494 0.017701 0.156158 0.968632
1520530745.651049 -10.400474 19.393523 -3.421008 -0.192037 0.006832 0.118610 0.974170
1520530745.701051 -11.163200 19.441542 -4.065945 -0.206339 -0.011645 0.082395 0.974936
1520530745.751053 -11.977575 19.985379 -4.268515 -0.192568 -0.014966 0.043111 0.980222
1520530745.801054 -12.901546 20.205204 -4.581492 -0.196796 -0.042294 0.015434 0.979410
1520530745.850826 -13.768842 20.466251 -5.005346 -0.199414 -0.063789 -0.012735 0.977754
1520530745.900828 -14.578308 20.952146 -5.334998 -0.200678 -0.091782 -0.027937 0.974948
1520530745.950830 -15.445558 21.294859 -5.696142 -0.193733 -0.095127 -0.042469 0.975507
1520530746.000831 -16.267510 21.759736 -6.025208 -0.194680 -0.121462 -0.049589 0.972053
1520530746.050833 -17.144501 22.061609 -6.399052 -0.201821 -0.144801 -0.052555 0.967233
1520530746.100834 -18.018776 22.209057 -6.861547 -0.213770 -0.166972 -0.049583 0.961231
1520530746.150839 -18.877665 22.438537 -7.319421 -0.221304 -0.180495 -0.035556 0.957696
1520530746.200837 -19.793910 22.812226 -7.463826 -0.229552 -0.206162 -0.005961 0.951193
1520530746.250910 -20.650383 22.755976 -7.976944 -0.242205 -0.199092 0.031812 0.949045
1520530746.300487 -21.546367 22.742794 -8.420833 -0.254653 -0.195568 0.079302 0.943725
1520530746.350489 -22.458746 22.943076 -8.777839 -0.267394 -0.190575 0.131619 0.935338
1520530746.400490 -22.930605 23.280902 -9.592223 -0.280877 -0.184594 0.180764 0.924315
1520530746.450492 -22.035831 23.198015 -9.153466 -0.315272 -0.186871 0.228516 0.901922
1520530746.500493 -22.580492 22.550175 -8.620881 -0.343124 -0.171534 0.263112 0.885220
1520530746.550495 -23.092161 23.128834 -7.985783 -0.366488 -0.145832 0.299416 0.868775
1520530746.600497 -22.395685 22.833757 -8.639886 -0.384701 -0.114886 0.329955 0.854363
1520530746.650498 -21.625290 23.470310 -8.675831 -0.389823 -0.099583 0.361884 0.840929
1520530746.700510 -21.072535 24.222342 -9.034870 -0.397554 -0.069561 0.384059 0.830428
1520530746.750511 -20.305835 24.647176 -9.516210 -0.406282 -0.056172 0.398832 0.820190
1520530746.800513 -19.637720 25.284583 -9.900051 -0.415242 -0.041133 0.413639 0.809188
1520530746.850514 -19.028125 25.921993 -10.371328 -0.422235 -0.031680 0.424417 0.800365
1520530746.900517 -19.486713 26.612338 -10.930900 -0.377300 0.021890 0.406800 0.831672
1520530746.950518 -19.099492 27.428105 -11.360532 -0.388073 0.034117 0.396572 0.831244
1520530747.000519 -18.721263 28.188700 -11.888205 -0.403025 0.047515 0.372297 0.834691
1520530747.050521 -18.212356 28.865372 -12.420303 -0.415922 0.052501 0.340146 0.841756
1520530747.100689 -17.570932 29.395082 -12.975265 -0.419070 0.034207 0.309762 0.852794
1520530747.150692 -16.698444 29.561221 -13.434789 -0.436776 -0.004484 0.267306 0.858926
1520530747.200693 -15.924279 29.993289 -13.897374 -0.436963 -0.023453 0.224676 0.870652
1520530747.250695 -15.560306 29.882767 -14.822203 -0.446289 -0.014642 0.178758 0.876731
1520530747.300696 -15.275496 29.071324 -15.332539 -0.463939 -0.015621 0.113353 0.878446
1520530747.350697 -14.784426 28.418916 -15.909786 -0.474979 -0.032017 0.058266 0.877482
1520530747.400699 -14.514747 27.989207 -16.771542 -0.475809 -0.052537 0.009672 0.877925
1520530747.450701 -14.323510 27.652945 -17.693690 -0.477639 -0.080674 -0.041493 0.873860
1520530747.501334 -14.599230 27.476743 -18.638640 -0.480749 -0.111611 -0.090528 0.865002
1520530747.551336 -14.889425 27.702786 -19.568528 -0.481193 -0.145081 -0.124287 0.855545
1520530747.601337 -14.467338 26.828032 -19.806534 -0.503815 -0.193989 -0.155230 0.827311
1520530747.651340 -14.620153 27.012581 -20.777404 -0.513892 -0.224258 -0.182080 0.807756
1520530747.701339 -14.758214 28.002045 -20.820976 -0.551790 -0.262997 -0.175063 0.771824
1520530747.751342 -14.744165 28.482251 -21.698020 -0.548949 -0.286138 -0.169894 0.766757
1520530747.801342 -14.631425 29.032478 -22.525389 -0.537476 -0.308846 -0.147941 0.770615
1520530747.851408 -14.873435 29.251069 -23.470719 -0.548096 -0.318811 -0.146165 0.759333
1520530747.901267 -14.904916 29.131949 -24.463100 -0.563379 -0.322843 -0.136476 0.748165
1520530747.951269 -14.988197 29.134818 -25.459622 -0.582953 -0.319246 -0.115011 0.738255
1520530748.001270 -15.093789 29.233152 -26.449157 -0.604863 -0.304482 -0.084259 0.730980
1520530748.051271 -15.065644 29.257281 -27.448470 -0.621661 -0.285582 -0.049506 0.727688
1520530748.101273 -15.214579 29.287755 -28.436847 -0.642178 -0.260289 -0.012347 0.720905
1520530748.151275 -15.295490 29.255718 -29.433054 -0.658582 -0.237614 0.019975 0.713730
1520530748.201277 -15.279443 29.185216 -30.430436 -0.665936 -0.215939 0.047606 0.712484
1520530748.251278 -15.080779 28.442062 -31.069384 -0.686666 -0.194852 0.074530 0.696396
1520530748.300790 -14.558998 29.251960 -31.337358 -0.700258 -0.164006 0.102724 0.687160
1520530748.350791 -14.949889 29.899976 -31.991024 -0.707906 -0.130874 0.119746 0.683668
1520530748.400792 -14.175856 30.470349 -31.716165 -0.716548 -0.099230 0.147951 0.674406
1520530748.450794 -14.271285 31.393303 -31.343272 -0.726518 -0.046247 0.163747 0.665748
1520530748.500796 -13.480989 31.729323 -31.855642 -0.726539 -0.008444 0.176167 0.664105
1520530748.550797 -12.620023 32.188589 -32.074305 -0.729449 0.018897 0.190457 0.656714
1520530748.600799 -11.766258 32.675739 -32.258072 -0.733309 0.037370 0.201482 0.648280
1520530748.650800 -10.976063 33.149248 -32.647150 -0.736289 0.056746 0.204700 0.642461
1520530748.700802 -10.223049 33.505233 -33.200542 -0.738178 0.072423 0.190181 0.643179
1520530748.750571 -9.377441 33.772587 -33.662570 -0.741357 0.078887 0.178313 0.642162
1520530748.800572 -8.528530 33.976996 -34.149979 -0.745207 0.081135 0.158510 0.642618
1520530748.850574 -7.664458 34.392890 -34.433547 -0.750097 0.081352 0.132852 0.642718
1520530748.900576 -7.359493 34.755411 -35.314215 -0.705786 0.064365 0.084383 0.700431
1520530748.950577 -6.365448 34.663646 -35.372987 -0.711680 0.045795 0.048667 0.699318
1520530749.000579 -5.418286 34.413706 -35.171954 -0.724701 0.010007 0.013258 0.688863
1520530749.050581 -5.421678 33.441868 -34.936330 -0.726893 -0.001374 -0.061910 0.683953
1520530749.100585 -5.318143 32.471788 -34.716726 -0.728678 -0.020131 -0.125941 0.672875
1520530749.150923 -4.329629 32.369539 -34.605436 -0.724250 -0.052575 -0.161199 0.668366
1520530749.200924 -3.540967 31.956703 -34.149828 -0.725700 -0.099308 -0.193326 0.652780
1520530749.250925 -3.333446 31.173862 -33.563232 -0.725917 -0.141869 -0.240208 0.628664
1520530749.300926 -3.365576 30.625143 -32.727843 -0.730931 -0.188565 -0.279222 0.593480
1520530749.350928 -3.178206 30.570283 -33.708599 -0.718635 -0.228985 -0.307660 0.580065
1520530749.400930 -3.459861 29.697831 -33.309226 -0.737911 -0.265080 -0.309928 0.537739
1520530749.450989 -3.452801 29.394973 -34.262236 -0.743196 -0.291695 -0.314806 0.513294
1520530749.500933 -3.444414 28.877355 -35.117806 0.755472 0.311562 0.312765 -0.484118
1520530749.551299 -3.471120 28.475551 -36.033142 0.767050 0.314583 0.307891 -0.466771
1520530749.601300 -3.460180 28.030252 -36.928457 0.786848 0.305892 0.287001 -0.452694
1520530749.651303 -3.500796 27.418984 -37.718838 0.804819 0.289854 0.267671 -0.443399
1520530749.701303 -3.396653 26.731289 -38.437330 0.819127 0.265070 0.243784 -0.446473
1520530749.751305 -3.270682 26.121759 -39.220020 0.832833 0.231688 0.220801 -0.451615
1520530749.801307 -3.363956 25.407680 -39.913844 0.846188 0.195563 0.204523 -0.451544
1520530749.851308 -3.370730 24.606426 -40.512130 0.858140 0.151733 0.183687 -0.454787
1520530749.901310 -3.220693 23.648428 -40.756524 0.869123 0.108074 0.162054 -0.454625
1520530749.950999 -2.568648 22.961869 -41.078197 0.874726 0.067993 0.143463 -0.457875
1520530750.001001 -1.777416 22.425475 -41.371855 0.878901 0.029852 0.129161 -0.458212
1520530750.051002 -0.926070 21.907404 -41.454382 0.881670 -0.005148 0.120664 -0.456148
1520530750.101004 -1.101477 21.356796 -40.638255 0.884597 -0.034130 0.144790 -0.441994
1520530750.151005 -0.155705 21.060036 -40.770351 0.884080 -0.051835 0.156102 -0.437434
1520530750.201007 0.764882 20.672868 -40.719163 0.883066 -0.060599 0.175674 -0.430884
1520530750.251009 1.581696 20.182242 -40.415682 0.882699 -0.061381 0.198999 -0.421276
1520530750.301010 2.519586 19.836113 -40.439296 0.880553 -0.051819 0.228646 -0.411902
1520530750.350639 3.237694 19.245197 -40.071683 0.877317 -0.033680 0.259682 -0.402177
1520530750.400641 4.166893 19.130151 -39.720466 0.877569 -0.006993 0.277043 -0.391242
1520530750.450642 4.573106 18.547250 -39.016749 0.868920 0.026043 0.313152 -0.382407
1520530750.500644 4.299617 18.234159 -38.107256 0.858442 0.071480 0.351655 -0.366479
1520530750.550645 4.376894 18.769505 -38.948347 0.845535 0.118891 0.379100 -0.356678
1520530750.600647 4.069944 18.207320 -38.180408 0.831748 0.168923 0.402578 -0.342916
1520530750.650648 4.524670 18.823915 -38.823086 0.818209 0.219267 0.419009 -0.326937
1520530750.700654 4.703685 19.427426 -39.600085 0.805122 0.269700 0.429370 -0.307705
1520530750.750652 4.301740 19.377756 -40.514401 0.792729 0.314922 0.436835 -0.285623
1520530750.800615 4.904342 19.968148 -41.051345 0.792097 0.355678 0.421899 -0.260915
1520530750.850617 4.822908 19.941066 -42.047656 0.783223 0.400148 0.410871 -0.240058
1520530750.900618 4.424416 19.508391 -42.856357 0.769856 0.427113 0.419046 -0.222027
1520530750.950619 4.299354 18.881059 -43.625001 0.760084 0.451306 0.418040 -0.209375
1520530751.000621 4.275619 18.127851 -44.282355 0.759997 0.461387 0.412829 -0.197734
1520530751.050669 4.453529 17.531665 -45.065241 0.769807 0.470516 0.393755 -0.175977
1520530751.100624 4.398090 16.644031 -45.522441 0.779741 0.453946 0.396283 -0.169992
1520530751.150626 4.578605 15.820202 -46.059769 0.795256 0.436334 0.387357 -0.164724
1520530751.201260 4.653555 14.945932 -46.539388 0.814599 0.411506 0.378335 -0.154769
1520530751.251262 4.728451 13.969409 -46.741360 0.839820 0.376806 0.360484 -0.150900
1520530751.301263 4.594699 13.099157 -47.215462 0.864213 0.330445 0.344841 -0.158198
1520530751.351265 4.300308 12.203555 -47.548976 0.887325 0.281200 0.326265 -0.164717
1520530751.401267 3.687938 11.458875 -47.814408 0.904944 0.236183 0.314036 -0.163325
1520530751.451268 3.320100 10.549294 -48.007688 0.917660 0.190615 0.306323 -0.166532
1520530751.501270 3.319300 9.589839 -47.725827 0.927452 0.147938 0.299161 -0.168668
1520530751.551271 3.622837 8.637057 -47.717422 0.930855 0.116131 0.295396 -0.181007
1520530751.601708 3.965899 7.713417 -47.546546 0.933769 0.085197 0.293675 -0.185933
1520530751.651709 4.434874 7.052016 -46.961217 0.935295 0.062307 0.298714 -0.179197
1520530751.701711 5.324588 6.662494 -46.723138 0.931629 0.043141 0.317033 -0.172323
1520530751.751712 5.873680 6.084707 -46.119267 0.924760 0.040225 0.341395 -0.163252
1520530751.801714 6.541479 5.795605 -45.433362 0.919158 0.047627 0.359636 -0.153437
1520530751.851716 7.111985 5.455063 -44.685998 0.912154 0.061823 0.380503 -0.139179
1520530751.901717 7.823113 5.070338 -44.097539 0.902746 0.083210 0.402732 -0.126220
1520530751.951719 8.150144 4.763749 -43.203641 0.887518 0.110651 0.434068 -0.107951
1520530752.001096 8.666708 4.762539 -42.347393 0.874932 0.145887 0.452725 -0.090833
1520530752.051097 9.213903 4.973171 -41.537324 0.861229 0.187984 0.466570 -0.072515
1520530752.101099 8.348825 4.601371 -41.200567 0.840237 0.233453 0.486185 -0.055909
1520530752.151101 7.935801 4.597128 -40.289856 0.824018 0.276920 0.492992 -0.035616
1520530752.201102 7.063173 4.110081 -40.253733 0.807804 0.319653 0.495103 -0.012175
1520530752.251103 7.189858 3.805741 -41.197835 0.795108 0.357534 0.489703 0.012781
1520530752.301105 6.417681 3.264439 -40.865066 0.788902 0.391441 0.471812 0.042442
1520530752.351107 5.983695 2.613575 -41.487988 0.775055 0.420025 0.467928 0.062551
1520530752.401229 5.600411 1.844244 -41.999088 0.762693 0.444423 0.463405 0.077741
1520530752.451231 5.372933 1.109364 -42.637997 0.757843 0.465630 0.446860 0.095803
1520530752.501234 5.022683 0.302136 -43.113085 0.755349 0.473448 0.440139 0.107581
1520530752.551234 4.784295 -0.590513 -43.495639 0.758856 0.471555 0.433186 0.118845
1520530752.601236 4.680284 -1.574408 -43.641009 0.767650 0.463690 0.424328 0.125103
1520530752.651273 4.545207 -2.558280 -43.758270 0.779363 0.449151 0.414652 0.137552
1520530752.701239 4.469189 -3.538536 -43.940808 0.791085 0.431643 0.410882 0.138002
1520530752.751240 4.114491 -4.470109 -44.020563 0.805958 0.407516 0.403143 0.147774
1520530752.801898 3.863273 -5.415386 -44.228750 0.819257 0.381519 0.401112 0.149570
1520530752.851901 3.638673 -6.385951 -44.315683 0.831997 0.353668 0.401066 0.147802
1520530752.901902 3.552861 -7.381280 -44.271455 0.842223 0.327803 0.405188 0.137940
1520530752.951904 3.498363 -8.351197 -44.034197 0.853318 0.292362 0.410058 0.135001
1520530753.001905 3.609099 -9.224471 -43.559718 0.863894 0.252560 0.416343 0.128680
1520530753.051907 3.790815 -10.079226 -43.073535 0.869711 0.209454 0.430345 0.120566
1520530753.101909 4.081305 -10.592176 -42.265762 0.872009 0.170472 0.443322 0.118344
1520530753.151910 4.416250 -11.045391 -41.439683 0.869863 0.141892 0.457785 0.116782
1520530753.201912 4.722913 -11.358987 -40.541008 0.862168 0.121911 0.476113 0.122960
1520530753.251554 5.188011 -11.479737 -39.664023 0.852078 0.120799 0.491989 0.131595
1520530753.301556 5.628240 -11.529141 -38.767497 0.839332 0.134718 0.507692 0.140075
1520530753.351557 6.119519 -11.453840 -37.899756 0.824027 0.158168 0.522264 0.152328
1520530753.401559 6.644492 -10.977724 -37.194266 0.810762 0.185029 0.527646 0.173257
1520530753.451561 7.009966 -10.332346 -36.523508 0.794423 0.220540 0.532564 0.191388
1520530753.501562 7.278471 -9.422525 -36.207073 0.781920 0.243508 0.528864 0.222726
1520530753.551564 7.528955 -8.519543 -35.857959 0.768659 0.276509 0.528991 0.229945
1520530753.601566 7.461533 -7.669451 -35.335658 0.754260 0.306012 0.535956 0.224052
1520530753.651036 7.099997 -6.763457 -35.115508 0.741966 0.322416 0.536226 0.240821
1520530753.701037 6.121417 -6.705989 -34.917825 0.726856 0.343739 0.545006 0.237681
1520530753.751040 6.648156 -5.900807 -34.645379 0.723317 0.350748 0.545450 0.237216
1520530753.801040 5.843740 -5.800629 -34.059820 0.717697 0.351199 0.553085 0.235940
1520530753.851042 5.686183 -5.678513 -33.079890 0.715876 0.350364 0.555516 0.237001
1520530753.901044 5.098073 -5.026891 -32.600810 0.714029 0.342931 0.558957 0.245210
1520530753.951046 4.108615 -5.075649 -32.464448 0.711316 0.336123 0.566586 0.245013
1520530754.001047 3.596195 -4.621009 -31.735937 0.712807 0.330022 0.568497 0.244547
1520530754.051765 2.600220 -4.643322 -31.822753 0.710279 0.329174 0.573806 0.240611
1520530754.101767 1.727659 -4.942817 -31.436826 0.708566 0.330532 0.577188 0.235664
1520530754.151768 2.281969 -5.467201 -32.083171 0.708566 0.330532 0.577188 0.235664
1520530754.201770 1.399139 -5.737699 -31.699188 0.706048 0.330905 0.579777 0.236339
1520530754.251797 0.592910 -5.727241 -31.107677 0.705095 0.329654 0.580479 0.239194
1520530754.301773 0.064512 -5.197298 -30.444386 0.705094 0.328340 0.580146 0.241797
1520530754.351775 -0.059516 -4.279623 -30.066909 0.707707 0.325904 0.576391 0.246395
1520530754.401776 -0.911609 -4.084228 -29.581359 0.709469 0.324371 0.575666 0.245044
1520530754.451720 -0.006991 -3.678739 -29.712681 0.708899 0.325780 0.577493 0.240481
1520530754.501721 0.799623 -3.088474 -29.681697 0.711193 0.325399 0.577399 0.234372
1520530754.551723 0.673280 -2.146673 -29.370171 0.716008 0.317597 0.576365 0.232957
1520530754.601726 0.021788 -1.796287 -28.697276 0.719191 0.311657 0.578176 0.226598
1520530754.651726 -0.311593 -0.979595 -28.226245 0.720321 0.306046 0.578613 0.229522
1520530754.701728 -1.309804 -1.010468 -28.277453 0.709172 0.314791 0.590001 0.223341
1520530754.751729 -2.305393 -1.077700 -28.212009 0.699231 0.320222 0.601983 0.214823
1520530754.801731 -3.276582 -1.172006 -27.993154 0.694230 0.319425 0.612110 0.203309
1520530754.851699 -4.264042 -1.295884 -27.895294 0.686867 0.317378 0.624634 0.193178
1520530754.901701 -4.228769 -0.930889 -26.964953 0.687273 0.310977 0.629612 0.185846
1520530754.951702 -4.977852 -0.880460 -26.304399 0.685299 0.296186 0.639733 0.182705
1520530755.001704 -5.952559 -1.096121 -26.363020 0.666437 0.285130 0.664877 0.180282
1520530755.051706 -6.557480 -0.911934 -25.588329 0.658387 0.277357 0.676346 0.179323
1520530755.101707 -6.669920 -0.619665 -24.638626 0.663763 0.281791 0.669424 0.178562
1520530755.151709 -6.687857 -0.225112 -23.719928 0.658731 0.284145 0.673820 0.176923
1520530755.201711 -7.674680 -0.362236 -23.805827 0.621930 0.290291 0.706505 0.172581
1520530755.251591 -7.835542 -0.075179 -22.861516 0.616110 0.293091 0.711611 0.167679
1520530755.301592 -8.114549 0.491243 -22.086068 0.613180 0.290467 0.714663 0.169990
1520530755.351593 -8.710653 1.031114 -21.491762 0.600641 0.292379 0.723632 0.173500
1520530755.401596 -9.001648 1.583824 -20.710843 0.592523 0.302533 0.725714 0.175297
1520530755.451596 -9.965253 1.463485 -20.949555 0.552673 0.326304 0.746818 0.174184
1520530755.501599 -10.507953 2.302759 -20.982688 0.543384 0.314746 0.753895 0.193163
1520530755.551600 -11.026802 3.140813 -20.813988 0.538352 0.316392 0.755279 0.199065
1520530755.601601 -10.237764 3.439039 -20.276884 0.504700 0.348326 0.766285 0.191711
1520530755.651603 -10.988432 4.086519 -20.408287 0.497587 0.343605 0.772369 0.194392
1520530755.701247 -11.849306 4.539432 -20.176412 0.488858 0.346543 0.780029 0.180224
1520530755.751248 -12.656253 4.992105 -19.797039 0.487679 0.338862 0.784645 0.177970
1520530755.801250 -12.953977 5.258679 -18.880361 0.479921 0.339093 0.791004 0.170305
1520530755.851267 -13.866418 5.206697 -18.474468 0.477617 0.335750 0.794276 0.168165
1520530755.901253 -14.794790 5.354811 -18.133605 0.478350 0.333227 0.794809 0.168578
1520530755.951255 -14.068800 5.775907 -17.589898 0.460314 0.338020 0.805386 0.158765
1520530756.001256 -14.785693 6.214312 -17.047805 0.456570 0.341767 0.807517 0.150515
1520530756.051258 -15.663466 6.044658 -17.495837 0.433596 0.342986 0.820127 0.147468
1520530756.101239 -16.495209 6.330300 -17.019800 0.434668 0.342846 0.819043 0.150626
1520530756.151241 -17.347583 6.324467 -16.496900 0.427834 0.346761 0.821203 0.149466
1520530756.201243 -18.128119 6.637311 -15.955705 0.416015 0.352358 0.826015 0.143091
1520530756.251244 -17.579226 6.985394 -15.195735 0.377669 0.371709 0.835601 0.144811
1520530756.301246 -18.539192 7.002726 -14.916154 0.368907 0.378124 0.837765 0.138124
1520530756.351247 -19.330691 6.780379 -15.485445 0.348504 0.377763 0.847979 0.129506
1520530756.401249 -19.931177 6.566466 -16.255937 0.315600 0.379431 0.861007 0.122865
1520530756.451250 -20.925133 6.458826 -16.234392 0.309121 0.379404 0.865383 0.107747
1520530756.501375 -21.907031 6.567046 -16.078936 0.304360 0.380385 0.868228 0.094091
1520530756.551377 -22.857368 6.425823 -15.801601 0.299583 0.382913 0.870044 0.081557
1520530756.601378 -23.839213 6.236434 -15.790996 0.295960 0.382327 0.872653 0.068639
1520530756.651380 -24.830614 6.128318 -15.864723 0.293311 0.377200 0.876327 0.061158
1520530756.701381 -25.697189 5.685081 -15.635404 0.290537 0.375289 0.878566 0.053549
1520530756.751383 -26.412717 5.071108 -15.302149 0.284609 0.378402 0.879284 0.051671
1520530756.801384 -27.242265 4.524504 -15.416484 0.280044 0.375766 0.882050 0.048614
1520530756.851386 -28.125280 4.167014 -15.112369 0.276372 0.373490 0.884438 0.043517
1520530756.901524 -28.920601 3.662959 -14.775630 0.271932 0.371568 0.887057 0.033458
1520530756.951526 -29.766126 3.147140 -14.913536 0.263123 0.367596 0.891720 0.021804
1520530757.001527 -30.589676 2.836347 -14.439013 0.256649 0.368909 0.893248 0.012076
1520530757.051529 -31.532880 3.140749 -14.572076 0.255785 0.356152 0.898073 0.034554
1520530757.101530 -32.481643 2.852031 -14.443659 0.240890 0.359911 0.900992 0.025498
1520530757.151531 -33.165836 2.194388 -14.758915 0.219799 0.365404 0.904431 0.013191
1520530757.201533 -34.122710 1.970278 -14.574072 0.210986 0.369355 0.904989 0.007526
1520530757.251534 -34.852662 1.666096 -15.186154 0.185229 0.367013 0.911514 0.011556
1520530757.301300 -35.664376 1.083326 -15.224875 0.178259 0.370160 0.911701 0.002642
1520530757.351301 -36.527206 0.580677 -15.278429 0.171030 0.368818 0.913598 -0.007718
1520530757.401303 -37.416525 0.208668 -15.012495 0.165683 0.367288 0.915039 -0.018756
1520530757.451311 -38.377400 -0.067262 -14.988361 0.162302 0.362909 0.917294 -0.022965
1520530757.501307 -39.257558 -0.541895 -14.995053 0.154009 0.362112 0.918670 -0.034675
1520530757.551308 -40.183720 -0.648943 -14.633439 0.152888 0.369485 0.915955 -0.033667
1520530757.601309 -40.432392 -1.568012 -14.939172 0.132638 0.374229 0.916189 -0.054389
1520530757.651311 -41.283901 -2.026848 -15.192950 0.127210 0.375199 0.916171 -0.060620
1520530757.701312 -42.085300 -2.619840 -15.271179 0.123559 0.376914 0.915207 -0.071174
1520530757.751028 -42.857254 -2.802046 -15.880185 0.123049 0.363720 0.920644 -0.070587
1520530757.801029 -43.429271 -3.530708 -16.256812 0.117978 0.365619 0.920261 -0.074318
1520530757.851030 -43.365054 -3.818579 -17.212326 0.098049 0.358680 0.924962 -0.078612
1520530757.901032 -43.483080 -4.388142 -18.025755 0.077079 0.352186 0.928676 -0.087086
1520530757.951033 -43.612234 -3.891206 -17.167633 0.047879 0.345972 0.931885 -0.097987
1520530758.001035 -43.862296 -3.574370 -16.252710 0.019310 0.337586 0.934761 -0.109015
1520530758.051037 -44.326999 -3.142025 -15.479969 -0.009785 0.328434 0.936729 -0.120725
1520530758.101038 -45.114583 -3.743620 -15.613367 -0.014047 0.328196 0.936799 -0.120402
1520530758.151145 -45.272336 -4.319460 -16.415565 -0.039442 0.320291 0.938108 -0.125746
1520530758.201146 -46.017356 -4.875363 -16.784234 -0.051611 0.320141 0.936846 -0.131020
1520530758.251148 -46.286429 -4.647063 -15.848563 -0.097733 0.313330 0.935700 -0.129378
1520530758.301150 -46.619633 -5.446727 -16.348076 -0.113535 0.314710 0.932170 -0.138297
1520530758.351151 -47.195126 -6.249282 -16.505276 -0.126544 0.313673 0.931075 -0.136727
1520530758.401154 -47.770138 -6.904603 -16.995090 -0.138546 0.307287 0.931281 -0.138184
1520530758.451154 -48.431690 -7.601943 -17.270890 -0.148839 0.306098 0.929193 -0.144055
1520530758.501156 -47.692456 -7.892078 -17.878635 -0.194177 0.292908 0.922235 -0.161192
1520530758.551587 -48.048714 -8.569674 -18.522020 -0.211550 0.289092 0.917426 -0.173212
1520530758.601589 -48.803225 -8.888599 -19.095605 -0.208820 0.280102 0.917640 -0.189404
1520530758.651590 -47.966405 -8.917697 -19.642309 -0.239350 0.269341 0.909152 -0.208828
1520530758.701592 -47.065074 -8.942293 -20.074742 -0.265706 0.263605 0.900748 -0.220379
1520530758.751593 -46.316277 -9.170756 -20.696921 -0.284741 0.264915 0.893071 -0.226201
1520530758.801595 -46.313928 -9.072043 -21.692034 -0.291137 0.259828 0.893114 -0.223776
1520530758.851597 -45.610665 -9.468520 -22.282141 -0.297676 0.268999 0.889639 -0.218108
1520530758.901598 -45.085175 -8.983214 -22.980954 -0.313888 0.252279 0.890707 -0.210881
1520530758.951488 -44.743366 -9.693152 -23.596709 -0.318555 0.248880 0.890518 -0.208710
1520530759.001489 -44.494639 -10.641796 -23.792180 -0.320667 0.250580 0.888185 -0.213333
1520530759.051491 -43.584873 -10.881013 -24.131446 -0.329824 0.241421 0.882893 -0.231153
1520530759.101492 -43.042117 -11.696123 -24.333958 -0.335478 0.242396 0.878960 -0.236915
1520530759.151494 -42.446529 -11.813575 -25.128615 -0.343663 0.234211 0.876731 -0.241626
1520530759.201495 -41.801733 -12.386258 -25.634848 -0.351871 0.231548 0.873188 -0.245185
1520530759.251497 -41.443717 -12.554878 -26.553212 -0.358175 0.223090 0.871891 -0.248490
1520530759.301498 -40.747765 -12.021054 -27.033507 -0.374824 0.201906 0.867488 -0.257305
1520530759.351665 -40.042843 -12.192826 -27.721678 -0.381880 0.189464 0.865960 -0.261505
1520530759.401666 -39.214154 -12.575575 -28.130063 -0.391162 0.186500 0.861907 -0.263297
1520530759.451668 -38.460186 -12.529011 -28.785321 -0.405177 0.181163 0.856510 -0.263444
1520530759.501669 -37.578763 -12.853495 -29.128548 -0.423687 0.178068 0.848170 -0.263417
1520530759.551670 -37.644512 -13.320822 -30.010184 -0.426580 0.172722 0.847982 -0.262913
1520530759.601673 -36.727849 -13.324176 -30.409832 -0.446558 0.167998 0.835512 -0.272547
1520530759.651674 -35.820211 -13.638493 -30.688036 -0.461344 0.168668 0.822570 -0.286515
1520530759.701675 -34.858711 -13.527726 -30.939530 -0.473466 0.162924 0.812834 -0.297636
1520530759.751602 -34.084659 -13.719221 -31.542998 -0.477665 0.161590 0.807327 -0.306509
1520530759.801605 -33.524645 -13.497449 -32.341247 -0.479315 0.155363 0.803646 -0.316658
1520530759.851606 -33.013129 -13.367349 -33.190615 -0.477851 0.153120 0.802764 -0.322154
1520530759.901607 -32.137276 -13.032425 -33.538044 -0.482558 0.150659 0.800683 -0.321475
1520530759.951609 -31.339581 -13.013288 -34.140801 -0.484432 0.148995 0.801290 -0.317901
1520530760.001610 -30.459348 -13.113077 -34.604732 -0.488849 0.147976 0.798098 -0.319638
1520530760.051612 -29.885338 -12.932595 -35.403443 -0.488820 0.142043 0.795236 -0.329362
1520530760.101614 -29.335379 -12.912844 -36.238401 -0.486082 0.132199 0.793718 -0.340970
1520530760.151616 -28.542300 -12.807265 -36.838300 -0.487670 0.122886 0.788878 -0.353199
1520530760.201535 -28.115421 -13.188169 -37.658475 -0.491231 0.113842 0.786137 -0.357380
1520530760.251537 -27.183261 -13.043554 -37.990384 -0.507205 0.100463 0.777435 -0.358113
1520530760.301538 -26.264909 -13.135845 -38.375238 -0.522831 0.092484 0.768197 -0.357726
1520530760.351539 -25.924096 -13.196618 -39.313402 -0.526441 0.083801 0.765064 -0.361268
1520530760.401541 -25.092559 -12.780778 -39.681672 -0.542651 0.068878 0.754967 -0.361676
1520530760.451543 -24.673338 -13.207361 -40.483097 -0.546039 0.061749 0.752336 -0.363344
1520530760.501544 -23.835350 -13.161396 -41.026846 -0.555126 0.057347 0.744284 -0.366861
1520530760.551546 -23.678413 -12.969221 -41.995577 -0.560600 0.042564 0.742502 -0.364152
1520530760.601490 -23.496203 -13.012957 -42.977863 -0.565061 0.032893 0.740220 -0.362902
1520530760.651492 -23.200285 -13.149306 -43.923295 -0.572920 0.027026 0.734955 -0.361765
1520530760.701493 -22.967731 -13.420804 -44.857215 -0.578492 0.026508 0.730343 -0.362276
1520530760.751494 -22.449964 -13.491084 -45.709846 -0.585239 0.021458 0.724643 -0.363218
1520530760.801496 -21.636730 -12.921741 -45.830259 -0.600039 0.017266 0.710175 -0.367842
1520530760.851498 -20.649227 -12.826866 -45.956095 -0.613548 0.020592 0.694992 -0.374328
1520530760.901499 -19.709998 -12.490652 -45.886737 -0.624033 0.022103 0.682870 -0.379187
1520530760.951501 -18.772061 -12.174985 -45.743113 -0.635205 0.025642 0.670210 -0.382982
1520530761.001377 -18.176268 -11.678917 -46.374735 -0.637374 0.023235 0.667375 -0.384479
1520530761.051378 -17.897607 -10.884650 -46.914631 -0.641473 0.012624 0.663655 -0.384597
1520530761.101380 -16.941221 -10.609362 -46.816936 0.653978 -0.011812 -0.650626 0.385821
1520530761.151381 -16.031879 -10.201949 -46.901262 0.660549 -0.009310 -0.640496 0.391604
1520530761.201383 -15.225636 -10.204082 -47.492842 0.662406 -0.006727 -0.634494 0.398235
1520530761.251384 -14.415963 -10.123595 -48.074178 0.666014 0.000774 -0.627727 0.402969
1520530761.301386 -13.708612 -10.562379 -48.628365 0.669046 0.001885 -0.625314 0.401693
1520530761.351387 -12.950807 -10.617112 -49.278547 0.672451 0.008435 -0.620817 0.402894
1520530761.401250 -12.218626 -10.970569 -49.860765 0.679038 0.012513 -0.615317 0.400168
1520530761.451252 -11.531159 -11.279462 -50.518014 0.684700 0.018181 -0.611101 0.396750
1520530761.501253 -11.015373 -11.824997 -51.178586 0.688781 0.020375 -0.610015 0.391212
1520530761.551255 -10.265397 -11.913413 -51.834116 0.693122 0.025134 -0.602332 0.395154
1520530761.601257 -9.692690 -12.345040 -52.531041 0.695837 0.026861 -0.600317 0.393330
1520530761.651259 -9.074267 -12.734207 -53.213757 0.704080 0.034345 -0.595211 0.385768
1520530761.701260 -8.687562 -12.838161 -54.130083 0.709100 0.037389 -0.589362 0.385267
1520530761.751262 -8.068778 -12.800531 -54.914743 0.716617 0.036142 -0.581229 0.383832
1520530761.801130 -7.179313 -12.630863 -55.339082 0.726949 0.035797 -0.569317 0.382284
1520530761.851130 -6.685559 -11.773887 -55.486729 0.741282 0.059159 -0.550840 0.378916
1520530761.901134 -5.961506 -11.481451 -56.111412 0.744260 0.061853 -0.544805 0.381363
1520530761.951133 -5.481683 -11.524813 -56.987705 0.747722 0.063497 -0.542050 0.378235
1520530762.001135 -4.839461 -11.869514 -57.672345 0.754228 0.061333 -0.536653 0.373338
1520530762.051136 -3.989289 -11.609011 -58.129887 0.758760 0.060363 -0.532456 0.370311
1520530762.101139 -3.361745 -11.286042 -58.838322 0.757282 0.061846 -0.533962 0.370923
1520530762.151140 -2.395126 -11.043361 -58.920502 0.763372 0.065970 -0.528565 0.365419
1520530762.201314 -1.415422 -10.870291 -59.021630 0.768337 0.070341 -0.520801 0.365344
1520530762.251319 -0.427146 -10.832860 -58.873608 0.774011 0.069867 -0.510650 0.367780
1520530762.301317 0.555332 -10.768025 -59.048342 0.778173 0.070333 -0.502785 0.369740
1520530762.351319 1.526614 -10.564552 -59.171675 0.784881 0.075633 -0.493476 0.367046
1520530762.401320 2.175049 -9.929220 -58.752287 0.797118 0.087953 -0.472992 0.364892
1520530762.451322 3.019171 -9.949968 -59.288037 0.801546 0.090718 -0.468157 0.360727
1520530762.501323 3.300597 -9.036171 -58.995164 0.813072 0.112720 -0.447083 0.355423
1520530762.551325 4.160668 -8.673206 -58.636648 0.822026 0.121034 -0.428977 0.354405
1520530762.601327 4.815478 -8.223597 -58.029131 0.832131 0.132005 -0.406313 0.353612
1520530762.651531 5.759991 -7.900517 -58.088416 0.837687 0.135606 -0.395429 0.351464
1520530762.701533 6.525979 -7.337110 -57.778846 0.850794 0.143988 -0.370113 0.344141
1520530762.751534 7.262529 -6.660738 -57.782665 0.858088 0.156958 -0.349031 0.342384
1520530762.801536 7.166754 -7.425297 -58.420063 0.870509 0.174465 -0.315275 0.335228
1520530762.851537 8.001560 -7.317544 -58.959960 0.877548 0.173434 -0.297575 0.333587
1520530762.901539 7.553293 -7.680317 -59.776938 0.887549 0.174067 -0.267865 0.331973
1520530762.951540 7.495918 -8.244503 -60.600590 0.893975 0.181112 -0.245879 0.327948
1520530763.001542 7.933533 -7.917286 -59.763080 0.899834 0.187052 -0.230511 0.319648
1520530763.051559 7.837423 -7.007174 -59.360018 0.902699 0.196762 -0.217976 0.314492
1520530763.101560 7.470948 -6.090715 -59.199398 0.902594 0.196977 -0.208553 0.320981
1520530763.151562 6.855694 -5.516689 -58.659068 0.903627 0.199534 -0.201168 0.321211
1520530763.201564 7.288114 -5.165780 -57.828481 0.904066 0.204593 -0.204163 0.314839
1520530763.251565 7.559050 -4.972978 -56.885390 0.903315 0.212815 -0.206048 0.310283
1520530763.301567 7.698874 -4.397000 -56.079971 0.901049 0.217240 -0.207389 0.312902
1520530763.351568 7.830923 -3.953313 -55.193571 0.901049 0.217240 -0.207389 0.312902
1520530763.401570 8.111355 -3.580362 -54.309114 0.900227 0.219942 -0.207243 0.313476
1520530763.451561 8.478957 -3.238981 -53.444054 0.899491 0.223951 -0.204626 0.314467
1520530763.501562 8.663714 -2.755227 -52.588573 0.898838 0.226160 -0.198535 0.318632
1520530763.551565 9.039035 -2.689216 -51.664032 0.901102 0.228185 -0.189478 0.316297
1520530763.601566 9.058410 -2.468643 -50.688854 0.904177 0.231805 -0.174134 0.313701
1520530763.651567 8.918604 -1.722318 -50.038122 0.905238 0.239334 -0.158078 0.313488
1520530763.701570 9.006966 -1.347409 -49.115281 0.907907 0.240272 -0.145658 0.311060
1520530763.751570 8.945406 -0.401549 -48.796599 0.904710 0.248793 -0.131995 0.319656
1520530763.801571 8.644351 0.417565 -48.308317 0.900322 0.276348 -0.112233 0.316947
1520530763.851453 8.255638 1.244213 -47.901432 0.895844 0.295569 -0.092229 0.318742
1520530763.901453 7.889731 1.919989 -47.261558 0.896193 0.305135 -0.073221 0.313638
1520530763.951455 8.568286 2.569261 -46.918037 0.899343 0.300505 -0.068604 0.310118
1520530764.001456 9.118037 3.043508 -46.230385 0.902277 0.297468 -0.061054 0.306076
1520530764.051458 9.803286 3.407245 -45.599410 0.903717 0.296611 -0.058773 0.303089
1520530764.101459 9.690935 3.786288 -44.680876 0.905321 0.297703 -0.049488 0.298860
1520530764.151461 9.342262 3.887796 -43.749145 0.908716 0.296445 -0.041581 0.290905
1520530764.201463 8.855723 4.177971 -42.925084 0.911130 0.296379 -0.033136 0.284435
1520530764.251482 8.156253 4.696754 -42.433548 0.909810 0.300370 -0.022878 0.285483
1520530764.301483 8.146194 5.136050 -41.535262 0.912094 0.298116 -0.020886 0.280670
1520530764.351484 8.224695 5.227846 -40.542583 0.914676 0.295432 -0.016936 0.275319
1520530764.401486 7.732756 5.880573 -39.966438 0.913953 0.288418 -0.008037 0.285377
1520530764.451487 7.465974 6.502151 -39.229914 0.913588 0.284203 -0.005896 0.290777
1520530764.501489 7.447643 6.624525 -38.237599 0.912726 0.291024 -0.000539 0.286769
1520530764.551490 6.787820 7.106187 -37.660854 0.908043 0.305212 0.013212 0.286582
1520530764.601492 7.405082 7.501399 -36.980563 0.907822 0.309401 0.016169 0.282611
1520530764.651494 7.825813 8.151709 -36.348042 0.907366 0.310423 0.024852 0.282325
1520530764.701715 8.235691 8.691592 -35.612838 0.907518 0.309351 0.035225 0.281909
1520530764.751718 8.624524 9.358461 -34.977153 0.906804 0.309256 0.044420 0.283008
1520530764.801719 9.315072 9.720616 -34.351065 0.907847 0.309655 0.050881 0.278097
1520530764.851721 9.754052 10.350377 -33.710208 0.909293 0.311702 0.059763 0.269178
1520530764.901721 10.205680 11.157303 -33.329546 0.908591 0.317456 0.069227 0.262473
1520530764.951724 9.388892 11.255026 -32.760943 0.900572 0.340318 0.110634 0.246806
1520530765.001725 9.762187 11.872403 -32.068487 0.899974 0.342898 0.124004 0.238939
1520530765.051728 10.283443 12.557841 -31.560089 0.901819 0.337806 0.131047 0.235451
1520530765.101763 10.249233 13.113888 -30.729643 0.901562 0.336703 0.147476 0.228183
1520530765.151765 10.139682 12.928613 -29.753081 0.901437 0.337723 0.163672 0.215793
1520530765.201766 10.147485 13.258633 -28.809140 0.901288 0.337695 0.177093 0.205622
1520530765.251767 10.056929 14.145771 -28.356608 0.898246 0.340889 0.183978 0.207606
1520530765.301771 9.973268 14.459925 -27.410929 0.898572 0.338965 0.191365 0.202609
1520530765.351771 9.971415 14.472477 -26.411009 0.897849 0.340492 0.197212 0.197586
1520530765.401772 9.974570 14.568228 -25.415609 0.895886 0.343900 0.205571 0.191996
1520530765.451774 9.898588 14.877887 -24.467802 0.894881 0.344226 0.210586 0.190658
1520530765.501668 9.824145 15.156449 -23.510273 0.892940 0.345813 0.219235 0.187102
1520530765.551566 10.185737 15.798399 -22.834143 0.891277 0.347360 0.221341 0.189669
1520530765.601567 10.716504 16.430386 -22.269449 0.887775 0.355037 0.222164 0.190913
1520530765.651569 9.879480 16.184033 -21.780879 0.879072 0.358189 0.255129 0.183961
1520530765.701570 10.089542 16.823013 -21.040894 0.877774 0.357294 0.260671 0.184131
1520530765.751572 9.386376 16.750847 -20.333540 0.867921 0.364375 0.290116 0.172558
1520530765.801574 8.454527 16.873956 -19.992217 0.852519 0.375479 0.323074 0.166885
1520530765.851575 7.940140 16.817211 -19.136539 0.846373 0.374402 0.345356 0.155578
1520530765.901346 8.823148 17.043781 -19.547589 0.834187 0.384789 0.367651 0.144578
1520530765.951347 7.986924 17.367587 -19.105006 0.807728 0.406863 0.400377 0.147432
1520530766.001349 7.217879 16.728681 -19.085844 0.789658 0.415342 0.432831 0.128796
1520530766.051350 7.365148 17.388690 -18.349162 0.785904 0.412994 0.445193 0.116594
1520530766.101351 8.259848 17.817217 -18.475165 0.770215 0.415765 0.473504 0.098493
1520530766.151353 8.025503 17.984355 -17.517487 0.768658 0.408756 0.483847 0.089306
1520530766.201355 7.249053 17.441961 -17.196654 0.758232 0.400844 0.508481 0.076521
1520530766.251357 6.584244 16.695527 -17.167237 0.749738 0.394766 0.527430 0.062219
1520530766.301372 5.981714 16.696758 -16.369142 0.746884 0.393043 0.533665 0.053698
1520530766.351374 5.245400 16.023785 -16.298789 0.738646 0.392919 0.546136 0.041860
1520530766.401376 4.526651 15.728534 -15.669324 0.734274 0.393134 0.552310 0.035234
1520530766.451376 3.728748 15.130123 -15.596840 0.724639 0.393428 0.565076 0.028314
1520530766.501379 3.404578 15.098327 -14.651376 0.722542 0.391224 0.569438 0.024826
1520530766.551379 3.176033 14.432819 -13.940836 0.720588 0.381893 0.578648 0.008737
1520530766.601382 2.950788 14.120219 -13.018044 0.716787 0.379251 0.585134 0.001706
1520530766.651383 2.888217 14.131221 -12.020064 0.711717 0.383312 0.588669 -0.000060
1520530766.701834 1.894804 14.219943 -11.947540 0.690108 0.387343 0.611245 0.009810
1520530766.751836 1.706090 14.556316 -11.024913 0.686372 0.389266 0.614265 0.006617
1520530766.801837 0.843232 14.168747 -10.700465 0.670988 0.388216 0.631688 -0.005814
1520530766.851839 -0.134526 14.046700 -10.871034 0.641815 0.392496 0.658782 -0.005252
1520530766.901841 -0.655118 13.300938 -11.286753 0.615566 0.387842 0.685730 -0.020751
1520530766.951842 -1.141023 12.539565 -11.715948 0.590886 0.387867 0.706766 -0.029916
1520530767.001843 -1.936518 12.087762 -11.312139 0.575074 0.393843 0.716433 -0.030020
1520530767.051845 -2.417724 11.406303 -11.863551 0.541338 0.398627 0.739402 -0.036523
1520530767.101938 -3.064281 10.736778 -11.497901 0.523730 0.400942 0.750135 -0.047430
1520530767.151879 -3.504999 10.102805 -12.133391 0.500880 0.396440 0.767017 -0.060327
1520530767.201880 -4.328612 9.847553 -12.639855 0.477404 0.386856 0.786496 -0.062075
1520530767.251882 -4.954932 9.068708 -12.606312 0.465964 0.383152 0.794253 -0.072345
1520530767.301883 -5.457465 8.313734 -13.027589 0.450120 0.378633 0.804878 -0.078735
1520530767.351884 -5.773669 7.499110 -13.513802 0.434774 0.377428 0.813195 -0.085045
1520530767.401886 -6.594688 6.987979 -13.768111 0.427555 0.377554 0.816679 -0.087665
1520530767.451887 -7.053439 6.119698 -13.956887 0.427044 0.382202 0.814317 -0.091886
1520530767.501890 -7.298257 6.063325 -14.924816 0.417526 0.371425 0.824287 -0.090926
1520530767.551857 -7.769025 5.354821 -15.450552 0.411816 0.376526 0.824973 -0.089749
1520530767.601859 -8.239034 4.472795 -15.484060 0.414366 0.375918 0.824106 -0.088519
1520530767.651860 -8.556936 3.537034 -15.636669 0.415972 0.374925 0.823650 -0.089443
1520530767.701862 -9.104096 2.789247 -16.012740 0.417114 0.368986 0.825899 -0.088068
1520530767.751863 -9.716044 2.027574 -15.799726 0.415838 0.368359 0.827329 -0.083168
1520530767.801865 -10.013487 1.229300 -16.323450 0.408539 0.365617 0.831939 -0.085425
1520530767.851867 -10.798850 0.613522 -16.386877 0.404398 0.361439 0.835648 -0.086698
1520530767.901869 -11.489097 0.020641 -16.801666 0.393118 0.356267 0.843277 -0.086121
1520530767.951936 -12.096871 -0.705866 -17.122287 0.382368 0.351487 0.850098 -0.087096
1520530768.001937 -12.213612 -1.395261 -17.837204 0.368117 0.348533 0.856962 -0.092896
1520530768.051940 -12.839755 -2.116966 -18.132310 0.363346 0.353783 0.856466 -0.096347
1520530768.101941 -13.801614 -2.239880 -18.376683 0.355177 0.356200 0.859162 -0.093868
1520530768.151942 -14.693540 -2.514239 -18.736122 0.346673 0.353988 0.863276 -0.096258
1520530768.201944 -15.327952 -3.269696 -18.572396 0.343502 0.351287 0.864326 -0.107450
1520530768.251945 -16.069623 -3.837432 -18.215185 0.343258 0.347261 0.865360 -0.112852
1520530768.301947 -16.676169 -4.161958 -18.940984 0.335091 0.334271 0.872671 -0.120095
1520530768.351886 -17.199462 -4.723358 -19.582073 0.329273 0.325596 0.876766 -0.129800
1520530768.401887 -17.465922 -5.386898 -20.281154 0.320200 0.320576 0.880914 -0.136723
1520530768.451889 -17.657048 -5.991078 -21.054741 0.308511 0.319889 0.884911 -0.139370
1520530768.501890 -18.086313 -6.689468 -21.627439 0.308349 0.321043 0.884130 -0.142008
1520530768.551892 -18.792691 -7.300420 -21.984886 0.313456 0.321500 0.881879 -0.143781
1520530768.601893 -19.242280 -7.976660 -22.568469 0.311028 0.323926 0.881924 -0.143330
1520530768.651895 -20.037011 -8.162321 -23.146338 0.311774 0.316953 0.883890 -0.145178
1520530768.701977 -20.520376 -8.984868 -23.445962 0.318130 0.311555 0.882050 -0.153996
1520530768.751811 -21.128650 -9.722746 -23.738433 0.321084 0.306121 0.881672 -0.160781
1520530768.801812 -21.683433 -10.392539 -24.231985 0.312294 0.303775 0.885682 -0.160500
1520530768.851814 -22.110415 -11.166515 -24.699582 0.299151 0.300588 0.891421 -0.159760
1520530768.901815 -22.847815 -11.589782 -25.225972 0.286634 0.292373 0.898296 -0.159447
1520530768.951817 -23.067192 -12.031472 -26.095905 0.267034 0.283935 0.905708 -0.166635
1520530769.001819 -23.369197 -12.447701 -26.953545 0.242909 0.277416 0.912937 -0.174880
1520530769.051820 -24.334602 -12.552773 -26.714897 0.240525 0.269576 0.915880 -0.175042
1520530769.101822 -25.120407 -13.170706 -26.740773 0.229039 0.266351 0.918261 -0.182746
1520530769.151823 -25.370019 -13.398929 -27.681841 0.201212 0.258406 0.927041 -0.182580
1520530769.201870 -26.140173 -14.032741 -27.610111 0.189577 0.257916 0.930216 -0.179552
1520530769.251871 -26.897057 -14.686276 -27.614483 0.175705 0.256072 0.933258 -0.180513
1520530769.301873 -27.691414 -15.289734 -27.544955 0.165305 0.256522 0.933908 -0.186244
1520530769.351875 -28.557406 -15.778358 -27.438626 0.162759 0.259257 0.933284 -0.187821
1520530769.401876 -29.526100 -16.015314 -27.512672 0.156337 0.253907 0.934534 -0.194256
1520530769.451879 -30.305083 -16.626567 -27.652513 0.147832 0.251765 0.934364 -0.204266
1520530769.501879 -30.193652 -16.993623 -28.576014 0.125113 0.244586 0.936591 -0.217534
1520530769.551881 -30.303784 -17.523613 -29.416836 0.106476 0.240110 0.937959 -0.226370
1520530769.601850 -30.144503 -18.258088 -30.076514 0.091729 0.241997 0.936368 -0.237147
1520530769.651852 -30.111952 -19.126487 -30.571312 0.084127 0.248107 0.933572 -0.244560
1520530769.701854 -30.014447 -19.699520 -31.385024 0.079026 0.251249 0.931884 -0.249443
1520530769.751855 -30.317594 -20.510848 -31.884872 0.083768 0.251251 0.929890 -0.255265
1520530769.801857 -30.397715 -21.452425 -32.212000 0.087851 0.247471 0.928965 -0.260893
1520530769.851859 -30.372164 -22.352660 -32.646655 0.084638 0.240953 0.930473 -0.262674
1520530769.901860 -30.569197 -23.239838 -33.063898 0.076124 0.235007 0.932646 -0.262959
1520530769.951862 -30.367520 -23.782584 -33.879222 0.061418 0.228137 0.934593 -0.265926
1520530770.001661 -31.130682 -24.381370 -34.122201 0.063068 0.223139 0.935856 -0.265340
1520530770.051662 -31.815018 -24.947192 -34.582126 0.056953 0.215263 0.937617 -0.267008
1520530770.101664 -32.229734 -25.824905 -34.822188 0.047662 0.212265 0.937259 -0.272428
1520530770.151666 -32.551358 -26.532581 -35.451277 0.032539 0.202182 0.939512 -0.274554
1520530770.201668 -32.750284 -27.052601 -36.281944 0.017696 0.192653 0.941371 -0.276392
1520530770.251669 -33.164673 -27.860565 -36.700841 0.010651 0.195302 0.940477 -0.277933
1520530770.301737 -33.759671 -28.441397 -37.256370 -0.000177 0.193356 0.942514 -0.272546
1520530770.351672 -34.263826 -29.126535 -37.782121 -0.011315 0.190291 0.942691 -0.273852
1520530770.401532 -35.128658 -29.615777 -37.669392 -0.014757 0.191987 0.941909 -0.275193
1520530770.451534 -35.551235 -30.302074 -38.261360 -0.022583 0.187387 0.939585 -0.285580
1520530770.501535 -36.250000 -30.944598 -38.575827 -0.024161 0.183369 0.938242 -0.292394
1520530770.551537 -36.952566 -31.651959 -38.653559 -0.029885 0.184004 0.935835 -0.299103
1520530770.601539 -37.236230 -32.408075 -39.243323 -0.039907 0.183323 0.933110 -0.306766
1520530770.651540 -37.469931 -33.201373 -39.805518 -0.048800 0.185876 0.930088 -0.313056
1520530770.701542 -37.634603 -34.026739 -40.345568 -0.057478 0.190126 0.927568 -0.316490
1520530770.751543 -37.930785 -34.596256 -41.112332 -0.060468 0.191183 0.926350 -0.318856
1520530770.801612 -38.134342 -35.342284 -41.746372 -0.064879 0.193255 0.926213 -0.317132
1520530770.851613 -38.180642 -36.134996 -42.354207 -0.065334 0.192069 0.925919 -0.318614
1520530770.901615 -37.842118 -37.000246 -42.723998 -0.067334 0.191360 0.924709 -0.322118
1520530770.951617 -37.601653 -37.898397 -43.092102 -0.072894 0.189491 0.925073 -0.320966
1520530771.001617 -37.248430 -37.891254 -44.027614 -0.097363 0.174993 0.928129 -0.313805
1520530771.051620 -37.641677 -38.527848 -44.691018 -0.103527 0.168456 0.930715 -0.307692
1520530771.101621 -38.073521 -39.357396 -45.045079 -0.107814 0.166479 0.930474 -0.308024
1520530771.151623 -38.073814 -40.346124 -45.194800 -0.118773 0.168237 0.927531 -0.311890
1520530771.201896 -38.690450 -40.736093 -45.878675 -0.111088 0.147920 0.932834 -0.309192
1520530771.251898 -38.497775 -41.463046 -46.537777 -0.128248 0.146367 0.929770 -0.312500
1520530771.301900 -38.519841 -41.789815 -47.482624 -0.143585 0.141196 0.927837 -0.313953
1520530771.351902 -38.834809 -42.120711 -48.372176 -0.153682 0.134736 0.927582 -0.312761
1520530771.401903 -39.314399 -42.877101 -48.816999 -0.164899 0.133635 0.928442 -0.304868
1520530771.451905 -39.435064 -43.557720 -49.539631 -0.186584 0.127840 0.922373 -0.313163
1520530771.501906 -39.138161 -43.530570 -50.494153 -0.217458 0.106238 0.917246 -0.316363
1520530771.551912 -39.527090 -44.375294 -50.861813 -0.217503 0.112126 0.917045 -0.314879
1520530771.601909 -39.497870 -44.280423 -51.856873 -0.235630 0.086578 0.915362 -0.314793
1520530771.651878 -38.901043 -44.414473 -52.647966 -0.255210 0.080663 0.908288 -0.321520
1520530771.701880 -38.507634 -44.220483 -53.546630 -0.271456 0.071428 0.904257 -0.321758
1520530771.751882 -37.938478 -44.154491 -54.366207 -0.284973 0.068690 0.900753 -0.320493
1520530771.801883 -37.291763 -44.297336 -55.115443 -0.293572 0.071879 0.897999 -0.319762
1520530771.851885 -36.488952 -44.274904 -55.711255 -0.299145 0.072837 0.896896 -0.317467
1520530771.901942 -36.071434 -43.674934 -56.393689 -0.304994 0.064276 0.896298 -0.315432
1520530771.951888 -35.368288 -43.784167 -57.096294 -0.310319 0.063651 0.894557 -0.315306
1520530772.001889 -34.565585 -43.852471 -57.688747 -0.313085 0.063969 0.891912 -0.319967
1520530772.051867 -33.880972 -43.958198 -58.409946 -0.315014 0.060049 0.890297 -0.323313
1520530772.101868 -33.518756 -43.232093 -58.994387 -0.322883 0.043828 0.888106 -0.324180
1520530772.151870 -32.757190 -43.270086 -59.641359 -0.333932 0.039041 0.885040 -0.321977
1520530772.201872 -31.995686 -43.228526 -60.288186 -0.348594 0.035933 0.879803 -0.321150
1520530772.251873 -31.360069 -43.169350 -61.057919 -0.363192 0.028847 0.875405 -0.317689
1520530772.301875 -30.777807 -42.573682 -61.611229 -0.379059 0.015017 0.870131 -0.314579
1520530772.351876 -30.638163 -43.095682 -62.452666 -0.380609 0.012444 0.871953 -0.307702
1520530772.401878 -29.868383 -42.719956 -62.968678 -0.392473 0.003694 0.867720 -0.304981
1520530772.451787 -29.223642 -42.209444 -63.537613 -0.406080 -0.002311 0.862469 -0.302060
1520530772.501789 -28.436620 -41.820084 -63.059079 -0.428864 -0.000475 0.851568 -0.301509
1520530772.551790 -27.920395 -41.143218 -63.583829 -0.448219 -0.016386 0.843866 -0.294486
1520530772.601792 -27.429832 -41.470664 -64.391374 -0.451868 -0.015577 0.840746 -0.297858
1520530772.651794 -26.807124 -41.677255 -65.146062 -0.456296 -0.015014 0.836281 -0.303650
1520530772.701795 -25.907755 -41.300356 -65.367610 -0.467167 -0.015778 0.828532 -0.308286
1520530772.751797 -25.092853 -40.742376 -65.524429 -0.477719 -0.018236 0.821393 -0.311071
1520530772.801799 -24.200436 -40.563968 -65.938873 -0.488290 -0.017513 0.816023 -0.308826
1520530772.851710 -23.330168 -40.242980 -66.312503 -0.496873 -0.016916 0.812385 -0.304730
1520530772.901712 -22.415134 -40.065328 -66.674653 -0.503294 -0.013883 0.810078 -0.300459
1520530772.951713 -21.557450 -39.551994 -66.704066 -0.510564 -0.016468 0.806266 -0.298310
1520530773.001715 -20.812339 -38.886118 -66.741742 -0.518504 -0.016998 0.800836 -0.299209
1520530773.051716 -19.951495 -38.388236 -66.636568 -0.525546 -0.019729 0.794686 -0.303127
1520530773.101718 -18.996818 -38.116483 -66.515149 -0.527571 -0.021507 0.790920 -0.309276
1520530773.151720 -18.209633 -37.514267 -66.648101 -0.527202 -0.029780 0.786309 -0.320765
1520530773.201721 -17.261183 -37.563520 -66.961176 -0.528386 -0.035102 0.784528 -0.322633
1520530773.251870 -16.423361 -37.734861 -67.479535 -0.531321 -0.039150 0.782053 -0.323357
1520530773.301872 -15.437030 -37.717278 -67.643370 -0.541772 -0.040045 0.773032 -0.327569
1520530773.351878 -14.707295 -37.208294 -68.099904 -0.552949 -0.046398 0.762459 -0.332791
1520530773.401875 -14.274502 -37.281704 -68.998403 -0.559995 -0.049328 0.758218 -0.330270
1520530773.451876 -13.634349 -36.954447 -69.693462 -0.570534 -0.055002 0.751037 -0.327734
1520530773.501919 -13.102373 -37.018452 -70.537799 -0.576371 -0.057748 0.746974 -0.326331
1520530773.551879 -12.468422 -36.938017 -71.306978 -0.583570 -0.065280 0.741872 -0.323745
1520530773.601880 -11.927166 -36.926475 -72.147757 -0.591987 -0.074948 0.735627 -0.320603
1520530773.651882 -11.435580 -37.036681 -73.011584 -0.602988 -0.081470 0.727343 -0.317396
1520530773.701948 -10.747151 -36.954270 -73.732191 -0.617650 -0.081358 0.714973 -0.317338
1520530773.751951 -10.564379 -37.000424 -74.714262 -0.620039 -0.083104 0.712088 -0.318709
1520530773.801952 -9.939377 -36.933623 -75.492022 -0.632196 -0.085548 0.701024 -0.318709
1520530773.851954 -9.084831 -36.435954 -75.343442 -0.653148 -0.092978 0.682759 -0.313994
1520530773.901955 -8.326057 -36.725569 -75.926868 -0.662214 -0.089416 0.674241 -0.314445
1520530773.951957 -7.950377 -35.805493 -76.037891 0.675829 0.106869 -0.658072 0.314286
1520530774.001959 -7.089941 -35.542907 -76.474581 0.681546 0.104170 -0.652910 0.313610
1520530774.051959 -7.823734 -35.385901 -77.135564 0.681848 0.106472 -0.655366 0.306990
1520530774.101985 -6.970193 -35.064584 -77.545715 0.682031 0.105569 -0.658289 0.300575
1520530774.151987 -6.661230 -34.126027 -77.699508 0.681583 0.114383 -0.657495 0.300102
1520530774.201988 -5.688101 -33.919824 -77.801971 0.683113 0.111184 -0.658626 0.295306
1520530774.251990 -4.820317 -33.619477 -78.197880 0.684097 0.114625 -0.658404 0.292194
1520530774.301991 -3.984308 -33.341424 -78.670929 0.690202 0.123580 -0.654143 0.283630
1520530774.351993 -3.299467 -33.368780 -79.399108 0.695699 0.127855 -0.650749 0.276010
1520530774.401994 -2.380707 -33.079444 -79.667740 0.710144 0.129859 -0.637430 0.269285
1520530774.451995 -1.523941 -32.895985 -80.149711 0.724755 0.126335 -0.622762 0.266339
1520530774.501792 -0.878526 -32.839023 -80.911416 0.735577 0.118678 -0.611614 0.266025
1520530774.551794 -0.575993 -32.525720 -81.811591 0.728945 0.129416 -0.616264 0.268532
1520530774.601795 -0.438523 -32.648130 -82.794504 0.729000 0.132853 -0.619430 0.259261
1520530774.651797 0.399917 -32.465315 -83.307920 0.739526 0.138754 -0.606840 0.256114
1520530774.701798 0.860557 -31.689703 -82.876367 0.765058 0.168514 -0.570372 0.246912
1520530774.751800 1.335235 -30.841266 -82.642198 0.785905 0.193460 -0.531784 0.249264
1520530774.801801 1.887488 -30.019417 -82.502267 0.804365 0.205665 -0.497815 0.250757
1520530774.851803 1.370757 -30.625715 -83.106744 0.823618 0.210124 -0.469391 0.239109
1520530774.901630 1.743390 -30.006361 -82.415697 0.838636 0.213067 -0.444688 0.231396
1520530774.951632 2.196929 -29.212376 -82.010864 0.847570 0.220311 -0.424749 0.229516
1520530775.001633 2.627598 -28.794884 -81.210724 0.856432 0.223218 -0.409243 0.221850
1520530775.051635 2.955873 -28.470517 -80.323581 0.864073 0.224394 -0.396586 0.213879
1520530775.101664 3.488502 -28.023045 -79.605197 0.867895 0.225809 -0.390036 0.208902
1520530775.151638 4.346478 -27.545566 -79.415747 0.868972 0.225810 -0.388979 0.206380
1520530775.201639 4.895835 -27.457607 -78.584802 0.874509 0.224654 -0.377921 0.204792
1520530775.251641 5.868623 -27.324416 -78.395212 0.876032 0.220924 -0.375636 0.206540
1520530775.301808 6.370511 -27.345855 -77.530545 0.884954 0.216477 -0.355198 0.209353
1520530775.351809 7.305252 -27.111050 -77.797240 0.886334 0.218970 -0.351359 0.207393
1520530775.401811 8.125135 -26.621876 -78.094732 0.888406 0.218677 -0.344390 0.210502
1520530775.451812 8.814974 -26.158231 -77.538714 0.895165 0.218000 -0.326234 0.211487
1520530775.501814 8.427084 -26.457048 -78.410637 0.906048 0.220817 -0.294299 0.209058
1520530775.551815 9.178419 -25.800319 -78.475469 0.905567 0.228752 -0.285608 0.214591
1520530775.601817 9.274822 -24.902282 -78.046241 0.905011 0.266347 -0.255915 0.211000
1520530775.651818 9.897727 -24.120548 -78.016555 0.905752 0.275727 -0.247888 0.205277
1520530775.702432 10.320233 -23.241563 -78.237629 0.906168 0.283011 -0.238909 0.204173
1520530775.752434 11.038755 -22.576013 -78.439542 0.910065 0.283598 -0.226892 0.199684
1520530775.802435 11.938942 -22.140838 -78.456519 0.916023 0.279263 -0.210577 0.196393
1520530775.852437 12.841879 -21.742927 -78.618907 0.921483 0.269742 -0.195576 0.199647
1520530775.902438 12.680945 -21.255610 -77.760640 0.927849 0.280158 -0.151316 0.194194
1520530775.952440 13.487810 -20.691255 -77.586076 0.931193 0.273964 -0.137637 0.197177
1520530776.002441 13.504138 -20.586581 -76.591703 0.936933 0.269591 -0.108411 0.194228
1520530776.052443 13.054072 -20.075455 -75.859453 0.935865 0.282223 -0.085815 0.192723
1520530776.102445 12.988533 -20.211684 -74.870946 0.936465 0.288878 -0.074818 0.184348
1520530776.152283 13.107214 -20.193431 -73.878182 0.935068 0.299285 -0.076446 0.173874
1520530776.202285 13.384386 -19.671603 -73.071415 0.934273 0.301324 -0.083229 0.171493
1520530776.252287 13.675240 -19.390584 -72.156849 0.933253 0.304280 -0.087616 0.169635
1520530776.302287 14.282824 -19.201297 -71.385478 0.931877 0.308342 -0.091832 0.167625
1520530776.352290 14.681185 -18.974624 -70.496699 0.932743 0.305197 -0.092644 0.168113
1520530776.402291 14.882876 -18.587234 -69.597116 0.932832 0.306018 -0.085508 0.169898
1520530776.452292 14.564964 -18.733754 -68.660385 0.933675 0.310630 -0.066103 0.165499
1520530776.502294 14.886975 -18.503598 -67.742052 0.934640 0.312105 -0.056444 0.160786
1520530776.552302 15.312666 -18.154359 -66.907295 0.935295 0.313286 -0.047135 0.157651
1520530776.602304 15.600241 -17.805263 -66.015425 0.935286 0.316913 -0.036075 0.153314
1520530776.652306 15.697215 -17.484914 -65.073101 0.934414 0.321680 -0.021212 0.151467
1520530776.702322 16.053910 -17.399879 -64.142759 0.933687 0.326788 -0.010153 0.146064
1520530776.752309 15.346301 -17.243643 -63.453643 0.931565 0.335315 0.009221 0.140237
1520530776.802310 15.108816 -17.093288 -62.493958 0.930197 0.341457 0.028125 0.131720
1520530776.852312 15.227695 -16.964640 -61.509419 0.930522 0.341291 0.046458 0.124466
1520530776.902313 15.901061 -16.643750 -60.843380 0.932507 0.334464 0.054141 0.125031
1520530776.952342 15.745649 -16.548068 -59.860175 0.934790 0.323381 0.068950 0.129762
1520530777.002344 15.445749 -16.548279 -58.906204 0.936969 0.312250 0.080345 0.134661
1520530777.052345 15.504873 -16.014876 -58.062412 0.939789 0.300190 0.083700 0.140274
1520530777.102347 15.211628 -15.776233 -57.136638 0.941064 0.293977 0.088529 0.141910
1520530777.152348 14.969017 -15.607388 -56.181321 0.941655 0.291822 0.090394 0.141263
1520530777.202350 14.627005 -15.692620 -55.245499 0.941740 0.294752 0.090503 0.134375
1520530777.252351 14.418047 -15.508345 -54.285093 0.944960 0.290052 0.080971 0.127919
1520530777.302353 13.629089 -15.406616 -53.679125 0.947289 0.284952 0.079633 0.122901
1520530777.352223 13.605856 -15.351768 -52.680901 0.949781 0.280815 0.068965 0.119596
1520530777.402224 13.633401 -15.576073 -51.706771 0.951495 0.276941 0.058859 0.120405
1520530777.452226 13.524608 -15.038590 -50.870544 0.953267 0.266258 0.049132 0.134067
1520530777.502227 13.228297 -14.686322 -49.982790 0.952231 0.264866 0.046274 0.144777
1520530777.552229 13.395435 -14.479496 -49.018794 0.950962 0.267226 0.043775 0.149482
1520530777.602230 13.607447 -14.008889 -48.162301 0.950600 0.266916 0.044588 0.152074
1520530777.652232 13.253619 -13.361503 -47.487247 0.948822 0.269331 0.056621 0.154891
1520530777.702234 12.924241 -13.021401 -46.606430 0.947900 0.269968 0.074058 0.152047
1520530777.752132 13.253390 -12.538631 -45.794892 0.947545 0.268797 0.087240 0.149316
1520530777.802134 13.484653 -11.999047 -44.985344 0.947295 0.264811 0.101197 0.149222
1520530777.852136 13.309062 -11.372410 -44.226072 0.945275 0.263106 0.118225 0.152492
1520530777.902137 12.969208 -10.950742 -43.385420 0.940511 0.270688 0.141512 0.148800
1520530777.952138 13.550567 -10.377059 -42.808437 0.939663 0.271694 0.146743 0.147249
1520530778.002140 13.868727 -9.683398 -42.162211 0.939673 0.266501 0.158486 0.144477
1520530778.052142 13.357238 -9.319377 -41.383836 0.935072 0.268160 0.187732 0.135971
1520530778.102143 13.822297 -8.751283 -40.704874 0.936078 0.259557 0.195872 0.134247
1520530778.152196 14.300284 -8.164444 -40.051309 0.937821 0.246074 0.202605 0.137445
1520530778.202197 14.175675 -8.089309 -39.061952 0.936803 0.233576 0.225543 0.130280
1520530778.252199 14.278181 -7.741132 -38.130144 0.934047 0.231065 0.239697 0.129267
1520530778.302201 13.902286 -7.622550 -37.211100 0.931775 0.226839 0.254807 0.124153
1520530778.352201 13.350236 -7.512273 -36.384614 0.928338 0.228056 0.267372 0.121205
1520530778.402203 12.607702 -7.249023 -35.768705 0.924606 0.231105 0.277676 0.120789
1520530778.452205 12.041249 -6.870529 -35.036672 0.919161 0.237960 0.288534 0.123559
1520530778.502206 11.342620 -6.436360 -34.467976 0.915301 0.237095 0.299279 0.128229
1520530778.552208 11.411326 -6.322070 -33.476908 0.914485 0.234262 0.304626 0.126656
1520530778.602252 10.660339 -6.214859 -32.825353 0.904591 0.238072 0.329870 0.127366
1520530778.652253 11.012382 -5.879557 -31.951489 0.902565 0.237561 0.336320 0.125818
1520530778.702255 11.280299 -5.692240 -31.006432 0.899557 0.235790 0.347832 0.119222
1520530778.752256 11.502234 -5.140671 -30.202370 0.898010 0.229021 0.355743 0.120726
1520530778.802258 11.825820 -4.785762 -29.325254 0.896301 0.224977 0.363710 0.117238
1520530778.852259 12.002003 -4.455267 -28.398036 0.895137 0.220476 0.369594 0.116280
1520530778.902261 12.259845 -4.196286 -27.467206 0.893532 0.217863 0.375643 0.114140
1520530778.952263 12.407139 -3.780839 -26.569593 0.888542 0.217883 0.387611 0.113037
1520530779.002047 12.653469 -3.463174 -25.653945 0.882628 0.221744 0.399480 0.110514
1520530779.052049 12.628068 -3.198166 -24.690034 0.875321 0.217415 0.418959 0.104966
1520530779.102050 12.710745 -2.738543 -23.805776 0.872267 0.205754 0.431554 0.102844
1520530779.152051 12.670861 -2.554800 -22.823611 0.869669 0.190208 0.445777 0.093700
1520530779.202053 12.715792 -2.398486 -21.836926 0.867719 0.178974 0.455762 0.085520
1520530779.252055 12.500234 -2.146841 -20.893417 0.864505 0.169810 0.465876 0.082193
1520530779.302057 12.341511 -2.054517 -19.910420 0.861755 0.165724 0.473371 0.076375
1520530779.352059 12.172975 -1.904223 -18.936250 0.858902 0.167376 0.478468 0.073083
1520530779.401860 11.926401 -1.915904 -17.967197 0.858646 0.164342 0.481158 0.064853
1520530779.451861 11.460540 -1.964862 -17.083694 0.859424 0.165224 0.480064 0.060253
1520530779.501863 11.235437 -2.011103 -16.110457 0.858485 0.174505 0.478248 0.061890
1520530779.551864 10.985527 -1.867065 -15.152961 0.856726 0.181391 0.478092 0.067423
1520530779.601869 10.451344 -2.208007 -14.379393 0.854703 0.182019 0.481202 0.069258
1520530779.651868 10.896213 -2.579947 -13.564683 0.855476 0.188460 0.478079 0.063903
1520530779.701869 10.754018 -2.649238 -12.577273 0.849639 0.193720 0.486243 0.064448
1520530779.751870 10.496549 -2.633272 -11.611118 0.843378 0.195458 0.496579 0.062604
1520530779.802151 10.587627 -2.458446 -10.630740 0.839602 0.194648 0.503676 0.059084
1520530779.852154 11.087923 -2.318577 -9.776258 0.839310 0.195890 0.504565 0.050983
1520530779.902155 11.499291 -2.521373 -8.887635 0.838684 0.201973 0.504294 0.038776
1520530779.952156 11.588602 -2.622381 -7.896767 0.837042 0.201846 0.507227 0.036596
1520530780.002157 11.377611 -2.299064 -6.974298 0.832302 0.196216 0.516593 0.043643
1520530780.052159 11.248438 -2.339855 -5.983515 0.826282 0.197635 0.526056 0.038264
1520530780.102160 11.076069 -2.388838 -4.999701 0.814623 0.199632 0.543473 0.034245
1520530780.152162 11.032268 -2.518381 -4.009095 0.806990 0.198724 0.555347 0.029439
1520530780.202293 10.938176 -2.708298 -3.031814 0.801162 0.187217 0.568152 0.017126
1520530780.252294 10.749918 -2.767985 -2.051510 0.795244 0.174517 0.580582 0.007427
1520530780.302296 9.859937 -3.168745 -1.833965 0.781440 0.167070 0.601198 -0.000452
1520530780.352297 9.787193 -3.193758 -0.836928 0.778106 0.166124 0.605752 -0.004307
1520530780.402299 8.859242 -3.560700 -0.902195 0.764995 0.165803 0.622275 -0.008053
1520530780.452300 7.875725 -3.722386 -0.983142 0.754799 0.166707 0.634243 -0.014943
1520530780.502302 7.114548 -4.173667 -0.517357 0.752658 0.166933 0.636402 -0.025117
1520530780.552303 6.144020 -4.025652 -0.707532 0.749225 0.165026 0.640944 -0.024888
1520530780.602305 5.322557 -4.578440 -0.567443 0.748468 0.170049 0.640376 -0.028241
1520530780.652140 4.622575 -5.250098 -0.324750 0.749581 0.174131 0.637875 -0.030370
1520530780.702141 3.896402 -5.862531 -0.012343 0.752918 0.175549 0.633557 -0.030058
1520530780.752143 3.144147 -6.432554 0.318091 0.750972 0.178180 0.635430 -0.022838
1520530780.802144 2.475404 -7.099147 0.647390 0.742589 0.184114 0.643698 -0.017798
1520530780.852146 1.577228 -7.419922 0.948026 0.732405 0.186520 0.654657 -0.014736
1520530780.902148 0.615863 -7.144760 0.939980 0.717276 0.185149 0.671735 -0.002717
1520530780.952150 -0.316517 -7.337946 0.634453 0.701878 0.182379 0.688553 -0.000333
1520530781.002151 -0.770914 -7.677333 1.458066 0.695469 0.186287 0.693981 0.003145
1520530781.052165 -1.627157 -8.181630 1.570021 0.682467 0.187937 0.706325 0.004902
1520530781.102167 -2.585249 -7.973405 1.766749 0.673850 0.186198 0.714862 0.015139
1520530781.152169 -3.487962 -8.327429 2.011239 0.663467 0.192203 0.723084 0.004393
1520530781.202170 -4.344868 -7.863769 1.786002 0.639634 0.201298 0.741770 0.011154
1520530781.252171 -3.562349 -7.736649 2.395513 0.617771 0.204371 0.759292 0.008204
1520530781.302172 -4.498641 -7.578334 2.081996 0.597020 0.190798 0.779063 0.014991
1520530781.352174 -4.991196 -8.156700 2.732290 0.594076 0.184788 0.782867 0.006823
1520530781.402176 -5.783280 -8.766022 2.695824 0.586895 0.177165 0.790034 -0.003593
1520530781.452059 -6.671667 -8.705085 2.240790 0.569428 0.176282 0.802916 -0.001385
1520530781.502060 -7.415997 -8.911463 1.605667 0.555861 0.175685 0.812494 -0.002479
1520530781.552062 -8.214677 -8.748300 1.026454 0.541975 0.176251 0.821699 0.002903
1520530781.602063 -9.086298 -9.071063 0.657535 0.536850 0.175673 0.825184 -0.001617
1520530781.652065 -9.560148 -9.443276 -0.140540 0.530427 0.174303 0.829590 -0.006813
1520530781.702066 -10.021641 -9.749253 -0.973248 0.522144 0.174502 0.834744 -0.010816
1520530781.752068 -10.410427 -10.135658 -1.809631 0.514748 0.174637 0.839237 -0.014725
1520530781.802070 -10.926427 -10.604921 -2.526245 0.510426 0.170086 0.842786 -0.015743
1520530781.852037 -11.462367 -10.621582 -3.370337 0.505605 0.155788 0.848512 -0.010986
1520530781.902039 -11.910802 -11.120225 -4.112133 0.496292 0.154217 0.854318 -0.007186
1520530781.952040 -12.801686 -11.467233 -3.819028 0.493719 0.157145 0.855302 -0.002134
1520530782.002042 -13.692024 -11.792546 -3.500486 0.488751 0.160568 0.857515 -0.002919
1520530782.052043 -14.608651 -11.876767 -3.109714 0.484829 0.162523 0.859367 -0.003803
1520530782.102045 -15.575610 -11.952799 -2.866385 0.476812 0.162730 0.863798 -0.004775
1520530782.152046 -16.543259 -12.178864 -2.754357 0.466319 0.161338 0.869750 -0.007132
1520530782.202048 -17.413273 -12.624723 -2.543916 0.457245 0.161569 0.874458 -0.012093
1520530782.252169 -18.060879 -12.604492 -3.305623 0.422159 0.168284 0.890764 0.001285
1520530782.302170 -18.969467 -12.759645 -2.917816 0.415229 0.174405 0.892831 0.004613
1520530782.352172 -19.939320 -12.971348 -2.797120 0.399832 0.178469 0.899036 0.004187
1520530782.402173 -20.827145 -13.263049 -2.441202 0.389206 0.181306 0.903126 -0.003212
1520530782.452175 -21.638975 -13.700606 -2.054581 0.377850 0.183438 0.907366 -0.016355
1520530782.502177 -21.701458 -13.978843 -3.013059 0.342225 0.179798 0.921802 -0.028897
1520530782.552179 -22.615815 -13.936848 -2.610333 0.340107 0.179729 0.922560 -0.030133
1520530782.602180 -23.024277 -14.247695 -3.468548 0.318455 0.186571 0.928736 -0.035033
1520530782.652289 -23.375738 -15.054322 -3.943761 0.308274 0.193682 0.930259 -0.045521
1520530782.702290 -23.247201 -14.187863 -3.461343 0.302223 0.200532 0.930264 -0.055290
1520530782.752292 -23.774286 -14.827760 -4.020551 0.296265 0.208348 0.930037 -0.062044
1520530782.802293 -24.327757 -15.564163 -4.409629 0.293722 0.212970 0.929668 -0.063948
1520530782.852294 -25.106124 -16.138732 -4.662641 0.292559 0.215108 0.929636 -0.062574
1520530782.902296 -25.790771 -16.867119 -4.635980 0.298260 0.214503 0.927814 -0.064735
1520530782.952298 -26.215207 -17.762552 -4.770338 0.297623 0.213343 0.928136 -0.066853
1520530783.002299 -26.941864 -18.326934 -5.162057 0.290844 0.210110 0.931296 -0.062858
1520530783.052301 -27.696965 -18.931501 -4.908440 0.285364 0.211209 0.932755 -0.062665
1520530783.102150 -28.692076 -19.029064 -4.893118 0.281884 0.207711 0.935152 -0.053736
1520530783.152152 -29.449916 -19.623747 -5.161504 0.265484 0.207571 0.939690 -0.058437
1520530783.202153 -30.348785 -19.958842 -4.879111 0.262472 0.206519 0.940267 -0.066008
1520530783.252155 -31.257608 -20.375891 -4.889623 0.255064 0.202236 0.942964 -0.069722
1520530783.302156 -31.261932 -20.354739 -5.889390 0.212659 0.183542 0.956914 -0.073507
1520530783.352158 -32.181317 -20.612994 -6.186096 0.203995 0.174993 0.960602 -0.070762
1520530783.402160 -32.395420 -20.923236 -7.112330 0.169790 0.171076 0.967862 -0.071750
1520530783.452161 -32.554496 -20.912957 -8.099543 0.130473 0.160541 0.976190 -0.065240
1520530783.501916 -32.516229 -21.165382 -9.066403 0.094934 0.159935 0.980464 -0.064017
1520530783.551917 -33.430718 -21.466520 -9.336638 0.081539 0.163970 0.980369 -0.073084
1520530783.601919 -34.075322 -21.887281 -9.974953 0.068184 0.167335 0.980042 -0.082871
1520530783.651920 -34.281424 -21.878034 -10.953440 0.040427 0.154935 0.983637 -0.082580
1520530783.701922 -34.121043 -21.960837 -11.937015 0.012320 0.150535 0.984828 -0.085450
1520530783.751924 -34.191184 -21.850351 -12.928415 -0.012776 0.137661 0.986830 -0.083985
1520530783.801925 -33.991264 -21.628178 -13.882706 -0.035896 0.130423 0.987208 -0.084390
1520530783.851927 -34.346317 -21.761648 -12.957437 -0.059553 0.129788 0.986479 -0.080421
1520530783.901875 -34.182726 -21.531240 -13.916681 -0.084406 0.125192 0.985905 -0.072071
1520530783.951877 -33.512440 -21.863647 -14.580174 -0.101716 0.121905 0.984102 -0.079598
1520530784.001879 -33.448795 -22.278211 -15.487966 -0.110393 0.113144 0.983620 -0.086625
1520530784.051881 -33.906505 -21.612236 -14.898916 -0.128726 0.106897 0.979949 -0.108175
1520530784.101882 -33.890298 -21.572956 -15.898012 -0.157083 0.084839 0.979153 -0.096887
1520530784.151884 -34.404622 -21.708932 -16.744760 -0.167125 0.078821 0.978142 -0.095370
1520530784.201885 -34.780995 -21.835871 -17.662491 -0.182623 0.072005 0.976377 -0.090292
1520530784.251886 -35.577240 -21.429046 -17.214734 -0.214133 0.071311 0.967363 -0.115194
1520530784.302434 -36.160063 -21.564280 -18.016001 -0.223185 0.068375 0.965182 -0.118055
1520530784.352436 -36.796851 -22.104741 -18.565913 -0.231371 0.070466 0.963387 -0.115704
1520530784.402437 -37.150259 -22.557360 -19.384594 -0.243059 0.066895 0.961218 -0.111836
1520530784.452439 -37.747435 -22.756255 -20.161653 -0.250973 0.061380 0.959842 -0.109312
1520530784.502440 -38.344764 -23.021479 -20.918524 -0.267560 0.061150 0.955641 -0.106873
1520530784.552441 -38.977276 -23.226323 -21.665497 -0.275381 0.056448 0.952610 -0.116248
1520530784.602443 -38.164872 -23.051124 -22.221648 -0.318970 0.046787 0.938058 -0.126953
1520530784.652445 -38.562900 -23.259997 -23.114927 -0.326591 0.043256 0.933903 -0.138898
1520530784.702522 -37.694228 -23.184576 -23.604539 -0.358741 0.040852 0.921342 -0.144101
1520530784.752618 -36.942844 -22.643145 -23.981734 -0.386851 0.033350 0.910329 -0.143302
1520530784.802525 -35.996891 -22.398288 -24.194378 -0.409369 0.029091 0.900435 -0.144177
1520530784.852527 -35.221255 -22.476737 -24.820664 -0.422610 0.029943 0.894605 -0.142080
1520530784.902528 -34.799409 -22.561476 -25.723363 -0.422853 0.036159 0.893829 -0.144769
1520530784.952530 -34.130941 -22.679966 -26.457605 -0.417219 0.043886 0.896196 -0.144346
1520530785.002532 -33.552644 -22.880270 -27.248459 -0.416269 0.047444 0.897457 -0.137987
1520530785.052533 -32.922636 -23.497209 -27.720132 -0.415831 0.047714 0.898395 -0.133020
1520530785.102535 -32.308795 -23.813336 -28.443502 -0.410974 0.043377 0.899755 -0.140214
1520530785.152405 -31.617405 -24.087172 -29.112078 -0.412143 0.036850 0.898636 -0.145719
1520530785.202407 -30.839549 -24.344072 -29.685612 -0.416584 0.029997 0.896810 -0.145913
1520530785.252408 -29.904097 -24.247951 -30.025744 -0.428207 0.024113 0.891415 -0.146414
1520530785.302410 -29.113300 -24.178500 -30.633870 -0.437181 0.021494 0.887716 -0.142729
1520530785.352411 -28.757377 -24.492220 -31.514153 -0.441219 0.019328 0.886438 -0.138493
1520530785.402413 -28.274204 -24.531254 -32.388808 -0.446598 0.009026 0.884315 -0.135850
1520530785.452415 -27.476761 -24.028503 -32.722462 -0.459610 -0.007295 0.878546 -0.129854
1520530785.502416 -26.617572 -24.018847 -33.234030 -0.471161 -0.008577 0.872895 -0.126445
1520530785.552469 -25.696165 -23.920409 -33.609953 -0.489323 -0.009023 0.864664 -0.113300
1520530785.602470 -24.802678 -23.705601 -34.004338 -0.505245 -0.011797 0.855794 -0.110474
1520530785.652472 -24.115043 -23.089115 -34.387877 -0.517779 -0.026109 0.847514 -0.113770
1520530785.702475 -23.478193 -23.297522 -35.130163 -0.522845 -0.030912 0.843945 -0.115910
1520530785.752476 -22.752884 -23.160839 -35.804881 -0.526432 -0.031226 0.840977 -0.121046
1520530785.802477 -22.224198 -22.756332 -36.551116 -0.528197 -0.032253 0.839316 -0.124566
1520530785.852479 -21.472385 -22.479103 -37.149381 -0.527835 -0.029902 0.838706 -0.130644
1520530785.902480 -20.478317 -22.476780 -37.258120 -0.527835 -0.029392 0.838214 -0.133881
1520530785.952438 -19.867857 -22.366440 -38.042443 -0.523396 -0.028706 0.840819 -0.135115
1520530786.002439 -19.193433 -22.120522 -38.738631 -0.517279 -0.025022 0.845040 -0.133052
1520530786.052441 -18.369779 -21.743753 -39.162469 -0.513823 -0.019060 0.847409 -0.132361
1520530786.102443 -17.388483 -21.675795 -39.342582 -0.518347 -0.011958 0.845350 -0.128673
1520530786.152447 -16.451636 -21.719578 -39.689569 -0.516434 -0.009856 0.845136 -0.137635
1520530786.202445 -15.602868 -21.945181 -40.167792 -0.510554 -0.009030 0.846430 -0.151028
1520530786.252447 -14.777465 -21.852688 -40.724707 -0.509884 -0.013682 0.845898 -0.155845
1520530786.302448 -14.043249 -21.646134 -41.371440 -0.512934 -0.016144 0.843829 -0.156815
1520530786.352429 -13.405301 -21.396423 -42.099908 -0.520434 -0.019692 0.838845 -0.158430
1520530786.402353 -12.492294 -21.252397 -42.481582 -0.535360 -0.023536 0.827717 -0.166492
1520530786.452355 -12.305013 -21.287491 -43.463261 -0.539881 -0.026983 0.823527 -0.172055
1520530786.502356 -11.401601 -21.016546 -43.795578 -0.561304 -0.033501 0.808478 -0.173719
1520530786.552358 -11.344763 -21.051984 -44.793333 -0.563167 -0.037050 0.805743 -0.179578
1520530786.602360 -10.477900 -20.580697 -44.955923 -0.582597 -0.042268 0.791401 -0.180217
1520530786.652360 -9.592269 -20.186846 -45.201971 -0.597732 -0.047646 0.780627 -0.176261
1520530786.702363 -9.432906 -19.880122 -46.140333 -0.600628 -0.056462 0.778629 -0.172612
1520530786.752383 -8.930342 -19.920145 -47.003946 -0.612164 -0.057488 0.770085 -0.170058
1520530786.802384 -8.232290 -19.603977 -47.646411 -0.630066 -0.066683 0.754622 -0.170635
1520530786.852386 -7.340057 -19.414187 -48.056168 -0.651824 -0.071009 0.734619 -0.174408
1520530786.902388 -7.072381 -19.546467 -49.010554 -0.656404 -0.065259 0.728710 -0.184000
1520530786.952389 -6.685911 -19.789136 -49.900359 -0.659792 -0.058120 0.724852 -0.189437
1520530787.002391 -6.330115 -19.925308 -50.824949 -0.664790 -0.055024 0.718883 -0.195533
1520530787.052392 -5.581556 -19.841921 -51.482753 -0.675675 -0.059349 0.708733 -0.194007
1520530787.102393 -4.641587 -19.605134 -51.728495 -0.688522 -0.060873 0.697101 -0.190478
1520530787.152463 -3.938573 -18.931282 -51.955861 0.694490 0.062419 -0.691163 0.189950
1520530787.202465 -3.010766 -18.567510 -51.873137 0.705394 0.068219 -0.681167 0.183788
1520530787.252466 -2.099893 -18.193295 -52.047133 0.714651 0.076120 -0.669889 0.186354
1520530787.302468 -1.363110 -18.731355 -52.456575 0.717085 0.074095 -0.665541 0.193272
1520530787.352469 -0.595011 -18.934465 -53.063839 0.718286 0.075113 -0.660397 0.205667
1520530787.402471 0.337391 -18.611717 -53.226508 0.728612 0.087038 -0.646134 0.209904
1520530787.452472 0.789460 -18.493938 -54.110681 0.729174 0.093578 -0.643651 0.212750
1520530787.502475 1.498382 -18.231196 -54.765200 0.734555 0.095864 -0.638209 0.209592
1520530787.552476 1.673733 -17.716287 -55.604319 0.736172 0.099106 -0.634167 0.214619
1520530787.602205 2.372075 -17.520900 -56.292899 0.743590 0.098133 -0.627025 0.210438
1520530787.652207 2.892087 -17.165292 -57.069515 0.744698 0.105476 -0.624730 0.209791
1520530787.702208 3.634196 -17.155311 -57.739719 0.749592 0.107386 -0.619892 0.205704
1520530787.752210 4.409854 -16.593721 -58.027767 0.759567 0.118136 -0.606047 0.204472
1520530787.802211 5.106803 -16.458315 -58.731988 0.766075 0.117298 -0.598491 0.202925
1520530787.852213 5.770715 -16.302945 -59.463481 0.771421 0.115397 -0.591653 0.203813
1520530787.902214 6.487232 -16.153623 -60.144881 0.776805 0.109524 -0.583970 0.208707
1520530787.952275 7.193267 -16.177978 -60.852639 0.784747 0.104849 -0.572497 0.213132
1520530788.002070 7.935188 -16.115690 -61.520227 0.792657 0.106786 -0.560086 0.215859
1520530788.052072 8.740119 -15.765434 -61.999191 0.796206 0.119403 -0.550908 0.219770
1520530788.102073 9.564268 -15.807852 -62.563974 0.802698 0.119044 -0.542178 0.218052
1520530788.152075 10.079340 -15.052027 -62.159710 0.815710 0.125811 -0.523269 0.212081
1520530788.202077 11.005948 -14.814845 -62.451501 0.818968 0.120546 -0.518388 0.214555
1520530788.252078 11.979488 -14.588051 -62.479502 0.822329 0.120073 -0.512676 0.215686
1520530788.302080 12.732228 -14.368939 -63.100285 0.821536 0.126668 -0.511547 0.217608
1520530788.352081 13.714268 -14.428283 -63.279382 0.826322 0.128266 -0.504172 0.215757
1520530788.402167 14.675604 -14.691139 -63.361477 0.831129 0.126279 -0.497124 0.214818
1520530788.452168 15.658909 -14.872180 -63.379809 0.835043 0.121355 -0.490634 0.217380
1520530788.502170 16.580877 -14.946623 -63.759853 0.835328 0.122592 -0.489795 0.217486
1520530788.552172 17.524828 -14.651454 -63.907612 0.838658 0.125764 -0.481653 0.221012
1520530788.602173 18.421427 -14.277655 -64.145063 0.840971 0.130433 -0.474796 0.224331
1520530788.652175 19.398445 -14.065009 -64.130298 0.848489 0.131931 -0.461565 0.222752
1520530788.702176 20.040640 -13.534963 -63.576549 0.858653 0.139994 -0.440132 0.222262
1520530788.752178 21.021513 -13.538702 -63.381936 0.865479 0.141928 -0.427598 0.219002
1520530788.802199 21.947767 -13.251395 -63.137994 0.870719 0.145282 -0.416090 0.218198
1520530788.852201 22.890992 -12.984334 -62.940498 0.875448 0.147095 -0.407658 0.213936
1520530788.902203 23.806778 -12.699832 -63.224039 0.878834 0.145158 -0.403611 0.208995
1520530788.952205 24.310662 -11.916073 -62.860965 0.886706 0.160907 -0.382334 0.204162
1520530789.002206 25.085869 -11.374601 -62.535600 0.892519 0.170324 -0.366916 0.199431
1520530789.052208 25.400606 -10.591669 -61.998983 0.898110 0.188839 -0.346884 0.193416
1520530789.102209 25.933524 -9.788784 -61.731824 0.899691 0.199129 -0.335935 0.195069
1520530789.152211 26.524382 -9.196649 -61.183861 0.905431 0.199468 -0.321889 0.191818
1520530789.202288 27.424288 -8.838903 -60.934489 0.907353 0.200033 -0.316343 0.191374
1520530789.252290 27.647558 -8.360858 -60.085005 0.912378 0.205374 -0.295801 0.194652
1520530789.302291 28.072893 -7.875153 -59.321342 0.916116 0.206462 -0.280337 0.198785
1520530789.352293 28.597652 -7.523209 -58.546252 0.919299 0.208368 -0.266839 0.200670
1520530789.402294 28.957361 -7.089819 -57.719946 0.923018 0.212629 -0.253330 0.196596
1520530789.452296 29.490863 -6.644030 -57.001164 0.928120 0.211300 -0.242854 0.186999
1520530789.502297 29.496959 -6.392277 -56.033391 0.932253 0.209763 -0.231268 0.182808
1520530789.552340 29.854773 -6.117903 -55.140818 0.933682 0.212576 -0.222985 0.182556
1520530789.602354 29.594618 -5.649434 -54.296510 0.935592 0.217700 -0.208988 0.183298
1520530789.652356 30.112771 -5.454199 -53.463803 0.939257 0.215981 -0.201202 0.175115
1520530789.702357 30.151884 -4.783408 -52.723188 0.941333 0.221847 -0.187797 0.171488
1520530789.752359 30.275548 -4.214355 -51.910239 0.941290 0.233011 -0.174750 0.170708
1520530789.802361 30.440307 -4.140672 -50.926661 0.943057 0.239890 -0.160211 0.165617
1520530789.852362 30.390032 -3.870473 -49.965170 0.944740 0.247131 -0.142325 0.161666
1520530789.902364 30.341451 -3.359740 -49.106804 0.945234 0.253564 -0.125695 0.162601
1520530789.952365 30.453242 -3.131636 -48.139607 0.948063 0.253652 -0.108461 0.158349
1520530790.002367 31.288392 -2.766168 -47.728562 0.951623 0.247593 -0.098157 0.153220
1520530790.052260 31.943124 -2.111546 -47.350676 0.952112 0.245997 -0.093085 0.155893
1520530790.102262 31.639286 -1.937318 -46.414019 0.952710 0.254361 -0.070727 0.150475
1520530790.152263 31.908361 -2.359385 -47.279731 0.950204 0.272587 -0.050054 0.142488
1520530790.202265 31.673307 -2.130639 -46.335049 0.949808 0.278428 -0.037948 0.137486
1520530790.252267 31.443299 -2.096896 -45.362445 0.951458 0.276809 -0.026398 0.131936
1520530790.302268 31.067002 -1.851301 -44.469090 0.952741 0.273813 -0.012650 0.130964
1520530790.352270 31.691254 -1.582309 -43.735638 0.954955 0.266984 -0.009402 0.129196
1520530790.402272 31.010329 -1.258699 -43.078662 0.954975 0.264687 0.008373 0.133768
1520530790.452261 31.066661 -1.113686 -42.090837 0.954817 0.265516 0.016477 0.132495
1520530790.502263 31.530926 -0.713188 -41.300863 0.953094 0.271745 0.020740 0.131669
1520530790.552263 31.163638 -0.690839 -40.371024 0.952113 0.275785 0.033611 0.127645
1520530790.602266 31.416429 -0.207863 -39.532675 0.954803 0.267402 0.032897 0.125557
1520530790.652267 30.851846 -0.009128 -38.731581 0.954364 0.264523 0.045163 0.131063
1520530790.702269 31.139625 -0.061569 -37.775321 0.953904 0.265882 0.048562 0.130448
1520530790.752271 31.593633 0.315524 -36.968056 0.953938 0.265435 0.052147 0.129716
1520530790.802272 32.184324 0.663662 -36.240125 0.952942 0.269238 0.056079 0.127546
1520530790.852423 32.251409 1.187309 -35.390835 0.950266 0.276229 0.066281 0.127670
1520530790.902428 31.824756 1.666026 -34.623504 0.941968 0.297011 0.094459 0.124729
1520530790.952426 32.209831 2.053243 -33.785781 0.941378 0.297406 0.103753 0.120796
1520530791.002428 32.665118 2.554661 -33.050054 0.940730 0.296821 0.111634 0.120262
1520530791.052429 33.296011 2.710755 -32.290048 0.940845 0.295707 0.120265 0.113598
1520530791.102430 33.968762 3.049160 -31.632106 0.940389 0.296203 0.130686 0.104178
1520530791.152456 34.572021 3.627012 -31.082410 0.940670 0.292586 0.143093 0.095173
1520530791.202433 34.944862 4.216129 -30.365520 0.939066 0.291776 0.156338 0.092624
1520530791.252573 35.585706 4.583622 -29.691526 0.937915 0.291816 0.166127 0.086956
1520530791.302574 35.843798 4.852691 -28.763631 0.936178 0.291906 0.177898 0.081935
1520530791.352576 36.109359 5.167998 -27.852555 0.934962 0.291598 0.186340 0.078061
1520530791.402578 36.513276 5.426227 -26.974962 0.934899 0.288188 0.193464 0.074050
1520530791.452579 36.637209 6.037741 -26.193495 0.931774 0.290359 0.202618 0.080224
1520530791.502581 37.033025 6.491083 -25.394865 0.932815 0.282710 0.209274 0.078331
1520530791.552582 36.546466 6.351637 -24.532417 0.929463 0.279945 0.229959 0.069630
1520530791.602584 37.071451 6.572483 -23.710457 0.928620 0.278451 0.235419 0.068612
1520530791.652471 37.496254 6.998685 -22.911775 0.925124 0.285673 0.240018 0.070205
1520530791.702473 36.874498 6.305970 -22.546310 0.919598 0.277017 0.273026 0.055298
1520530791.752474 37.137103 6.716659 -21.673171 0.919076 0.275700 0.274348 0.063422
1520530791.802476 37.463036 6.822418 -20.733712 0.916265 0.277682 0.281036 0.066108
1520530791.852478 36.957257 6.670318 -19.884563 0.909732 0.278824 0.300637 0.065293
1520530791.902479 36.150785 6.843223 -19.319137 0.897237 0.288264 0.327931 0.065802
1520530791.952481 36.883980 7.263029 -18.784172 0.897528 0.295542 0.321450 0.061381
1520530792.002483 36.114224 7.113974 -18.163480 0.890301 0.300056 0.337983 0.055661
1520530792.052519 36.053901 7.211832 -17.170110 0.885631 0.302491 0.347730 0.056930
1520530792.102171 35.290840 7.458483 -16.572698 0.872780 0.306384 0.373975 0.067283
1520530792.152172 34.450356 7.720871 -16.098632 0.856186 0.316454 0.402072 0.071692
1520530792.202174 35.331707 8.004322 -16.476620 0.842282 0.329106 0.423158 0.056462
1520530792.252176 34.668656 7.455658 -16.985866 0.833528 0.327427 0.443333 0.038458
1520530792.302177 33.863095 6.979985 -16.632587 0.819943 0.325939 0.469845 0.026500
1520530792.352179 33.110005 6.648136 -16.064492 0.809641 0.322551 0.489778 0.023642
1520530792.402180 33.065324 6.757512 -15.071496 0.805623 0.324488 0.495176 0.021907
1520530792.452182 32.984376 6.870319 -14.081182 0.802298 0.325305 0.500221 0.016541
1520530792.502040 33.007176 7.341951 -13.199682 0.800767 0.323133 0.504232 0.010360
1520530792.552042 32.623519 6.483635 -13.540418 0.794036 0.318930 0.517447 -0.006328
1520530792.602042 31.685147 6.153063 -13.439514 0.782603 0.322037 0.532557 -0.014413
1520530792.652044 32.399967 6.843587 -13.329016 0.772492 0.323630 0.545885 -0.023003
1520530792.702045 31.420630 6.918114 -13.141015 0.755196 0.332023 0.564815 -0.020596
1520530792.752053 31.172099 7.185564 -12.210046 0.753523 0.331806 0.566990 -0.025109
1520530792.802049 30.466771 6.816602 -11.604754 0.752118 0.322951 0.573487 -0.033683
1520530792.852051 31.199967 7.464745 -11.399002 0.745557 0.311024 0.587855 -0.042844
1520530792.902248 30.726648 7.405026 -10.520137 0.742621 0.305670 0.594319 -0.043184
1520530792.952250 30.422593 7.319237 -9.571353 0.737456 0.305820 0.600528 -0.044710
1520530793.002252 29.980765 7.372943 -8.675862 0.729935 0.307272 0.609010 -0.043422
1520530793.052253 29.009553 7.152040 -8.765017 0.704624 0.316671 0.633527 -0.043217
1520530793.102255 28.363138 7.154289 -8.002034 0.698743 0.315194 0.640875 -0.041106
1520530793.152256 28.008462 7.014009 -7.077628 0.693949 0.315420 0.645782 -0.043712
1520530793.202258 27.310867 7.336987 -6.438061 0.689814 0.310148 0.653433 -0.031477
1520530793.252259 26.509405 6.771872 -6.633777 0.665130 0.313811 0.676617 -0.036254
1520530793.302667 26.150862 7.014613 -5.732376 0.658634 0.317992 0.680772 -0.040404
1520530793.352668 25.468047 7.117291 -5.009036 0.650547 0.314855 0.689528 -0.046973
1520530793.402670 24.915817 6.327394 -5.275689 0.630671 0.303996 0.711218 -0.063318
1520530793.452672 24.329584 5.980354 -4.543640 0.624940 0.301448 0.716933 -0.067727
1520530793.502673 23.675872 5.351470 -4.964551 0.607678 0.299198 0.731759 -0.075735
1520530793.552675 22.954484 5.317210 -4.272869 0.605090 0.295466 0.734837 -0.081122
1520530793.602676 22.196349 4.706527 -4.044181 0.597801 0.293563 0.740233 -0.092249
1520530793.652678 21.438508 4.054428 -4.023111 0.589818 0.290471 0.746660 -0.101196
1520530793.702589 20.759030 3.346722 -4.216661 0.580335 0.288461 0.754227 -0.105564
1520530793.752592 20.112313 2.585778 -4.268832 0.571912 0.288826 0.759895 -0.109803
1520530793.802593 19.302658 1.998920 -4.276329 0.567240 0.290017 0.762797 -0.110771
1520530793.852595 18.657331 1.239202 -4.196438 0.564396 0.293193 0.762995 -0.115476
1520530793.902596 17.716223 1.030030 -3.930803 0.564396 0.293193 0.762995 -0.115476
1520530793.952598 17.013346 0.327923 -3.816743 0.563610 0.291083 0.764833 -0.112451
1520530794.002600 16.535067 -0.291480 -4.439309 0.554511 0.284232 0.774013 -0.112402
1520530794.052605 15.909222 -0.958531 -4.035131 0.552112 0.283518 0.775472 -0.115900
1520530794.102648 15.209921 -0.954647 -4.749947 0.540213 0.274920 0.787195 -0.113630
1520530794.152650 14.624289 -1.765053 -4.766627 0.533303 0.274074 0.791489 -0.118390
1520530794.202651 14.039270 -2.576064 -4.770399 0.523703 0.271431 0.797895 -0.124196
1520530794.252653 13.268803 -3.206082 -4.673151 0.516382 0.267978 0.803648 -0.125248
1520530794.302654 12.670721 -3.856315 -4.204649 0.512353 0.270284 0.805519 -0.124819
1520530794.352656 11.924109 -4.349284 -4.651361 0.495707 0.273053 0.815166 -0.123376
1520530794.402657 11.220242 -4.750930 -4.065484 0.491966 0.275426 0.815738 -0.129156
1520530794.452658 10.750339 -5.327913 -4.733526 0.475221 0.270590 0.825993 -0.136682
1520530794.502660 10.014238 -5.915038 -5.070335 0.461299 0.266377 0.835345 -0.135815
1520530794.552676 9.363588 -6.408062 -4.492769 0.458688 0.267055 0.836470 -0.136398
1520530794.602678 8.773782 -7.106125 -4.898770 0.449843 0.265570 0.840789 -0.142084
1520530794.652679 7.879394 -7.326593 -5.287953 0.444446 0.260315 0.844265 -0.148055
1520530794.702681 7.072296 -7.911678 -5.367136 0.444027 0.257631 0.843731 -0.156791
1520530794.752682 6.473027 -8.518282 -5.889540 0.439684 0.255191 0.845096 -0.165434
1520530794.802684 5.972668 -9.248684 -6.354464 0.435704 0.254427 0.846972 -0.167535
1520530794.852685 5.383619 -9.911394 -6.816890 0.428373 0.257136 0.850675 -0.163491
1520530794.902687 4.470390 -10.195292 -7.109148 0.423333 0.258618 0.853885 -0.157439
1520530794.952672 4.063869 -10.836246 -7.760238 0.415781 0.263098 0.855614 -0.160720
1520530795.002674 3.433875 -11.565955 -8.026007 0.415901 0.262471 0.854832 -0.165525
1520530795.052676 2.892559 -12.355499 -8.315139 0.414722 0.258050 0.856247 -0.168097
1520530795.102677 2.559840 -13.233493 -8.659266 0.408935 0.250118 0.859966 -0.175135
1520530795.152679 1.753773 -13.679746 -9.047999 0.402183 0.237779 0.866500 -0.175747
1520530795.202680 1.026506 -14.303575 -9.334219 0.392924 0.231524 0.871540 -0.180069
1520530795.252682 0.328500 -14.905336 -9.722383 0.380756 0.228784 0.876742 -0.184406
1520530795.302684 -0.159733 -15.662015 -10.157199 0.366031 0.223945 0.882838 -0.190962
1520530795.352702 -0.947085 -15.825586 -10.751608 0.350984 0.213997 0.891752 -0.189191
1520530795.402704 -1.542242 -16.288717 -11.408340 0.335151 0.203561 0.900085 -0.189957
1520530795.452706 -2.319884 -16.714342 -10.945612 0.331013 0.202165 0.901888 -0.190150
1520530795.502707 -3.146050 -17.261407 -10.810815 0.321670 0.202003 0.904193 -0.195344
1520530795.552709 -3.861543 -17.827583 -11.220100 0.298394 0.193378 0.912481 -0.202347
1520530795.602710 -4.746084 -18.256618 -11.037024 0.295390 0.186901 0.914769 -0.202509
1520530795.652711 -5.537999 -18.555508 -11.569504 0.276762 0.176301 0.923576 -0.198314
1520530795.702713 -6.052054 -19.000179 -12.303000 0.261091 0.169725 0.928825 -0.200772
1520530795.752691 -6.778425 -19.680902 -12.208124 0.256522 0.169117 0.929378 -0.204578
1520530795.802693 -7.702486 -19.978296 -12.448267 0.252449 0.161314 0.932719 -0.200704
1520530795.852695 -8.528197 -20.201998 -12.966107 0.242682 0.152321 0.936598 -0.201713
1520530795.902695 -9.364385 -20.714628 -13.161045 0.237772 0.149810 0.936639 -0.209115
1520530795.952699 -9.718239 -21.234599 -13.938487 0.221111 0.146192 0.940691 -0.211749
1520530796.002699 -10.379733 -21.959542 -14.130540 0.214582 0.150250 0.941227 -0.213241
1520530796.052701 -11.279350 -22.260235 -14.447199 0.212004 0.148747 0.939957 -0.222282
1520530796.102702 -11.967648 -22.648047 -15.060264 0.203504 0.140155 0.942795 -0.223784
1520530796.152534 -12.624174 -23.399556 -15.125129 0.201481 0.137825 0.943695 -0.223268
1520530796.202537 -13.207945 -24.022893 -15.645381 0.188600 0.129606 0.947269 -0.224306
1520530796.252537 -13.811168 -24.467924 -16.307250 0.167647 0.118686 0.953139 -0.222111
1520530796.302539 -14.750845 -24.774573 -16.458817 0.169547 0.110152 0.955704 -0.213891
1520530796.352540 -15.489937 -25.439527 -16.566423 0.164027 0.110654 0.955636 -0.218197
1520530796.402542 -16.321952 -25.960022 -16.758351 0.158651 0.105851 0.956928 -0.218895
1520530796.452543 -17.149211 -26.513054 -16.857331 0.154297 0.100203 0.958232 -0.218957
1520530796.502546 -17.825124 -27.151960 -16.489986 0.149424 0.103395 0.959153 -0.216812
1520530796.552486 -18.574777 -27.634138 -16.036638 0.144207 0.107045 0.959400 -0.217481
1520530796.602488 -19.336629 -27.885217 -16.633749 0.129100 0.096781 0.962395 -0.218548
1520530796.652490 -20.211000 -28.307378 -16.394469 0.126243 0.101414 0.963245 -0.214329
1520530796.702491 -20.956861 -28.797426 -16.845628 0.111970 0.097168 0.964806 -0.217186
1520530796.752493 -21.111274 -28.797959 -17.833634 0.071388 0.087856 0.971536 -0.208095
1520530796.802494 -21.990049 -29.202044 -18.087545 0.068253 0.083057 0.972356 -0.207286
1520530796.852496 -22.517263 -29.741617 -18.743979 0.056266 0.078301 0.971480 -0.216631
1520530796.902498 -23.171992 -30.068626 -19.425445 0.048040 0.066212 0.971860 -0.220899
1520530796.952499 -23.716236 -30.576123 -20.093460 0.039152 0.059988 0.970239 -0.231310
1520530797.002632 -24.185042 -31.106854 -20.799538 0.033157 0.052146 0.968993 -0.239236
1520530797.052634 -24.602585 -31.829515 -21.350373 0.026164 0.050290 0.968907 -0.240842
1520530797.102635 -25.453581 -32.200051 -21.722542 0.022487 0.050187 0.969496 -0.238859
1520530797.152637 -25.690661 -32.771560 -22.508144 0.015163 0.053446 0.966714 -0.249754
1520530797.202638 -25.870167 -33.555513 -23.102446 0.011622 0.051440 0.964660 -0.258167
1520530797.252639 -25.844814 -34.541371 -23.268103 0.004152 0.056618 0.963148 -0.262911
1520530797.302642 -25.959765 -35.533785 -23.311689 -0.007065 0.058261 0.963217 -0.262239
1520530797.352643 -26.312001 -36.246772 -23.917972 -0.019745 0.048372 0.964119 -0.260278
1520530797.402760 -26.647858 -37.101745 -24.313220 -0.029529 0.044725 0.966475 -0.251105
1520530797.452761 -26.765333 -37.560773 -25.193841 -0.045004 0.034314 0.967057 -0.248191
1520530797.502762 -27.223699 -38.176290 -25.834965 -0.049492 0.029970 0.967173 -0.247446
1520530797.552764 -27.278280 -38.523033 -26.771336 -0.061220 0.024614 0.965356 -0.252456
1520530797.602866 -27.092269 -38.400479 -27.746210 -0.082461 0.013035 0.964188 -0.251736
1520530797.652767 -27.419758 -39.324676 -27.942704 -0.083426 0.032389 0.965512 -0.244495
1520530797.702768 -27.227717 -39.062042 -28.888296 -0.109282 0.011462 0.964145 -0.241559
1520530797.752770 -27.215860 -38.862121 -29.868036 -0.134861 -0.010903 0.962112 -0.236716
1520530797.802643 -27.711021 -39.578441 -30.359667 -0.146102 -0.012108 0.960817 -0.235241
1520530797.852644 -27.478983 -39.374548 -31.310765 -0.177401 -0.029768 0.956560 -0.229426
1520530797.902646 -27.671129 -40.166285 -31.890620 -0.182611 -0.027179 0.956561 -0.225622
1520530797.952647 -27.117444 -39.953245 -32.695634 -0.200400 -0.035702 0.953246 -0.223356
1520530798.002650 -26.796156 -39.369555 -33.441341 -0.215671 -0.041838 0.950894 -0.218026
1520530798.052650 -26.173600 -39.277571 -34.218492 -0.225513 -0.042894 0.948818 -0.216905
1520530798.102652 -26.464650 -40.028735 -34.810980 -0.225920 -0.034585 0.950757 -0.209346
1520530798.152653 -26.073635 -39.531966 -35.585789 -0.244308 -0.047130 0.947053 -0.202937
1520530798.202505 -25.648275 -39.158579 -36.410198 -0.261447 -0.060594 0.942127 -0.200922
1520530798.252507 -25.715064 -39.799901 -37.174558 -0.265553 -0.060363 0.941992 -0.196184
1520530798.302508 -25.123725 -39.504116 -37.924777 -0.276744 -0.067248 0.939697 -0.189371
1520530798.352510 -24.645343 -38.893730 -38.556109 -0.287952 -0.074244 0.938307 -0.176497
1520530798.402511 -24.174962 -38.106115 -38.954109 -0.298467 -0.081535 0.936521 -0.164920
1520530798.452513 -23.558205 -37.711743 -39.635344 -0.309131 -0.085967 0.933654 -0.159182
1520530798.502514 -22.920851 -37.033794 -40.001631 -0.322184 -0.093123 0.930035 -0.150202
1520530798.552516 -22.998331 -37.301416 -40.962035 -0.324800 -0.092726 0.930313 -0.142916
1520530798.602415 -22.589707 -36.584483 -41.526865 -0.334404 -0.104897 0.927056 -0.133183
1520530798.652417 -21.824552 -36.110337 -41.962438 -0.342816 -0.106312 0.924318 -0.129662
1520530798.702418 -21.047890 -35.634058 -42.374693 -0.351207 -0.105055 0.921473 -0.128468
1520530798.752420 -20.422907 -35.244429 -43.051143 -0.358775 -0.101442 0.918396 -0.132436
1520530798.802421 -21.237263 -35.770246 -42.805500 -0.375610 -0.099108 0.911953 -0.132047
1520530798.852423 -21.056856 -36.079851 -43.739094 -0.384852 -0.095001 0.908215 -0.134199
1520530798.902425 -21.193725 -36.557566 -44.606882 -0.388642 -0.095114 0.906862 -0.132330
1520530798.952426 -21.069782 -36.904694 -45.536473 -0.394516 -0.100841 0.904133 -0.129352
1520530799.002338 -20.376963 -36.345405 -45.991662 -0.410021 -0.112912 0.896802 -0.121986
1520530799.052339 -20.139770 -36.118932 -46.936357 -0.414477 -0.112243 0.894699 -0.122985
1520530799.102340 -19.808305 -36.308209 -47.860644 -0.417297 -0.107796 0.894007 -0.122453
1520530799.152342 -19.611481 -36.174032 -48.831858 -0.420074 -0.106740 0.892613 -0.124043
1520530799.202422 -19.021697 -36.224265 -49.637855 -0.425902 -0.107334 0.890318 -0.120086
1520530799.252345 -18.689491 -36.320736 -50.576115 -0.430817 -0.109418 0.887986 -0.117921
1520530799.302346 -17.851723 -36.054257 -51.052701 -0.444013 -0.114327 0.881602 -0.112073
1520530799.352348 -17.818827 -36.396234 -51.991833 -0.446319 -0.111352 0.882148 -0.101065
1520530799.402350 -17.042586 -35.777982 -52.115178 -0.456487 -0.110965 0.877876 -0.092955
1520530799.452410 -16.414071 -35.166803 -52.596249 -0.461314 -0.108369 0.875485 -0.094723
1520530799.502413 -16.150923 -34.877019 -53.516455 -0.466165 -0.108709 0.872967 -0.093811
1520530799.552413 -15.538739 -34.950767 -54.303724 -0.472231 -0.108611 0.869981 -0.091292
1520530799.602416 -15.091078 -34.823541 -55.188830 -0.478090 -0.111495 0.866959 -0.085908
1520530799.652417 -14.439338 -34.796641 -55.946795 -0.484332 -0.112089 0.863934 -0.080481
1520530799.702419 -14.228712 -35.117216 -56.870304 -0.487037 -0.110669 0.863009 -0.075914
1520530799.752419 -13.907260 -35.392626 -57.776294 -0.491899 -0.108397 0.860653 -0.074583
1520530799.802422 -13.668727 -35.689291 -58.701006 -0.497182 -0.108264 0.857801 -0.072565
1520530799.852662 -13.696655 -35.971411 -59.659978 -0.500727 -0.111198 0.855130 -0.075237
1520530799.902663 -13.142693 -36.063316 -60.487432 -0.513023 -0.114820 0.847473 -0.073578
1520530799.952665 -12.180083 -36.263828 -60.669574 -0.535282 -0.110958 0.833831 -0.076724
1520530800.002666 -11.213182 -36.071466 -60.837204 -0.554267 -0.104070 0.823047 -0.067460
1520530800.052668 -11.236541 -35.946295 -61.829064 -0.560392 -0.098473 0.820026 -0.061811
1520530800.102669 -11.462172 -35.572826 -62.728848 -0.563170 -0.100666 0.818717 -0.049074
1520530800.152671 -10.491524 -35.659454 -62.504486 -0.587334 -0.096927 0.802076 -0.048139
1520530800.202673 -10.219987 -35.898938 -63.436643 -0.591440 -0.098447 0.798951 -0.046739
1520530800.252766 -10.033353 -36.390013 -64.287532 -0.595047 -0.099059 0.796310 -0.044693
1520530800.302767 -9.389754 -35.833193 -64.812634 -0.603478 -0.106117 0.788955 -0.045862
1520530800.352769 -8.806679 -35.448233 -65.528056 -0.610394 -0.102176 0.784177 -0.045230
1520530800.402770 -8.082198 -34.804739 -65.775126 -0.627997 -0.112763 0.769158 -0.036055
1520530800.452771 -7.165672 -34.407391 -65.729365 -0.646032 -0.121785 0.753193 -0.022625
1520530800.502774 -6.685010 -34.039038 -66.525154 -0.648580 -0.131640 0.749488 -0.016822
1520530800.552775 -5.804652 -33.841665 -66.956447 -0.654425 -0.133870 0.744028 -0.015150
1520530800.602776 -4.903239 -33.548866 -67.275389 -0.663600 -0.133671 0.735873 -0.016071
1520530800.652461 -4.025928 -33.526717 -66.795979 -0.680444 -0.129457 0.721169 -0.012330
1520530800.702461 -3.813097 -33.033880 -67.639670 -0.681565 -0.131589 0.719742 -0.011180
1520530800.752463 -2.857704 -32.760970 -67.526781 -0.697612 -0.136285 0.703367 -0.006243
1520530800.802521 -1.936706 -32.390567 -67.406103 0.713683 0.147743 -0.684708 -0.001979
1520530800.852467 -1.023053 -32.216110 -67.038946 0.728910 0.157802 -0.666155 -0.005093
1520530800.902468 -0.285657 -32.137926 -67.709867 0.733473 0.159693 -0.660575 -0.012533
1520530800.952470 0.624919 -31.936186 -67.349101 0.750711 0.166455 -0.638880 -0.023625
1520530801.002471 1.061085 -31.901222 -68.248288 0.753619 0.171061 -0.633613 -0.036482
1520530801.052103 1.918323 -31.554418 -67.867672 0.774008 0.179698 -0.605295 -0.047313
1520530801.102105 2.754365 -31.355841 -67.356201 0.793373 0.180479 -0.579051 -0.051841
1520530801.152106 3.265161 -30.876402 -68.069802 0.795390 0.181787 -0.576086 -0.049337
1520530801.202108 3.734061 -30.052840 -68.388984 0.797895 0.196062 -0.568037 -0.047501
1520530801.252109 4.544329 -29.684465 -67.933170 0.811074 0.205517 -0.543963 -0.063456
1520530801.302111 5.511878 -29.498061 -67.762579 0.819244 0.206143 -0.529643 -0.076310
1520530801.352113 6.462151 -29.451546 -68.070504 0.823294 0.207780 -0.520930 -0.087440
1520530801.402114 7.373459 -29.170918 -68.371778 0.826021 0.208602 -0.515296 -0.092977
1520530801.452116 8.241942 -28.703255 -68.536181 0.829495 0.211931 -0.507398 -0.097826
1520530801.502019 9.002110 -28.214595 -68.964383 0.831236 0.209538 -0.504407 -0.103508
1520530801.552021 9.846204 -27.697233 -68.823521 0.836759 0.206368 -0.495180 -0.109746
1520530801.602022 10.544983 -27.643415 -68.110211 0.842094 0.202906 -0.485146 -0.119747
1520530801.652024 11.450024 -27.825000 -67.725596 0.845967 0.195621 -0.478437 -0.131038
1520530801.702025 12.374710 -27.598356 -67.419675 0.850238 0.191312 -0.470462 -0.138420
1520530801.752028 13.299529 -27.218055 -67.428607 0.854977 0.190821 -0.462066 -0.138195
1520530801.802029 14.204201 -26.795493 -67.483478 0.859783 0.194178 -0.452330 -0.135887
1520530801.852031 15.067469 -26.755468 -66.980322 0.866460 0.193394 -0.437872 -0.141825
1520530801.902305 15.969995 -26.372368 -67.176993 0.868191 0.195776 -0.431715 -0.146760
1520530801.952306 16.785349 -25.832570 -66.967668 0.870969 0.201179 -0.422331 -0.150254
1520530802.002307 17.684266 -25.483766 -67.232779 0.870244 0.205553 -0.419325 -0.156812
1520530802.052309 18.633416 -25.169864 -67.208685 0.871340 0.210911 -0.412080 -0.162706
1520530802.102309 19.538952 -24.746614 -67.238058 0.873630 0.212361 -0.405512 -0.165023
1520530802.152312 20.385559 -24.376647 -67.620656 0.875818 0.209688 -0.398344 -0.174058
1520530802.202314 20.645560 -24.712497 -66.715336 0.886727 0.201107 -0.369936 -0.190834
1520530802.252315 21.365884 -24.064540 -66.467776 0.890914 0.195332 -0.362604 -0.191407
1520530802.302572 22.021935 -23.420248 -66.074731 0.893704 0.201565 -0.351510 -0.192628
1520530802.352574 22.714586 -23.369710 -65.355231 0.897341 0.208236 -0.332387 -0.202326
1520530802.402610 23.603991 -22.919756 -65.435861 0.897715 0.209811 -0.330562 -0.202028
1520530802.452577 24.535345 -22.748186 -65.114702 0.900609 0.204597 -0.324481 -0.204343
1520530802.502578 24.518156 -23.184328 -64.214988 0.906894 0.196453 -0.310046 -0.206934
1520530802.552580 25.442912 -23.036510 -63.864308 0.908886 0.195584 -0.305477 -0.205806
1520530802.602582 26.265178 -22.965741 -63.299621 0.912823 0.199382 -0.291810 -0.204569
1520530802.652582 27.044514 -23.288576 -62.762580 0.915936 0.203579 -0.276607 -0.207617
1520530802.702605 27.542211 -23.540502 -61.932622 0.918664 0.209219 -0.261607 -0.209392
1520530802.752606 28.090193 -23.767580 -61.127543 0.919361 0.212156 -0.256606 -0.209568
1520530802.802608 28.701020 -24.010293 -60.373898 0.917841 0.214342 -0.255406 -0.215391
1520530802.852609 29.351987 -24.361382 -59.700862 0.917789 0.208943 -0.253660 -0.222853
1520530802.902611 30.177223 -24.251676 -59.146830 0.918864 0.200249 -0.254806 -0.225085
1520530802.952613 30.787213 -24.816632 -58.591189 0.920310 0.190613 -0.250279 -0.232501
1520530803.002614 31.529924 -24.676806 -57.936339 0.922770 0.185852 -0.245147 -0.232074
1520530803.052616 32.149509 -24.902619 -57.184593 0.924833 0.182860 -0.235761 -0.235931
1520530803.102764 32.507077 -24.963663 -56.252703 0.928146 0.182912 -0.221402 -0.236792
1520530803.152766 33.178015 -25.078598 -55.520150 0.930876 0.184690 -0.211153 -0.234040
1520530803.202767 33.266166 -25.181730 -54.529397 0.936565 0.184763 -0.192918 -0.226919
1520530803.252769 33.496856 -25.550877 -53.629112 0.942232 0.176720 -0.179549 -0.220752
1520530803.302770 34.441167 -25.847231 -53.486110 0.943281 0.168722 -0.178775 -0.223144
1520530803.352772 34.875904 -26.290602 -52.702256 0.945299 0.159585 -0.171113 -0.227293
1520530803.402774 35.016031 -26.427615 -51.721648 0.946049 0.160084 -0.159391 -0.232292
1520530803.452775 35.645099 -26.314632 -50.952553 0.946091 0.163579 -0.155317 -0.232442
1520530803.502920 36.195748 -26.467419 -50.131918 0.946118 0.164301 -0.153020 -0.233349
1520530803.552922 36.445431 -26.821235 -49.230545 0.947917 0.162815 -0.146288 -0.231396
1520530803.602923 36.656269 -27.272884 -48.363619 0.949916 0.161490 -0.139818 -0.228106
1520530803.652925 36.749860 -27.243970 -47.368429 0.952995 0.160244 -0.130712 -0.221441
1520530803.702926 36.981101 -27.354121 -46.401788 0.955882 0.161971 -0.112626 -0.217646
1520530803.752928 37.861712 -27.580972 -45.985781 0.955380 0.166424 -0.104409 -0.220571
1520530803.802930 38.227038 -27.624706 -45.055929 0.956455 0.166411 -0.095488 -0.219963
1520530803.852931 38.121416 -27.668205 -44.062475 0.957993 0.165182 -0.088685 -0.217024
1520530803.902932 38.610703 -27.465852 -43.214152 0.959281 0.166236 -0.084675 -0.212074
1520530803.952781 38.933054 -27.525757 -42.269429 0.961655 0.161546 -0.075564 -0.208356
1520530804.002792 39.539172 -27.862775 -41.548985 0.963992 0.152909 -0.062985 -0.208259
1520530804.052784 39.734836 -28.231509 -40.640276 0.965188 0.151360 -0.042860 -0.208962
1520530804.102786 40.615029 -28.079015 -40.190826 0.965577 0.152210 -0.038376 -0.207413
1520530804.152787 40.724079 -28.219367 -39.206748 0.965874 0.150573 -0.019902 -0.209806
1520530804.202790 40.600581 -28.411884 -38.233257 0.965933 0.145130 -0.001229 -0.214265
1520530804.252790 41.358922 -28.112905 -37.654007 0.966870 0.139736 0.001296 -0.213623
1520530804.302792 42.014443 -27.553895 -37.146266 0.969065 0.133813 0.005179 -0.207317
1520530804.352736 42.876441 -27.212892 -36.771199 0.970005 0.127181 0.006881 -0.207044
1520530804.402738 43.685709 -27.061494 -36.203604 0.969862 0.123356 0.014420 -0.209628
1520530804.452739 44.577197 -26.794304 -35.837738 0.970380 0.124569 0.016253 -0.206352
1520530804.502741 44.974165 -27.025101 -34.949397 0.968664 0.131769 0.041564 -0.206395
1520530804.552742 45.917796 -27.206075 -34.672253 0.966893 0.140909 0.045571 -0.207810
1520530804.602744 46.829369 -27.318924 -34.276906 0.966684 0.144023 0.048166 -0.206057
1520530804.652746 46.465025 -27.670325 -33.414484 0.966732 0.141059 0.069140 -0.201869
1520530804.702747 45.996437 -27.912558 -32.564927 0.966402 0.136067 0.087673 -0.199668
1520530804.752780 45.933390 -27.978934 -31.569126 0.966005 0.128209 0.100607 -0.200687
1520530804.802782 46.621897 -27.831856 -30.858966 0.966895 0.117999 0.103528 -0.201179
1520530804.852783 47.265566 -27.534694 -30.153711 0.967368 0.112464 0.108199 -0.199610
1520530804.902784 47.761712 -27.209437 -29.348698 0.966516 0.115765 0.115790 -0.197579
1520530804.952786 48.334969 -27.347007 -28.540953 0.963905 0.122224 0.123227 -0.201900
1520530805.002789 48.604859 -27.620113 -27.617605 0.960791 0.129354 0.138006 -0.202736
1520530805.052790 48.605848 -28.013846 -26.698381 0.957640 0.128040 0.160642 -0.201803
1520530805.102791 49.347017 -28.201491 -26.053820 0.956906 0.128532 0.166910 -0.199876
1520530805.152563 50.125466 -28.411154 -25.462164 0.955029 0.132717 0.174205 -0.199896
1520530805.202564 50.150877 -28.831405 -24.555112 0.950399 0.134035 0.196972 -0.199947
1520530805.252566 51.000802 -28.813231 -24.028522 0.948358 0.135946 0.202370 -0.202933
1520530805.302567 51.472774 -28.633120 -23.165502 0.948049 0.137130 0.205525 -0.200396
1520530805.352569 51.582559 -28.806393 -22.186767 0.945401 0.131244 0.220228 -0.201226
1520530805.402570 52.462504 -28.939501 -21.730720 0.942596 0.127824 0.225903 -0.210099
1520530805.452573 53.261367 -29.117321 -21.156091 0.941019 0.117499 0.231396 -0.217100
1520530805.502574 54.150093 -29.287319 -20.730337 0.939217 0.113136 0.231874 -0.226507
1520530805.552535 53.524691 -29.693768 -20.064251 0.928405 0.111591 0.268984 -0.230778
1520530805.602537 52.903756 -29.972402 -19.331583 0.917397 0.115532 0.303923 -0.229490
1520530805.652538 53.055318 -30.204435 -18.370755 0.914109 0.117763 0.312513 -0.229940
1520530805.702539 53.254588 -30.612579 -17.479851 0.911145 0.115942 0.319018 -0.233667
1520530805.752541 53.586602 -30.915975 -16.586701 0.910447 0.112979 0.321686 -0.234179
1520530805.802543 53.506280 -31.376148 -15.702513 0.909328 0.108332 0.328488 -0.231261
1520530805.852544 53.531368 -31.662372 -14.744678 0.909197 0.105486 0.334674 -0.224112
1520530805.902546 54.056029 -31.977827 -13.953971 0.909035 0.102900 0.336985 -0.222504
1520530805.952547 54.350297 -32.514321 -13.163034 0.906334 0.102525 0.343671 -0.223466
1520530806.002724 54.593461 -32.838550 -12.248842 0.905454 0.101204 0.346623 -0.223077
1520530806.052725 54.523903 -33.152661 -11.302007 0.904100 0.095307 0.349068 -0.227311
1520530806.102727 53.905696 -33.731862 -10.770645 0.897878 0.085579 0.361842 -0.235717
1520530806.152730 53.878201 -34.090530 -9.837584 0.893800 0.082093 0.370897 -0.238365
1520530806.202730 53.094439 -34.254540 -9.238570 0.881394 0.083109 0.402032 -0.233683
1520530806.252732 53.460120 -34.244200 -8.307888 0.880126 0.082859 0.406869 -0.230155
1520530806.302733 53.670452 -34.262889 -7.330436 0.877394 0.087192 0.413511 -0.227128
1520530806.352735 53.506961 -34.359189 -6.348603 0.873532 0.089665 0.421147 -0.227018
1520530806.402898 53.140615 -34.788683 -5.523178 0.866764 0.090763 0.430569 -0.234718
1520530806.452900 52.304728 -35.067975 -5.050643 0.855736 0.089509 0.450794 -0.237673
1520530806.502902 52.251163 -35.427789 -4.119158 0.849695 0.090507 0.461407 -0.238602
1520530806.552903 52.647833 -35.919951 -3.344284 0.840800 0.094010 0.472621 -0.246673
1520530806.602905 51.899613 -36.418249 -2.906258 0.822128 0.084703 0.503003 -0.252820
1520530806.652907 51.029165 -36.756713 -2.548821 0.803680 0.078019 0.532167 -0.254577
1520530806.702909 50.826493 -36.999955 -1.600266 0.802026 0.073458 0.534615 -0.256016
1520530806.752909 49.923946 -37.421244 -1.689292 0.789386 0.069317 0.553567 -0.256178
1520530806.803026 49.176849 -38.070226 -1.545526 0.781797 0.060597 0.566199 -0.254047
1520530806.853027 48.456903 -38.741061 -1.367598 0.777437 0.051786 0.574012 -0.251835
1520530806.903030 47.534088 -39.109626 -1.255473 0.772582 0.041869 0.585969 -0.240840
1520530806.953031 46.589127 -39.399791 -1.104303 0.767706 0.030328 0.595059 -0.235824
1520530807.003032 45.662194 -39.774734 -1.118945 0.757517 0.021324 0.607297 -0.238547
1520530807.053034 44.670863 -39.878030 -1.037756 0.745337 0.016727 0.622731 -0.237483
1520530807.103035 43.758509 -40.099401 -0.693364 0.741151 0.014552 0.627847 -0.237259
1520530807.153037 42.791461 -40.000148 -0.927813 0.733689 0.016223 0.637822 -0.233710
1520530807.202843 41.802041 -40.119581 -0.845451 0.730853 0.013378 0.643830 -0.226180
1520530807.252841 40.859114 -40.061716 -0.517518 0.729502 0.003060 0.650608 -0.211016
1520530807.302842 40.276690 -40.801694 -0.181045 0.724797 -0.001553 0.655453 -0.212246
1520530807.352844 39.414315 -41.192782 -0.502541 0.712745 -0.010744 0.668488 -0.212139
1520530807.402846 38.639224 -41.759943 -0.224041 0.704002 -0.013329 0.679177 -0.207177
1520530807.452847 39.634377 -41.765626 -0.125866 0.686796 -0.011169 0.699990 -0.195450
1520530807.502849 38.718416 -41.789609 0.274684 0.681097 -0.014375 0.708649 -0.183621
1520530807.552850 37.810365 -41.803545 -0.143943 0.667419 -0.024638 0.720663 -0.185983
1520530807.602722 36.931802 -42.098563 0.231678 0.661291 -0.034778 0.725035 -0.189233
1520530807.652723 36.309347 -42.523906 0.888666 0.659290 -0.036833 0.726836 -0.188915
1520530807.702725 35.909938 -42.840125 1.749176 0.657354 -0.032867 0.729773 -0.185029
1520530807.752726 35.202605 -43.119949 2.398313 0.652695 -0.030091 0.734684 -0.182547
1520530807.802728 34.252304 -42.952281 2.135984 0.633508 -0.027323 0.754178 -0.170698
1520530807.852730 33.361708 -43.188112 1.747110 0.618901 -0.031472 0.766423 -0.169019
1520530807.902731 32.425191 -43.276947 1.407930 0.605962 -0.037436 0.776445 -0.168945
1520530807.952733 31.514465 -43.054543 1.059914 0.586798 -0.040367 0.792584 -0.160778
1520530808.002813 30.714542 -43.166357 1.649508 0.586941 -0.048591 0.791820 -0.161740
1520530808.052814 29.896023 -43.421932 2.164006 0.584338 -0.058157 0.791601 -0.168922
1520530808.102816 29.216850 -43.949067 2.674743 0.579001 -0.063037 0.793767 -0.175266
1520530808.152818 28.344627 -44.146713 3.122138 0.574981 -0.067599 0.796911 -0.172510
1520530808.202819 27.534185 -44.582040 3.514153 0.572824 -0.068029 0.798118 -0.173931
1520530808.252820 26.717952 -45.037332 3.869782 0.570613 -0.067258 0.799094 -0.176989
1520530808.302823 25.842171 -45.331434 4.252550 0.566336 -0.067548 0.802360 -0.175839
1520530808.352824 25.045061 -45.743533 4.693901 0.559392 -0.067302 0.807874 -0.172890
1520530808.402827 24.377628 -46.204429 5.278802 0.554956 -0.064969 0.811905 -0.169157
1520530808.452991 23.586492 -46.669838 5.675660 0.546434 -0.066259 0.817594 -0.168998
1520530808.502992 22.644658 -46.957689 5.849126 0.536595 -0.069557 0.823437 -0.170820
1520530808.552994 21.705593 -47.287915 5.944564 0.529137 -0.072171 0.827486 -0.173415
1520530808.602995 20.779931 -47.629262 6.107757 0.523859 -0.074059 0.830659 -0.173471
1520530808.652999 19.780690 -47.600882 6.134445 0.511986 -0.077326 0.840488 -0.159594
1520530808.702999 18.865001 -47.414917 5.778171 0.488315 -0.082547 0.856461 -0.145632
1520530808.753000 18.062268 -47.432449 6.374252 0.487295 -0.086449 0.858444 -0.134703
1520530808.803002 17.254614 -47.833672 6.806357 0.471869 -0.083703 0.866277 -0.141058
1520530808.852989 16.427921 -47.886457 7.366529 0.468227 -0.083267 0.868036 -0.142630
1520530808.902899 15.501633 -48.081251 7.043970 0.449856 -0.080406 0.877675 -0.144398
1520530808.952900 14.836880 -47.745457 6.376627 0.426954 -0.081114 0.890212 -0.136580
1520530809.002902 13.991175 -48.040113 5.931698 0.410564 -0.084395 0.896899 -0.141020
1520530809.052903 13.190953 -48.639498 5.912148 0.404130 -0.089931 0.897418 -0.152422
1520530809.102906 12.395739 -48.295088 5.413133 0.388090 -0.105212 0.903249 -0.149857
1520530809.152906 11.611356 -48.046592 4.844807 0.370698 -0.118759 0.909278 -0.147283
1520530809.202909 10.657906 -48.294860 5.015968 0.366701 -0.122136 0.911232 -0.142373
1520530809.252623 9.870687 -48.631499 5.532649 0.367022 -0.115869 0.913196 -0.133947
1520530809.302625 9.537165 -48.019430 4.815617 0.341798 -0.113976 0.924690 -0.123012
1520530809.352627 8.787184 -48.099375 4.159007 0.326439 -0.112943 0.930201 -0.124129
1520530809.402628 8.109440 -48.270986 3.444016 0.309724 -0.116219 0.935283 -0.125736
1520530809.452630 7.641275 -47.984220 2.608201 0.283831 -0.126819 0.943646 -0.113533
1520530809.502631 7.114077 -47.432675 1.961781 0.255171 -0.145027 0.951590 -0.091280
1520530809.552633 7.029409 -47.238944 0.984386 0.221014 -0.154576 0.959033 -0.086687
1520530809.602633 6.649795 -46.734173 0.209080 0.190528 -0.157527 0.966109 -0.074279
1520530809.652634 6.085685 -46.400370 -0.546139 0.160147 -0.155975 0.972723 -0.061921
1520530809.702636 5.088077 -46.331276 -0.548081 0.160745 -0.157836 0.972267 -0.062823
1520530809.752637 5.359402 -46.891170 0.234798 0.130484 -0.167302 0.976014 -0.048792
1520530809.802639 4.452828 -46.645052 -0.108057 0.130287 -0.188264 0.972400 -0.044938
1520530809.852641 3.611906 -47.185534 -0.081044 0.124190 -0.183925 0.974190 -0.041256
1520530809.902642 2.617785 -47.099765 -0.014958 0.131385 -0.200959 0.969781 -0.043341
1520530809.952644 2.722831 -47.538061 0.877713 0.096833 -0.207208 0.972694 -0.039421
1520530810.002645 2.805242 -48.053506 1.730664 0.061293 -0.209257 0.975446 -0.030991
1520530810.053198 1.845871 -47.961356 1.463989 0.050134 -0.208100 0.976459 -0.026604
1520530810.103199 1.885947 -47.495054 0.580272 0.024830 -0.205192 0.978276 -0.015966
1520530810.153201 1.037787 -47.163514 0.167107 0.018025 -0.204079 0.978720 -0.011601
1520530810.203202 0.383913 -46.859480 -0.525722 0.010220 -0.202026 0.979295 -0.007950
1520530810.253207 -0.307085 -46.509276 -1.158082 0.002983 -0.207701 0.978168 -0.006266
1520530810.303206 -1.065920 -46.325702 -1.782958 -0.005338 -0.211946 0.977231 -0.008340
1520530810.353207 -1.446099 -45.954964 -2.630317 -0.020625 -0.214283 0.976525 -0.007525
1520530810.403208 -2.305576 -45.625426 -3.021092 -0.028535 -0.216405 0.975871 -0.005515
1520530810.453339 -2.960642 -45.183119 -3.633670 -0.036623 -0.211110 0.976776 0.000071
1520530810.503276 -3.347999 -44.686982 -4.410717 -0.048478 -0.202748 0.978013 0.005731
1520530810.553277 -2.826745 -44.141843 -5.067313 -0.078568 -0.193609 0.977401 0.032087
1520530810.603279 -3.426872 -43.707770 -5.739197 -0.087454 -0.195159 0.976040 0.040140
1520530810.653280 -3.995164 -43.593386 -6.554035 -0.096325 -0.196291 0.974713 0.046109
1520530810.703282 -4.868085 -43.512709 -7.035181 -0.098967 -0.202209 0.973311 0.044520
1520530810.753284 -4.190442 -42.897552 -7.438148 -0.127718 -0.219072 0.966050 0.049434
1520530810.803285 -4.478852 -42.493616 -8.306282 -0.136975 -0.224634 0.963561 0.048249
1520530810.853286 -4.634055 -42.051584 -9.189752 -0.148461 -0.228907 0.960639 0.052292
1520530810.903262 -5.445434 -41.866918 -9.744336 -0.151321 -0.226710 0.960441 0.057075
1520530810.953264 -4.791500 -41.471465 -10.389307 -0.175513 -0.222820 0.956739 0.064784
1520530811.003265 -4.288931 -41.020331 -11.126805 -0.200657 -0.218366 0.952021 0.075560
1520530811.053267 -3.688409 -40.517232 -11.748307 -0.226842 -0.219401 0.945278 0.082795
1520530811.103268 -4.330228 -40.179274 -12.436677 -0.234849 -0.219156 0.943508 0.081294
1520530811.153270 -3.626405 -39.740199 -12.995109 -0.258569 -0.216377 0.936906 0.092362
1520530811.203271 -2.767592 -39.521670 -13.458450 -0.282212 -0.212634 0.930892 0.092646
1520530811.253273 -2.100428 -39.255411 -14.154151 -0.297743 -0.210133 0.927125 0.087363
1520530811.303123 -1.291446 -39.161502 -14.734434 -0.314546 -0.209781 0.922338 0.079661
1520530811.353126 -1.216587 -38.424813 -15.406509 -0.318829 -0.218044 0.919013 0.078867
1520530811.403127 -0.416660 -38.238180 -15.976846 -0.329526 -0.220731 0.913799 0.087531
1520530811.453130 -0.041353 -37.979223 -16.866838 -0.335626 -0.220821 0.910985 0.093268
1520530811.503130 0.334715 -37.588911 -17.707212 -0.337903 -0.221962 0.910100 0.090955
1520530811.553132 0.687252 -37.179061 -18.548486 -0.337600 -0.223955 0.909480 0.093363
1520530811.603135 1.008872 -36.621847 -19.314040 -0.339003 -0.229522 0.907292 0.096009
1520530811.653136 1.754510 -36.507634 -19.970530 -0.346104 -0.227807 0.904383 0.102022
1520530811.703139 2.633619 -36.189442 -20.325384 -0.360019 -0.228169 0.898338 0.106368
1520530811.753141 3.485431 -35.900205 -20.762141 -0.377487 -0.225362 0.891432 0.109835
1520530811.803142 4.292419 -35.573774 -21.254293 -0.397405 -0.223031 0.882769 0.114214
1520530811.853144 4.998952 -35.424320 -21.946012 -0.418566 -0.218246 0.873851 0.116430
1520530811.903148 5.697609 -34.832836 -22.348534 -0.433219 -0.223603 0.864447 0.122699
1520530811.953147 6.544627 -34.500714 -22.763572 -0.445231 -0.227672 0.856875 0.125300
1520530812.003149 7.294141 -33.861631 -22.936202 -0.459916 -0.236620 0.845433 0.133154
1520530812.053188 7.473466 -33.222308 -23.683938 -0.466098 -0.239320 0.841323 0.132868
1520530812.103106 8.051658 -32.535552 -24.124461 -0.482043 -0.241184 0.830726 0.139137
1520530812.153108 8.105319 -31.678714 -24.637246 -0.489009 -0.245527 0.825494 0.138370
1520530812.203110 8.290677 -31.114065 -25.441493 -0.496669 -0.240761 0.822111 0.139594
1520530812.253111 8.469160 -30.408631 -26.127429 -0.501602 -0.240139 0.820643 0.131426
1520530812.303113 8.545663 -29.633632 -26.754743 -0.504723 -0.244298 0.819299 0.119672
1520530812.353114 9.349250 -29.074804 -26.959582 -0.517395 -0.246971 0.811010 0.116494
1520530812.403116 10.081517 -28.473557 -27.279406 -0.526879 -0.249225 0.804501 0.114293
1520530812.453117 10.939039 -28.062412 -27.588624 -0.536449 -0.245444 0.799499 0.113051
1520530812.503178 11.814386 -27.700026 -27.908692 -0.549837 -0.241850 0.790794 0.117614
1520530812.553179 12.775312 -27.596640 -28.165465 -0.566086 -0.233662 0.780739 0.124078
1520530812.603181 12.921758 -26.771136 -28.710532 -0.566690 -0.236042 0.780294 0.119529
1520530812.653183 13.243037 -25.950875 -29.183767 -0.568433 -0.240571 0.778013 0.117074
1520530812.703184 14.142547 -25.719506 -29.554374 -0.577030 -0.241600 0.770705 0.121163
1520530812.753186 14.337346 -25.289687 -30.436025 -0.579253 -0.246073 0.767458 0.122160
1520530812.803188 14.668980 -25.009390 -31.336832 -0.583402 -0.249218 0.762720 0.125661
1520530812.853189 14.956661 -24.590339 -32.198014 -0.592056 -0.252531 0.754314 0.129262
1520530812.903190 15.714929 -23.952899 -32.334759 -0.608884 -0.264935 0.734929 0.137654
1520530812.953081 15.888797 -23.434258 -33.171885 -0.611726 -0.264187 0.733422 0.134495
1520530813.003083 16.311678 -22.899262 -33.903289 -0.615871 -0.263814 0.730522 0.132067
1520530813.053085 17.122369 -22.342448 -34.084225 -0.627350 -0.271506 0.717498 0.133840
1520530813.103086 17.529372 -21.975020 -34.920493 -0.631607 -0.272324 0.713110 0.135596
1520530813.153088 17.764716 -21.445921 -35.735765 -0.636079 -0.275761 0.707548 0.136875
1520530813.203089 18.713794 -21.286839 -36.007689 -0.656527 -0.272696 0.688725 0.142362
1520530813.253091 19.009703 -20.707507 -36.767171 -0.658275 -0.274924 0.686013 0.143099
1520530813.303093 19.125594 -20.212352 -37.628212 -0.661360 -0.272809 0.683088 0.146866
1520530813.352869 19.274245 -19.675586 -38.458745 -0.666312 -0.271042 0.678586 0.148610
1520530813.402870 20.110087 -19.335198 -38.889447 0.676180 0.269361 -0.669196 -0.149674
1520530813.452872 20.907045 -18.734771 -38.823533 0.691345 0.277937 -0.649510 -0.151428
1520530813.502873 21.441443 -18.013532 -39.264252 0.696059 0.282832 -0.643724 -0.145349
1520530813.552875 22.230669 -17.521307 -38.897051 0.711073 0.287788 -0.623223 -0.152140
1520530813.602877 23.043808 -17.012276 -39.179350 0.717640 0.284803 -0.616866 -0.152830
1520530813.652887 23.781734 -16.594059 -39.709029 0.722903 0.278969 -0.612998 -0.154343
1520530813.702878 24.217515 -16.097120 -40.459460 0.724426 0.276023 -0.611000 -0.160302
1520530813.752878 24.987351 -15.687570 -40.948971 0.727721 0.271439 -0.608373 -0.163172
1520530813.802880 25.712312 -15.426950 -41.586551 0.730811 0.268281 -0.605861 -0.163930
1520530813.852881 26.235489 -15.231203 -42.415990 0.733283 0.267488 -0.601415 -0.170428
1520530813.902884 27.134240 -14.959359 -42.071973 0.752289 0.275240 -0.572466 -0.174893
1520530813.952884 27.596013 -14.268728 -42.628564 0.753526 0.279852 -0.569833 -0.170800
1520530814.002887 28.327247 -13.682023 -42.976522 0.759581 0.277509 -0.562598 -0.171782
1520530814.052887 29.189234 -13.275443 -43.279294 0.766872 0.269450 -0.555139 -0.176424
1520530814.102889 29.734409 -12.570589 -43.733128 0.769670 0.267455 -0.552751 -0.174763
1520530814.153383 30.340345 -11.996895 -44.284233 0.770649 0.269772 -0.549294 -0.177760
1520530814.203385 31.055101 -11.489071 -44.765105 0.773396 0.275211 -0.542751 -0.177592
1520530814.253387 31.992749 -11.178105 -44.920401 0.784404 0.276556 -0.526514 -0.176100
1520530814.303388 32.540141 -10.673159 -45.587777 0.785709 0.276576 -0.525465 -0.173361
1520530814.353390 33.119821 -10.089781 -46.156672 0.789836 0.275095 -0.521347 -0.169351
1520530814.403392 33.952350 -9.634683 -46.472553 0.797577 0.270828 -0.511295 -0.170592
1520530814.453393 34.444479 -9.161742 -47.203398 0.800730 0.269782 -0.504431 -0.177758
1520530814.503394 35.326984 -8.727523 -47.384061 0.805468 0.268347 -0.497491 -0.178083
1520530814.553366 36.278078 -8.612172 -47.670618 0.812516 0.262359 -0.487659 -0.182138
1520530814.603368 36.958767 -7.901946 -47.850178 0.815515 0.262302 -0.487252 -0.169466
1520530814.653369 37.910522 -7.601018 -47.790137 0.822301 0.259040 -0.476823 -0.171345
1520530814.703371 38.778163 -7.548265 -47.295752 0.832526 0.259157 -0.455582 -0.179398
1520530814.753371 39.532608 -7.074412 -46.841576 0.840328 0.258410 -0.439359 -0.184488
1520530814.803373 40.176742 -7.083525 -46.076718 0.849094 0.252610 -0.420528 -0.195918
1520530814.853376 40.717532 -7.084393 -45.235561 0.856510 0.253092 -0.401665 -0.202483
1520530814.903377 41.717398 -7.098600 -45.243682 0.858638 0.246939 -0.398341 -0.207570
1520530814.953189 42.714032 -7.149786 -45.179639 0.861177 0.245285 -0.393700 -0.207871
1520530815.003187 43.232626 -7.274878 -44.333818 0.870281 0.248557 -0.372407 -0.205288
1520530815.053189 43.796852 -7.534028 -43.549925 0.878943 0.252285 -0.348317 -0.206123
1520530815.103190 44.239808 -7.660981 -42.662415 0.887378 0.255859 -0.323822 -0.205514
1520530815.153192 44.808895 -7.860907 -41.864812 0.894304 0.252660 -0.306906 -0.205408
1520530815.203193 45.802122 -7.753122 -41.821432 0.895285 0.252379 -0.304055 -0.205718
1520530815.253195 46.289081 -7.976578 -40.977076 0.901504 0.252891 -0.285168 -0.204979
1520530815.303196 47.278265 -7.909073 -40.846857 0.901502 0.253362 -0.281593 -0.209302
1520530815.353199 48.166648 -7.552168 -40.558074 0.902426 0.255312 -0.277044 -0.209021
1520530815.403065 49.046784 -7.266379 -40.179016 0.903589 0.257095 -0.271061 -0.209654
1520530815.453066 49.416339 -7.553862 -39.295397 0.908865 0.260740 -0.243373 -0.216214
1520530815.503068 50.346533 -7.621483 -38.934611 0.910768 0.258719 -0.238120 -0.216481
1520530815.553069 50.775334 -8.178620 -38.223466 0.916824 0.249667 -0.223182 -0.217463
1520530815.603070 51.758008 -8.141380 -38.041902 0.919081 0.245877 -0.222562 -0.212838
1520530815.653072 51.992955 -8.182310 -37.070756 0.925469 0.244853 -0.198002 -0.210595
1520530815.703074 52.226223 -8.783246 -36.306255 0.931071 0.234424 -0.180623 -0.213369
1520530815.753075 52.045460 -8.663807 -37.282503 0.934655 0.231810 -0.156855 -0.219272
1520530815.803066 53.004470 -8.485514 -37.062251 0.934734 0.227740 -0.154509 -0.224799
1520530815.853068 53.048638 -8.257642 -38.034940 0.935643 0.230693 -0.127199 -0.234889
1520530815.903069 53.924618 -8.152719 -37.564142 0.935946 0.224537 -0.127485 -0.239448
1520530815.953071 54.828997 -8.144611 -37.137489 0.936609 0.218558 -0.130451 -0.240789
1520530816.003072 55.786472 -8.242010 -36.865908 0.936422 0.219218 -0.130236 -0.241031
1520530816.053074 56.726626 -8.453928 -36.599074 0.936685 0.219847 -0.125898 -0.241740
1520530816.103075 57.650051 -8.509338 -36.219317 0.938492 0.217931 -0.117671 -0.240610
1520530816.153077 58.540620 -8.509795 -35.764469 0.940756 0.211552 -0.109470 -0.241329
1520530816.203195 59.358346 -8.332604 -35.216813 0.942563 0.207160 -0.102610 -0.241104
1520530816.253196 60.323407 -8.381930 -34.959470 0.943138 0.200597 -0.098817 -0.245942
1520530816.303198 61.173885 -8.388783 -34.433504 0.943239 0.199077 -0.091940 -0.249431
1520530816.353200 61.749999 -8.124679 -33.659979 0.944737 0.205156 -0.080690 -0.242636
1520530816.403201 62.633273 -8.207905 -33.198568 0.943087 0.211898 -0.068936 -0.246847
1520530816.453202 63.519162 -8.152015 -32.738049 0.941978 0.215567 -0.056407 -0.251053
1520530816.503205 64.451680 -8.057961 -32.389391 0.941734 0.214753 -0.046658 -0.254640
1520530816.553205 65.319643 -7.592577 -32.216015 0.940658 0.221004 -0.044229 -0.253699
1520530816.603260 66.178932 -7.284321 -31.807849 0.941229 0.219819 -0.035306 -0.254010
1520530816.653262 65.769149 -7.862787 -31.102545 0.943859 0.201013 0.016048 -0.261660
1520530816.703268 66.583758 -7.718368 -30.540801 0.945419 0.192465 0.023758 -0.261868
1520530816.753265 67.383309 -7.891465 -29.965688 0.947028 0.179952 0.031993 -0.264066
1520530816.803266 68.094986 -8.013223 -29.273813 0.947797 0.173182 0.042610 -0.264334
1520530816.853268 68.764714 -7.966612 -28.532671 0.948045 0.167546 0.052835 -0.265231
1520530816.903270 68.848353 -8.147925 -27.552809 0.946941 0.168289 0.081031 -0.261564
1520530816.953271 69.630786 -7.851822 -27.004976 0.946026 0.169283 0.082674 -0.263711
1520530817.002977 69.081641 -8.249863 -26.270128 0.939562 0.166124 0.118260 -0.275028
1520530817.052978 69.830660 -8.688747 -25.773791 0.939000 0.152169 0.120944 -0.283718
1520530817.102980 69.869516 -9.167970 -24.896957 0.937484 0.150432 0.144468 -0.278610
1520530817.152981 69.240705 -9.532641 -24.210218 0.932857 0.149716 0.191185 -0.266104
1520530817.202983 68.762337 -9.980395 -23.454784 0.926280 0.149912 0.230651 -0.257551
1520530817.252984 68.513951 -10.359829 -22.563530 0.918643 0.150620 0.268431 -0.247695
1520530817.302986 67.720327 -10.781398 -22.124849 0.908478 0.137807 0.305096 -0.250187
1520530817.352987 67.735523 -11.067860 -21.166878 0.906089 0.124683 0.317254 -0.250614
1520530817.402989 67.034785 -11.620747 -20.716008 0.894016 0.115000 0.347970 -0.257735
1520530817.452915 67.871781 -11.383951 -21.209328 0.877294 0.122716 0.386300 -0.257035
1520530817.502916 68.190513 -11.700394 -20.315867 0.869685 0.125803 0.399581 -0.261067
1520530817.552918 67.723907 -12.423455 -19.806492 0.849662 0.114552 0.433562 -0.277445
1520530817.602920 68.040403 -12.269723 -18.870438 0.852196 0.105806 0.435037 -0.270760
1520530817.652921 68.813782 -11.940438 -19.412154 0.824473 0.109660 0.490137 -0.260739
1520530817.702922 69.748632 -11.720498 -19.690872 0.798608 0.111156 0.535241 -0.251768
1520530817.752924 70.035767 -12.164356 -18.842024 0.796376 0.110946 0.538214 -0.252592
1520530817.802926 70.922880 -11.942666 -19.246850 0.773801 0.105165 0.580272 -0.231207
1520530817.853492 70.607594 -12.347388 -18.388482 0.771518 0.096614 0.585413 -0.229600
1520530817.903493 71.488453 -11.910782 -18.205553 0.757370 0.087457 0.603921 -0.232427
1520530817.953495 71.025172 -12.298792 -17.408798 0.752342 0.085442 0.612000 -0.228336
1520530818.003497 70.680499 -12.846033 -16.646087 0.747740 0.082665 0.617519 -0.229610
1520530818.053498 69.699077 -13.034612 -16.681455 0.728914 0.078601 0.640950 -0.227351
1520530818.103500 69.209273 -13.406641 -15.892984 0.723873 0.070264 0.646109 -0.231547
1520530818.153501 68.633206 -13.937534 -15.271454 0.718709 0.060669 0.649334 -0.241126
1520530818.203502 68.066907 -14.420281 -14.603427 0.714034 0.051688 0.653914 -0.244705
1520530818.253753 68.050470 -15.007814 -13.794394 0.712284 0.052475 0.655059 -0.246566
1520530818.303756 67.135935 -15.049857 -14.196709 0.689300 0.045091 0.682878 -0.237720
1520530818.353756 66.419841 -15.509686 -13.671575 0.682425 0.042044 0.691160 -0.234152
1520530818.403758 65.853909 -15.995815 -13.005692 0.677472 0.039490 0.696451 -0.233300
1520530818.453759 65.102931 -16.411134 -12.492328 0.671835 0.035663 0.702138 -0.233171
1520530818.503834 64.499203 -16.805873 -11.799729 0.668550 0.032646 0.706377 -0.230231
1520530818.553762 64.054062 -17.349411 -11.088100 0.663656 0.033801 0.711608 -0.228103
1520530818.603764 63.222320 -17.408621 -11.640097 0.636491 0.022550 0.736688 -0.227289
1520530818.653602 62.648919 -17.957321 -12.248488 0.606899 0.008097 0.757190 -0.241392
1520530818.703604 61.717708 -18.051000 -12.600725 0.580867 0.010200 0.779325 -0.234822
1520530818.753605 61.026820 -18.028600 -13.323340 0.554734 0.009735 0.799784 -0.229175
1520530818.803607 60.309584 -18.523001 -12.832280 0.551195 0.011760 0.802418 -0.228408
1520530818.853608 59.393288 -18.880631 -12.651996 0.545077 0.005596 0.805999 -0.230705
1520530818.903610 58.468962 -19.222015 -12.481468 0.541394 -0.002377 0.807864 -0.232899
1520530818.953611 57.482011 -19.172198 -12.634586 0.535239 -0.012057 0.812457 -0.230843
1520530819.003613 56.810915 -18.762243 -13.252298 0.520955 -0.027649 0.822326 -0.227204
1520530819.053455 55.821036 -18.871772 -13.162061 0.518299 -0.034111 0.823270 -0.228972
1520530819.103456 54.928854 -19.028450 -13.585694 0.506144 -0.030327 0.831404 -0.227301
1520530819.153458 54.021213 -19.447923 -13.600853 0.499910 -0.027702 0.833935 -0.232110
1520530819.203459 53.107307 -19.670337 -13.940422 0.496214 -0.025366 0.834786 -0.237193
1520530819.253461 52.130053 -19.881462 -13.960444 0.496716 -0.022350 0.835405 -0.234250
1520530819.303463 51.338392 -20.483489 -14.064537 0.493216 -0.022521 0.839291 -0.227643
1520530819.353464 50.678076 -20.459781 -14.815151 0.478845 -0.032069 0.849737 -0.218236
1520530819.403466 49.889224 -20.365743 -15.422497 0.463527 -0.046798 0.859259 -0.211252
1520530819.453362 49.166073 -20.133812 -16.073082 0.445644 -0.057924 0.869087 -0.206720
1520530819.503364 48.420871 -20.219181 -16.734433 0.428004 -0.064332 0.877071 -0.208376
1520530819.553366 47.671572 -20.086173 -17.383171 0.407701 -0.069528 0.887098 -0.204944
1520530819.603367 46.904688 -19.998003 -18.018872 0.389039 -0.075173 0.895663 -0.201953
1520530819.653369 46.143100 -19.907953 -18.660646 0.373107 -0.080053 0.902342 -0.200406
1520530819.703370 45.440812 -19.694501 -19.339785 0.349491 -0.085034 0.912289 -0.195842
1520530819.753375 44.763126 -19.571599 -20.064794 0.323347 -0.089144 0.922802 -0.189567
1520530819.803373 43.985112 -19.565294 -20.693008 0.297618 -0.092167 0.932554 -0.182403
1520530819.853374 43.327441 -19.268802 -21.385512 0.272304 -0.096477 0.942231 -0.169538
1520530819.903325 42.733858 -19.038492 -22.156626 0.249463 -0.103253 0.948837 -0.163753
1520530819.953332 42.106992 -18.894216 -22.922278 0.230592 -0.110030 0.952637 -0.164938
1520530820.003328 41.251496 -19.326307 -23.207627 0.226369 -0.112632 0.952674 -0.168768
1520530820.053330 40.721544 -19.113354 -24.028481 0.211874 -0.117902 0.955753 -0.166570
1520530820.103372 40.412374 -18.880107 -24.950441 0.197981 -0.119723 0.958578 -0.166128
1520530820.153333 39.426968 -18.838727 -25.115553 0.199004 -0.122484 0.958014 -0.166144
1520530820.203335 38.474729 -18.584539 -25.284752 0.195233 -0.126059 0.959066 -0.161818
1520530820.253336 37.490187 -18.461937 -25.409840 0.190479 -0.128766 0.958741 -0.167191
1520530820.303467 36.968078 -18.312799 -26.249578 0.175514 -0.131212 0.959960 -0.174516
1520530820.353468 36.400789 -17.961233 -26.994282 0.162767 -0.142577 0.961981 -0.166647
1520530820.403470 35.623863 -18.510233 -27.302480 0.160519 -0.145425 0.963129 -0.159584
1520530820.453470 34.754348 -18.945250 -27.536367 0.158157 -0.150376 0.963924 -0.152397
1520530820.503473 34.395963 -18.630840 -28.415404 0.135774 -0.160053 0.966909 -0.145037
1520530820.553474 33.473481 -18.840494 -28.739552 0.127032 -0.160055 0.967680 -0.147787
1520530820.603476 32.491606 -18.746805 -28.904309 0.120471 -0.162240 0.967983 -0.148912
1520530820.653478 31.521233 -18.637006 -29.119528 0.111983 -0.163819 0.968294 -0.151758
1520530820.703377 30.603079 -18.797707 -29.481701 0.103438 -0.163863 0.968520 -0.156264
1520530820.753379 29.653165 -19.004144 -29.716323 0.091830 -0.168988 0.968221 -0.159872
1520530820.803380 28.879922 -19.498512 -30.113431 0.079020 -0.172574 0.968235 -0.162772
1520530820.853382 28.031027 -19.866360 -30.492990 0.068513 -0.175881 0.968972 -0.159577
1520530820.903383 27.091440 -20.111444 -30.731967 0.056815 -0.181143 0.969429 -0.155454
1520530820.953385 26.205662 -20.343610 -31.133833 0.048807 -0.181071 0.969482 -0.157911
1520530821.003387 25.311838 -20.364246 -31.581778 0.041165 -0.183218 0.969150 -0.159640
1520530821.053389 24.413921 -20.469131 -32.009263 0.042253 -0.186756 0.968155 -0.161286
1520530821.103219 23.580674 -20.752512 -32.484020 0.037575 -0.187783 0.967807 -0.163326
1520530821.153220 22.870001 -20.758608 -33.187516 0.030952 -0.190719 0.967362 -0.163946
1520530821.203221 22.238662 -20.784136 -33.962603 0.022710 -0.187950 0.967827 -0.165739
1520530821.253223 22.018378 -20.180158 -34.728556 0.000047 -0.190386 0.969035 -0.157238
1520530821.303224 21.908697 -19.478998 -35.433074 -0.025573 -0.194897 0.968858 -0.150586
1520530821.353226 21.361924 -19.434678 -36.269182 -0.035444 -0.194129 0.966818 -0.162237
1520530821.403228 20.792376 -19.712646 -37.042712 -0.038265 -0.194088 0.966142 -0.165634
1520530821.453229 20.398727 -19.996476 -37.917058 -0.039965 -0.198419 0.965991 -0.160914
1520530821.503483 19.962788 -20.256237 -38.778731 -0.043722 -0.203897 0.965705 -0.154690
1520530821.553485 19.387960 -20.297757 -39.595952 -0.048603 -0.213115 0.964110 -0.150705
1520530821.603487 18.781328 -20.235247 -40.388473 -0.054368 -0.217628 0.963066 -0.148947
1520530821.653488 18.441503 -20.011701 -41.302008 -0.066996 -0.218836 0.961664 -0.151077
1520530821.703495 18.284761 -19.257179 -41.939290 -0.088727 -0.233515 0.957585 -0.143628
1520530821.753491 17.585515 -19.036808 -42.619357 -0.098399 -0.235410 0.955323 -0.149192
1520530821.803493 16.808274 -18.892558 -43.231802 -0.100593 -0.239127 0.953952 -0.150580
1520530821.853494 16.168845 -19.024531 -43.989241 -0.115007 -0.236442 0.953166 -0.149474
1520530821.903496 15.456650 -18.869499 -44.673889 -0.122820 -0.244151 0.950681 -0.146665
1520530821.953848 14.934819 -18.859611 -45.526880 -0.141219 -0.247640 0.947550 -0.144499
1520530822.003850 15.253819 -18.254218 -46.256084 -0.183334 -0.260850 0.939090 -0.128278
1520530822.053851 14.844699 -18.091113 -47.153869 -0.204437 -0.263464 0.934252 -0.126352
1520530822.103853 14.158040 -17.957610 -47.868485 -0.213235 -0.267552 0.930562 -0.130389
1520530822.153854 14.588109 -17.271562 -48.455324 -0.243962 -0.279506 0.920857 -0.119920
1520530822.203856 14.132359 -17.269915 -49.345431 -0.249186 -0.280794 0.919022 -0.120248
1520530822.253858 14.413105 -16.885857 -50.225023 -0.265520 -0.288047 0.912360 -0.118862
1520530822.303859 14.621406 -16.506270 -51.126424 -0.275830 -0.293012 0.907920 -0.117236
1520530822.353643 15.144434 -15.735657 -51.490563 -0.294450 -0.302775 0.899804 -0.109449
1520530822.403644 15.601894 -14.930896 -51.868835 -0.314609 -0.314406 0.890736 -0.093594
1520530822.453646 15.401907 -14.479808 -52.738619 -0.324136 -0.313031 0.887250 -0.098668
1520530822.503647 15.991593 -13.700238 -52.949668 -0.342311 -0.321879 0.877610 -0.094964
1520530822.553649 16.656991 -13.068277 -53.346998 -0.357736 -0.331612 0.868089 -0.092092
1520530822.603651 17.008512 -12.227144 -53.758006 -0.371711 -0.351484 0.855354 -0.081600
1520530822.653653 17.038092 -11.799229 -54.661341 -0.377375 -0.353398 0.852361 -0.078608
1520530822.703654 17.612645 -11.014215 -54.892948 -0.397845 -0.362873 0.840282 -0.062996
1520530822.753500 18.202908 -10.263769 -55.190304 -0.415769 -0.367619 0.830406 -0.049178
1520530822.803502 18.906962 -9.555201 -55.237626 -0.434118 -0.369465 0.820577 -0.041110
1520530822.853504 19.584243 -8.918029 -55.605460 -0.447952 -0.370363 0.812816 -0.038730
1520530822.903505 20.406311 -8.358860 -55.712857 -0.462879 -0.377270 0.801567 -0.030022
1520530822.953507 20.292093 -8.065820 -56.662110 -0.465357 -0.377737 0.800192 -0.021210
1520530823.003508 19.661609 -8.842022 -56.661987 -0.487566 -0.384078 0.784059 -0.003965
1520530823.053510 19.491276 -8.227473 -57.432258 -0.489724 -0.386473 0.781535 -0.003531
1520530823.103511 20.014054 -7.380258 -57.526747 -0.504261 -0.397740 0.766441 0.009546
1520530823.153322 20.908062 -6.932217 -57.529773 -0.519742 -0.397751 0.755794 0.020935
1520530823.203323 21.794889 -6.502695 -57.700213 -0.531581 -0.395484 0.748561 0.025886
1520530823.253325 22.634123 -6.218935 -58.164073 -0.541825 -0.391456 0.743251 0.027683
1520530823.303327 23.179793 -5.615391 -58.745432 -0.547159 -0.394244 0.737886 0.026694
1520530823.353328 23.748547 -4.847582 -58.450495 -0.558288 -0.405449 0.723149 0.031317
1520530823.403330 24.745733 -4.812829 -58.384079 -0.570263 -0.401074 0.715991 0.036006
1520530823.453331 25.061430 -4.045647 -58.942440 -0.571963 -0.397943 0.716444 0.034743
1520530823.503333 25.624300 -3.285910 -58.616899 -0.581012 -0.401573 0.707073 0.034807
1520530823.553308 26.255585 -2.632999 -58.198348 -0.591051 -0.401776 0.698737 0.031643
1520530823.603310 27.211080 -2.533181 -57.920739 -0.598423 -0.397976 0.694798 0.027581
1520530823.653311 27.847292 -1.868908 -57.528340 -0.603122 -0.405006 0.686914 0.019040
1520530823.703313 28.715406 -1.377604 -57.599028 -0.608048 -0.409509 0.679932 0.016489
1520530823.753314 29.316875 -1.032586 -58.319583 -0.609472 -0.410704 0.677838 0.020068
1520530823.803316 29.616579 -0.308405 -58.940662 -0.610964 -0.412412 0.675414 0.021360
1520530823.853318 30.102129 0.386755 -59.470751 -0.614034 -0.412514 0.672406 0.025800
1520530823.903319 30.594503 1.093488 -59.978781 -0.618246 -0.411249 0.669218 0.028146
1520530823.953421 31.112796 1.743104 -60.534992 -0.622254 -0.410083 0.666111 0.030472
1520530824.003422 31.666322 2.349384 -61.105986 -0.625613 -0.411029 0.662362 0.030667
1520530824.053424 32.051655 2.962809 -61.795354 -0.628963 -0.410981 0.659051 0.033930
1520530824.103426 32.439919 3.577148 -62.482260 -0.634144 -0.410601 0.654045 0.038646
1520530824.153427 32.848102 4.232765 -63.117517 -0.642116 -0.408830 0.646943 0.044826
1520530824.203429 33.004506 4.977960 -63.765763 -0.639783 -0.415377 0.644699 0.050024
1520530824.253430 33.401682 5.598529 -64.441888 0.644253 0.413478 -0.640781 -0.058077
1520530824.303432 33.998719 6.243135 -64.919412 0.652584 0.406311 -0.636959 -0.057687
1520530824.353433 34.722110 6.822573 -65.294854 0.662738 0.399126 -0.631179 -0.055587
1520530824.403523 35.401291 7.392410 -65.757455 0.669726 0.396232 -0.625681 -0.054689
1520530824.453525 36.188667 7.930294 -66.058652 0.676563 0.394929 -0.618866 -0.057431
1520530824.503527 36.980882 8.435959 -66.400263 0.682586 0.390972 -0.614555 -0.059490
1520530824.553528 37.771836 8.987205 -66.665819 0.690214 0.386731 -0.608123 -0.065042
1520530824.603529 37.977123 9.771710 -67.250975 0.691800 0.384859 -0.607195 -0.067903
1520530824.653531 38.872475 10.132744 -67.511744 0.703390 0.371435 -0.601499 -0.074009
1520530824.703532 39.754505 10.535381 -67.756503 0.711743 0.362396 -0.597228 -0.073558
1520530824.753536 40.519697 11.056637 -68.134356 0.715977 0.363478 -0.591472 -0.073633
1520530824.803378 41.315598 11.240344 -67.557473 0.733713 0.373585 -0.561337 -0.083666
1520530824.853379 41.952834 11.743275 -66.973530 0.749762 0.395678 -0.522558 -0.090718
1520530824.903381 42.675369 12.237522 -67.456918 0.756303 0.398304 -0.509634 -0.098151
1520530824.953473 43.226530 12.775888 -68.094400 0.759438 0.397503 -0.504334 -0.104364
1520530825.003384 43.941204 12.557359 -67.429955 0.775250 0.391195 -0.482711 -0.113771
1520530825.053385 44.359235 13.173932 -68.097104 0.779450 0.389326 -0.475930 -0.119886
1520530825.103387 45.062589 13.597896 -67.526536 0.790594 0.401658 -0.446583 -0.119146
1520530825.153388 45.703395 13.453870 -66.772464 0.805227 0.402500 -0.416400 -0.127336
1520530825.203182 46.223368 13.840426 -66.010754 0.816423 0.412317 -0.381063 -0.135056
1520530825.253183 46.867719 14.525116 -66.351359 0.819241 0.412174 -0.375523 -0.133940
1520530825.303185 47.587108 15.095727 -66.747442 0.818865 0.414488 -0.371817 -0.139324
1520530825.353186 48.192970 15.886951 -66.830489 0.817467 0.421190 -0.370567 -0.130483
1520530825.403188 48.812529 16.622991 -67.103238 0.817215 0.419655 -0.374982 -0.124247
1520530825.453190 49.510062 16.976094 -66.479728 0.829090 0.419077 -0.346711 -0.129519
1520530825.503191 48.935736 17.263345 -67.246302 0.844697 0.408698 -0.317836 -0.135768
1520530825.553193 49.675020 17.857611 -66.929590 0.848541 0.409335 -0.308795 -0.130646
1520530825.603213 49.181690 17.959445 -67.793451 0.857711 0.407212 -0.278350 -0.145024
1520530825.653215 48.940076 17.928747 -68.763338 0.861552 0.414437 -0.244875 -0.161264
1520530825.703216 49.651998 18.627666 -68.694920 0.861981 0.413121 -0.244586 -0.162780
1520530825.753218 50.187875 19.469783 -68.634305 0.864410 0.410415 -0.243530 -0.158268
1520530825.803220 50.887431 20.172210 -68.503089 0.866789 0.406508 -0.243346 -0.155596
1520530825.853221 50.430907 20.557158 -69.305212 0.875479 0.398664 -0.218711 -0.163614
1520530825.903223 51.091518 21.278320 -69.513822 0.875102 0.402053 -0.216370 -0.160418
1520530825.953225 50.640996 21.610282 -70.342575 0.882824 0.398941 -0.180306 -0.170168
1520530826.003936 51.408959 22.093082 -70.763452 0.874559 0.407453 -0.185282 -0.186547
1520530826.053936 52.133149 22.767508 -70.619587 0.874891 0.407659 -0.177304 -0.192208
1520530826.103938 52.863154 23.312184 -70.206765 0.879920 0.399023 -0.168215 -0.195513
1520530826.153939 53.579324 23.965498 -69.961244 0.882501 0.395801 -0.163379 -0.194527
1520530826.203940 54.393921 24.519119 -69.788226 0.883914 0.395224 -0.154525 -0.196513
1520530826.253942 54.394515 23.897110 -69.005217 0.892977 0.384300 -0.108307 -0.207786
1520530826.303945 55.225989 24.422589 -68.824876 0.895533 0.380467 -0.099579 -0.208205
1520530826.353945 55.016850 23.966948 -67.959629 0.894440 0.383438 -0.046713 -0.225323
1520530826.404023 54.814422 23.293048 -67.249079 0.893629 0.377252 -0.000811 -0.243120
1520530826.454024 54.507523 22.942649 -66.364187 0.893025 0.372552 0.035751 -0.249866
1520530826.504025 55.306255 23.274897 -65.862550 0.895301 0.365786 0.039587 -0.251138
1520530826.554083 54.936809 22.754152 -65.092917 0.895193 0.357292 0.070038 -0.257034
1520530826.604029 55.826515 22.931971 -64.672436 0.895389 0.354075 0.075317 -0.259301
1520530826.654030 55.285140 22.609567 -63.895925 0.893247 0.352252 0.105447 -0.258669
1520530826.704032 55.657225 22.589526 -62.967943 0.891554 0.353248 0.114891 -0.259128
1520530826.754033 55.212524 22.169996 -62.176592 0.883302 0.357856 0.144206 -0.266312
1520530826.804035 54.940238 21.609526 -61.394458 0.876820 0.356119 0.163541 -0.278605
1520530826.853659 54.907495 21.075146 -60.549848 0.874218 0.348574 0.173976 -0.289779
1520530826.903661 54.804221 20.761433 -59.605963 0.872975 0.344299 0.181447 -0.294024
1520530826.953662 55.012000 20.296608 -58.745286 0.870670 0.344360 0.188739 -0.296189
1520530827.003664 55.165465 19.600238 -58.044204 0.868169 0.341524 0.200243 -0.299244
1520530827.053666 54.973372 18.907145 -57.349421 0.865254 0.339299 0.216016 -0.299248
1520530827.103667 54.447995 18.430873 -56.644336 0.862700 0.334676 0.236947 -0.295966
1520530827.153669 53.983811 17.689348 -56.159904 0.859416 0.325885 0.257524 -0.298134
1520530827.203670 53.840444 17.061965 -55.394505 0.856695 0.316674 0.273205 -0.301911
1520530827.253637 53.695068 16.692164 -54.476838 0.854176 0.310805 0.288976 -0.300462
1520530827.303638 53.235181 15.998436 -53.922541 0.849584 0.303833 0.308419 -0.301283
1520530827.353640 52.808594 15.329562 -53.313746 0.844160 0.297478 0.327723 -0.302487
1520530827.403642 53.140694 15.049278 -52.413107 0.842357 0.294350 0.334329 -0.303342
1520530827.453643 53.646929 14.997173 -51.552287 0.839676 0.296837 0.338510 -0.303716
1520530827.503645 53.329628 14.344448 -50.864341 0.829974 0.294715 0.359439 -0.308367
1520530827.553647 53.443809 14.226524 -49.877905 0.828621 0.291081 0.365468 -0.308370
1520530827.603648 53.702948 13.963951 -48.948441 0.829628 0.282517 0.368836 -0.309615
1520530827.653593 53.239344 13.286034 -48.377915 0.825534 0.272367 0.386637 -0.307932
1520530827.703595 53.640056 13.026557 -47.499222 0.827525 0.266912 0.387142 -0.306726
1520530827.753596 53.009836 12.437423 -46.993510 0.822415 0.258497 0.403336 -0.306813
1520530827.803598 52.211182 11.970430 -46.613947 0.815665 0.253165 0.421030 -0.305504
1520530827.853599 52.319341 11.440907 -45.772575 0.812404 0.252369 0.426618 -0.307095
1520530827.903600 51.662379 10.809288 -45.360921 0.803435 0.249363 0.445018 -0.307032
1520530827.953602 51.768074 10.509500 -44.412789 0.804142 0.247154 0.445154 -0.306770
1520530828.003604 51.884918 10.050410 -43.532116 0.803571 0.245778 0.447768 -0.305565
1520530828.053573 51.272714 9.720421 -42.813566 0.796404 0.246905 0.466231 -0.295648
1520530828.103574 51.545852 9.385714 -41.911697 0.794640 0.249882 0.469153 -0.293261
1520530828.153593 51.736247 8.957284 -41.028409 0.790722 0.251364 0.474450 -0.294062
1520530828.203578 51.847472 8.673098 -40.076114 0.789541 0.251772 0.476427 -0.293690
1520530828.253579 51.881048 8.408610 -39.112309 0.788663 0.253336 0.479146 -0.290259
1520530828.303581 51.215007 7.695391 -38.893888 0.777718 0.248707 0.497072 -0.293630
1520530828.353582 51.226359 7.282334 -37.983253 0.778219 0.248019 0.497775 -0.291690
1520530828.403584 51.399109 6.813439 -37.117058 0.777950 0.245975 0.498423 -0.293026
1520530828.453458 50.851003 6.121269 -36.647504 0.767378 0.235916 0.517725 -0.295695
1520530828.503460 50.988624 5.795713 -35.712050 0.762232 0.231000 0.525017 -0.299997
1520530828.553461 51.099854 5.691563 -34.723728 0.756651 0.230481 0.533724 -0.299160
1520530828.603463 51.129849 5.589064 -33.729447 0.750587 0.233106 0.542968 -0.295746
1520530828.653465 51.088670 5.552132 -32.730978 0.745835 0.236672 0.550426 -0.291113
1520530828.703466 50.778802 5.234523 -31.834817 0.742710 0.235327 0.555652 -0.290265
1520530828.753468 50.838888 4.846505 -30.915126 0.743465 0.230873 0.554364 -0.294341
1520530828.803469 50.925932 4.304374 -30.079352 0.740394 0.225974 0.558259 -0.298497
1520530828.853471 50.928918 3.944617 -29.146310 0.736374 0.224718 0.562839 -0.300780
1520530828.903294 50.566605 3.582038 -28.287669 0.732134 0.224886 0.568514 -0.300330
1520530828.953295 49.923475 2.915748 -27.910255 0.717464 0.223601 0.585176 -0.304658
1520530829.003296 49.870155 3.003142 -26.915509 0.716045 0.223803 0.586162 -0.305950
1520530829.053298 49.477179 2.483463 -26.156890 0.712801 0.217298 0.588104 -0.314373
1520530829.103299 49.473643 1.926405 -25.326423 0.709621 0.213450 0.588771 -0.322840
1520530829.153301 49.172610 1.597019 -24.431502 0.713586 0.209624 0.589668 -0.314873
1520530829.203302 48.876735 0.976490 -23.705278 0.710745 0.199799 0.596529 -0.314761
1520530829.253304 49.301933 0.740393 -22.831513 0.706639 0.204941 0.599268 -0.315496
1520530829.303629 48.816916 0.465580 -22.001310 0.705126 0.198320 0.610379 -0.301504
1520530829.353631 48.465478 0.245733 -21.091278 0.705712 0.194433 0.614654 -0.293882
1520530829.403632 48.042396 -0.215097 -20.311126 0.700988 0.187275 0.620299 -0.297948
1520530829.453637 47.132247 -0.628290 -20.341140 0.675463 0.181221 0.651120 -0.294875
1520530829.503635 46.960845 -1.129304 -19.492844 0.671679 0.180964 0.656750 -0.291169
1520530829.553637 47.071346 -1.702540 -18.680939 0.660643 0.187475 0.666456 -0.290243
1520530829.603639 46.957595 -2.046437 -17.748847 0.656685 0.185435 0.672351 -0.286919
1520530829.653640 46.623466 -2.419174 -16.883153 0.655810 0.180268 0.677206 -0.280731
1520530829.704050 46.461657 -2.726115 -15.945281 0.653956 0.179491 0.680782 -0.276876
1520530829.754052 45.948725 -2.777846 -15.088412 0.662138 0.171268 0.682658 -0.257330
1520530829.804054 45.404831 -3.309012 -14.438763 0.652918 0.168937 0.690918 -0.260367
1520530829.854055 44.981571 -3.399169 -13.537252 0.657856 0.162480 0.690490 -0.253079
1520530829.904057 44.405895 -3.897542 -12.889008 0.646238 0.154206 0.701377 -0.258200
1520530829.954058 43.578530 -4.202966 -12.417643 0.638640 0.142627 0.710773 -0.258065
1520530830.004060 42.639633 -4.535882 -12.505043 0.622729 0.132261 0.727906 -0.254692
1520530830.054061 41.858712 -4.833822 -11.956049 0.616672 0.125521 0.734934 -0.252652
1520530830.103816 40.996283 -5.327571 -11.844571 0.600718 0.122900 0.748895 -0.251376
1520530830.153816 40.301693 -5.703576 -11.231248 0.594847 0.117804 0.752239 -0.257713
1520530830.203818 39.378155 -5.994765 -10.981676 0.593072 0.106287 0.754311 -0.260737
1520530830.253820 38.528867 -6.285822 -11.422124 0.581973 0.096966 0.763852 -0.261600
1520530830.303821 37.662317 -6.754935 -11.592491 0.571556 0.089708 0.774304 -0.256378
1520530830.353823 36.895628 -7.314213 -11.907763 0.556833 0.081992 0.786224 -0.255082
1520530830.403825 36.068165 -7.521243 -12.429724 0.537291 0.075794 0.802244 -0.248955
1520530830.453826 35.128044 -7.822797 -12.588588 0.521679 0.072627 0.814107 -0.244554
1520530830.503616 34.491104 -8.319983 -11.999424 0.516484 0.077763 0.816866 -0.244799
1520530830.553618 33.804369 -8.692826 -12.623430 0.495947 0.073736 0.829541 -0.245889
1520530830.603620 33.018283 -8.973159 -13.174323 0.476566 0.065429 0.841573 -0.245678
1520530830.653621 32.259593 -9.151040 -13.801018 0.450979 0.055550 0.857968 -0.239632
1520530830.703623 31.533518 -9.799557 -13.572455 0.439496 0.055229 0.864165 -0.238770
1520530830.753625 30.744247 -10.335901 -13.273478 0.430650 0.056784 0.870360 -0.231925
1520530830.803627 29.963857 -10.285627 -13.896746 0.403623 0.051947 0.888437 -0.212298
1520530830.853628 29.271804 -10.410576 -14.607697 0.385707 0.045829 0.898130 -0.206137
1520530830.903462 28.995860 -10.513824 -15.563309 0.367290 0.041338 0.905278 -0.209428
1520530830.953465 28.753942 -10.664673 -16.521808 0.349065 0.036347 0.911664 -0.213776
1520530831.003467 28.355144 -10.928065 -17.400207 0.330269 0.030738 0.917643 -0.218881
1520530831.053468 27.399622 -11.164141 -17.576969 0.327476 0.026224 0.917399 -0.224613
1520530831.103468 26.540938 -11.583281 -17.871900 0.322990 0.023995 0.918052 -0.228653
1520530831.153471 25.623416 -11.974840 -17.941439 0.322162 0.022290 0.917086 -0.233810
1520530831.203472 24.813233 -12.546447 -18.071317 0.319789 0.024363 0.917546 -0.235055
1520530831.253474 24.393548 -12.459225 -18.974786 0.305690 0.019752 0.922703 -0.234058
1520530831.303476 23.708369 -12.910537 -19.546492 0.304408 0.018628 0.922944 -0.234867
1520530831.353524 23.305940 -13.038404 -20.452970 0.298629 0.014449 0.925131 -0.233976
1520530831.403624 22.674034 -13.809571 -20.530389 0.295736 0.018228 0.926817 -0.230693
1520530831.453527 21.885405 -14.419095 -20.611296 0.292706 0.017204 0.928014 -0.229820
1520530831.503529 21.116265 -15.037207 -20.773657 0.288451 0.016034 0.929330 -0.229969
1520530831.553530 20.379381 -15.671005 -21.008821 0.283168 0.017076 0.931265 -0.228627
1520530831.603532 19.591458 -16.140693 -21.407030 0.276113 0.016435 0.934426 -0.224366
1520530831.653533 18.954647 -16.907645 -21.486131 0.271760 0.018655 0.936078 -0.222613
1520530831.703535 18.147020 -17.421871 -21.774765 0.268632 0.015841 0.937081 -0.222410
1520530831.753733 17.334094 -17.956071 -22.006673 0.265037 0.011228 0.937665 -0.224528
1520530831.803735 16.505917 -18.395393 -22.354695 0.256380 0.005371 0.938881 -0.229658
1520530831.853737 15.648053 -18.709213 -22.761619 0.242137 -0.001974 0.941891 -0.232825
1520530831.903738 14.796663 -19.231460 -22.810525 0.231386 -0.003421 0.943791 -0.236022
1520530831.953740 13.870316 -19.588123 -22.931660 0.226421 -0.003852 0.946003 -0.231941
1520530832.003741 12.949428 -19.742718 -23.289523 0.218431 -0.006794 0.947770 -0.232321
1520530832.053743 12.207479 -20.255764 -23.721142 0.211126 -0.008612 0.948339 -0.236654
1520530832.103744 12.072974 -19.945288 -24.662159 0.186766 -0.024840 0.952920 -0.237580
1520530832.153733 11.313069 -20.224531 -25.249158 0.176768 -0.028982 0.955420 -0.234702
1520530832.203735 10.384176 -20.560124 -25.405800 0.175825 -0.030811 0.956097 -0.232410
1520530832.253736 9.587225 -21.055241 -25.751816 0.171553 -0.030334 0.957317 -0.230639
1520530832.303738 8.841055 -21.586499 -26.153057 0.164294 -0.029287 0.958889 -0.229524
1520530832.353740 8.232574 -22.004282 -26.827748 0.152837 -0.026478 0.960524 -0.230942
1520530832.403741 7.610434 -22.558481 -27.380745 0.150005 -0.024365 0.958660 -0.240575
1520530832.453743 7.087352 -22.860550 -28.177701 0.142963 -0.028420 0.959347 -0.241675
1520530832.503744 6.483383 -23.255778 -28.869812 0.136997 -0.036165 0.960507 -0.239480
1520530832.553492 6.091825 -23.890849 -29.535671 0.124875 -0.041199 0.962638 -0.236721
1520530832.603494 5.464647 -24.550565 -29.949702 0.120615 -0.044778 0.963503 -0.234752
1520530832.653495 5.048315 -24.656526 -30.852719 0.098088 -0.056370 0.967070 -0.227987
1520530832.703496 4.583729 -24.855503 -31.715602 0.078757 -0.063291 0.970045 -0.220918
1520530832.753498 4.791036 -24.148710 -32.391966 0.048258 -0.078896 0.972430 -0.214072
1520530832.803499 4.688919 -23.805299 -33.325583 0.027334 -0.089415 0.973743 -0.207563
1520530832.853501 5.042829 -23.338377 -34.135973 -0.000746 -0.102182 0.973717 -0.203552
1520530832.903502 5.385458 -23.157125 -35.057793 -0.034296 -0.108935 0.972442 -0.203255
1520530832.953347 5.468417 -22.958415 -36.034334 -0.072581 -0.113746 0.970933 -0.197693
1520530833.003408 4.562125 -23.018092 -36.452750 -0.070623 -0.123304 0.970593 -0.194316
1520530833.053349 5.142926 -22.559960 -37.125643 -0.110734 -0.134264 0.966797 -0.187125
1520530833.103352 5.206712 -22.029010 -37.970643 -0.141971 -0.148960 0.962731 -0.175512
1520530833.153352 4.664133 -22.409367 -38.719600 -0.149917 -0.149752 0.961169 -0.176786
1520530833.203354 4.106806 -22.707716 -39.494438 -0.158160 -0.152141 0.958718 -0.180825
1520530833.253356 3.576878 -22.953201 -38.682703 -0.191982 -0.160417 0.950500 -0.184282
1520530833.303358 2.912097 -23.288761 -39.350134 -0.197171 -0.158932 0.950233 -0.181444
1520530833.353606 2.395511 -23.820039 -38.678655 -0.227594 -0.165759 0.944009 -0.171967
1520530833.403607 1.749065 -23.750695 -39.438456 -0.230139 -0.168700 0.942200 -0.175598
1520530833.453609 1.312764 -23.842227 -38.543323 -0.271293 -0.160008 0.929959 -0.189666
1520530833.503610 0.908396 -23.835816 -39.457897 -0.275536 -0.158584 0.927523 -0.196553
1520530833.553612 0.545776 -24.160760 -40.331349 -0.281755 -0.159649 0.925094 -0.198309
1520530833.603614 0.402635 -24.250435 -41.316980 -0.288267 -0.164043 0.922119 -0.199219
1520530833.653615 0.067640 -24.586805 -42.197113 -0.292541 -0.169255 0.920560 -0.195810
1520530833.703616 -0.469802 -24.917809 -42.972736 -0.295876 -0.172946 0.919540 -0.192337
1520530833.753618 -1.046268 -25.469551 -43.575453 -0.298179 -0.166988 0.922488 -0.179502
1520530833.804356 -1.174632 -25.210870 -44.532849 -0.308658 -0.170944 0.919519 -0.173184
1520530833.854357 -1.532442 -25.015904 -45.446063 -0.314144 -0.175911 0.916404 -0.174851
1520530833.904359 -0.776046 -24.375627 -45.579889 -0.356677 -0.195556 0.899366 -0.160252
1520530833.954361 -0.119496 -23.627608 -45.676897 -0.401251 -0.222873 0.877473 -0.139166
1520530834.004362 0.669260 -23.023758 -45.791912 -0.442029 -0.236547 0.856022 -0.126025
1520530834.054364 0.538937 -22.612440 -46.694039 -0.452739 -0.240836 0.849551 -0.123647
1520530834.104366 1.245930 -21.907789 -46.633805 -0.492825 -0.259904 0.825922 -0.086178
1520530834.154367 1.064538 -21.619186 -47.573914 -0.497315 -0.264362 0.822334 -0.080981
1520530834.204152 1.322872 -21.280470 -48.478644 -0.505317 -0.266971 0.816738 -0.079497
1520530834.254153 1.448407 -21.117254 -49.457215 -0.510419 -0.269430 0.812747 -0.079514
1520530834.304155 2.426293 -20.981199 -49.298386 -0.544514 -0.271179 0.789321 -0.083303
1520530834.354156 2.628012 -20.669689 -50.226971 -0.549567 -0.270447 0.786063 -0.083306
1520530834.404157 2.978797 -19.980811 -50.861319 -0.555584 -0.273708 0.780346 -0.086427
1520530834.454159 3.725382 -19.402394 -50.532618 -0.573461 -0.282273 0.764607 -0.082710
1520530834.504160 4.551261 -18.862146 -50.694038 -0.581887 -0.285238 0.757890 -0.075167
1520530834.554162 4.763068 -17.966619 -51.085406 -0.583753 -0.291681 0.754157 -0.073500
1520530834.603905 5.235507 -17.329058 -51.693944 -0.583753 -0.291681 0.754157 -0.073500
1520530834.653884 6.100082 -16.841650 -51.816185 -0.585406 -0.293925 0.752051 -0.072980
1520530834.703887 6.712130 -16.201361 -52.280327 -0.583879 -0.299307 0.750715 -0.076993
1520530834.753888 7.432442 -15.671813 -52.728355 -0.584065 -0.304751 0.747893 -0.081548
1520530834.803890 8.254912 -15.232456 -53.089615 -0.586911 -0.310148 0.743378 -0.082053
1520530834.853890 8.866472 -14.566478 -53.516777 -0.589181 -0.315493 0.739297 -0.082278
1520530834.903893 9.400256 -13.848560 -53.069933 -0.600063 -0.327634 0.725800 -0.076127
1520530834.953893 9.968900 -13.106269 -53.424403 -0.606926 -0.332833 0.717940 -0.073654
1520530835.003848 10.308396 -12.349579 -53.983119 -0.611171 -0.341183 0.710900 -0.068449
1520530835.053850 11.004716 -11.633187 -53.939297 -0.623902 -0.346840 0.698076 -0.056014
1520530835.103851 11.650227 -10.882054 -54.077551 -0.633099 -0.344411 0.691404 -0.050263
1520530835.153853 12.454637 -10.289057 -54.041788 -0.641903 -0.343708 0.684500 -0.035853
1520530835.203854 13.308857 -9.779922 -54.147096 -0.651914 -0.347493 0.673766 -0.017200
1520530835.253856 13.549033 -9.237674 -54.952256 -0.649832 -0.348652 0.675217 -0.015546
1520530835.303858 14.354976 -8.646728 -54.917078 -0.661858 -0.346526 0.664451 -0.019179
1520530835.353859 15.122203 -8.284605 -55.446445 0.669294 0.343254 -0.658500 0.024492
1520530835.403752 15.944052 -7.870732 -55.054942 0.679618 0.346094 -0.646395 0.022624
1520530835.453753 16.589936 -7.124707 -54.892831 0.684702 0.347964 -0.640123 0.018640
1520530835.503755 16.850729 -6.276092 -55.353093 0.683129 0.349812 -0.640744 0.020327
1520530835.553756 17.390002 -5.459785 -55.146145 0.690646 0.352078 -0.631388 0.019972
1520530835.603758 17.958032 -4.683122 -54.873865 0.701093 0.353704 -0.618903 0.017912
1520530835.653759 18.815350 -4.177800 -54.775600 0.713030 0.345287 -0.609992 0.016560
1520530835.703760 19.559613 -3.566147 -55.043840 0.719740 0.334939 -0.607802 0.019141
1520530835.753763 20.302273 -2.908945 -55.172460 0.723151 0.338511 -0.601814 0.016810
1520530835.803792 21.084523 -2.382848 -54.838835 0.730525 0.348967 -0.586861 0.012239
1520530835.853784 21.837749 -1.817706 -54.502284 0.738797 0.359087 -0.570200 0.010309
1520530835.903789 22.558877 -1.342790 -53.997875 0.750365 0.366471 -0.550053 0.009594
1520530835.953786 23.219402 -0.906034 -53.387178 0.762140 0.374931 -0.527774 0.004957
1520530836.003788 23.853660 -0.309853 -53.879402 0.765202 0.373087 -0.524626 0.006290
1520530836.053790 24.202841 0.395201 -54.496632 0.764057 0.375474 -0.524495 0.011852
1520530836.103791 24.791628 1.066365 -54.947041 0.766307 0.377369 -0.519876 0.009784
1520530836.153793 25.476014 1.586290 -54.435872 0.777385 0.385988 -0.496661 -0.003753
1520530836.203794 25.797076 2.468838 -54.779422 0.779634 0.394551 -0.486268 -0.006660
1520530836.253843 25.991970 3.348629 -55.212994 0.779381 0.402916 -0.479782 -0.005669
1520530836.303845 26.339206 4.155107 -55.691554 0.778827 0.407600 -0.476655 -0.009512
1520530836.353846 26.915513 4.846454 -56.127341 0.783330 0.405480 -0.470809 -0.017869
1520530836.403848 27.622271 5.315830 -55.598020 0.795123 0.404103 -0.451406 -0.026706
1520530836.453849 28.183388 6.008129 -55.144292 0.803525 0.409719 -0.430740 -0.030670
1520530836.503851 28.954492 6.503794 -55.543934 0.808626 0.405430 -0.425059 -0.032795
1520530836.553853 29.716778 7.096357 -55.804300 0.811087 0.404112 -0.421380 -0.035645
1520530836.603854 30.424032 7.754276 -55.545583 0.815291 0.405886 -0.411004 -0.040418
1520530836.653644 31.157857 8.100676 -54.961196 0.822695 0.404030 -0.396703 -0.050597
1520530836.703645 31.557426 9.016530 -55.000658 0.824433 0.404192 -0.393104 -0.049080
1520530836.753647 32.255058 9.670232 -54.707429 0.828670 0.403955 -0.383253 -0.056939
1520530836.803648 33.020454 10.313598 -54.691634 0.832772 0.398083 -0.380273 -0.058417
1520530836.853650 33.850710 10.846338 -54.855530 0.833599 0.397466 -0.379002 -0.059079
1520530836.903651 34.585148 11.368243 -55.289369 0.831968 0.401770 -0.377789 -0.060713
1520530836.953653 35.317874 12.001705 -55.538041 0.834534 0.406041 -0.367222 -0.061895
1520530837.003655 36.100461 12.623344 -55.504543 0.839575 0.404114 -0.357933 -0.060744
1520530837.053571 36.822533 13.313712 -55.549318 0.843511 0.401373 -0.351232 -0.063449
1520530837.103573 37.352330 14.139169 -55.744090 0.844515 0.401553 -0.348351 -0.064820
1520530837.153575 38.035806 14.859746 -55.860837 0.846868 0.400248 -0.343062 -0.070174
1520530837.203576 38.860343 15.381992 -55.643128 0.848081 0.404538 -0.333853 -0.075169
1520530837.253578 39.581343 15.996469 -55.963406 0.847456 0.404955 -0.334161 -0.078519
1520530837.303579 40.189263 16.776715 -55.816271 0.848868 0.409154 -0.326333 -0.074314
1520530837.353581 40.936821 17.439419 -55.771756 0.852631 0.408274 -0.316798 -0.077280
1520530837.403583 41.580286 18.157718 -56.036328 0.855113 0.408685 -0.307282 -0.085649
1520530837.453924 42.194408 18.940066 -56.140189 0.855439 0.412400 -0.300522 -0.088526
1520530837.503925 42.899089 19.646487 -56.073908 0.858303 0.410565 -0.294675 -0.088988
1520530837.553927 43.768754 20.075920 -55.830455 0.865301 0.401864 -0.285517 -0.090772
1520530837.603929 44.629049 20.420030 -55.454315 0.874159 0.389872 -0.275342 -0.089630
1520530837.653930 45.098136 21.273725 -55.228124 0.876041 0.392917 -0.268935 -0.076439
1520530837.703931 45.717068 21.707085 -54.573050 0.880169 0.391462 -0.256734 -0.078412
1520530837.753933 46.277560 22.465631 -54.240700 0.881024 0.392951 -0.253535 -0.071452
1520530837.803935 46.960856 23.060590 -53.817461 0.884972 0.387792 -0.246902 -0.074033
1520530837.854232 47.384042 23.257756 -52.933132 0.892157 0.381746 -0.227731 -0.080405
1520530837.904138 47.443913 23.634497 -52.008750 0.896957 0.385410 -0.202864 -0.075987
1520530837.954139 48.326048 23.706436 -51.543281 0.899519 0.382451 -0.197337 -0.075195
1520530838.004141 49.271567 23.986122 -51.376639 0.899498 0.385181 -0.192997 -0.072734
1520530838.054142 50.048614 24.135475 -50.765171 0.902885 0.386635 -0.174219 -0.070432
1520530838.104145 50.963058 24.358653 -50.427557 0.904124 0.387489 -0.164844 -0.072380
1520530838.154145 51.249433 24.200560 -49.482572 0.908060 0.387604 -0.137386 -0.079470
1520530838.204147 51.527565 24.898950 -48.823106 0.908735 0.391782 -0.127748 -0.066240
1520530838.254149 51.548437 24.584076 -47.874202 0.910323 0.393083 -0.106008 -0.074570
1520530838.304105 52.183572 24.971414 -47.205942 0.907974 0.399926 -0.101778 -0.072694
1520530838.354107 52.825927 25.644073 -46.838639 0.904930 0.407737 -0.101140 -0.067998
1520530838.404108 53.428785 26.060310 -46.157971 0.905777 0.407890 -0.090059 -0.071292
1520530838.454110 53.847152 26.807210 -45.641145 0.907022 0.408377 -0.079893 -0.064471
1520530838.504111 54.309395 26.918888 -44.761452 0.910167 0.402984 -0.057680 -0.076634
1520530838.554113 53.967638 26.821399 -43.826734 0.908446 0.408066 -0.025456 -0.086948
1520530838.604115 54.690461 27.317511 -43.345695 0.910230 0.403615 -0.025905 -0.088908
1520530838.654116 54.905532 27.192833 -42.377088 0.914051 0.394241 -0.008253 -0.094956
1520530838.703937 55.419080 27.670439 -41.664234 0.915679 0.391949 -0.004204 -0.088834
1520530838.753938 55.235594 27.894646 -40.707121 0.913518 0.397218 0.017962 -0.085906
1520530838.803941 54.975027 27.534009 -39.811551 0.913004 0.395584 0.034750 -0.093437
1520530838.853942 55.418255 27.746905 -38.940790 0.914070 0.392142 0.036733 -0.096699
1520530838.903944 54.944631 27.710450 -38.060818 0.912673 0.391181 0.056283 -0.104108
1520530838.953945 54.793170 27.759142 -37.073555 0.913912 0.386144 0.063068 -0.108076
1520530839.003947 54.681901 27.434097 -36.134425 0.914928 0.382197 0.068140 -0.110402
1520530839.053948 54.325341 26.982809 -35.316376 0.916205 0.378594 0.077102 -0.106256
1520530839.103765 54.933616 26.627540 -34.606597 0.914333 0.383910 0.077725 -0.102794
1520530839.153767 55.605575 26.448505 -33.887976 0.912468 0.387752 0.086579 -0.097749
1520530839.203769 56.267764 26.518239 -33.141890 0.911389 0.389576 0.092409 -0.095193
1520530839.253770 55.870679 26.536365 -32.224287 0.906601 0.394267 0.118101 -0.093166
1520530839.303771 56.200980 26.903638 -31.354798 0.905095 0.396552 0.122736 -0.092121
1520530839.353773 55.760955 26.692242 -30.482049 0.898000 0.402250 0.149812 -0.096679
1520530839.403775 55.363372 26.150509 -29.741473 0.892180 0.403146 0.173269 -0.107083
1520530839.453830 55.678054 26.479072 -28.850955 0.893660 0.398253 0.175049 -0.110108
1520530839.503782 55.203796 26.248857 -28.001202 0.887387 0.397958 0.199472 -0.119935
1520530839.553783 55.863397 26.452981 -28.724569 0.871825 0.410835 0.233759 -0.128422
1520530839.603785 56.350475 26.776295 -27.913260 0.867826 0.414509 0.240833 -0.130613
1520530839.653786 56.919084 27.079076 -28.678118 0.851780 0.422507 0.278621 -0.135387
1520530839.703788 56.984574 26.670720 -27.767647 0.851428 0.415964 0.286983 -0.140302
1520530839.753790 57.155536 26.524716 -26.793247 0.852267 0.409457 0.291938 -0.144076
1520530839.803791 57.263528 26.461354 -25.801117 0.852447 0.404240 0.297795 -0.145748
1520530839.853793 57.347187 26.404767 -24.806230 0.853850 0.400471 0.298472 -0.146551
1520530839.903964 57.386734 26.023910 -23.882443 0.853939 0.396656 0.301691 -0.149783
1520530839.953965 57.500450 25.908467 -22.895659 0.855151 0.392618 0.303626 -0.149596
1520530840.003967 56.719510 25.403882 -22.527519 0.849304 0.383006 0.330905 -0.149973
1520530840.053968 57.157075 25.416929 -21.628427 0.848288 0.383554 0.331703 -0.152537
1520530840.103970 57.458848 25.400980 -20.675181 0.850213 0.378345 0.331500 -0.155243
1520530840.153971 57.609736 25.310894 -19.690743 0.852918 0.370464 0.332804 -0.156617
1520530840.203974 58.022073 25.411037 -18.785233 0.852229 0.370995 0.334546 -0.155397
1520530840.253975 58.409760 25.718612 -17.916270 0.847477 0.381617 0.337431 -0.149304
1520530840.304034 58.777682 25.948855 -17.015369 0.841664 0.389057 0.344513 -0.146792
1520530840.354035 59.247299 25.979726 -16.133039 0.838717 0.389457 0.350319 -0.148840
1520530840.404038 59.464992 26.310527 -15.214790 0.839707 0.389490 0.352155 -0.138482
1520530840.454039 58.953454 25.753264 -14.560736 0.824671 0.390209 0.382415 -0.146332
1520530840.504041 59.186909 25.997988 -13.619668 0.822621 0.391848 0.386585 -0.142485
1520530840.554042 59.508430 25.996803 -12.672767 0.820276 0.387681 0.393252 -0.149006
1520530840.604043 58.970129 25.185202 -12.445752 0.799078 0.383956 0.431273 -0.167500
1520530840.654045 59.254861 25.518183 -11.546835 0.794992 0.390782 0.433523 -0.165335
1520530840.704046 59.444519 25.821542 -10.613025 0.791871 0.387607 0.441342 -0.167087
1520530840.753757 58.799668 25.067843 -10.486119 0.770361 0.379075 0.478059 -0.185217
1520530840.803758 58.096100 24.448388 -10.137884 0.744781 0.378419 0.513793 -0.195236
1520530840.853760 58.341757 24.577414 -9.177152 0.737828 0.387437 0.517392 -0.194442
1520530840.903762 57.611157 23.899825 -9.092909 0.716244 0.377383 0.551512 -0.201027
1520530840.953763 56.865687 23.233993 -9.062197 0.696075 0.364259 0.584154 -0.203859
1520530841.003765 56.052758 22.671033 -8.913125 0.673780 0.355900 0.616140 -0.199317
1520530841.053776 56.037043 22.460311 -7.935705 0.664428 0.360640 0.624443 -0.196328
1520530841.103768 55.784345 22.417874 -6.969091 0.663917 0.363712 0.625082 -0.190263
1520530841.153441 55.022669 21.769915 -6.969593 0.634168 0.363652 0.654130 -0.194169
1520530841.203443 54.500333 21.706144 -6.119241 0.633105 0.366182 0.657214 -0.182097
1520530841.253444 54.061975 21.615516 -5.225021 0.631573 0.365815 0.660194 -0.177311
1520530841.303446 54.801790 22.282765 -5.138687 0.605283 0.357544 0.687430 -0.182307
1520530841.353448 54.468419 22.246309 -4.196597 0.608553 0.358247 0.685187 -0.178438
1520530841.403450 54.007500 21.952779 -3.359104 0.600012 0.359427 0.691629 -0.180133
1520530841.453451 53.176601 21.398693 -3.410042 0.576626 0.359335 0.710572 -0.182943
1520530841.503453 52.560344 21.318930 -2.626547 0.570741 0.360792 0.714835 -0.181919
1520530841.553541 52.166727 21.447077 -1.716248 0.568807 0.360791 0.716411 -0.181781
1520530841.603542 52.970293 22.021593 -1.560638 0.547214 0.358178 0.733676 -0.184352
1520530841.653544 52.332396 21.733243 -0.846537 0.539979 0.356773 0.739434 -0.185399
1520530841.703546 51.842896 21.461095 -0.018089 0.529803 0.357959 0.744878 -0.190605
1520530841.753546 51.480697 21.354523 0.907900 0.523298 0.366690 0.745123 -0.191020
1520530841.803549 50.898035 20.807953 0.306431 0.476785 0.370042 0.772107 -0.198988
1520530841.853550 50.270012 20.721606 1.079821 0.468903 0.376464 0.775114 -0.193916
1520530841.903552 49.377289 20.597495 1.512996 0.460844 0.373302 0.782670 -0.188932
1520530841.953866 48.480841 20.240915 1.776115 0.453561 0.367391 0.789890 -0.188098
1520530842.003868 47.743902 19.799736 2.288251 0.449992 0.363874 0.793417 -0.188662
1520530842.053870 46.897682 19.377481 2.613232 0.447641 0.357676 0.797426 -0.189202
1520530842.103871 46.105584 18.768548 2.655421 0.444181 0.354230 0.800279 -0.191777
1520530842.153873 45.190457 18.370576 2.719932 0.438431 0.348731 0.806166 -0.190423
1520530842.203874 44.248137 18.046444 2.803423 0.431194 0.347569 0.811722 -0.185405
1520530842.253876 43.325241 17.665195 2.857400 0.425905 0.348385 0.814358 -0.184538
1520530842.303878 42.418573 17.245259 2.897487 0.424306 0.350078 0.813992 -0.186618
1520530842.353804 41.644022 16.624542 3.019063 0.424203 0.351496 0.813117 -0.187998
1520530842.403806 40.881219 15.986838 3.126136 0.421238 0.349775 0.815377 -0.188085
1520530842.453807 40.052491 15.578291 3.508626 0.417320 0.349115 0.818343 -0.185138
1520530842.503809 39.420701 14.921393 3.097132 0.402119 0.346993 0.825606 -0.190449
1520530842.553810 39.095353 14.344806 2.347669 0.374843 0.352357 0.834271 -0.198316
1520530842.603812 38.162755 14.031048 2.526043 0.366115 0.354238 0.836875 -0.200290
1520530842.653813 37.834962 13.462603 1.771443 0.342335 0.355518 0.845859 -0.202328
1520530842.703815 37.016025 12.964555 1.486327 0.333152 0.351337 0.851929 -0.199472
1520530842.753816 36.598896 12.132659 1.120333 0.323370 0.344661 0.857694 -0.202488
1520530842.803920 36.388032 11.376865 0.500404 0.308980 0.339865 0.863121 -0.209869
1520530842.853921 36.014532 10.785048 -0.213915 0.290103 0.336654 0.868795 -0.218404
1520530842.903923 35.103503 10.524251 0.105476 0.287824 0.336806 0.869075 -0.220062
1520530842.953924 34.803600 9.741536 -0.439882 0.268027 0.337511 0.871720 -0.233135
1520530843.003926 33.876123 9.418036 -0.627319 0.262982 0.333082 0.873381 -0.238963
1520530843.053927 33.624264 8.772616 -1.348430 0.246500 0.328837 0.877878 -0.245835
1520530843.103928 32.731152 8.340258 -1.224262 0.248630 0.324067 0.878937 -0.246240
1520530843.153931 32.137835 7.812088 -1.831724 0.239304 0.317583 0.883080 -0.249088
1520530843.203975 31.754814 7.211883 -2.533899 0.229235 0.310268 0.886830 -0.254396
1520530843.253977 31.090068 6.760952 -3.129528 0.222689 0.303302 0.889980 -0.257592
1520530843.303978 30.774791 6.360018 -3.989675 0.203160 0.296541 0.897140 -0.256766
1520530843.353980 30.409974 5.643897 -4.584720 0.185689 0.293851 0.901346 -0.258354
1520530843.403982 29.468200 5.370364 -4.780277 0.185100 0.288772 0.902790 -0.259458
1520530843.453983 29.143292 4.920634 -5.612249 0.174452 0.283316 0.905264 -0.264190
1520530843.503985 28.949008 4.267512 -6.344154 0.159790 0.272421 0.909847 -0.269133
1520530843.553986 28.748501 3.720303 -7.156779 0.140443 0.256732 0.916875 -0.271486
1520530843.603940 28.612868 3.274385 -8.041517 0.115924 0.243480 0.924562 -0.269193
1520530843.653943 28.526032 2.712989 -8.864496 0.089843 0.233681 0.929745 -0.269992
1520530843.703944 27.636501 2.265392 -8.956099 0.084071 0.227226 0.932149 -0.269070
1520530843.753945 26.784897 1.742636 -8.917417 0.087421 0.225185 0.932569 -0.268262
1520530843.803946 25.962419 1.174374 -8.892746 0.085527 0.221392 0.933492 -0.268819
1520530843.853950 25.144809 0.600577 -8.845085 0.089030 0.220481 0.934331 -0.265495
1520530843.903951 24.386376 -0.051038 -8.858394 0.078547 0.222087 0.935154 -0.264564
1520530843.953952 23.484957 -0.480662 -8.911932 0.069808 0.219440 0.936994 -0.262709
1520530844.003965 22.635174 -1.003515 -8.978963 0.057802 0.220453 0.938153 -0.260632
1520530844.053963 21.743823 -1.447736 -9.069305 0.049694 0.220987 0.939073 -0.258528
1520530844.103965 20.975143 -2.082089 -9.151317 0.039810 0.223945 0.938127 -0.261118
1520530844.153966 20.937128 -2.705356 -9.932402 0.014764 0.218134 0.937474 -0.270818
1520530844.203968 20.367213 -3.523574 -9.856797 0.009069 0.219247 0.936028 -0.275136
1520530844.253969 20.610121 -3.819909 -10.780476 -0.011361 0.209931 0.936015 -0.282269
1520530844.304044 21.043013 -4.102477 -11.636489 -0.028744 0.204911 0.933987 -0.291297
1520530844.353972 20.242207 -4.463097 -12.114676 -0.027007 0.198892 0.935891 -0.289517
1520530844.403862 20.384665 -5.057131 -12.906401 -0.050325 0.199900 0.932359 -0.297008
1520530844.453863 19.655854 -5.511123 -13.418969 -0.055403 0.200293 0.931094 -0.299795
1520530844.503865 19.195855 -6.168553 -14.015783 -0.060056 0.202306 0.928626 -0.305154
1520530844.553866 18.639823 -6.883282 -14.440036 -0.060453 0.202542 0.927843 -0.307294
1520530844.603868 18.903065 -7.330433 -15.294880 -0.074152 0.192497 0.928549 -0.308615
1520530844.653870 18.549814 -8.265293 -15.259494 -0.078143 0.194609 0.929453 -0.303544
1520530844.703871 18.044598 -8.993246 -15.723002 -0.084881 0.189195 0.930511 -0.301910
1520530844.753873 17.515952 -9.691019 -16.206372 -0.092001 0.188233 0.929840 -0.302491
1520530844.804015 16.787717 -10.164036 -16.702285 -0.097109 0.187428 0.928639 -0.305076
1520530844.854017 16.292946 -10.561477 -17.475099 -0.103928 0.181561 0.928263 -0.307509
1520530844.904018 15.798892 -11.265741 -17.984926 -0.109497 0.179189 0.927356 -0.309696
1520530844.954020 15.273597 -12.001436 -18.412498 -0.115334 0.176972 0.925890 -0.313220
1520530845.004022 14.795424 -12.731540 -18.900657 -0.130806 0.173290 0.923329 -0.316738
1520530845.054023 13.979646 -13.138457 -19.311662 -0.138184 0.168273 0.921113 -0.322709
1520530845.104025 13.441349 -13.451591 -20.094083 -0.146589 0.151670 0.920776 -0.328147
1520530845.154026 12.841368 -14.083892 -20.584204 -0.159350 0.148699 0.916808 -0.334603
1520530845.204028 12.403989 -14.812191 -21.111726 -0.171107 0.144434 0.913541 -0.339565
1520530845.254549 12.007956 -15.628992 -21.531243 -0.180121 0.140387 0.912187 -0.340240
1520530845.304551 11.530917 -16.216139 -22.185225 -0.178240 0.126841 0.913333 -0.343459
1520530845.354552 11.447500 -16.906679 -22.903693 -0.189431 0.120266 0.910036 -0.348550
1520530845.404553 11.825593 -16.815744 -23.824984 -0.217714 0.101325 0.904772 -0.351742
1520530845.454555 11.274455 -17.454114 -24.362322 -0.220885 0.100751 0.902227 -0.356433
1520530845.504556 11.006900 -17.953815 -25.186162 -0.228511 0.097780 0.899747 -0.358714
1520530845.554558 10.727359 -18.594545 -25.901229 -0.234241 0.096436 0.898697 -0.358015
1520530845.604560 10.589012 -19.059831 -26.775512 -0.244416 0.091080 0.895242 -0.361258
1520530845.654414 11.266132 -18.670653 -27.400051 -0.265158 0.080889 0.889260 -0.363820
1520530845.704415 10.916335 -18.958428 -28.291582 -0.258045 0.073650 0.889866 -0.368953
1520530845.754416 10.951310 -19.086665 -29.282708 -0.266234 0.061841 0.887689 -0.370544
1520530845.804418 10.858477 -19.216590 -30.269877 -0.271446 0.042539 0.887756 -0.369318
1520530845.854419 10.754396 -19.687255 -31.146028 -0.277608 0.038657 0.886201 -0.368899
1520530845.904449 10.456142 -20.046395 -32.030371 -0.282862 0.032359 0.885800 -0.366470
1520530845.954422 10.819676 -19.929600 -32.954601 -0.305832 0.022789 0.880435 -0.361637
1520530846.004424 11.166067 -19.757511 -33.876772 -0.324495 0.015379 0.874534 -0.360080
1520530846.054296 10.870304 -19.714985 -34.831086 -0.320740 -0.000733 0.875131 -0.362315
1520530846.104298 11.177542 -20.056877 -35.719182 -0.337394 -0.010303 0.869948 -0.359513
1520530846.154299 11.088001 -20.629319 -36.534224 -0.338504 -0.011385 0.872391 -0.352448
1520530846.204301 11.667171 -20.138215 -37.184900 -0.367581 -0.026216 0.863865 -0.343415
1520530846.254303 11.324639 -20.078721 -38.122520 -0.371724 -0.035657 0.861379 -0.344349
1520530846.304304 10.972304 -20.482261 -38.966923 -0.377098 -0.032808 0.859936 -0.342390
1520530846.354306 10.550085 -21.208932 -38.424999 -0.399546 -0.042127 0.850884 -0.338504
1520530846.404307 10.603554 -21.460757 -39.391294 -0.402606 -0.041513 0.846427 -0.346045
1520530846.454088 10.898072 -21.344600 -40.339854 -0.407369 -0.050827 0.841266 -0.351764
1520530846.504089 11.735894 -20.993444 -40.757877 -0.424876 -0.056250 0.830488 -0.355818
1520530846.554091 12.274762 -20.483345 -41.428265 -0.439685 -0.065145 0.822214 -0.355525
1520530846.604093 13.053559 -19.974211 -41.794677 -0.454385 -0.072546 0.815621 -0.350762
1520530846.654094 13.221112 -20.170197 -42.760863 -0.456133 -0.077310 0.818326 -0.341041
1520530846.704096 13.702510 -19.939710 -43.606519 -0.455332 -0.079663 0.820434 -0.336474
1520530846.754097 14.438825 -19.321783 -43.882211 -0.459476 -0.085354 0.817763 -0.335946
1520530846.804099 15.181742 -18.732752 -44.200199 -0.458806 -0.089928 0.815132 -0.342010
1520530846.853992 16.117627 -18.723828 -44.552390 -0.459990 -0.087915 0.813651 -0.344459
1520530846.903995 16.991723 -18.446708 -44.951340 -0.465308 -0.088545 0.808572 -0.349084
1520530846.953996 17.423145 -17.648113 -45.371008 -0.475955 -0.098244 0.801914 -0.347489
1520530847.003998 18.163414 -17.197601 -45.870048 -0.487632 -0.102935 0.796047 -0.343409
1520530847.054000 18.404886 -16.734502 -46.722826 -0.490613 -0.107533 0.794182 -0.342067
1520530847.104001 18.740732 -16.480408 -47.629823 -0.493630 -0.115648 0.793092 -0.337579
1520530847.154002 19.501911 -15.933055 -47.977689 -0.506914 -0.125532 0.785279 -0.332592
1520530847.204006 19.912886 -16.000745 -48.886819 -0.508554 -0.131948 0.785040 -0.328139
1520530847.254089 20.327944 -16.025939 -49.796265 -0.515720 -0.131346 0.779852 -0.329565
1520530847.304091 19.809356 -16.847980 -49.561074 -0.543497 -0.144647 0.762665 -0.319421
1520530847.354092 20.148366 -16.924748 -50.498719 -0.553058 -0.136843 0.754074 -0.326762
1520530847.404094 20.227397 -16.997420 -51.492939 -0.556836 -0.133343 0.749502 -0.332263
1520530847.454095 20.390900 -17.114713 -52.472484 -0.559337 -0.129419 0.745880 -0.337722
1520530847.504097 20.767767 -17.025797 -53.394474 -0.565365 -0.127197 0.738671 -0.344309
1520530847.554097 21.267972 -16.968760 -54.258501 -0.571040 -0.124298 0.731093 -0.352089
1520530847.604100 21.839141 -16.809402 -55.063716 -0.577917 -0.123337 0.722739 -0.358397
1520530847.654101 22.405717 -16.703019 -55.880829 -0.582587 -0.122574 0.716279 -0.364023
1520530847.704270 23.057326 -15.944464 -55.880435 -0.600074 -0.135240 0.698694 -0.365306
1520530847.754271 23.607928 -16.010648 -56.712575 -0.604354 -0.139264 0.693968 -0.365745
1520530847.804273 24.341657 -15.337957 -56.617034 -0.624595 -0.153557 0.678381 -0.355107
1520530847.854275 24.958753 -15.057643 -57.352300 -0.631015 -0.154764 0.671920 -0.355517
1520530847.904276 25.560262 -14.665813 -58.048473 -0.635047 -0.163583 0.666775 -0.354073
1520530847.954278 26.122511 -13.840200 -58.095795 -0.647832 -0.180444 0.649704 -0.354455
1520530848.004279 26.865957 -13.175497 -58.021911 0.665879 0.195582 -0.627503 0.352977
1520530848.054281 27.354087 -13.266888 -58.889883 0.667006 0.193409 -0.625875 0.354931
1520530848.104165 27.919842 -13.176538 -59.709492 0.676302 0.196938 -0.618127 0.348928
1520530848.154167 28.636125 -12.544191 -60.004578 0.693143 0.208101 -0.603190 0.335274
1520530848.204169 29.143273 -12.601534 -60.864527 0.702447 0.211591 -0.597931 0.322918
1520530848.254170 29.698976 -11.938325 -60.363182 0.720156 0.223698 -0.575562 0.316328
1520530848.304172 29.947888 -11.026681 -60.036153 0.735075 0.252860 -0.544731 0.314635
1520530848.354172 30.385530 -10.779395 -60.900629 0.732740 0.258101 -0.543481 0.317968
1520530848.404175 30.852562 -10.765129 -61.784754 0.739477 0.259231 -0.536677 0.312971
1520530848.454177 31.337178 -9.896303 -61.683318 0.757175 0.280129 -0.507950 0.300334
1520530848.503816 31.804574 -9.507003 -62.477035 0.767944 0.287301 -0.492157 0.292406
1520530848.553818 32.100154 -9.047798 -61.639322 0.787121 0.295411 -0.463208 0.280376
1520530848.603819 32.643200 -9.008368 -62.478098 0.788088 0.294819 -0.466933 0.271979
1520530848.653821 32.228703 -9.822559 -62.884651 0.799672 0.315822 -0.439924 0.259324
1520530848.703822 33.031090 -9.385236 -63.290759 0.803928 0.316739 -0.431751 0.258781
1520530848.753824 33.866317 -9.104903 -63.763844 0.808373 0.312128 -0.426030 0.260016
1520530848.803826 34.301638 -8.288345 -63.384729 0.814172 0.327138 -0.401970 0.261773
1520530848.853827 34.743566 -7.595080 -62.815447 0.819910 0.339664 -0.379501 0.261448
1520530848.903766 35.478654 -7.100865 -63.279558 0.817797 0.350042 -0.378241 0.256150
1520530848.953768 35.792059 -6.724973 -64.151614 0.821239 0.366557 -0.360252 0.247833
1520530849.003769 36.496161 -6.115644 -64.516249 0.824399 0.362830 -0.356178 0.248713
1520530849.053776 37.377657 -6.158196 -64.986520 0.828118 0.360141 -0.356972 0.238936
1520530849.103772 38.253355 -6.034617 -65.453297 0.829373 0.361637 -0.357373 0.231609
1520530849.153862 39.059279 -5.835259 -66.010739 0.828630 0.369608 -0.355098 0.225095
1520530849.203774 39.801806 -5.416269 -66.533331 0.828176 0.376106 -0.351361 0.221844
1520530849.253776 40.435012 -4.828240 -67.036592 0.827934 0.384128 -0.345966 0.217437
1520530849.304012 41.049473 -4.282721 -67.606545 0.826730 0.387581 -0.349395 0.210288
1520530849.354015 41.306594 -3.357768 -67.886457 0.826925 0.394658 -0.343617 0.205832
1520530849.404016 41.568191 -2.418508 -68.108622 0.826202 0.401275 -0.339658 0.202488
1520530849.454017 41.979929 -1.512539 -68.207071 0.826070 0.408424 -0.332698 0.200275
1520530849.504019 42.094015 -1.167871 -67.275304 0.838050 0.416408 -0.299284 0.186295
1520530849.554020 42.710713 -0.445732 -67.588672 0.842519 0.415300 -0.291344 0.181125
1520530849.604021 43.076895 0.468932 -67.759842 0.848487 0.411178 -0.282334 0.176888
1520530849.654023 43.143219 1.465183 -67.815381 0.851858 0.412334 -0.270891 0.175888
1520530849.704024 43.391621 2.424583 -67.948984 0.853143 0.416005 -0.264264 0.171033
1520530849.754075 43.317458 2.785393 -67.019298 0.857181 0.428430 -0.240858 0.153874
1520530849.804077 43.173426 3.162948 -66.104581 0.860113 0.434250 -0.223004 0.147991
1520530849.854078 43.858718 3.887172 -66.027931 0.860300 0.434881 -0.221539 0.147248
1520530849.904080 44.178858 4.794016 -65.753804 0.862273 0.433253 -0.215885 0.148897
1520530849.954081 44.315664 5.706323 -65.367825 0.862669 0.435421 -0.209434 0.149493
1520530850.004083 44.501968 6.505819 -64.796776 0.863451 0.439838 -0.199314 0.145839
1520530850.054084 44.643190 6.943681 -63.908895 0.865819 0.444749 -0.185299 0.134985
1520530850.104087 44.914777 7.599764 -63.204767 0.868378 0.443375 -0.180220 0.129842
1520530850.154247 44.657391 8.081163 -62.366909 0.870954 0.442249 -0.168337 0.132356
1520530850.204248 45.230019 8.700002 -61.829195 0.872697 0.440245 -0.164105 0.132870
1520530850.254250 45.083280 9.046105 -60.902545 0.874769 0.442979 -0.144977 0.132405
1520530850.304252 44.943800 9.318224 -59.950444 0.875681 0.449335 -0.123071 0.127019
1520530850.354254 45.371292 10.181165 -59.681031 0.873521 0.455218 -0.119227 0.124591
1520530850.404256 45.338903 10.451550 -58.718824 0.872542 0.464418 -0.104527 0.109821
1520530850.454256 45.402928 11.388414 -58.375041 0.870354 0.469991 -0.096404 0.110897
1520530850.504258 45.836776 12.064628 -57.779633 0.870048 0.472706 -0.088930 0.107972
1520530850.554295 45.982968 12.884175 -57.225583 0.868047 0.478119 -0.075441 0.110474
1520530850.604297 46.457268 13.708497 -56.916501 0.870748 0.474368 -0.068102 0.110162
1520530850.654298 46.391970 13.959063 -55.950606 0.873642 0.475233 -0.042419 0.095415
1520530850.704300 46.643973 14.893663 -55.699571 0.874979 0.474475 -0.033155 0.090480
1520530850.754340 46.778307 15.883711 -55.657645 0.875517 0.473276 -0.026281 0.093751
1520530850.804303 46.953888 16.839701 -55.422580 0.875403 0.474316 -0.017998 0.091481
1520530850.854304 46.785997 17.005850 -54.450877 0.876275 0.474566 0.003086 0.083190
1520530850.904306 46.647137 17.524698 -53.607363 0.876041 0.474479 0.019249 0.083967
1520530850.954237 46.583093 17.756851 -52.636795 0.876671 0.472313 0.036461 0.083900
1520530851.004239 46.739673 17.813653 -51.650764 0.877396 0.470545 0.049553 0.079422
1520530851.054241 46.907103 18.649298 -51.127634 0.877696 0.469035 0.053230 0.082593
1520530851.104242 46.573540 18.868039 -50.210635 0.873675 0.475632 0.072143 0.072534
1520530851.154244 46.778754 19.730165 -49.747357 0.873281 0.476369 0.074337 0.070189
1520530851.204245 46.607423 20.143396 -48.852994 0.873974 0.475068 0.083848 0.058738
1520530851.254247 46.472086 20.285579 -47.872449 0.873675 0.474238 0.094933 0.052703
1520530851.304248 46.905933 21.078246 -47.444131 0.873187 0.473565 0.097572 0.061317
1520530851.354320 47.636048 21.590339 -46.991702 0.871782 0.476106 0.097112 0.062353
1520530851.404322 48.190402 22.288810 -46.539121 0.868546 0.479991 0.106586 0.062260
1520530851.454323 48.408610 23.134996 -46.052957 0.865347 0.484168 0.113274 0.062652
1520530851.504325 48.101651 23.172157 -45.101960 0.861122 0.488182 0.135393 0.042626
1520530851.554326 48.447911 23.988573 -44.639825 0.862202 0.486439 0.135227 0.041220
1520530851.604328 48.786803 24.791455 -44.149384 0.863580 0.483387 0.136536 0.043866
1520530851.654329 49.472523 25.158177 -43.520652 0.861530 0.486382 0.140514 0.038134
1520530851.704331 49.969445 25.830737 -42.972262 0.857238 0.491517 0.149202 0.035949
1520530851.754292 50.369010 26.634452 -42.531366 0.853590 0.496372 0.154185 0.035007
1520530851.804294 50.658778 27.456222 -42.040725 0.853034 0.495494 0.161423 0.027603
1520530851.854296 50.890522 28.297449 -41.552225 0.854706 0.490146 0.170202 0.016301
1520530851.904297 51.244559 29.014176 -40.951427 0.856421 0.486650 0.171910 0.012725
1520530851.954298 51.803877 29.595777 -40.360745 0.858156 0.483391 0.172546 0.011344
1520530852.004300 52.503471 30.049949 -39.809115 0.857978 0.482061 0.177213 0.009313
1520530852.054301 53.159172 30.638763 -39.336512 0.858349 0.480313 0.180023 0.011261
1520530852.104303 52.755370 30.768513 -38.430913 0.850992 0.481007 0.210729 0.006187
1520530852.154304 53.065287 31.440401 -37.758219 0.852558 0.476481 0.214727 0.001758
1520530852.204151 52.698470 31.251398 -36.847327 0.843410 0.479584 0.241538 -0.017853
1520530852.254152 52.633233 32.067799 -36.273538 0.841570 0.480693 0.246334 -0.003743
1520530852.304154 52.287076 32.110149 -35.336318 0.834636 0.480136 0.269505 -0.014830
1520530852.354155 52.535756 32.703099 -34.570440 0.836313 0.474214 0.274510 -0.018570
1520530852.404157 53.264337 33.100948 -34.012869 0.837736 0.476023 0.266090 -0.028242
1520530852.454158 53.648593 33.520914 -33.190691 0.837061 0.473534 0.272586 -0.028115
1520530852.504160 53.964004 33.813707 -32.288035 0.832057 0.475863 0.283168 -0.032425
1520530852.554161 54.252019 34.508507 -31.629020 0.826026 0.480930 0.291970 -0.033784
1520530852.604380 54.316754 35.209657 -30.918951 0.822002 0.485263 0.296335 -0.031892
1520530852.654382 53.589689 34.884075 -30.314489 0.799918 0.497188 0.332697 -0.047419
1520530852.704383 53.790141 35.395135 -29.478643 0.798984 0.498224 0.333249 -0.048391
1520530852.754385 54.054566 35.800269 -28.603461 0.796360 0.497504 0.340141 -0.051032
1520530852.804386 54.444189 36.206410 -27.776875 0.792552 0.498191 0.347480 -0.054079
1520530852.854388 53.768430 35.765295 -27.186310 0.771563 0.498076 0.390352 -0.065089
1520530852.904389 53.989523 36.224341 -26.325848 0.768656 0.498281 0.394258 -0.073792
1520530852.954391 53.756640 36.823303 -25.559682 0.762510 0.498716 0.406666 -0.066963
1520530853.004533 53.796957 37.398571 -24.742711 0.756201 0.502523 0.412594 -0.073461
1520530853.054534 53.489513 37.835991 -23.897642 0.752207 0.500798 0.422136 -0.072017
1520530853.104537 53.073291 38.260589 -23.093605 0.747969 0.500643 0.432337 -0.054616
1520530853.154537 52.616695 37.744624 -22.368829 0.734369 0.498282 0.456384 -0.064277
1520530853.204540 51.977747 37.199880 -21.825691 0.722156 0.493946 0.478809 -0.072458
1520530853.254540 51.182226 36.783533 -21.385461 0.710688 0.488100 0.500272 -0.080057
1520530853.304543 50.596037 36.176748 -20.848624 0.702384 0.481668 0.516463 -0.088993
1520530853.354544 49.839218 35.561728 -20.627320 0.684737 0.480312 0.539883 -0.094671
1520530853.404342 49.741064 35.777163 -19.655748 0.680493 0.482894 0.542108 -0.099306
1520530853.454343 49.046485 35.133091 -19.335229 0.672483 0.479899 0.552686 -0.109553
1520530853.504345 48.448527 34.346344 -19.488444 0.667153 0.473820 0.562519 -0.118207
1520530853.554346 47.736559 33.645943 -19.438047 0.654922 0.470561 0.579119 -0.119462
1520530853.604348 47.295957 32.885854 -18.960413 0.642510 0.467146 0.595447 -0.119997
1520530853.654349 46.467279 32.369352 -18.744734 0.622347 0.466704 0.617293 -0.117562
1520530853.704350 45.880860 31.562415 -18.674261 0.603104 0.469282 0.633107 -0.123354
1520530853.754353 44.970772 31.150593 -18.720544 0.584044 0.473033 0.647670 -0.125125
1520530853.804126 44.279934 30.452735 -18.531501 0.572337 0.471933 0.657191 -0.133454
1520530853.854123 44.633021 31.330236 -18.206967 0.561165 0.469097 0.666909 -0.142386
1520530853.904125 44.649749 30.778667 -17.373006 0.554907 0.473959 0.667858 -0.146310
1520530853.954126 44.556607 30.684559 -16.381810 0.549014 0.481253 0.667609 -0.145870
1520530854.004222 45.367831 31.256558 -16.260434 0.523823 0.478588 0.688754 -0.148933
1520530854.054129 46.092080 31.921516 -16.077969 0.503957 0.471613 0.706382 -0.156948
1520530854.104131 45.510446 31.819542 -15.270935 0.501012 0.473274 0.706081 -0.162629
1520530854.154132 44.670685 31.594829 -14.776662 0.494574 0.474659 0.708201 -0.168955
1520530854.204134 43.789540 31.607041 -14.303975 0.487175 0.477442 0.710767 -0.171811
1520530854.254028 42.984768 31.275027 -13.811930 0.480019 0.481754 0.713212 -0.169776
1520530854.304029 42.369546 30.599254 -14.217927 0.465731 0.480995 0.722284 -0.173333
1520530854.354032 41.569544 30.121321 -14.580662 0.458356 0.471909 0.732406 -0.175481
1520530854.404032 41.090429 29.296502 -14.280456 0.461540 0.464522 0.733425 -0.182448
1520530854.454035 40.748587 28.360892 -14.192273 0.458120 0.459685 0.736814 -0.189530
1520530854.504035 40.441817 27.725030 -13.484055 0.450790 0.464404 0.737607 -0.192489
1520530854.554037 39.548948 27.289303 -13.370364 0.444533 0.465693 0.740033 -0.194606
1520530854.604039 38.857729 26.881672 -12.773661 0.440210 0.471398 0.738227 -0.197533
1520530854.654198 38.122878 26.307512 -12.412643 0.436193 0.473197 0.738263 -0.201963
1520530854.704200 37.412865 25.724221 -12.018114 0.429214 0.475428 0.740392 -0.203870
1520530854.754201 36.763336 25.052593 -11.661706 0.418493 0.474884 0.746100 -0.206599
1520530854.804203 36.151705 24.363055 -12.049579 0.391560 0.471191 0.763199 -0.205396
1520530854.854205 35.745985 23.753938 -11.368133 0.383403 0.473152 0.765693 -0.206985
1520530854.904206 35.126339 23.046403 -11.028380 0.375223 0.471576 0.769222 -0.212418
1520530854.954208 34.615674 22.426611 -10.432494 0.370387 0.469718 0.770681 -0.219610
1520530855.004210 34.134042 21.751526 -9.873664 0.366795 0.468518 0.771055 -0.226777
1520530855.054454 33.463503 21.032064 -9.692686 0.357691 0.462050 0.777985 -0.230879
1520530855.104456 32.910240 20.716054 -8.921948 0.352966 0.462925 0.779599 -0.230957
1520530855.154457 32.814756 19.907428 -9.502471 0.323698 0.448627 0.795426 -0.247489
1520530855.204460 32.182806 19.528830 -8.826230 0.316136 0.447576 0.798795 -0.248314
1520530855.254461 32.143875 18.681148 -9.355305 0.281622 0.442511 0.810783 -0.259814
1520530855.304462 32.380321 18.083706 -10.121566 0.254518 0.439267 0.817834 -0.270945
1520530855.354464 32.047442 17.430600 -10.801745 0.223912 0.433389 0.828250 -0.275752
1520530855.404465 31.746760 16.505273 -11.032743 0.210948 0.433198 0.827346 -0.288683
1520530855.454262 31.083753 15.855255 -11.404090 0.200666 0.427797 0.832637 -0.288858
1520530855.504264 31.488657 15.419357 -12.207859 0.183026 0.419002 0.838300 -0.296972
1520530855.554265 31.448460 14.882448 -13.050541 0.171673 0.406215 0.844421 -0.304091
1520530855.604309 31.619812 14.330593 -13.866688 0.158397 0.394118 0.850127 -0.311232
1520530855.654268 31.663885 13.711172 -14.650508 0.145436 0.386995 0.853827 -0.316327
1520530855.704270 31.038562 13.001336 -14.974706 0.142596 0.384772 0.853789 -0.320408
1520530855.754271 30.758488 12.598074 -15.845876 0.127619 0.379121 0.856047 -0.327361
1520530855.804273 30.181999 11.785499 -15.759961 0.124290 0.380158 0.852442 -0.336711
1520530855.853946 29.553531 11.048208 -15.512109 0.120657 0.377624 0.850643 -0.345322
1520530855.903947 29.555020 10.501733 -16.349583 0.090043 0.364593 0.857166 -0.352464
1520530855.953949 29.234137 10.974221 -15.528736 0.060863 0.353627 0.861232 -0.359894
1520530856.003950 28.731213 11.301549 -14.728784 0.035220 0.345620 0.862708 -0.367480
1520530856.053952 28.975036 10.752434 -15.528173 0.008355 0.334296 0.866102 -0.371541
1520530856.103953 29.344326 10.333846 -16.357877 -0.014859 0.320652 0.868878 -0.376845
1520530856.153955 28.891544 10.620928 -15.513737 -0.037029 0.304257 0.871582 -0.382626
1520530856.203957 28.621254 10.884299 -14.587681 -0.069803 0.282547 0.877042 -0.382220
1520530856.253996 28.242863 9.969384 -14.728218 -0.083031 0.279811 0.874794 -0.386714
1520530856.303998 27.588451 9.216506 -14.658070 -0.091808 0.278050 0.872599 -0.390934
1520530856.354000 27.404527 9.365747 -13.686525 -0.139522 0.255681 0.873902 -0.389173
1520530856.404001 27.134395 9.397441 -12.724223 -0.183120 0.235628 0.873076 -0.385596
1520530856.454002 26.573422 8.584586 -12.880994 -0.193126 0.232775 0.868856 -0.391928
1520530856.504004 26.455037 7.812994 -13.505998 -0.201012 0.227246 0.864910 -0.399855
1520530856.554006 26.080687 6.917523 -13.746818 -0.204222 0.226770 0.863301 -0.401970
1520530856.604007 25.961298 6.300227 -14.524437 -0.209600 0.218404 0.862079 -0.406432
1520530856.654009 25.872929 5.536749 -15.164197 -0.214129 0.214758 0.861395 -0.407464
1520530856.704353 26.117510 4.937654 -15.926604 -0.225071 0.212478 0.857601 -0.410750
1520530856.754355 26.289003 4.391423 -16.746496 -0.236790 0.210524 0.853734 -0.413216
1520530856.804357 26.151458 3.797770 -17.539375 -0.241339 0.207826 0.850889 -0.417793
1520530856.854358 26.225482 3.188291 -18.328714 -0.247399 0.204930 0.846400 -0.424741
1520530856.904359 26.258242 2.608844 -19.143065 -0.253183 0.199771 0.844831 -0.426909
1520530856.954361 27.085844 2.953491 -19.586116 -0.281244 0.186881 0.837019 -0.430553
1520530857.004363 27.463695 3.159579 -20.488755 -0.301352 0.167805 0.834107 -0.430458
1520530857.054364 27.313764 2.517819 -21.240861 -0.305189 0.163230 0.831957 -0.433662
1520530857.104499 27.408725 2.170658 -22.173847 -0.311780 0.156557 0.829512 -0.436111
1520530857.154501 28.245818 2.551052 -22.567006 -0.331733 0.146941 0.820626 -0.441514
1520530857.204502 28.429744 2.003441 -23.383274 -0.333923 0.141124 0.819747 -0.443390
1520530857.254503 28.513877 1.168057 -23.926464 -0.333986 0.136282 0.820801 -0.442906
1520530857.304505 28.796715 0.642076 -24.728552 -0.338591 0.128956 0.820467 -0.442223
1520530857.354507 29.019866 0.369105 -25.664336 -0.347641 0.122673 0.815450 -0.446248
1520530857.404508 29.027061 -0.083980 -26.555774 -0.357045 0.122792 0.809160 -0.450224
1520530857.454510 28.857545 -0.633480 -27.373890 -0.363703 0.121880 0.803199 -0.455782
1520530857.504649 29.472564 -0.201758 -28.033714 -0.389378 0.107930 0.793824 -0.454509
1520530857.554651 30.121945 -0.100874 -28.787456 -0.400262 0.099151 0.786301 -0.460098
1520530857.604652 30.672231 0.378468 -29.471135 -0.408512 0.086420 0.779575 -0.466810
1520530857.654654 31.328977 0.085154 -30.165865 -0.412285 0.077960 0.775160 -0.472303
1520530857.704655 31.703072 -0.499371 -30.885854 -0.410162 0.073575 0.775022 -0.475073
1520530857.754657 32.386823 -0.674011 -31.594363 -0.413836 0.067423 0.772725 -0.476540
1520530857.804659 33.190951 -0.606365 -32.184957 -0.419927 0.060864 0.770739 -0.475308
1520530857.854660 33.970165 -0.357034 -32.759988 -0.433701 0.054593 0.766947 -0.469804
1520530857.904692 34.200254 -0.320432 -33.732469 -0.435929 0.053193 0.765216 -0.470723
1520530857.954694 34.924446 -0.186546 -34.408946 -0.438223 0.055140 0.763581 -0.471024
1520530858.004695 35.662387 0.253949 -34.920226 -0.443656 0.046783 0.760669 -0.471555
1520530858.054696 36.283906 0.291940 -35.702702 -0.446226 0.034318 0.758385 -0.473874
1520530858.104698 36.828772 -0.096787 -36.445679 -0.446700 0.025838 0.756452 -0.477045
1520530858.154700 37.581808 -0.053433 -37.102228 -0.455035 0.014811 0.750146 -0.479588
1520530858.204702 37.901767 0.580180 -37.806615 -0.466096 -0.000174 0.743399 -0.479699
1520530858.254703 38.401074 0.978268 -38.576172 -0.477673 -0.008847 0.734706 -0.481621
1520530858.304576 38.704781 0.726602 -39.495099 -0.482936 -0.013144 0.731453 -0.481223
1520530858.354578 39.331637 1.285707 -40.037735 -0.498982 -0.026470 0.720840 -0.480319
1520530858.404579 39.985797 1.746484 -40.637534 -0.516384 -0.045185 0.709897 -0.476815
1520530858.454581 40.285534 1.588699 -41.578417 -0.526684 -0.057430 0.702936 -0.474539
1520530858.504583 40.270349 1.198457 -42.499004 -0.520535 -0.058792 0.702220 -0.482156
1520530858.554584 40.758854 1.985876 -42.874947 -0.543967 -0.071041 0.686063 -0.477880
1520530858.604586 40.504997 2.059935 -43.839349 -0.539819 -0.077907 0.681644 -0.487738
1520530858.654592 41.218397 2.480518 -44.399857 -0.554868 -0.079329 0.668449 -0.488880
1520530858.704607 41.577166 3.165838 -45.033594 -0.563023 -0.091293 0.659142 -0.490104
1520530858.754608 42.087518 3.622830 -45.762085 -0.567758 -0.095812 0.650413 -0.495413
1520530858.804610 42.348256 4.361417 -46.383779 -0.572162 -0.107789 0.641195 -0.499881
1520530858.854707 42.516677 4.934961 -47.185454 0.572443 0.112622 -0.633340 0.508436
1520530858.904613 42.744728 5.750103 -47.717935 0.579081 0.117357 -0.621659 0.514230
1520530858.954614 43.441609 6.418309 -47.978429 0.595527 0.121584 -0.605163 0.514143
1520530859.004616 43.651640 6.653178 -48.927494 0.598564 0.118067 -0.599520 0.518032
1520530859.054618 44.181748 7.255805 -49.524006 0.606042 0.118893 -0.591845 0.517974
1520530859.104619 44.557771 7.572113 -50.394957 0.604029 0.123435 -0.589504 0.521918
1520530859.154595 45.272612 7.318567 -51.046660 0.602875 0.121484 -0.588202 0.525169
1520530859.204596 45.885274 7.173445 -51.823567 0.600028 0.126400 -0.588299 0.527156
1520530859.254598 46.306985 6.995380 -52.712641 0.594363 0.132223 -0.590222 0.529988
1520530859.304599 46.649508 6.897854 -53.647075 0.591794 0.138799 -0.588452 0.533140
1520530859.354601 46.950454 6.849848 -54.599507 0.590908 0.139844 -0.584479 0.538197
1520530859.404603 47.500747 6.908700 -55.432402 0.596021 0.140654 -0.576956 0.540460
1520530859.454604 48.065136 7.068433 -56.242309 0.600648 0.145013 -0.570718 0.540810
1520530859.504606 48.689193 7.000626 -57.020741 0.606880 0.148055 -0.563360 0.540742
1520530859.554533 49.191826 6.907369 -57.880196 0.614493 0.154683 -0.555412 0.538507
1520530859.604535 49.680292 6.855452 -58.751233 0.622957 0.159972 -0.546234 0.536621
1520530859.654536 50.286775 6.878924 -59.545983 0.626544 0.164116 -0.537567 0.539937
1520530859.704538 50.896673 6.837746 -60.337392 0.631940 0.170674 -0.526763 0.542257
1520530859.754539 51.606826 6.831235 -61.041410 0.635878 0.171989 -0.519274 0.544458
1520530859.804542 52.352052 6.961213 -61.695431 0.642453 0.172025 -0.506742 0.548520
1520530859.854543 53.144363 6.913807 -62.303704 0.648956 0.167852 -0.500621 0.547778
1520530859.904544 53.508373 7.213025 -63.185727 0.648284 0.170949 -0.490932 0.556318
1520530859.954868 54.196506 7.812324 -63.594767 0.654954 0.174368 -0.479009 0.557836
1520530860.004870 54.459413 8.745939 -63.351368 0.664550 0.185957 -0.459733 0.558963
1520530860.054872 55.315774 9.035109 -63.779183 0.669168 0.188749 -0.456031 0.555539
1520530860.104874 55.816261 9.672153 -64.365433 0.672369 0.192847 -0.448662 0.556267
1520530860.154874 56.523607 10.176403 -64.860805 0.677560 0.186662 -0.438651 0.560049
1520530860.204876 57.370744 10.610958 -65.166615 0.680737 0.185774 -0.429894 0.563273
1520530860.254877 58.305083 10.272858 -65.279311 0.690204 0.182027 -0.435421 0.548537
1520530860.304879 59.039612 10.460700 -65.931371 0.685673 0.189185 -0.432982 0.553704
1520530860.355014 59.779165 11.065628 -66.226536 0.692089 0.198455 -0.417447 0.554407
1520530860.405016 60.196044 11.379513 -67.079583 0.685962 0.201864 -0.413548 0.563636
1520530860.455061 60.625742 11.829229 -67.862599 0.686505 0.205522 -0.405154 0.567733
1520530860.505019 61.371570 12.101203 -68.470687 0.689577 0.207557 -0.400901 0.566288
1520530860.555020 61.737344 13.018463 -68.313071 0.700925 0.224714 -0.376536 0.562519
1520530860.605022 62.399172 13.745493 -68.495860 0.706172 0.236688 -0.362773 0.560085
1520530860.655024 63.028439 14.293716 -69.046745 0.709933 0.245845 -0.351185 0.558771
1520530860.705025 63.556360 14.666064 -69.810065 0.717111 0.244969 -0.334782 0.560056
1520530860.754850 64.202777 15.167442 -70.385186 0.724435 0.246020 -0.318951 0.559408
1520530860.804851 64.899759 15.602792 -70.955000 0.728231 0.250986 -0.306819 0.559060
1520530860.854853 65.787874 15.854796 -71.339376 0.732647 0.250906 -0.297743 0.558232
1520530860.904854 66.743980 15.912589 -71.626640 0.736524 0.247145 -0.298516 0.554382
1520530860.954856 66.726521 16.879279 -71.881993 0.731731 0.269450 -0.279177 0.560381
1520530861.004858 67.302330 17.609138 -72.250435 0.732312 0.272114 -0.272200 0.561766
1520530861.054859 67.385829 18.568569 -71.981139 0.738065 0.280364 -0.257106 0.557273
1520530861.104861 67.127454 19.533750 -71.940312 0.740145 0.292863 -0.241610 0.555015
1520530861.154862 67.283344 20.520590 -71.983275 0.741216 0.295001 -0.230960 0.556984
1520530861.204706 67.822386 21.343184 -72.164306 0.743715 0.294949 -0.225457 0.555933
1520530861.254708 68.518892 21.994122 -72.466233 0.748061 0.293607 -0.217255 0.554075
1520530861.304709 68.698860 22.919821 -72.133528 0.747761 0.297694 -0.204628 0.557099
1520530861.354710 68.307561 23.769829 -71.780865 0.745427 0.305464 -0.188781 0.561598
1520530861.404712 68.408493 24.755950 -71.649041 0.740868 0.317735 -0.175082 0.565248
1520530861.454714 69.260011 25.279395 -71.679430 0.744569 0.322527 -0.173673 0.558060
1520530861.504715 68.841805 26.099245 -71.288342 0.746961 0.339374 -0.158169 0.549416
1520530861.554717 68.394232 26.982702 -71.149839 0.747427 0.355238 -0.144732 0.542413
1520530861.604568 69.377689 27.116589 -71.271847 0.752087 0.360952 -0.149902 0.530667
1520530861.654569 70.009556 27.891013 -71.303658 0.753859 0.360500 -0.146104 0.529519
1520530861.704571 70.553477 28.681024 -71.586556 0.753261 0.357956 -0.141513 0.533328
1520530861.754572 69.996991 29.504520 -71.476198 0.750186 0.378142 -0.123432 0.528199
1520530861.804574 70.599567 30.229573 -71.809665 0.754171 0.378209 -0.118228 0.523647
1520530861.854575 71.356094 30.686979 -72.277048 0.759093 0.378450 -0.114736 0.517097
1520530861.904577 72.042096 31.381826 -72.492889 0.764650 0.379959 -0.105154 0.509789
1520530861.954578 71.430642 32.109806 -72.182779 0.761944 0.407094 -0.080849 0.497171
1520530862.004641 72.194909 32.740089 -72.319300 0.765451 0.405897 -0.075261 0.493627
1520530862.054642 72.810486 33.520249 -72.430726 0.768270 0.402374 -0.069876 0.492924
1520530862.104644 73.315811 34.345701 -72.682273 0.770325 0.397547 -0.066275 0.494129
1520530862.154645 73.511811 35.321755 -72.776623 0.769866 0.398676 -0.061464 0.494556
1520530862.204647 73.780698 36.264411 -72.578885 0.772860 0.398266 -0.055688 0.490888
1520530862.254649 73.172187 37.006541 -72.297894 0.767717 0.414700 -0.041415 0.486744
1520530862.304650 73.353373 37.946416 -72.008400 0.765197 0.421684 -0.037604 0.485018
1520530862.354652 73.490362 38.829988 -71.560588 0.767004 0.426038 -0.033752 0.478599
1520530862.404807 73.420488 39.785005 -71.272387 0.769721 0.424133 -0.029025 0.476234
1520530862.454809 73.528470 40.659112 -70.798808 0.771471 0.422139 -0.026406 0.475326
1520530862.504810 73.720655 41.495394 -70.285295 0.771033 0.423950 -0.021016 0.474692
1520530862.554812 74.357536 42.194824 -69.960978 0.771512 0.420749 -0.017231 0.476910
1520530862.604814 74.720818 42.770812 -69.228678 0.772560 0.417910 -0.006291 0.477978
1520530862.654815 74.341765 43.120829 -68.372053 0.769306 0.411374 0.025066 0.488172
1520530862.704817 73.727334 43.762589 -67.913120 0.755609 0.413411 0.052074 0.505405
1520530862.754818 72.937831 44.299742 -67.616216 0.737221 0.419824 0.085009 0.522519
1520530862.804626 73.357442 44.499686 -66.730807 0.742159 0.426431 0.090710 0.509046
1520530862.854627 73.643562 45.181689 -66.057749 0.735665 0.423255 0.102748 0.518743
1520530862.904629 72.923335 45.709513 -65.607554 0.716107 0.420230 0.142426 0.538806
1520530862.954630 72.129938 46.196804 -65.242767 0.693642 0.417639 0.185970 0.556644
1520530863.004632 72.667244 46.885083 -64.755351 0.686686 0.414942 0.196848 0.563504
1520530863.054634 73.139238 47.656481 -64.328542 0.681415 0.415940 0.201932 0.567354
1520530863.104635 72.281177 48.116979 -64.101227 0.664459 0.427873 0.231353 0.567358
1520530863.154637 72.762231 48.929748 -63.772604 0.663471 0.432916 0.227361 0.566301
1520530863.204079 73.278674 49.724746 -63.454382 0.662357 0.444204 0.218189 0.562459
1520530863.254080 73.689133 50.632862 -63.537143 0.658567 0.449955 0.212161 0.564639
1520530863.304082 73.028193 51.109692 -62.957668 0.651145 0.471073 0.234787 0.546786
1520530863.354084 73.964945 50.784683 -63.087532 0.642407 0.500888 0.240215 0.527941
1520530863.404085 73.014476 51.081425 -62.995047 0.637404 0.530635 0.239637 0.504695
1520530863.454086 73.186960 51.844891 -63.617436 0.640619 0.533194 0.226925 0.503801
1520530863.504088 72.988457 52.385289 -64.435096 0.638297 0.538982 0.226232 0.500893
1520530863.554089 72.953812 52.926754 -65.275105 0.637966 0.544969 0.222986 0.496272
1520530863.604091 72.581496 53.441388 -66.047460 0.635283 0.556224 0.219575 0.488690
1520530863.653909 72.431218 53.989144 -66.870491 0.634837 0.572789 0.213274 0.472662
1520530863.704004 72.208199 54.540964 -67.674081 0.632609 0.577762 0.209364 0.471342
1520530863.753912 73.055758 54.482974 -68.201605 0.629012 0.610534 0.206284 0.434786
1520530863.803914 72.837742 55.042930 -69.000930 0.634010 0.614834 0.208392 0.420218
1520530863.853916 72.472840 55.841540 -69.479540 0.636577 0.611235 0.212667 0.419445
1520530863.903917 72.284814 56.631679 -70.062915 0.644849 0.606561 0.217885 0.410827
1520530863.953919 72.037050 57.532588 -70.419251 0.646995 0.603107 0.220107 0.411353
1520530864.003920 72.737022 58.151206 -70.776116 0.649866 0.624723 0.190999 0.388478
1520530864.054671 72.651415 59.114475 -71.030641 0.651127 0.621228 0.197227 0.388858
1520530864.104673 72.737814 60.106155 -71.126069 0.650949 0.620337 0.205131 0.386483
1520530864.154674 72.822955 61.064239 -70.852526 0.650696 0.619418 0.214084 0.383517
1520530864.204676 73.039842 61.995041 -70.558302 0.644522 0.622017 0.223415 0.384410
1520530864.254677 72.136585 61.968981 -70.129994 0.621510 0.633316 0.261918 0.379520
1520530864.304679 72.319002 62.724082 -69.500275 0.618213 0.633304 0.269986 0.379270
1520530864.354680 72.509019 63.523751 -68.930693 0.607319 0.638034 0.276906 0.383926
1520530864.404682 71.848687 63.162043 -68.272567 0.582120 0.644365 0.326837 0.372972
1520530864.455242 70.993316 62.824641 -67.879504 0.557269 0.641504 0.369209 0.376309
1520530864.505244 71.173351 63.328731 -67.034826 0.549323 0.644848 0.372282 0.379236
1520530864.555245 71.002430 62.880324 -67.912161 0.523996 0.643558 0.390459 0.398502
1520530864.605247 71.892993 63.255560 -68.169252 0.512939 0.615917 0.434012 0.411306
1520530864.655249 72.442544 63.055779 -68.980474 0.493872 0.603496 0.448182 0.437053
1520530864.705251 72.361181 62.955982 -67.988798 0.501021 0.596129 0.454568 0.432408
1520530864.755252 73.260344 62.974341 -68.426028 0.499661 0.578368 0.465847 0.445889
1520530864.805253 73.017871 62.426410 -67.625416 0.504637 0.568935 0.470853 0.447161
1520530864.854248 73.005612 61.741941 -66.896478 0.508992 0.565924 0.469963 0.446981
1520530864.904250 72.843458 60.872508 -66.429795 0.512222 0.563393 0.468341 0.448189
1520530864.954251 72.765088 59.875836 -66.452218 0.515093 0.557099 0.469607 0.451430
1520530865.004252 72.687052 58.878926 -66.443188 0.519729 0.550940 0.471025 0.452196
1520530865.054255 72.615095 57.895895 -66.274453 0.532329 0.542335 0.466903 0.452217
1520530865.104256 72.621134 56.938708 -65.985046 0.548796 0.532547 0.459407 0.451843
1520530865.154262 72.530539 55.965738 -66.197465 0.558324 0.523352 0.460662 0.449631
1520530865.204259 72.428941 55.053479 -66.594281 0.566866 0.512921 0.467672 0.443686
1520530865.253919 72.176523 54.274899 -67.168822 0.569957 0.503127 0.477456 0.440509
1520530865.303959 72.082788 53.517386 -67.814878 0.576845 0.496179 0.481150 0.435375
1520530865.353923 72.006829 52.805063 -68.512607 0.578160 0.493556 0.486413 0.430740
1520530865.403924 72.851402 52.275102 -68.589014 0.641421 0.488312 0.450301 0.383875
1520530865.453926 73.704310 51.781417 -68.758789 0.697494 0.477640 0.407220 0.345738
1520530865.503927 72.857270 51.254286 -68.827027 0.699804 0.466222 0.411169 0.351925
1520530865.553929 72.924893 50.832372 -69.731138 0.700150 0.476685 0.397895 0.352478
1520530865.603930 73.720077 50.340674 -70.085984 0.747444 0.456671 0.349546 0.332562
1520530865.653932 73.717745 49.937176 -71.000962 0.746662 0.467635 0.335495 0.333550
1520530865.704601 73.060010 49.271334 -71.353155 0.744895 0.466866 0.340822 0.333179
1520530865.754603 73.838325 48.724360 -71.661449 0.786841 0.436952 0.291930 0.323621
1520530865.804605 73.204966 48.031797 -72.006721 0.792450 0.434481 0.274018 0.328880
1520530865.854606 72.704699 47.167460 -71.955203 0.797998 0.435214 0.243951 0.338049
1520530865.904608 73.170324 46.413196 -72.418107 0.829782 0.400891 0.197533 0.334258
1520530865.954609 72.579736 45.606634 -72.443892 0.830287 0.400009 0.205623 0.329144
1520530866.004611 73.012670 45.169131 -73.232029 0.838684 0.382140 0.171569 0.348056
1520530866.054613 72.482495 45.887945 -72.782339 0.849952 0.336207 0.141118 0.380306
1520530866.105678 72.093531 45.073453 -72.351864 0.855013 0.328286 0.145385 0.374226
1520530866.155680 72.021542 44.539075 -71.509690 0.848305 0.316623 0.128708 0.404428
1520530866.205681 71.550436 45.363709 -71.196577 0.833848 0.277710 0.127322 0.459744
1520530866.255683 71.538826 44.703555 -70.445536 0.835250 0.254377 0.141418 0.466530
1520530866.305685 71.795870 44.255984 -69.589026 0.828664 0.219072 0.153686 0.491634
1520530866.355687 71.998601 43.773238 -68.737055 0.831556 0.198293 0.166364 0.491444
1520530866.405689 71.456505 44.578871 -68.498125 0.795434 0.174668 0.195526 0.546393
1520530866.455689 72.046417 43.795729 -68.694832 0.752438 0.173070 0.222885 0.595152
1520530866.504818 72.560458 44.016143 -67.865869 0.747827 0.178058 0.203429 0.606355
1520530866.554819 72.959026 44.052265 -66.949442 0.755893 0.190121 0.192388 0.596210
1520530866.604821 73.565520 44.307578 -66.196461 0.747795 0.206732 0.171069 0.607289
1520530866.654823 74.320552 44.547802 -65.586363 0.726922 0.234968 0.157842 0.625668
1520530866.704824 75.072040 45.056994 -65.166853 0.712676 0.260826 0.140608 0.635840
1520530866.754826 75.644874 44.264998 -65.378047 0.678572 0.313374 0.161016 0.644523
1520530866.804827 76.322880 44.994409 -65.287119 0.664641 0.350634 0.136725 0.645456
1520530866.854828 77.031344 45.671532 -65.486075 0.651239 0.388530 0.105885 0.643211
1520530866.903951 77.586705 46.205641 -66.123493 0.635640 0.420204 0.074459 0.643309
1520530866.953953 77.877088 46.618851 -66.986589 0.619486 0.444579 0.048829 0.645138
1520530867.003954 77.938144 47.024455 -67.898597 0.608307 0.463055 0.030871 0.643887
1520530867.053956 77.874685 47.212670 -68.878672 0.605784 0.472161 0.022541 0.639986
1520530867.103957 77.820132 47.187472 -69.876865 0.617370 0.490255 0.011725 0.615115
1520530867.153959 77.713089 46.432923 -70.524319 0.645526 0.501285 0.012948 0.576057
1520530867.203960 77.962619 46.917020 -69.685639 0.671729 0.513827 0.013016 0.533472
1520530867.253962 77.617761 47.546358 -70.382063 0.669038 0.528448 0.008481 0.522551
1520530867.304045 76.842747 47.903092 -69.860436 0.671389 0.581995 -0.004010 0.458805
1520530867.354047 76.493698 48.424566 -70.639043 0.658215 0.591158 -0.012055 0.465982
1520530867.404049 76.177617 49.227000 -71.145198 0.654446 0.602124 -0.013635 0.457124
1520530867.454050 75.419507 49.761491 -70.771583 0.641959 0.636160 -0.003741 0.427991
1520530867.504052 75.629648 50.639174 -71.202296 0.637538 0.640459 -0.005135 0.428172
1520530867.554054 76.021494 51.523201 -71.457155 0.632931 0.644760 -0.000624 0.428583
1520530867.604055 76.685302 52.233446 -71.222827 0.626407 0.653414 0.006067 0.425003
1520530867.654056 75.841051 52.364834 -70.703234 0.605798 0.657936 0.059074 0.443441
1520530867.705262 76.532076 52.813829 -70.136765 0.599916 0.659376 0.071630 0.447430
1520530867.755264 77.216600 53.116763 -69.473697 0.580159 0.660189 0.097439 0.466982
1520530867.805265 77.871841 53.423687 -68.783439 0.570964 0.655559 0.111448 0.481479
1520530867.855267 78.435975 53.637571 -67.985939 0.570566 0.644577 0.121560 0.494164
1520530867.905269 78.824622 53.570507 -67.066996 0.574581 0.630695 0.134334 0.504018
1520530867.955270 79.112747 53.013177 -66.288300 0.580471 0.609222 0.154747 0.517645
1520530868.005272 79.161840 52.300984 -65.588036 0.586863 0.598210 0.172785 0.517574
1520530868.055273 79.129381 51.600178 -64.875422 0.597410 0.580848 0.186901 0.520370
1520530868.105275 79.022370 50.747549 -64.363981 0.601324 0.569982 0.206119 0.520620
1520530868.154268 78.835476 49.855698 -63.952067 0.607685 0.555817 0.226016 0.520292
1520530868.204269 78.674191 49.027111 -63.415941 0.626003 0.533555 0.232801 0.518886
1520530868.254270 78.276046 48.165259 -63.101790 0.647573 0.506603 0.244324 0.514108
1520530868.304272 77.794156 47.293132 -63.186501 0.668099 0.480170 0.258832 0.506050
1520530868.354273 77.160451 46.631560 -63.587426 0.685659 0.452572 0.275907 0.498925
1520530868.404275 76.601780 46.005258 -64.131147 0.699865 0.433780 0.286529 0.489821
1520530868.454277 75.983398 45.474164 -64.710408 0.710329 0.423159 0.289142 0.482458
1520530868.504278 75.245706 46.132257 -64.559663 0.769846 0.375785 0.241290 0.455963
1520530868.554020 75.878077 45.399824 -64.811951 0.820142 0.329182 0.194900 0.425465
1520530868.603941 76.297593 44.594382 -65.230603 0.865622 0.282158 0.148423 0.386078
1520530868.653943 76.236899 44.031021 -66.054581 0.895977 0.244850 0.120757 0.350272
1520530868.703944 76.669110 43.184991 -66.366714 0.924442 0.194239 0.069071 0.320792
1520530868.753946 76.551670 42.791720 -67.278605 0.944958 0.150177 0.024194 0.289682
1520530868.803947 75.650009 43.224042 -67.288843 0.949592 0.151545 0.000118 0.274424
1520530868.853949 75.660672 42.416676 -67.878798 0.963706 0.104983 -0.054948 0.239229
1520530868.903950 75.640381 41.588394 -68.438742 0.969268 0.044588 -0.121428 0.209251
1520530868.954710 74.738622 41.840048 -68.087314 0.969015 0.034661 -0.118713 0.213811
1520530869.004712 73.802229 41.625329 -67.809712 0.968828 0.030861 -0.126566 0.210716
1520530869.054713 72.921684 41.213861 -67.574477 0.977370 0.008563 -0.091415 0.190573
1520530869.104715 72.262982 40.571012 -67.183507 0.977370 0.008563 -0.091415 0.190573
1520530869.154716 71.721565 40.214251 -67.944814 0.966657 0.003802 -0.120473 0.225933
1520530869.204718 71.520810 39.341133 -67.500558 0.966451 0.003583 -0.122299 0.225836
1520530869.254719 71.534838 38.453549 -67.040126 0.964017 0.006261 -0.125509 0.234266
1520530869.304721 71.740589 37.565142 -66.629762 0.960947 0.009595 -0.130188 0.244007
1520530869.355247 71.927771 36.672475 -66.219750 0.959656 0.006616 -0.130659 0.248887
1520530869.405247 72.088449 35.877181 -65.635208 0.959556 0.019168 -0.117787 0.254973
1520530869.455249 72.612426 35.101323 -65.283795 0.959901 0.034580 -0.128322 0.246836
1520530869.505250 72.735944 35.477195 -64.365392 0.946237 0.062518 -0.089423 0.304516
1520530869.555252 72.977597 34.828868 -63.643398 0.935116 0.105272 -0.062490 0.332521
1520530869.605253 73.779232 34.355067 -63.278852 0.932014 0.135606 -0.068475 0.329047
1520530869.655255 74.693396 34.037130 -63.027416 0.926660 0.172444 -0.077618 0.324868
1520530869.705257 74.761937 33.241122 -63.628809 0.916029 0.225633 -0.053364 0.327312
1520530869.754109 75.598526 33.642667 -64.001474 0.905691 0.260633 -0.063995 0.328175
1520530869.804111 76.288146 34.170579 -64.497190 0.894025 0.297931 -0.079033 0.325131
1520530869.854112 76.204774 33.633257 -65.336436 0.892299 0.333494 -0.054934 0.299275
1520530869.904114 77.075402 34.108025 -65.465279 0.885620 0.355744 -0.075274 0.288890
1520530869.954116 77.877695 34.634479 -65.746656 0.875253 0.380438 -0.084046 0.286591
1520530870.004117 78.733269 35.119150 -65.928556 0.865086 0.403272 -0.098945 0.281439
1520530870.054118 79.002407 35.873041 -66.527899 0.855303 0.422497 -0.112083 0.278191
1520530870.104120 78.487802 36.511987 -67.099677 0.856104 0.425697 -0.115848 0.269160
1520530870.153996 77.980951 37.170289 -67.656221 0.860875 0.425988 -0.123669 0.249269
1520530870.203978 77.417407 37.812215 -68.176173 0.867906 0.420338 -0.130040 0.230532
1520530870.253980 76.781035 38.487185 -68.549596 0.875333 0.412688 -0.133767 0.213514
1520530870.303981 76.049035 39.129258 -68.777454 0.885241 0.395955 -0.137905 0.201369
1520530870.353983 75.289831 39.757193 -68.948648 0.892444 0.385204 -0.140572 0.188150
1520530870.403984 74.485740 40.336976 -69.080133 0.899609 0.373417 -0.145726 0.173284
1520530870.453986 73.754084 41.002340 -69.228359 0.905615 0.362126 -0.153442 0.158690
1520530870.503987 72.944415 41.586413 -69.285758 0.909605 0.354549 -0.159821 0.146189
1520530870.553989 73.405931 40.993000 -69.945200 0.914871 0.340993 -0.180806 0.118504
1520530870.604329 72.903876 41.013337 -70.809797 0.914701 0.339510 -0.184631 0.118181
1520530870.654330 72.588221 41.696329 -70.151099 0.912282 0.334151 -0.182170 0.151325
1520530870.704332 73.254808 40.965672 -70.003441 0.906849 0.342910 -0.184215 0.161561
1520530870.754333 73.865322 40.248636 -69.667090 0.898775 0.351381 -0.178337 0.192175
1520530870.804335 74.449174 39.556279 -69.243112 0.890973 0.353862 -0.174872 0.224429
1520530870.854336 74.881981 38.777531 -68.788987 0.885070 0.349779 -0.173796 0.253183
1520530870.904338 75.213591 38.012545 -68.236871 0.879366 0.339897 -0.179289 0.281143
1520530870.954339 75.104052 37.293826 -67.550253 0.874069 0.338049 -0.184357 0.296207
1520530871.005245 74.441688 36.793061 -66.993021 0.870384 0.332120 -0.193825 0.307506
1520530871.055247 73.456792 36.688705 -66.854856 0.868066 0.331401 -0.201826 0.309679
1520530871.105249 73.705837 37.363091 -66.159744 0.871791 0.322045 -0.221321 0.295440
1520530871.155250 72.964835 38.027688 -66.255799 0.874079 0.322815 -0.228030 0.282451
1520530871.205252 72.452244 37.626955 -67.015183 0.892793 0.315022 -0.203799 0.249296
1520530871.255253 72.930565 38.138215 -67.729201 0.892499 0.338356 -0.192317 0.227981
1520530871.305255 73.391694 38.793459 -68.327544 0.892541 0.358966 -0.175690 0.208917
1520530871.355257 73.796041 39.578250 -68.797233 0.895702 0.369219 -0.155315 0.193063
1520530871.404157 74.159149 40.334968 -69.340860 0.899836 0.374892 -0.134832 0.177681
1520530871.454158 74.571801 41.115042 -69.811182 0.906209 0.374057 -0.112438 0.161939
1520530871.504160 74.989677 41.960206 -70.144466 0.908566 0.377665 -0.091850 0.153106
1520530871.554162 75.482549 42.754039 -70.500705 0.908495 0.383786 -0.077033 0.146322
1520530871.604163 76.072603 43.479467 -70.855092 0.906705 0.393927 -0.064876 0.136009
1520530871.654164 76.512401 44.352979 -71.063792 0.903365 0.405615 -0.051318 0.129515
1520530871.704166 76.443971 45.349104 -71.119032 0.895685 0.420927 -0.044375 0.136382
1520530871.754168 75.898671 45.036966 -71.896990 0.891244 0.430093 -0.050479 0.134744
1520530871.804375 75.401439 44.232132 -71.572950 0.887012 0.435989 -0.063562 0.138141
1520530871.854377 74.760470 43.537196 -71.247031 0.883056 0.438707 -0.070917 0.150731
1520530871.904378 74.447572 42.629078 -70.968794 0.877954 0.439451 -0.094533 0.164749
1520530871.954380 74.198375 41.777275 -70.507997 0.873887 0.435767 -0.112889 0.183535
1520530872.004381 73.986527 40.951791 -69.984838 0.872617 0.427255 -0.123758 0.201685
1520530872.054383 73.909848 40.062957 -69.533070 0.875511 0.411562 -0.130864 0.216731
1520530872.104383 73.962973 39.206675 -69.019301 0.877580 0.398587 -0.133495 0.230565
1520530872.154386 74.154768 38.416285 -68.437495 0.878047 0.389597 -0.134426 0.243263
1520530872.204461 74.486355 37.699969 -67.823538 0.876689 0.383159 -0.134095 0.258118
1520530872.254462 74.606259 37.209680 -66.960266 0.873194 0.378722 -0.131915 0.276949
1520530872.304464 74.723146 36.546317 -66.221153 0.871086 0.375777 -0.128075 0.289133
1520530872.354465 74.465269 35.938333 -65.470251 0.878881 0.354799 -0.119547 0.295623
1520530872.404467 74.220397 36.542306 -64.711796 0.894581 0.311490 -0.107174 0.302013
1520530872.454468 74.532347 37.447482 -65.000487 0.914641 0.256781 -0.082685 0.301096
1520530872.504470 73.829041 36.782392 -64.749459 0.933121 0.206073 -0.047742 0.290756
1520530872.554471 73.097382 36.140649 -64.519586 0.947440 0.158591 -0.012786 0.277567
1520530872.604473 73.908189 36.627414 -64.844629 0.955698 0.101728 0.011126 0.275987
1520530872.654146 74.820479 36.885519 -65.162604 0.959896 0.052371 0.036814 0.272949
1520530872.704148 75.811691 36.965121 -65.268259 0.960232 0.005484 0.059318 0.272773
1520530872.754149 76.779301 36.762054 -65.118280 0.958322 -0.033814 0.084481 0.270810
1520530872.804151 77.751194 36.577213 -64.972480 0.955156 -0.060369 0.104923 0.270229
1520530872.854152 78.694462 36.301924 -64.786837 0.952501 -0.064626 0.123662 0.270689
1520530872.904153 79.646304 36.245310 -64.485522 0.952001 -0.042728 0.127481 0.274985
1520530872.954156 80.611059 36.032527 -64.330699 0.951583 -0.002978 0.128912 0.279040
1520530873.004157 81.538657 35.992540 -63.959264 0.949152 0.049986 0.117049 0.287943
1520530873.054336 82.493866 35.812124 -63.724688 0.941923 0.110764 0.113828 0.295897
1520530873.104338 83.442133 35.856812 -63.410375 0.932758 0.169513 0.097834 0.302749
1520530873.154339 84.296927 36.221385 -63.041032 0.918364 0.231021 0.078799 0.311494
1520530873.204341 85.135962 36.579407 -62.631350 0.900146 0.292831 0.058666 0.317088
1520530873.254342 85.672439 37.208592 -62.068927 0.876178 0.356121 0.037629 0.322606
1520530873.304344 85.834314 36.599466 -62.845305 0.845377 0.420969 0.014020 0.328520
1520530873.354346 85.383529 36.328391 -61.994828 0.809122 0.482885 -0.008898 0.334760
1520530873.404404 85.383098 35.632239 -61.276934 0.774593 0.533831 -0.033270 0.337525
1520530873.454876 85.003201 35.045168 -60.562073 0.737549 0.580979 -0.041425 0.341714
1520530873.504877 85.031855 34.272716 -59.927647 0.704631 0.616874 -0.057014 0.345993
1520530873.554879 85.353237 33.551186 -59.314371 0.677429 0.639457 -0.077959 0.355116
1520530873.604881 85.746594 32.973115 -58.599455 0.661062 0.650990 -0.092484 0.361464
1520530873.654882 85.867044 32.396692 -57.791230 0.659199 0.651777 -0.079141 0.366579
1520530873.704884 86.243494 31.852770 -57.041273 0.666416 0.635278 -0.076332 0.382734
1520530873.754885 85.658576 32.459777 -56.503302 0.675851 0.579643 -0.065606 0.450483
1520530873.804887 85.976956 32.025302 -55.660767 0.696840 0.545429 -0.045981 0.463472
1520530873.854907 85.292498 32.563978 -55.169497 0.704406 0.490128 -0.009501 0.513320
1520530873.904909 84.589232 32.991826 -54.601727 0.710485 0.437552 0.036243 0.549951
1520530873.954910 84.596516 32.948578 -53.602690 0.715670 0.404358 0.075081 0.564512
1520530874.004912 84.985626 33.142547 -52.702151 0.719603 0.373475 0.112070 0.574569
1520530874.054913 85.595555 33.296361 -51.924766 0.720655 0.351499 0.139272 0.581127
1520530874.104915 86.189964 33.554198 -51.163059 0.724824 0.338678 0.158685 0.578572
1520530874.154917 86.979726 33.925367 -50.674685 0.723449 0.325725 0.176307 0.582615
1520530874.204918 87.638833 34.287255 -50.015431 0.724868 0.327090 0.179169 0.579204
1520530874.254431 88.483838 34.745926 -49.740497 0.716780 0.333866 0.182545 0.584326
1520530874.304432 89.420780 35.041818 -49.554523 0.713178 0.340207 0.183816 0.584678
1520530874.354434 90.120950 35.694135 -49.844776 0.710789 0.343969 0.182013 0.585948
1520530874.404437 90.679217 36.322345 -50.386708 0.710522 0.345984 0.182160 0.585040
1520530874.454437 91.316030 36.904299 -50.892472 0.710238 0.350340 0.180568 0.583283
1520530874.504439 91.932269 37.537354 -51.360971 0.707612 0.356220 0.174951 0.584624
1520530874.554441 92.653614 38.056076 -51.819871 0.705679 0.365970 0.170437 0.582266
1520530874.604442 93.253717 38.506660 -52.480818 0.707032 0.371459 0.171052 0.576945
1520530874.654209 93.667738 38.757563 -53.355823 0.707169 0.379700 0.168665 0.572095
1520530874.704211 94.575256 39.164704 -53.252640 0.713876 0.384798 0.155396 0.564060
1520530874.754212 95.454407 38.918326 -53.660552 0.717007 0.391518 0.153233 0.555999
1520530874.804214 96.065683 38.482327 -54.321042 0.715954 0.402385 0.153257 0.549553
1520530874.854216 96.953866 38.052693 -54.483970 0.716024 0.417607 0.151254 0.538549
1520530874.904217 97.098437 38.540180 -55.345049 0.717121 0.419669 0.150911 0.535575
1520530874.954219 97.037187 39.262357 -54.656057 0.714152 0.425095 0.149428 0.535680
1520530875.004220 97.503590 39.304827 -55.539609 0.712239 0.426323 0.145590 0.538302
1520530875.054222 97.416391 39.939881 -54.772079 0.708888 0.428224 0.144126 0.541599
1520530875.104335 97.099834 40.837613 -54.465699 0.703777 0.432249 0.140792 0.545928
1520530875.154337 96.951198 39.943320 -54.887775 0.702460 0.433740 0.139654 0.546732
1520530875.204338 97.475537 40.669830 -55.331905 0.702204 0.433171 0.139505 0.547550
1520530875.254340 97.574150 41.599489 -55.686884 0.698395 0.435316 0.139679 0.550667
1520530875.304341 97.982429 42.327005 -56.238272 0.698396 0.435311 0.139677 0.550670
1520530875.354343 98.805300 42.089655 -56.754556 0.702424 0.441029 0.138440 0.541228
1520530875.404345 98.641256 42.456231 -57.670368 0.702424 0.441029 0.138440 0.541228
